[0.048s] DEBUG:colcon:Command line arguments: ['/usr/bin/colcon', 'build']
[0.048s] DEBUG:colcon:Parsed command line arguments: Namespace(log_base=None, log_level=None, verb_name='build', build_base='build', install_base='install', merge_install=False, symlink_install=False, test_result_base=None, continue_on_error=False, executor='parallel', parallel_workers=24, event_handlers=None, ignore_user_meta=False, metas=['./colcon.meta'], base_paths=['.'], packages_ignore=None, packages_ignore_regex=None, paths=None, packages_up_to=None, packages_up_to_regex=None, packages_above=None, packages_above_and_dependencies=None, packages_above_depth=None, packages_select_by_dep=None, packages_skip_by_dep=None, packages_skip_up_to=None, packages_select_build_failed=False, packages_skip_build_finished=False, packages_select_test_failures=False, packages_skip_test_passed=False, packages_select=None, packages_skip=None, packages_select_regex=None, packages_skip_regex=None, packages_start=None, packages_end=None, allow_overriding=[], cmake_args=None, cmake_target=None, cmake_target_skip_unavailable=False, cmake_clean_cache=False, cmake_clean_first=False, cmake_force_configure=False, ament_cmake_args=None, catkin_cmake_args=None, catkin_skip_building_tests=False, mixin_files=None, mixin=None, verb_parser=<colcon_mixin.mixin.mixin_argument.MixinArgumentDecorator object at 0x7fe667d15e40>, verb_extension=<colcon_core.verb.build.BuildVerb object at 0x7fe667e92fe0>, main=<bound method BuildVerb.main of <colcon_core.verb.build.BuildVerb object at 0x7fe667e92fe0>>, mixin_verb=('build',))
[0.116s] Level 1:colcon.colcon_core.package_discovery:discover_packages(colcon_meta) check parameters
[0.116s] Level 1:colcon.colcon_core.package_discovery:discover_packages(recursive) check parameters
[0.116s] Level 1:colcon.colcon_core.package_discovery:discover_packages(ignore) check parameters
[0.116s] Level 1:colcon.colcon_core.package_discovery:discover_packages(path) check parameters
[0.116s] Level 1:colcon.colcon_core.package_discovery:discover_packages(colcon_meta) discover
[0.116s] Level 1:colcon.colcon_core.package_discovery:discover_packages(recursive) discover
[0.116s] INFO:colcon.colcon_core.package_discovery:Crawling recursively for packages in '/home/ciderlab-server3/workspace/2026_industry_cowork/IsaacSim-ros_workspaces/humble_ws'
[0.116s] Level 1:colcon.colcon_core.package_identification:_identify(.) by extensions ['ignore', 'ignore_ament_install']
[0.116s] Level 1:colcon.colcon_core.package_identification:_identify(.) by extension 'ignore'
[0.116s] Level 1:colcon.colcon_core.package_identification:_identify(.) by extension 'ignore_ament_install'
[0.116s] Level 1:colcon.colcon_core.package_identification:_identify(.) by extensions ['colcon_pkg']
[0.116s] Level 1:colcon.colcon_core.package_identification:_identify(.) by extension 'colcon_pkg'
[0.116s] Level 1:colcon.colcon_core.package_identification:_identify(.) by extensions ['colcon_meta']
[0.116s] Level 1:colcon.colcon_core.package_identification:_identify(.) by extension 'colcon_meta'
[0.116s] Level 1:colcon.colcon_core.package_identification:_identify(.) by extensions ['ros']
[0.116s] Level 1:colcon.colcon_core.package_identification:_identify(.) by extension 'ros'
[0.120s] Level 1:colcon.colcon_core.package_identification:_identify(.) by extensions ['cmake', 'python']
[0.121s] Level 1:colcon.colcon_core.package_identification:_identify(.) by extension 'cmake'
[0.121s] Level 1:colcon.colcon_core.package_identification:_identify(.) by extension 'python'
[0.121s] Level 1:colcon.colcon_core.package_identification:_identify(.) by extensions ['python_setup_py']
[0.121s] Level 1:colcon.colcon_core.package_identification:_identify(.) by extension 'python_setup_py'
[0.121s] Level 1:colcon.colcon_core.package_identification:_identify(build) by extensions ['ignore', 'ignore_ament_install']
[0.121s] Level 1:colcon.colcon_core.package_identification:_identify(build) by extension 'ignore'
[0.121s] Level 1:colcon.colcon_core.package_identification:_identify(build) ignored
[0.121s] Level 1:colcon.colcon_core.package_identification:_identify(install) by extensions ['ignore', 'ignore_ament_install']
[0.121s] Level 1:colcon.colcon_core.package_identification:_identify(install) by extension 'ignore'
[0.121s] Level 1:colcon.colcon_core.package_identification:_identify(install) ignored
[0.121s] Level 1:colcon.colcon_core.package_identification:_identify(log) by extensions ['ignore', 'ignore_ament_install']
[0.121s] Level 1:colcon.colcon_core.package_identification:_identify(log) by extension 'ignore'
[0.121s] Level 1:colcon.colcon_core.package_identification:_identify(log) ignored
[0.121s] Level 1:colcon.colcon_core.package_identification:_identify(src) by extensions ['ignore', 'ignore_ament_install']
[0.121s] Level 1:colcon.colcon_core.package_identification:_identify(src) by extension 'ignore'
[0.121s] Level 1:colcon.colcon_core.package_identification:_identify(src) by extension 'ignore_ament_install'
[0.121s] Level 1:colcon.colcon_core.package_identification:_identify(src) by extensions ['colcon_pkg']
[0.121s] Level 1:colcon.colcon_core.package_identification:_identify(src) by extension 'colcon_pkg'
[0.121s] Level 1:colcon.colcon_core.package_identification:_identify(src) by extensions ['colcon_meta']
[0.121s] Level 1:colcon.colcon_core.package_identification:_identify(src) by extension 'colcon_meta'
[0.121s] Level 1:colcon.colcon_core.package_identification:_identify(src) by extensions ['ros']
[0.121s] Level 1:colcon.colcon_core.package_identification:_identify(src) by extension 'ros'
[0.121s] Level 1:colcon.colcon_core.package_identification:_identify(src) by extensions ['cmake', 'python']
[0.121s] Level 1:colcon.colcon_core.package_identification:_identify(src) by extension 'cmake'
[0.121s] Level 1:colcon.colcon_core.package_identification:_identify(src) by extension 'python'
[0.121s] Level 1:colcon.colcon_core.package_identification:_identify(src) by extensions ['python_setup_py']
[0.121s] Level 1:colcon.colcon_core.package_identification:_identify(src) by extension 'python_setup_py'
[0.121s] Level 1:colcon.colcon_core.package_identification:_identify(src/ackermann_control) by extensions ['ignore', 'ignore_ament_install']
[0.121s] Level 1:colcon.colcon_core.package_identification:_identify(src/ackermann_control) by extension 'ignore'
[0.121s] Level 1:colcon.colcon_core.package_identification:_identify(src/ackermann_control) by extension 'ignore_ament_install'
[0.121s] Level 1:colcon.colcon_core.package_identification:_identify(src/ackermann_control) by extensions ['colcon_pkg']
[0.121s] Level 1:colcon.colcon_core.package_identification:_identify(src/ackermann_control) by extension 'colcon_pkg'
[0.121s] Level 1:colcon.colcon_core.package_identification:_identify(src/ackermann_control) by extensions ['colcon_meta']
[0.121s] Level 1:colcon.colcon_core.package_identification:_identify(src/ackermann_control) by extension 'colcon_meta'
[0.121s] Level 1:colcon.colcon_core.package_identification:_identify(src/ackermann_control) by extensions ['ros']
[0.121s] Level 1:colcon.colcon_core.package_identification:_identify(src/ackermann_control) by extension 'ros'
[0.121s] Level 1:colcon.colcon_core.package_identification:_identify(src/ackermann_control) by extensions ['cmake', 'python']
[0.121s] Level 1:colcon.colcon_core.package_identification:_identify(src/ackermann_control) by extension 'cmake'
[0.121s] Level 1:colcon.colcon_core.package_identification:_identify(src/ackermann_control) by extension 'python'
[0.121s] Level 1:colcon.colcon_core.package_identification:_identify(src/ackermann_control) by extensions ['python_setup_py']
[0.121s] Level 1:colcon.colcon_core.package_identification:_identify(src/ackermann_control) by extension 'python_setup_py'
[0.121s] Level 1:colcon.colcon_core.package_identification:_identify(src/ackermann_control/cmdvel_to_ackermann) by extensions ['ignore', 'ignore_ament_install']
[0.121s] Level 1:colcon.colcon_core.package_identification:_identify(src/ackermann_control/cmdvel_to_ackermann) by extension 'ignore'
[0.121s] Level 1:colcon.colcon_core.package_identification:_identify(src/ackermann_control/cmdvel_to_ackermann) by extension 'ignore_ament_install'
[0.122s] Level 1:colcon.colcon_core.package_identification:_identify(src/ackermann_control/cmdvel_to_ackermann) by extensions ['colcon_pkg']
[0.122s] Level 1:colcon.colcon_core.package_identification:_identify(src/ackermann_control/cmdvel_to_ackermann) by extension 'colcon_pkg'
[0.122s] Level 1:colcon.colcon_core.package_identification:_identify(src/ackermann_control/cmdvel_to_ackermann) by extensions ['colcon_meta']
[0.122s] Level 1:colcon.colcon_core.package_identification:_identify(src/ackermann_control/cmdvel_to_ackermann) by extension 'colcon_meta'
[0.122s] Level 1:colcon.colcon_core.package_identification:_identify(src/ackermann_control/cmdvel_to_ackermann) by extensions ['ros']
[0.122s] Level 1:colcon.colcon_core.package_identification:_identify(src/ackermann_control/cmdvel_to_ackermann) by extension 'ros'
[0.123s] DEBUG:colcon.colcon_core.package_identification:Package 'src/ackermann_control/cmdvel_to_ackermann' with type 'ros.ament_python' and name 'cmdvel_to_ackermann'
[0.123s] Level 1:colcon.colcon_core.package_identification:_identify(src/custom_message) by extensions ['ignore', 'ignore_ament_install']
[0.123s] Level 1:colcon.colcon_core.package_identification:_identify(src/custom_message) by extension 'ignore'
[0.123s] Level 1:colcon.colcon_core.package_identification:_identify(src/custom_message) by extension 'ignore_ament_install'
[0.123s] Level 1:colcon.colcon_core.package_identification:_identify(src/custom_message) by extensions ['colcon_pkg']
[0.123s] Level 1:colcon.colcon_core.package_identification:_identify(src/custom_message) by extension 'colcon_pkg'
[0.123s] Level 1:colcon.colcon_core.package_identification:_identify(src/custom_message) by extensions ['colcon_meta']
[0.123s] Level 1:colcon.colcon_core.package_identification:_identify(src/custom_message) by extension 'colcon_meta'
[0.123s] Level 1:colcon.colcon_core.package_identification:_identify(src/custom_message) by extensions ['ros']
[0.123s] Level 1:colcon.colcon_core.package_identification:_identify(src/custom_message) by extension 'ros'
[0.124s] DEBUG:colcon.colcon_core.package_identification:Package 'src/custom_message' with type 'ros.ament_cmake' and name 'custom_message'
[0.124s] Level 1:colcon.colcon_core.package_identification:_identify(src/custom_nav2_bt_plugins) by extensions ['ignore', 'ignore_ament_install']
[0.124s] Level 1:colcon.colcon_core.package_identification:_identify(src/custom_nav2_bt_plugins) by extension 'ignore'
[0.124s] Level 1:colcon.colcon_core.package_identification:_identify(src/custom_nav2_bt_plugins) by extension 'ignore_ament_install'
[0.124s] Level 1:colcon.colcon_core.package_identification:_identify(src/custom_nav2_bt_plugins) by extensions ['colcon_pkg']
[0.124s] Level 1:colcon.colcon_core.package_identification:_identify(src/custom_nav2_bt_plugins) by extension 'colcon_pkg'
[0.124s] Level 1:colcon.colcon_core.package_identification:_identify(src/custom_nav2_bt_plugins) by extensions ['colcon_meta']
[0.124s] Level 1:colcon.colcon_core.package_identification:_identify(src/custom_nav2_bt_plugins) by extension 'colcon_meta'
[0.124s] Level 1:colcon.colcon_core.package_identification:_identify(src/custom_nav2_bt_plugins) by extensions ['ros']
[0.124s] Level 1:colcon.colcon_core.package_identification:_identify(src/custom_nav2_bt_plugins) by extension 'ros'
[0.124s] DEBUG:colcon.colcon_core.package_identification:Package 'src/custom_nav2_bt_plugins' with type 'ros.ament_cmake' and name 'custom_nav2_bt_plugins'
[0.124s] Level 1:colcon.colcon_core.package_identification:_identify(src/humanoid_locomotion_policy_example) by extensions ['ignore', 'ignore_ament_install']
[0.124s] Level 1:colcon.colcon_core.package_identification:_identify(src/humanoid_locomotion_policy_example) by extension 'ignore'
[0.124s] Level 1:colcon.colcon_core.package_identification:_identify(src/humanoid_locomotion_policy_example) by extension 'ignore_ament_install'
[0.124s] Level 1:colcon.colcon_core.package_identification:_identify(src/humanoid_locomotion_policy_example) by extensions ['colcon_pkg']
[0.124s] Level 1:colcon.colcon_core.package_identification:_identify(src/humanoid_locomotion_policy_example) by extension 'colcon_pkg'
[0.124s] Level 1:colcon.colcon_core.package_identification:_identify(src/humanoid_locomotion_policy_example) by extensions ['colcon_meta']
[0.125s] Level 1:colcon.colcon_core.package_identification:_identify(src/humanoid_locomotion_policy_example) by extension 'colcon_meta'
[0.125s] Level 1:colcon.colcon_core.package_identification:_identify(src/humanoid_locomotion_policy_example) by extensions ['ros']
[0.125s] Level 1:colcon.colcon_core.package_identification:_identify(src/humanoid_locomotion_policy_example) by extension 'ros'
[0.125s] Level 1:colcon.colcon_core.package_identification:_identify(src/humanoid_locomotion_policy_example) by extensions ['cmake', 'python']
[0.125s] Level 1:colcon.colcon_core.package_identification:_identify(src/humanoid_locomotion_policy_example) by extension 'cmake'
[0.125s] Level 1:colcon.colcon_core.package_identification:_identify(src/humanoid_locomotion_policy_example) by extension 'python'
[0.125s] Level 1:colcon.colcon_core.package_identification:_identify(src/humanoid_locomotion_policy_example) by extensions ['python_setup_py']
[0.125s] Level 1:colcon.colcon_core.package_identification:_identify(src/humanoid_locomotion_policy_example) by extension 'python_setup_py'
[0.125s] Level 1:colcon.colcon_core.package_identification:_identify(src/humanoid_locomotion_policy_example/h1_fullbody_controller) by extensions ['ignore', 'ignore_ament_install']
[0.125s] Level 1:colcon.colcon_core.package_identification:_identify(src/humanoid_locomotion_policy_example/h1_fullbody_controller) by extension 'ignore'
[0.125s] Level 1:colcon.colcon_core.package_identification:_identify(src/humanoid_locomotion_policy_example/h1_fullbody_controller) by extension 'ignore_ament_install'
[0.125s] Level 1:colcon.colcon_core.package_identification:_identify(src/humanoid_locomotion_policy_example/h1_fullbody_controller) by extensions ['colcon_pkg']
[0.125s] Level 1:colcon.colcon_core.package_identification:_identify(src/humanoid_locomotion_policy_example/h1_fullbody_controller) by extension 'colcon_pkg'
[0.125s] Level 1:colcon.colcon_core.package_identification:_identify(src/humanoid_locomotion_policy_example/h1_fullbody_controller) by extensions ['colcon_meta']
[0.125s] Level 1:colcon.colcon_core.package_identification:_identify(src/humanoid_locomotion_policy_example/h1_fullbody_controller) by extension 'colcon_meta'
[0.125s] Level 1:colcon.colcon_core.package_identification:_identify(src/humanoid_locomotion_policy_example/h1_fullbody_controller) by extensions ['ros']
[0.125s] Level 1:colcon.colcon_core.package_identification:_identify(src/humanoid_locomotion_policy_example/h1_fullbody_controller) by extension 'ros'
[0.125s] DEBUG:colcon.colcon_core.package_identification:Package 'src/humanoid_locomotion_policy_example/h1_fullbody_controller' with type 'ros.ament_python' and name 'h1_fullbody_controller'
[0.125s] Level 1:colcon.colcon_core.package_identification:_identify(src/isaac_compressed_image_decoder) by extensions ['ignore', 'ignore_ament_install']
[0.130s] Level 1:colcon.colcon_core.package_identification:_identify(src/isaac_compressed_image_decoder) by extension 'ignore'
[0.130s] Level 1:colcon.colcon_core.package_identification:_identify(src/isaac_compressed_image_decoder) by extension 'ignore_ament_install'
[0.130s] Level 1:colcon.colcon_core.package_identification:_identify(src/isaac_compressed_image_decoder) by extensions ['colcon_pkg']
[0.130s] Level 1:colcon.colcon_core.package_identification:_identify(src/isaac_compressed_image_decoder) by extension 'colcon_pkg'
[0.130s] Level 1:colcon.colcon_core.package_identification:_identify(src/isaac_compressed_image_decoder) by extensions ['colcon_meta']
[0.130s] Level 1:colcon.colcon_core.package_identification:_identify(src/isaac_compressed_image_decoder) by extension 'colcon_meta'
[0.130s] Level 1:colcon.colcon_core.package_identification:_identify(src/isaac_compressed_image_decoder) by extensions ['ros']
[0.130s] Level 1:colcon.colcon_core.package_identification:_identify(src/isaac_compressed_image_decoder) by extension 'ros'
[0.130s] DEBUG:colcon.colcon_core.package_identification:Package 'src/isaac_compressed_image_decoder' with type 'ros.ament_python' and name 'isaac_compressed_image_decoder'
[0.130s] Level 1:colcon.colcon_core.package_identification:_identify(src/isaac_ros2_messages) by extensions ['ignore', 'ignore_ament_install']
[0.130s] Level 1:colcon.colcon_core.package_identification:_identify(src/isaac_ros2_messages) by extension 'ignore'
[0.130s] Level 1:colcon.colcon_core.package_identification:_identify(src/isaac_ros2_messages) by extension 'ignore_ament_install'
[0.130s] Level 1:colcon.colcon_core.package_identification:_identify(src/isaac_ros2_messages) by extensions ['colcon_pkg']
[0.130s] Level 1:colcon.colcon_core.package_identification:_identify(src/isaac_ros2_messages) by extension 'colcon_pkg'
[0.130s] Level 1:colcon.colcon_core.package_identification:_identify(src/isaac_ros2_messages) by extensions ['colcon_meta']
[0.130s] Level 1:colcon.colcon_core.package_identification:_identify(src/isaac_ros2_messages) by extension 'colcon_meta'
[0.130s] Level 1:colcon.colcon_core.package_identification:_identify(src/isaac_ros2_messages) by extensions ['ros']
[0.130s] Level 1:colcon.colcon_core.package_identification:_identify(src/isaac_ros2_messages) by extension 'ros'
[0.131s] DEBUG:colcon.colcon_core.package_identification:Package 'src/isaac_ros2_messages' with type 'ros.ament_cmake' and name 'isaac_ros2_messages'
[0.131s] Level 1:colcon.colcon_core.package_identification:_identify(src/isaac_tutorials) by extensions ['ignore', 'ignore_ament_install']
[0.131s] Level 1:colcon.colcon_core.package_identification:_identify(src/isaac_tutorials) by extension 'ignore'
[0.131s] Level 1:colcon.colcon_core.package_identification:_identify(src/isaac_tutorials) by extension 'ignore_ament_install'
[0.131s] Level 1:colcon.colcon_core.package_identification:_identify(src/isaac_tutorials) by extensions ['colcon_pkg']
[0.131s] Level 1:colcon.colcon_core.package_identification:_identify(src/isaac_tutorials) by extension 'colcon_pkg'
[0.131s] Level 1:colcon.colcon_core.package_identification:_identify(src/isaac_tutorials) by extensions ['colcon_meta']
[0.131s] Level 1:colcon.colcon_core.package_identification:_identify(src/isaac_tutorials) by extension 'colcon_meta'
[0.131s] Level 1:colcon.colcon_core.package_identification:_identify(src/isaac_tutorials) by extensions ['ros']
[0.131s] Level 1:colcon.colcon_core.package_identification:_identify(src/isaac_tutorials) by extension 'ros'
[0.131s] DEBUG:colcon.colcon_core.package_identification:Package 'src/isaac_tutorials' with type 'ros.ament_cmake' and name 'isaac_tutorials'
[0.131s] Level 1:colcon.colcon_core.package_identification:_identify(src/isaacsim_bringup) by extensions ['ignore', 'ignore_ament_install']
[0.131s] Level 1:colcon.colcon_core.package_identification:_identify(src/isaacsim_bringup) by extension 'ignore'
[0.131s] Level 1:colcon.colcon_core.package_identification:_identify(src/isaacsim_bringup) by extension 'ignore_ament_install'
[0.131s] Level 1:colcon.colcon_core.package_identification:_identify(src/isaacsim_bringup) by extensions ['colcon_pkg']
[0.131s] Level 1:colcon.colcon_core.package_identification:_identify(src/isaacsim_bringup) by extension 'colcon_pkg'
[0.131s] Level 1:colcon.colcon_core.package_identification:_identify(src/isaacsim_bringup) by extensions ['colcon_meta']
[0.131s] Level 1:colcon.colcon_core.package_identification:_identify(src/isaacsim_bringup) by extension 'colcon_meta'
[0.131s] Level 1:colcon.colcon_core.package_identification:_identify(src/isaacsim_bringup) by extensions ['ros']
[0.131s] Level 1:colcon.colcon_core.package_identification:_identify(src/isaacsim_bringup) by extension 'ros'
[0.132s] DEBUG:colcon.colcon_core.package_identification:Package 'src/isaacsim_bringup' with type 'ros.ament_python' and name 'isaacsim_bringup'
[0.132s] Level 1:colcon.colcon_core.package_identification:_identify(src/moveit) by extensions ['ignore', 'ignore_ament_install']
[0.132s] Level 1:colcon.colcon_core.package_identification:_identify(src/moveit) by extension 'ignore'
[0.132s] Level 1:colcon.colcon_core.package_identification:_identify(src/moveit) by extension 'ignore_ament_install'
[0.132s] Level 1:colcon.colcon_core.package_identification:_identify(src/moveit) by extensions ['colcon_pkg']
[0.132s] Level 1:colcon.colcon_core.package_identification:_identify(src/moveit) by extension 'colcon_pkg'
[0.132s] Level 1:colcon.colcon_core.package_identification:_identify(src/moveit) by extensions ['colcon_meta']
[0.132s] Level 1:colcon.colcon_core.package_identification:_identify(src/moveit) by extension 'colcon_meta'
[0.132s] Level 1:colcon.colcon_core.package_identification:_identify(src/moveit) by extensions ['ros']
[0.132s] Level 1:colcon.colcon_core.package_identification:_identify(src/moveit) by extension 'ros'
[0.132s] Level 1:colcon.colcon_core.package_identification:_identify(src/moveit) by extensions ['cmake', 'python']
[0.132s] Level 1:colcon.colcon_core.package_identification:_identify(src/moveit) by extension 'cmake'
[0.132s] Level 1:colcon.colcon_core.package_identification:_identify(src/moveit) by extension 'python'
[0.132s] Level 1:colcon.colcon_core.package_identification:_identify(src/moveit) by extensions ['python_setup_py']
[0.132s] Level 1:colcon.colcon_core.package_identification:_identify(src/moveit) by extension 'python_setup_py'
[0.132s] Level 1:colcon.colcon_core.package_identification:_identify(src/moveit/isaac_moveit) by extensions ['ignore', 'ignore_ament_install']
[0.132s] Level 1:colcon.colcon_core.package_identification:_identify(src/moveit/isaac_moveit) by extension 'ignore'
[0.132s] Level 1:colcon.colcon_core.package_identification:_identify(src/moveit/isaac_moveit) by extension 'ignore_ament_install'
[0.132s] Level 1:colcon.colcon_core.package_identification:_identify(src/moveit/isaac_moveit) by extensions ['colcon_pkg']
[0.132s] Level 1:colcon.colcon_core.package_identification:_identify(src/moveit/isaac_moveit) by extension 'colcon_pkg'
[0.132s] Level 1:colcon.colcon_core.package_identification:_identify(src/moveit/isaac_moveit) by extensions ['colcon_meta']
[0.132s] Level 1:colcon.colcon_core.package_identification:_identify(src/moveit/isaac_moveit) by extension 'colcon_meta'
[0.132s] Level 1:colcon.colcon_core.package_identification:_identify(src/moveit/isaac_moveit) by extensions ['ros']
[0.132s] Level 1:colcon.colcon_core.package_identification:_identify(src/moveit/isaac_moveit) by extension 'ros'
[0.132s] DEBUG:colcon.colcon_core.package_identification:Package 'src/moveit/isaac_moveit' with type 'ros.ament_python' and name 'isaac_moveit'
[0.132s] Level 1:colcon.colcon_core.package_identification:_identify(src/moveit/moveit_resources) by extensions ['ignore', 'ignore_ament_install']
[0.132s] Level 1:colcon.colcon_core.package_identification:_identify(src/moveit/moveit_resources) by extension 'ignore'
[0.133s] Level 1:colcon.colcon_core.package_identification:_identify(src/moveit/moveit_resources) by extension 'ignore_ament_install'
[0.133s] Level 1:colcon.colcon_core.package_identification:_identify(src/moveit/moveit_resources) by extensions ['colcon_pkg']
[0.133s] Level 1:colcon.colcon_core.package_identification:_identify(src/moveit/moveit_resources) by extension 'colcon_pkg'
[0.133s] Level 1:colcon.colcon_core.package_identification:_identify(src/moveit/moveit_resources) by extensions ['colcon_meta']
[0.133s] Level 1:colcon.colcon_core.package_identification:_identify(src/moveit/moveit_resources) by extension 'colcon_meta'
[0.133s] Level 1:colcon.colcon_core.package_identification:_identify(src/moveit/moveit_resources) by extensions ['ros']
[0.133s] Level 1:colcon.colcon_core.package_identification:_identify(src/moveit/moveit_resources) by extension 'ros'
[0.133s] Level 1:colcon.colcon_core.package_identification:_identify(src/moveit/moveit_resources) by extensions ['cmake', 'python']
[0.133s] Level 1:colcon.colcon_core.package_identification:_identify(src/moveit/moveit_resources) by extension 'cmake'
[0.133s] Level 1:colcon.colcon_core.package_identification:_identify(src/moveit/moveit_resources) by extension 'python'
[0.133s] Level 1:colcon.colcon_core.package_identification:_identify(src/moveit/moveit_resources) by extensions ['python_setup_py']
[0.133s] Level 1:colcon.colcon_core.package_identification:_identify(src/moveit/moveit_resources) by extension 'python_setup_py'
[0.133s] Level 1:colcon.colcon_core.package_identification:_identify(src/navigation) by extensions ['ignore', 'ignore_ament_install']
[0.133s] Level 1:colcon.colcon_core.package_identification:_identify(src/navigation) by extension 'ignore'
[0.133s] Level 1:colcon.colcon_core.package_identification:_identify(src/navigation) by extension 'ignore_ament_install'
[0.133s] Level 1:colcon.colcon_core.package_identification:_identify(src/navigation) by extensions ['colcon_pkg']
[0.133s] Level 1:colcon.colcon_core.package_identification:_identify(src/navigation) by extension 'colcon_pkg'
[0.133s] Level 1:colcon.colcon_core.package_identification:_identify(src/navigation) by extensions ['colcon_meta']
[0.133s] Level 1:colcon.colcon_core.package_identification:_identify(src/navigation) by extension 'colcon_meta'
[0.133s] Level 1:colcon.colcon_core.package_identification:_identify(src/navigation) by extensions ['ros']
[0.133s] Level 1:colcon.colcon_core.package_identification:_identify(src/navigation) by extension 'ros'
[0.133s] Level 1:colcon.colcon_core.package_identification:_identify(src/navigation) by extensions ['cmake', 'python']
[0.133s] Level 1:colcon.colcon_core.package_identification:_identify(src/navigation) by extension 'cmake'
[0.133s] Level 1:colcon.colcon_core.package_identification:_identify(src/navigation) by extension 'python'
[0.133s] Level 1:colcon.colcon_core.package_identification:_identify(src/navigation) by extensions ['python_setup_py']
[0.133s] Level 1:colcon.colcon_core.package_identification:_identify(src/navigation) by extension 'python_setup_py'
[0.133s] Level 1:colcon.colcon_core.package_identification:_identify(src/navigation/carter_navigation) by extensions ['ignore', 'ignore_ament_install']
[0.133s] Level 1:colcon.colcon_core.package_identification:_identify(src/navigation/carter_navigation) by extension 'ignore'
[0.133s] Level 1:colcon.colcon_core.package_identification:_identify(src/navigation/carter_navigation) by extension 'ignore_ament_install'
[0.133s] Level 1:colcon.colcon_core.package_identification:_identify(src/navigation/carter_navigation) by extensions ['colcon_pkg']
[0.133s] Level 1:colcon.colcon_core.package_identification:_identify(src/navigation/carter_navigation) by extension 'colcon_pkg'
[0.133s] Level 1:colcon.colcon_core.package_identification:_identify(src/navigation/carter_navigation) by extensions ['colcon_meta']
[0.133s] Level 1:colcon.colcon_core.package_identification:_identify(src/navigation/carter_navigation) by extension 'colcon_meta'
[0.133s] Level 1:colcon.colcon_core.package_identification:_identify(src/navigation/carter_navigation) by extensions ['ros']
[0.133s] Level 1:colcon.colcon_core.package_identification:_identify(src/navigation/carter_navigation) by extension 'ros'
[0.133s] DEBUG:colcon.colcon_core.package_identification:Package 'src/navigation/carter_navigation' with type 'ros.ament_cmake' and name 'carter_navigation'
[0.133s] Level 1:colcon.colcon_core.package_identification:_identify(src/navigation/isaac_ros_navigation_goal) by extensions ['ignore', 'ignore_ament_install']
[0.133s] Level 1:colcon.colcon_core.package_identification:_identify(src/navigation/isaac_ros_navigation_goal) by extension 'ignore'
[0.133s] Level 1:colcon.colcon_core.package_identification:_identify(src/navigation/isaac_ros_navigation_goal) by extension 'ignore_ament_install'
[0.133s] Level 1:colcon.colcon_core.package_identification:_identify(src/navigation/isaac_ros_navigation_goal) by extensions ['colcon_pkg']
[0.133s] Level 1:colcon.colcon_core.package_identification:_identify(src/navigation/isaac_ros_navigation_goal) by extension 'colcon_pkg'
[0.133s] Level 1:colcon.colcon_core.package_identification:_identify(src/navigation/isaac_ros_navigation_goal) by extensions ['colcon_meta']
[0.133s] Level 1:colcon.colcon_core.package_identification:_identify(src/navigation/isaac_ros_navigation_goal) by extension 'colcon_meta'
[0.133s] Level 1:colcon.colcon_core.package_identification:_identify(src/navigation/isaac_ros_navigation_goal) by extensions ['ros']
[0.134s] Level 1:colcon.colcon_core.package_identification:_identify(src/navigation/isaac_ros_navigation_goal) by extension 'ros'
[0.134s] DEBUG:colcon.colcon_core.package_identification:Package 'src/navigation/isaac_ros_navigation_goal' with type 'ros.ament_python' and name 'isaac_ros_navigation_goal'
[0.134s] Level 1:colcon.colcon_core.package_identification:_identify(src/navigation/isaacsim_clearpath_nav2) by extensions ['ignore', 'ignore_ament_install']
[0.134s] Level 1:colcon.colcon_core.package_identification:_identify(src/navigation/isaacsim_clearpath_nav2) by extension 'ignore'
[0.134s] Level 1:colcon.colcon_core.package_identification:_identify(src/navigation/isaacsim_clearpath_nav2) by extension 'ignore_ament_install'
[0.134s] Level 1:colcon.colcon_core.package_identification:_identify(src/navigation/isaacsim_clearpath_nav2) by extensions ['colcon_pkg']
[0.134s] Level 1:colcon.colcon_core.package_identification:_identify(src/navigation/isaacsim_clearpath_nav2) by extension 'colcon_pkg'
[0.134s] Level 1:colcon.colcon_core.package_identification:_identify(src/navigation/isaacsim_clearpath_nav2) by extensions ['colcon_meta']
[0.134s] Level 1:colcon.colcon_core.package_identification:_identify(src/navigation/isaacsim_clearpath_nav2) by extension 'colcon_meta'
[0.134s] Level 1:colcon.colcon_core.package_identification:_identify(src/navigation/isaacsim_clearpath_nav2) by extensions ['ros']
[0.134s] Level 1:colcon.colcon_core.package_identification:_identify(src/navigation/isaacsim_clearpath_nav2) by extension 'ros'
[0.134s] DEBUG:colcon.colcon_core.package_identification:Package 'src/navigation/isaacsim_clearpath_nav2' with type 'ros.ament_cmake' and name 'isaacsim_clearpath_nav2'
[0.134s] Level 1:colcon.colcon_core.package_identification:_identify(src/navigation/iw_hub_navigation) by extensions ['ignore', 'ignore_ament_install']
[0.134s] Level 1:colcon.colcon_core.package_identification:_identify(src/navigation/iw_hub_navigation) by extension 'ignore'
[0.134s] Level 1:colcon.colcon_core.package_identification:_identify(src/navigation/iw_hub_navigation) by extension 'ignore_ament_install'
[0.134s] Level 1:colcon.colcon_core.package_identification:_identify(src/navigation/iw_hub_navigation) by extensions ['colcon_pkg']
[0.134s] Level 1:colcon.colcon_core.package_identification:_identify(src/navigation/iw_hub_navigation) by extension 'colcon_pkg'
[0.134s] Level 1:colcon.colcon_core.package_identification:_identify(src/navigation/iw_hub_navigation) by extensions ['colcon_meta']
[0.134s] Level 1:colcon.colcon_core.package_identification:_identify(src/navigation/iw_hub_navigation) by extension 'colcon_meta'
[0.134s] Level 1:colcon.colcon_core.package_identification:_identify(src/navigation/iw_hub_navigation) by extensions ['ros']
[0.134s] Level 1:colcon.colcon_core.package_identification:_identify(src/navigation/iw_hub_navigation) by extension 'ros'
[0.135s] DEBUG:colcon.colcon_core.package_identification:Package 'src/navigation/iw_hub_navigation' with type 'ros.ament_cmake' and name 'iw_hub_navigation'
[0.135s] Level 1:colcon.colcon_core.package_identification:_identify(src/turtlebot3_manipulation) by extensions ['ignore', 'ignore_ament_install']
[0.135s] Level 1:colcon.colcon_core.package_identification:_identify(src/turtlebot3_manipulation) by extension 'ignore'
[0.135s] Level 1:colcon.colcon_core.package_identification:_identify(src/turtlebot3_manipulation) by extension 'ignore_ament_install'
[0.135s] Level 1:colcon.colcon_core.package_identification:_identify(src/turtlebot3_manipulation) by extensions ['colcon_pkg']
[0.135s] Level 1:colcon.colcon_core.package_identification:_identify(src/turtlebot3_manipulation) by extension 'colcon_pkg'
[0.135s] Level 1:colcon.colcon_core.package_identification:_identify(src/turtlebot3_manipulation) by extensions ['colcon_meta']
[0.135s] Level 1:colcon.colcon_core.package_identification:_identify(src/turtlebot3_manipulation) by extension 'colcon_meta'
[0.135s] Level 1:colcon.colcon_core.package_identification:_identify(src/turtlebot3_manipulation) by extensions ['ros']
[0.135s] Level 1:colcon.colcon_core.package_identification:_identify(src/turtlebot3_manipulation) by extension 'ros'
[0.135s] Level 1:colcon.colcon_core.package_identification:_identify(src/turtlebot3_manipulation) by extensions ['cmake', 'python']
[0.135s] Level 1:colcon.colcon_core.package_identification:_identify(src/turtlebot3_manipulation) by extension 'cmake'
[0.135s] Level 1:colcon.colcon_core.package_identification:_identify(src/turtlebot3_manipulation) by extension 'python'
[0.135s] Level 1:colcon.colcon_core.package_identification:_identify(src/turtlebot3_manipulation) by extensions ['python_setup_py']
[0.135s] Level 1:colcon.colcon_core.package_identification:_identify(src/turtlebot3_manipulation) by extension 'python_setup_py'
[0.135s] Level 1:colcon.colcon_core.package_identification:_identify(src/turtlebot3_manipulation/turtlebot3_manipulation) by extensions ['ignore', 'ignore_ament_install']
[0.135s] Level 1:colcon.colcon_core.package_identification:_identify(src/turtlebot3_manipulation/turtlebot3_manipulation) by extension 'ignore'
[0.135s] Level 1:colcon.colcon_core.package_identification:_identify(src/turtlebot3_manipulation/turtlebot3_manipulation) by extension 'ignore_ament_install'
[0.135s] Level 1:colcon.colcon_core.package_identification:_identify(src/turtlebot3_manipulation/turtlebot3_manipulation) by extensions ['colcon_pkg']
[0.135s] Level 1:colcon.colcon_core.package_identification:_identify(src/turtlebot3_manipulation/turtlebot3_manipulation) by extension 'colcon_pkg'
[0.135s] Level 1:colcon.colcon_core.package_identification:_identify(src/turtlebot3_manipulation/turtlebot3_manipulation) by extensions ['colcon_meta']
[0.135s] Level 1:colcon.colcon_core.package_identification:_identify(src/turtlebot3_manipulation/turtlebot3_manipulation) by extension 'colcon_meta'
[0.135s] Level 1:colcon.colcon_core.package_identification:_identify(src/turtlebot3_manipulation/turtlebot3_manipulation) by extensions ['ros']
[0.135s] Level 1:colcon.colcon_core.package_identification:_identify(src/turtlebot3_manipulation/turtlebot3_manipulation) by extension 'ros'
[0.135s] DEBUG:colcon.colcon_core.package_identification:Package 'src/turtlebot3_manipulation/turtlebot3_manipulation' with type 'ros.ament_cmake' and name 'turtlebot3_manipulation'
[0.135s] Level 1:colcon.colcon_core.package_identification:_identify(src/turtlebot3_manipulation/turtlebot3_manipulation_bringup) by extensions ['ignore', 'ignore_ament_install']
[0.135s] Level 1:colcon.colcon_core.package_identification:_identify(src/turtlebot3_manipulation/turtlebot3_manipulation_bringup) by extension 'ignore'
[0.135s] Level 1:colcon.colcon_core.package_identification:_identify(src/turtlebot3_manipulation/turtlebot3_manipulation_bringup) by extension 'ignore_ament_install'
[0.135s] Level 1:colcon.colcon_core.package_identification:_identify(src/turtlebot3_manipulation/turtlebot3_manipulation_bringup) by extensions ['colcon_pkg']
[0.135s] Level 1:colcon.colcon_core.package_identification:_identify(src/turtlebot3_manipulation/turtlebot3_manipulation_bringup) by extension 'colcon_pkg'
[0.135s] Level 1:colcon.colcon_core.package_identification:_identify(src/turtlebot3_manipulation/turtlebot3_manipulation_bringup) by extensions ['colcon_meta']
[0.135s] Level 1:colcon.colcon_core.package_identification:_identify(src/turtlebot3_manipulation/turtlebot3_manipulation_bringup) by extension 'colcon_meta'
[0.135s] Level 1:colcon.colcon_core.package_identification:_identify(src/turtlebot3_manipulation/turtlebot3_manipulation_bringup) by extensions ['ros']
[0.135s] Level 1:colcon.colcon_core.package_identification:_identify(src/turtlebot3_manipulation/turtlebot3_manipulation_bringup) by extension 'ros'
[0.136s] DEBUG:colcon.colcon_core.package_identification:Package 'src/turtlebot3_manipulation/turtlebot3_manipulation_bringup' with type 'ros.ament_cmake' and name 'turtlebot3_manipulation_bringup'
[0.136s] Level 1:colcon.colcon_core.package_identification:_identify(src/turtlebot3_manipulation/turtlebot3_manipulation_cartographer) by extensions ['ignore', 'ignore_ament_install']
[0.136s] Level 1:colcon.colcon_core.package_identification:_identify(src/turtlebot3_manipulation/turtlebot3_manipulation_cartographer) by extension 'ignore'
[0.136s] Level 1:colcon.colcon_core.package_identification:_identify(src/turtlebot3_manipulation/turtlebot3_manipulation_cartographer) by extension 'ignore_ament_install'
[0.136s] Level 1:colcon.colcon_core.package_identification:_identify(src/turtlebot3_manipulation/turtlebot3_manipulation_cartographer) by extensions ['colcon_pkg']
[0.136s] Level 1:colcon.colcon_core.package_identification:_identify(src/turtlebot3_manipulation/turtlebot3_manipulation_cartographer) by extension 'colcon_pkg'
[0.136s] Level 1:colcon.colcon_core.package_identification:_identify(src/turtlebot3_manipulation/turtlebot3_manipulation_cartographer) by extensions ['colcon_meta']
[0.136s] Level 1:colcon.colcon_core.package_identification:_identify(src/turtlebot3_manipulation/turtlebot3_manipulation_cartographer) by extension 'colcon_meta'
[0.136s] Level 1:colcon.colcon_core.package_identification:_identify(src/turtlebot3_manipulation/turtlebot3_manipulation_cartographer) by extensions ['ros']
[0.136s] Level 1:colcon.colcon_core.package_identification:_identify(src/turtlebot3_manipulation/turtlebot3_manipulation_cartographer) by extension 'ros'
[0.136s] DEBUG:colcon.colcon_core.package_identification:Package 'src/turtlebot3_manipulation/turtlebot3_manipulation_cartographer' with type 'ros.ament_cmake' and name 'turtlebot3_manipulation_cartographer'
[0.136s] Level 1:colcon.colcon_core.package_identification:_identify(src/turtlebot3_manipulation/turtlebot3_manipulation_description) by extensions ['ignore', 'ignore_ament_install']
[0.136s] Level 1:colcon.colcon_core.package_identification:_identify(src/turtlebot3_manipulation/turtlebot3_manipulation_description) by extension 'ignore'
[0.136s] Level 1:colcon.colcon_core.package_identification:_identify(src/turtlebot3_manipulation/turtlebot3_manipulation_description) by extension 'ignore_ament_install'
[0.136s] Level 1:colcon.colcon_core.package_identification:_identify(src/turtlebot3_manipulation/turtlebot3_manipulation_description) by extensions ['colcon_pkg']
[0.136s] Level 1:colcon.colcon_core.package_identification:_identify(src/turtlebot3_manipulation/turtlebot3_manipulation_description) by extension 'colcon_pkg'
[0.136s] Level 1:colcon.colcon_core.package_identification:_identify(src/turtlebot3_manipulation/turtlebot3_manipulation_description) by extensions ['colcon_meta']
[0.136s] Level 1:colcon.colcon_core.package_identification:_identify(src/turtlebot3_manipulation/turtlebot3_manipulation_description) by extension 'colcon_meta'
[0.136s] Level 1:colcon.colcon_core.package_identification:_identify(src/turtlebot3_manipulation/turtlebot3_manipulation_description) by extensions ['ros']
[0.136s] Level 1:colcon.colcon_core.package_identification:_identify(src/turtlebot3_manipulation/turtlebot3_manipulation_description) by extension 'ros'
[0.136s] DEBUG:colcon.colcon_core.package_identification:Package 'src/turtlebot3_manipulation/turtlebot3_manipulation_description' with type 'ros.ament_cmake' and name 'turtlebot3_manipulation_description'
[0.136s] Level 1:colcon.colcon_core.package_identification:_identify(src/turtlebot3_manipulation/turtlebot3_manipulation_hardware) by extensions ['ignore', 'ignore_ament_install']
[0.136s] Level 1:colcon.colcon_core.package_identification:_identify(src/turtlebot3_manipulation/turtlebot3_manipulation_hardware) by extension 'ignore'
[0.136s] Level 1:colcon.colcon_core.package_identification:_identify(src/turtlebot3_manipulation/turtlebot3_manipulation_hardware) by extension 'ignore_ament_install'
[0.136s] Level 1:colcon.colcon_core.package_identification:_identify(src/turtlebot3_manipulation/turtlebot3_manipulation_hardware) by extensions ['colcon_pkg']
[0.137s] Level 1:colcon.colcon_core.package_identification:_identify(src/turtlebot3_manipulation/turtlebot3_manipulation_hardware) by extension 'colcon_pkg'
[0.137s] Level 1:colcon.colcon_core.package_identification:_identify(src/turtlebot3_manipulation/turtlebot3_manipulation_hardware) by extensions ['colcon_meta']
[0.137s] Level 1:colcon.colcon_core.package_identification:_identify(src/turtlebot3_manipulation/turtlebot3_manipulation_hardware) by extension 'colcon_meta'
[0.137s] Level 1:colcon.colcon_core.package_identification:_identify(src/turtlebot3_manipulation/turtlebot3_manipulation_hardware) by extensions ['ros']
[0.137s] Level 1:colcon.colcon_core.package_identification:_identify(src/turtlebot3_manipulation/turtlebot3_manipulation_hardware) by extension 'ros'
[0.137s] DEBUG:colcon.colcon_core.package_identification:Package 'src/turtlebot3_manipulation/turtlebot3_manipulation_hardware' with type 'ros.ament_cmake' and name 'turtlebot3_manipulation_hardware'
[0.137s] Level 1:colcon.colcon_core.package_identification:_identify(src/turtlebot3_manipulation/turtlebot3_manipulation_moveit_config) by extensions ['ignore', 'ignore_ament_install']
[0.137s] Level 1:colcon.colcon_core.package_identification:_identify(src/turtlebot3_manipulation/turtlebot3_manipulation_moveit_config) by extension 'ignore'
[0.137s] Level 1:colcon.colcon_core.package_identification:_identify(src/turtlebot3_manipulation/turtlebot3_manipulation_moveit_config) by extension 'ignore_ament_install'
[0.137s] Level 1:colcon.colcon_core.package_identification:_identify(src/turtlebot3_manipulation/turtlebot3_manipulation_moveit_config) by extensions ['colcon_pkg']
[0.137s] Level 1:colcon.colcon_core.package_identification:_identify(src/turtlebot3_manipulation/turtlebot3_manipulation_moveit_config) by extension 'colcon_pkg'
[0.137s] Level 1:colcon.colcon_core.package_identification:_identify(src/turtlebot3_manipulation/turtlebot3_manipulation_moveit_config) by extensions ['colcon_meta']
[0.137s] Level 1:colcon.colcon_core.package_identification:_identify(src/turtlebot3_manipulation/turtlebot3_manipulation_moveit_config) by extension 'colcon_meta'
[0.137s] Level 1:colcon.colcon_core.package_identification:_identify(src/turtlebot3_manipulation/turtlebot3_manipulation_moveit_config) by extensions ['ros']
[0.137s] Level 1:colcon.colcon_core.package_identification:_identify(src/turtlebot3_manipulation/turtlebot3_manipulation_moveit_config) by extension 'ros'
[0.137s] DEBUG:colcon.colcon_core.package_identification:Package 'src/turtlebot3_manipulation/turtlebot3_manipulation_moveit_config' with type 'ros.ament_cmake' and name 'turtlebot3_manipulation_moveit_config'
[0.137s] Level 1:colcon.colcon_core.package_identification:_identify(src/turtlebot3_manipulation/turtlebot3_manipulation_navigation2) by extensions ['ignore', 'ignore_ament_install']
[0.137s] Level 1:colcon.colcon_core.package_identification:_identify(src/turtlebot3_manipulation/turtlebot3_manipulation_navigation2) by extension 'ignore'
[0.137s] Level 1:colcon.colcon_core.package_identification:_identify(src/turtlebot3_manipulation/turtlebot3_manipulation_navigation2) by extension 'ignore_ament_install'
[0.137s] Level 1:colcon.colcon_core.package_identification:_identify(src/turtlebot3_manipulation/turtlebot3_manipulation_navigation2) by extensions ['colcon_pkg']
[0.137s] Level 1:colcon.colcon_core.package_identification:_identify(src/turtlebot3_manipulation/turtlebot3_manipulation_navigation2) by extension 'colcon_pkg'
[0.137s] Level 1:colcon.colcon_core.package_identification:_identify(src/turtlebot3_manipulation/turtlebot3_manipulation_navigation2) by extensions ['colcon_meta']
[0.137s] Level 1:colcon.colcon_core.package_identification:_identify(src/turtlebot3_manipulation/turtlebot3_manipulation_navigation2) by extension 'colcon_meta'
[0.137s] Level 1:colcon.colcon_core.package_identification:_identify(src/turtlebot3_manipulation/turtlebot3_manipulation_navigation2) by extensions ['ros']
[0.137s] Level 1:colcon.colcon_core.package_identification:_identify(src/turtlebot3_manipulation/turtlebot3_manipulation_navigation2) by extension 'ros'
[0.138s] DEBUG:colcon.colcon_core.package_identification:Package 'src/turtlebot3_manipulation/turtlebot3_manipulation_navigation2' with type 'ros.ament_cmake' and name 'turtlebot3_manipulation_navigation2'
[0.138s] Level 1:colcon.colcon_core.package_identification:_identify(src/turtlebot3_manipulation/turtlebot3_manipulation_teleop) by extensions ['ignore', 'ignore_ament_install']
[0.138s] Level 1:colcon.colcon_core.package_identification:_identify(src/turtlebot3_manipulation/turtlebot3_manipulation_teleop) by extension 'ignore'
[0.138s] Level 1:colcon.colcon_core.package_identification:_identify(src/turtlebot3_manipulation/turtlebot3_manipulation_teleop) by extension 'ignore_ament_install'
[0.138s] Level 1:colcon.colcon_core.package_identification:_identify(src/turtlebot3_manipulation/turtlebot3_manipulation_teleop) by extensions ['colcon_pkg']
[0.138s] Level 1:colcon.colcon_core.package_identification:_identify(src/turtlebot3_manipulation/turtlebot3_manipulation_teleop) by extension 'colcon_pkg'
[0.138s] Level 1:colcon.colcon_core.package_identification:_identify(src/turtlebot3_manipulation/turtlebot3_manipulation_teleop) by extensions ['colcon_meta']
[0.138s] Level 1:colcon.colcon_core.package_identification:_identify(src/turtlebot3_manipulation/turtlebot3_manipulation_teleop) by extension 'colcon_meta'
[0.138s] Level 1:colcon.colcon_core.package_identification:_identify(src/turtlebot3_manipulation/turtlebot3_manipulation_teleop) by extensions ['ros']
[0.138s] Level 1:colcon.colcon_core.package_identification:_identify(src/turtlebot3_manipulation/turtlebot3_manipulation_teleop) by extension 'ros'
[0.138s] DEBUG:colcon.colcon_core.package_identification:Package 'src/turtlebot3_manipulation/turtlebot3_manipulation_teleop' with type 'ros.ament_cmake' and name 'turtlebot3_manipulation_teleop'
[0.138s] Level 1:colcon.colcon_core.package_discovery:discover_packages(recursive) using defaults
[0.138s] Level 1:colcon.colcon_core.package_discovery:discover_packages(ignore) discover
[0.138s] Level 1:colcon.colcon_core.package_discovery:discover_packages(ignore) using defaults
[0.138s] Level 1:colcon.colcon_core.package_discovery:discover_packages(path) discover
[0.138s] Level 1:colcon.colcon_core.package_discovery:discover_packages(path) using defaults
[0.149s] Level 1:colcon.colcon_core.package_discovery:discover_packages(prefix_path) check parameters
[0.149s] Level 1:colcon.colcon_core.package_discovery:discover_packages(prefix_path) discover
[0.151s] DEBUG:colcon.colcon_installed_package_information.package_discovery:Found 21 installed packages in /home/ciderlab-server3/workspace/2026_industry_cowork/IsaacSim-ros_workspaces/humble_ws/install
[0.151s] DEBUG:colcon.colcon_installed_package_information.package_discovery:Found 31 installed packages in /home/ciderlab-server3/turtlebot3_ws/install
[0.152s] DEBUG:colcon.colcon_installed_package_information.package_discovery:Found 439 installed packages in /opt/ros/humble
[0.153s] Level 1:colcon.colcon_core.package_discovery:discover_packages(prefix_path) using defaults
[0.172s] WARNING:colcon.colcon_core.package_selection:Some selected packages are already built in one or more underlay workspaces:
	'turtlebot3_manipulation_moveit_config' is in: /home/ciderlab-server3/workspace/2026_industry_cowork/IsaacSim-ros_workspaces/humble_ws/install/turtlebot3_manipulation_moveit_config, /home/ciderlab-server3/turtlebot3_ws/install/turtlebot3_manipulation_moveit_config
	'turtlebot3_manipulation_navigation2' is in: /home/ciderlab-server3/workspace/2026_industry_cowork/IsaacSim-ros_workspaces/humble_ws/install/turtlebot3_manipulation_navigation2, /home/ciderlab-server3/turtlebot3_ws/install/turtlebot3_manipulation_navigation2
	'turtlebot3_manipulation_bringup' is in: /home/ciderlab-server3/workspace/2026_industry_cowork/IsaacSim-ros_workspaces/humble_ws/install/turtlebot3_manipulation_bringup, /home/ciderlab-server3/turtlebot3_ws/install/turtlebot3_manipulation_bringup
If a package in a merged underlay workspace is overridden and it installs headers, then all packages in the overlay must sort their include directories by workspace order. Failure to do so may result in build failures or undefined behavior at run time.
If the overridden package is used by another package in any underlay, then the overriding package in the overlay must be API and ABI compatible or undefined behavior at run time may occur.

If you understand the risks and want to override a package anyways, add the following to the command line:
	--allow-overriding turtlebot3_manipulation_bringup turtlebot3_manipulation_moveit_config turtlebot3_manipulation_navigation2

This may be promoted to an error in a future release of colcon-override-check.
[0.173s] Level 5:colcon.colcon_core.verb:set package 'carter_navigation' build argument 'cmake_args' from command line to 'None'
[0.173s] Level 5:colcon.colcon_core.verb:set package 'carter_navigation' build argument 'cmake_target' from command line to 'None'
[0.173s] Level 5:colcon.colcon_core.verb:set package 'carter_navigation' build argument 'cmake_target_skip_unavailable' from command line to 'False'
[0.173s] Level 5:colcon.colcon_core.verb:set package 'carter_navigation' build argument 'cmake_clean_cache' from command line to 'False'
[0.173s] Level 5:colcon.colcon_core.verb:set package 'carter_navigation' build argument 'cmake_clean_first' from command line to 'False'
[0.173s] Level 5:colcon.colcon_core.verb:set package 'carter_navigation' build argument 'cmake_force_configure' from command line to 'False'
[0.173s] Level 5:colcon.colcon_core.verb:set package 'carter_navigation' build argument 'ament_cmake_args' from command line to 'None'
[0.173s] Level 5:colcon.colcon_core.verb:set package 'carter_navigation' build argument 'catkin_cmake_args' from command line to 'None'
[0.173s] Level 5:colcon.colcon_core.verb:set package 'carter_navigation' build argument 'catkin_skip_building_tests' from command line to 'False'
[0.173s] DEBUG:colcon.colcon_core.verb:Building package 'carter_navigation' with the following arguments: {'ament_cmake_args': None, 'build_base': '/home/ciderlab-server3/workspace/2026_industry_cowork/IsaacSim-ros_workspaces/humble_ws/build/carter_navigation', 'catkin_cmake_args': None, 'catkin_skip_building_tests': False, 'cmake_args': None, 'cmake_clean_cache': False, 'cmake_clean_first': False, 'cmake_force_configure': False, 'cmake_target': None, 'cmake_target_skip_unavailable': False, 'install_base': '/home/ciderlab-server3/workspace/2026_industry_cowork/IsaacSim-ros_workspaces/humble_ws/install/carter_navigation', 'merge_install': False, 'path': '/home/ciderlab-server3/workspace/2026_industry_cowork/IsaacSim-ros_workspaces/humble_ws/src/navigation/carter_navigation', 'symlink_install': False, 'test_result_base': None}
[0.173s] Level 5:colcon.colcon_core.verb:set package 'cmdvel_to_ackermann' build argument 'cmake_args' from command line to 'None'
[0.173s] Level 5:colcon.colcon_core.verb:set package 'cmdvel_to_ackermann' build argument 'cmake_target' from command line to 'None'
[0.173s] Level 5:colcon.colcon_core.verb:set package 'cmdvel_to_ackermann' build argument 'cmake_target_skip_unavailable' from command line to 'False'
[0.173s] Level 5:colcon.colcon_core.verb:set package 'cmdvel_to_ackermann' build argument 'cmake_clean_cache' from command line to 'False'
[0.173s] Level 5:colcon.colcon_core.verb:set package 'cmdvel_to_ackermann' build argument 'cmake_clean_first' from command line to 'False'
[0.173s] Level 5:colcon.colcon_core.verb:set package 'cmdvel_to_ackermann' build argument 'cmake_force_configure' from command line to 'False'
[0.173s] Level 5:colcon.colcon_core.verb:set package 'cmdvel_to_ackermann' build argument 'ament_cmake_args' from command line to 'None'
[0.173s] Level 5:colcon.colcon_core.verb:set package 'cmdvel_to_ackermann' build argument 'catkin_cmake_args' from command line to 'None'
[0.173s] Level 5:colcon.colcon_core.verb:set package 'cmdvel_to_ackermann' build argument 'catkin_skip_building_tests' from command line to 'False'
[0.173s] DEBUG:colcon.colcon_core.verb:Building package 'cmdvel_to_ackermann' with the following arguments: {'ament_cmake_args': None, 'build_base': '/home/ciderlab-server3/workspace/2026_industry_cowork/IsaacSim-ros_workspaces/humble_ws/build/cmdvel_to_ackermann', 'catkin_cmake_args': None, 'catkin_skip_building_tests': False, 'cmake_args': None, 'cmake_clean_cache': False, 'cmake_clean_first': False, 'cmake_force_configure': False, 'cmake_target': None, 'cmake_target_skip_unavailable': False, 'install_base': '/home/ciderlab-server3/workspace/2026_industry_cowork/IsaacSim-ros_workspaces/humble_ws/install/cmdvel_to_ackermann', 'merge_install': False, 'path': '/home/ciderlab-server3/workspace/2026_industry_cowork/IsaacSim-ros_workspaces/humble_ws/src/ackermann_control/cmdvel_to_ackermann', 'symlink_install': False, 'test_result_base': None}
[0.173s] Level 5:colcon.colcon_core.verb:set package 'custom_message' build argument 'cmake_args' from command line to 'None'
[0.173s] Level 5:colcon.colcon_core.verb:set package 'custom_message' build argument 'cmake_target' from command line to 'None'
[0.173s] Level 5:colcon.colcon_core.verb:set package 'custom_message' build argument 'cmake_target_skip_unavailable' from command line to 'False'
[0.173s] Level 5:colcon.colcon_core.verb:set package 'custom_message' build argument 'cmake_clean_cache' from command line to 'False'
[0.173s] Level 5:colcon.colcon_core.verb:set package 'custom_message' build argument 'cmake_clean_first' from command line to 'False'
[0.173s] Level 5:colcon.colcon_core.verb:set package 'custom_message' build argument 'cmake_force_configure' from command line to 'False'
[0.173s] Level 5:colcon.colcon_core.verb:set package 'custom_message' build argument 'ament_cmake_args' from command line to 'None'
[0.173s] Level 5:colcon.colcon_core.verb:set package 'custom_message' build argument 'catkin_cmake_args' from command line to 'None'
[0.173s] Level 5:colcon.colcon_core.verb:set package 'custom_message' build argument 'catkin_skip_building_tests' from command line to 'False'
[0.173s] DEBUG:colcon.colcon_core.verb:Building package 'custom_message' with the following arguments: {'ament_cmake_args': None, 'build_base': '/home/ciderlab-server3/workspace/2026_industry_cowork/IsaacSim-ros_workspaces/humble_ws/build/custom_message', 'catkin_cmake_args': None, 'catkin_skip_building_tests': False, 'cmake_args': None, 'cmake_clean_cache': False, 'cmake_clean_first': False, 'cmake_force_configure': False, 'cmake_target': None, 'cmake_target_skip_unavailable': False, 'install_base': '/home/ciderlab-server3/workspace/2026_industry_cowork/IsaacSim-ros_workspaces/humble_ws/install/custom_message', 'merge_install': False, 'path': '/home/ciderlab-server3/workspace/2026_industry_cowork/IsaacSim-ros_workspaces/humble_ws/src/custom_message', 'symlink_install': False, 'test_result_base': None}
[0.174s] Level 5:colcon.colcon_core.verb:set package 'custom_nav2_bt_plugins' build argument 'cmake_args' from command line to 'None'
[0.174s] Level 5:colcon.colcon_core.verb:set package 'custom_nav2_bt_plugins' build argument 'cmake_target' from command line to 'None'
[0.174s] Level 5:colcon.colcon_core.verb:set package 'custom_nav2_bt_plugins' build argument 'cmake_target_skip_unavailable' from command line to 'False'
[0.174s] Level 5:colcon.colcon_core.verb:set package 'custom_nav2_bt_plugins' build argument 'cmake_clean_cache' from command line to 'False'
[0.174s] Level 5:colcon.colcon_core.verb:set package 'custom_nav2_bt_plugins' build argument 'cmake_clean_first' from command line to 'False'
[0.174s] Level 5:colcon.colcon_core.verb:set package 'custom_nav2_bt_plugins' build argument 'cmake_force_configure' from command line to 'False'
[0.174s] Level 5:colcon.colcon_core.verb:set package 'custom_nav2_bt_plugins' build argument 'ament_cmake_args' from command line to 'None'
[0.174s] Level 5:colcon.colcon_core.verb:set package 'custom_nav2_bt_plugins' build argument 'catkin_cmake_args' from command line to 'None'
[0.174s] Level 5:colcon.colcon_core.verb:set package 'custom_nav2_bt_plugins' build argument 'catkin_skip_building_tests' from command line to 'False'
[0.174s] DEBUG:colcon.colcon_core.verb:Building package 'custom_nav2_bt_plugins' with the following arguments: {'ament_cmake_args': None, 'build_base': '/home/ciderlab-server3/workspace/2026_industry_cowork/IsaacSim-ros_workspaces/humble_ws/build/custom_nav2_bt_plugins', 'catkin_cmake_args': None, 'catkin_skip_building_tests': False, 'cmake_args': None, 'cmake_clean_cache': False, 'cmake_clean_first': False, 'cmake_force_configure': False, 'cmake_target': None, 'cmake_target_skip_unavailable': False, 'install_base': '/home/ciderlab-server3/workspace/2026_industry_cowork/IsaacSim-ros_workspaces/humble_ws/install/custom_nav2_bt_plugins', 'merge_install': False, 'path': '/home/ciderlab-server3/workspace/2026_industry_cowork/IsaacSim-ros_workspaces/humble_ws/src/custom_nav2_bt_plugins', 'symlink_install': False, 'test_result_base': None}
[0.174s] Level 5:colcon.colcon_core.verb:set package 'h1_fullbody_controller' build argument 'cmake_args' from command line to 'None'
[0.174s] Level 5:colcon.colcon_core.verb:set package 'h1_fullbody_controller' build argument 'cmake_target' from command line to 'None'
[0.174s] Level 5:colcon.colcon_core.verb:set package 'h1_fullbody_controller' build argument 'cmake_target_skip_unavailable' from command line to 'False'
[0.174s] Level 5:colcon.colcon_core.verb:set package 'h1_fullbody_controller' build argument 'cmake_clean_cache' from command line to 'False'
[0.174s] Level 5:colcon.colcon_core.verb:set package 'h1_fullbody_controller' build argument 'cmake_clean_first' from command line to 'False'
[0.174s] Level 5:colcon.colcon_core.verb:set package 'h1_fullbody_controller' build argument 'cmake_force_configure' from command line to 'False'
[0.174s] Level 5:colcon.colcon_core.verb:set package 'h1_fullbody_controller' build argument 'ament_cmake_args' from command line to 'None'
[0.174s] Level 5:colcon.colcon_core.verb:set package 'h1_fullbody_controller' build argument 'catkin_cmake_args' from command line to 'None'
[0.174s] Level 5:colcon.colcon_core.verb:set package 'h1_fullbody_controller' build argument 'catkin_skip_building_tests' from command line to 'False'
[0.174s] DEBUG:colcon.colcon_core.verb:Building package 'h1_fullbody_controller' with the following arguments: {'ament_cmake_args': None, 'build_base': '/home/ciderlab-server3/workspace/2026_industry_cowork/IsaacSim-ros_workspaces/humble_ws/build/h1_fullbody_controller', 'catkin_cmake_args': None, 'catkin_skip_building_tests': False, 'cmake_args': None, 'cmake_clean_cache': False, 'cmake_clean_first': False, 'cmake_force_configure': False, 'cmake_target': None, 'cmake_target_skip_unavailable': False, 'install_base': '/home/ciderlab-server3/workspace/2026_industry_cowork/IsaacSim-ros_workspaces/humble_ws/install/h1_fullbody_controller', 'merge_install': False, 'path': '/home/ciderlab-server3/workspace/2026_industry_cowork/IsaacSim-ros_workspaces/humble_ws/src/humanoid_locomotion_policy_example/h1_fullbody_controller', 'symlink_install': False, 'test_result_base': None}
[0.174s] Level 5:colcon.colcon_core.verb:set package 'isaac_compressed_image_decoder' build argument 'cmake_args' from command line to 'None'
[0.174s] Level 5:colcon.colcon_core.verb:set package 'isaac_compressed_image_decoder' build argument 'cmake_target' from command line to 'None'
[0.174s] Level 5:colcon.colcon_core.verb:set package 'isaac_compressed_image_decoder' build argument 'cmake_target_skip_unavailable' from command line to 'False'
[0.174s] Level 5:colcon.colcon_core.verb:set package 'isaac_compressed_image_decoder' build argument 'cmake_clean_cache' from command line to 'False'
[0.174s] Level 5:colcon.colcon_core.verb:set package 'isaac_compressed_image_decoder' build argument 'cmake_clean_first' from command line to 'False'
[0.174s] Level 5:colcon.colcon_core.verb:set package 'isaac_compressed_image_decoder' build argument 'cmake_force_configure' from command line to 'False'
[0.174s] Level 5:colcon.colcon_core.verb:set package 'isaac_compressed_image_decoder' build argument 'ament_cmake_args' from command line to 'None'
[0.174s] Level 5:colcon.colcon_core.verb:set package 'isaac_compressed_image_decoder' build argument 'catkin_cmake_args' from command line to 'None'
[0.174s] Level 5:colcon.colcon_core.verb:set package 'isaac_compressed_image_decoder' build argument 'catkin_skip_building_tests' from command line to 'False'
[0.174s] DEBUG:colcon.colcon_core.verb:Building package 'isaac_compressed_image_decoder' with the following arguments: {'ament_cmake_args': None, 'build_base': '/home/ciderlab-server3/workspace/2026_industry_cowork/IsaacSim-ros_workspaces/humble_ws/build/isaac_compressed_image_decoder', 'catkin_cmake_args': None, 'catkin_skip_building_tests': False, 'cmake_args': None, 'cmake_clean_cache': False, 'cmake_clean_first': False, 'cmake_force_configure': False, 'cmake_target': None, 'cmake_target_skip_unavailable': False, 'install_base': '/home/ciderlab-server3/workspace/2026_industry_cowork/IsaacSim-ros_workspaces/humble_ws/install/isaac_compressed_image_decoder', 'merge_install': False, 'path': '/home/ciderlab-server3/workspace/2026_industry_cowork/IsaacSim-ros_workspaces/humble_ws/src/isaac_compressed_image_decoder', 'symlink_install': False, 'test_result_base': None}
[0.174s] Level 5:colcon.colcon_core.verb:set package 'isaac_moveit' build argument 'cmake_args' from command line to 'None'
[0.174s] Level 5:colcon.colcon_core.verb:set package 'isaac_moveit' build argument 'cmake_target' from command line to 'None'
[0.174s] Level 5:colcon.colcon_core.verb:set package 'isaac_moveit' build argument 'cmake_target_skip_unavailable' from command line to 'False'
[0.174s] Level 5:colcon.colcon_core.verb:set package 'isaac_moveit' build argument 'cmake_clean_cache' from command line to 'False'
[0.174s] Level 5:colcon.colcon_core.verb:set package 'isaac_moveit' build argument 'cmake_clean_first' from command line to 'False'
[0.174s] Level 5:colcon.colcon_core.verb:set package 'isaac_moveit' build argument 'cmake_force_configure' from command line to 'False'
[0.174s] Level 5:colcon.colcon_core.verb:set package 'isaac_moveit' build argument 'ament_cmake_args' from command line to 'None'
[0.174s] Level 5:colcon.colcon_core.verb:set package 'isaac_moveit' build argument 'catkin_cmake_args' from command line to 'None'
[0.174s] Level 5:colcon.colcon_core.verb:set package 'isaac_moveit' build argument 'catkin_skip_building_tests' from command line to 'False'
[0.174s] DEBUG:colcon.colcon_core.verb:Building package 'isaac_moveit' with the following arguments: {'ament_cmake_args': None, 'build_base': '/home/ciderlab-server3/workspace/2026_industry_cowork/IsaacSim-ros_workspaces/humble_ws/build/isaac_moveit', 'catkin_cmake_args': None, 'catkin_skip_building_tests': False, 'cmake_args': None, 'cmake_clean_cache': False, 'cmake_clean_first': False, 'cmake_force_configure': False, 'cmake_target': None, 'cmake_target_skip_unavailable': False, 'install_base': '/home/ciderlab-server3/workspace/2026_industry_cowork/IsaacSim-ros_workspaces/humble_ws/install/isaac_moveit', 'merge_install': False, 'path': '/home/ciderlab-server3/workspace/2026_industry_cowork/IsaacSim-ros_workspaces/humble_ws/src/moveit/isaac_moveit', 'symlink_install': False, 'test_result_base': None}
[0.174s] Level 5:colcon.colcon_core.verb:set package 'isaac_ros2_messages' build argument 'cmake_args' from command line to 'None'
[0.174s] Level 5:colcon.colcon_core.verb:set package 'isaac_ros2_messages' build argument 'cmake_target' from command line to 'None'
[0.174s] Level 5:colcon.colcon_core.verb:set package 'isaac_ros2_messages' build argument 'cmake_target_skip_unavailable' from command line to 'False'
[0.174s] Level 5:colcon.colcon_core.verb:set package 'isaac_ros2_messages' build argument 'cmake_clean_cache' from command line to 'False'
[0.174s] Level 5:colcon.colcon_core.verb:set package 'isaac_ros2_messages' build argument 'cmake_clean_first' from command line to 'False'
[0.174s] Level 5:colcon.colcon_core.verb:set package 'isaac_ros2_messages' build argument 'cmake_force_configure' from command line to 'False'
[0.174s] Level 5:colcon.colcon_core.verb:set package 'isaac_ros2_messages' build argument 'ament_cmake_args' from command line to 'None'
[0.174s] Level 5:colcon.colcon_core.verb:set package 'isaac_ros2_messages' build argument 'catkin_cmake_args' from command line to 'None'
[0.174s] Level 5:colcon.colcon_core.verb:set package 'isaac_ros2_messages' build argument 'catkin_skip_building_tests' from command line to 'False'
[0.174s] DEBUG:colcon.colcon_core.verb:Building package 'isaac_ros2_messages' with the following arguments: {'ament_cmake_args': None, 'build_base': '/home/ciderlab-server3/workspace/2026_industry_cowork/IsaacSim-ros_workspaces/humble_ws/build/isaac_ros2_messages', 'catkin_cmake_args': None, 'catkin_skip_building_tests': False, 'cmake_args': None, 'cmake_clean_cache': False, 'cmake_clean_first': False, 'cmake_force_configure': False, 'cmake_target': None, 'cmake_target_skip_unavailable': False, 'install_base': '/home/ciderlab-server3/workspace/2026_industry_cowork/IsaacSim-ros_workspaces/humble_ws/install/isaac_ros2_messages', 'merge_install': False, 'path': '/home/ciderlab-server3/workspace/2026_industry_cowork/IsaacSim-ros_workspaces/humble_ws/src/isaac_ros2_messages', 'symlink_install': False, 'test_result_base': None}
[0.175s] Level 5:colcon.colcon_core.verb:set package 'isaac_ros_navigation_goal' build argument 'cmake_args' from command line to 'None'
[0.175s] Level 5:colcon.colcon_core.verb:set package 'isaac_ros_navigation_goal' build argument 'cmake_target' from command line to 'None'
[0.175s] Level 5:colcon.colcon_core.verb:set package 'isaac_ros_navigation_goal' build argument 'cmake_target_skip_unavailable' from command line to 'False'
[0.175s] Level 5:colcon.colcon_core.verb:set package 'isaac_ros_navigation_goal' build argument 'cmake_clean_cache' from command line to 'False'
[0.175s] Level 5:colcon.colcon_core.verb:set package 'isaac_ros_navigation_goal' build argument 'cmake_clean_first' from command line to 'False'
[0.175s] Level 5:colcon.colcon_core.verb:set package 'isaac_ros_navigation_goal' build argument 'cmake_force_configure' from command line to 'False'
[0.175s] Level 5:colcon.colcon_core.verb:set package 'isaac_ros_navigation_goal' build argument 'ament_cmake_args' from command line to 'None'
[0.175s] Level 5:colcon.colcon_core.verb:set package 'isaac_ros_navigation_goal' build argument 'catkin_cmake_args' from command line to 'None'
[0.175s] Level 5:colcon.colcon_core.verb:set package 'isaac_ros_navigation_goal' build argument 'catkin_skip_building_tests' from command line to 'False'
[0.175s] DEBUG:colcon.colcon_core.verb:Building package 'isaac_ros_navigation_goal' with the following arguments: {'ament_cmake_args': None, 'build_base': '/home/ciderlab-server3/workspace/2026_industry_cowork/IsaacSim-ros_workspaces/humble_ws/build/isaac_ros_navigation_goal', 'catkin_cmake_args': None, 'catkin_skip_building_tests': False, 'cmake_args': None, 'cmake_clean_cache': False, 'cmake_clean_first': False, 'cmake_force_configure': False, 'cmake_target': None, 'cmake_target_skip_unavailable': False, 'install_base': '/home/ciderlab-server3/workspace/2026_industry_cowork/IsaacSim-ros_workspaces/humble_ws/install/isaac_ros_navigation_goal', 'merge_install': False, 'path': '/home/ciderlab-server3/workspace/2026_industry_cowork/IsaacSim-ros_workspaces/humble_ws/src/navigation/isaac_ros_navigation_goal', 'symlink_install': False, 'test_result_base': None}
[0.175s] Level 5:colcon.colcon_core.verb:set package 'isaac_tutorials' build argument 'cmake_args' from command line to 'None'
[0.175s] Level 5:colcon.colcon_core.verb:set package 'isaac_tutorials' build argument 'cmake_target' from command line to 'None'
[0.175s] Level 5:colcon.colcon_core.verb:set package 'isaac_tutorials' build argument 'cmake_target_skip_unavailable' from command line to 'False'
[0.175s] Level 5:colcon.colcon_core.verb:set package 'isaac_tutorials' build argument 'cmake_clean_cache' from command line to 'False'
[0.175s] Level 5:colcon.colcon_core.verb:set package 'isaac_tutorials' build argument 'cmake_clean_first' from command line to 'False'
[0.175s] Level 5:colcon.colcon_core.verb:set package 'isaac_tutorials' build argument 'cmake_force_configure' from command line to 'False'
[0.175s] Level 5:colcon.colcon_core.verb:set package 'isaac_tutorials' build argument 'ament_cmake_args' from command line to 'None'
[0.175s] Level 5:colcon.colcon_core.verb:set package 'isaac_tutorials' build argument 'catkin_cmake_args' from command line to 'None'
[0.175s] Level 5:colcon.colcon_core.verb:set package 'isaac_tutorials' build argument 'catkin_skip_building_tests' from command line to 'False'
[0.175s] DEBUG:colcon.colcon_core.verb:Building package 'isaac_tutorials' with the following arguments: {'ament_cmake_args': None, 'build_base': '/home/ciderlab-server3/workspace/2026_industry_cowork/IsaacSim-ros_workspaces/humble_ws/build/isaac_tutorials', 'catkin_cmake_args': None, 'catkin_skip_building_tests': False, 'cmake_args': None, 'cmake_clean_cache': False, 'cmake_clean_first': False, 'cmake_force_configure': False, 'cmake_target': None, 'cmake_target_skip_unavailable': False, 'install_base': '/home/ciderlab-server3/workspace/2026_industry_cowork/IsaacSim-ros_workspaces/humble_ws/install/isaac_tutorials', 'merge_install': False, 'path': '/home/ciderlab-server3/workspace/2026_industry_cowork/IsaacSim-ros_workspaces/humble_ws/src/isaac_tutorials', 'symlink_install': False, 'test_result_base': None}
[0.175s] Level 5:colcon.colcon_core.verb:set package 'isaacsim_bringup' build argument 'cmake_args' from command line to 'None'
[0.175s] Level 5:colcon.colcon_core.verb:set package 'isaacsim_bringup' build argument 'cmake_target' from command line to 'None'
[0.175s] Level 5:colcon.colcon_core.verb:set package 'isaacsim_bringup' build argument 'cmake_target_skip_unavailable' from command line to 'False'
[0.175s] Level 5:colcon.colcon_core.verb:set package 'isaacsim_bringup' build argument 'cmake_clean_cache' from command line to 'False'
[0.175s] Level 5:colcon.colcon_core.verb:set package 'isaacsim_bringup' build argument 'cmake_clean_first' from command line to 'False'
[0.175s] Level 5:colcon.colcon_core.verb:set package 'isaacsim_bringup' build argument 'cmake_force_configure' from command line to 'False'
[0.175s] Level 5:colcon.colcon_core.verb:set package 'isaacsim_bringup' build argument 'ament_cmake_args' from command line to 'None'
[0.175s] Level 5:colcon.colcon_core.verb:set package 'isaacsim_bringup' build argument 'catkin_cmake_args' from command line to 'None'
[0.175s] Level 5:colcon.colcon_core.verb:set package 'isaacsim_bringup' build argument 'catkin_skip_building_tests' from command line to 'False'
[0.175s] DEBUG:colcon.colcon_core.verb:Building package 'isaacsim_bringup' with the following arguments: {'ament_cmake_args': None, 'build_base': '/home/ciderlab-server3/workspace/2026_industry_cowork/IsaacSim-ros_workspaces/humble_ws/build/isaacsim_bringup', 'catkin_cmake_args': None, 'catkin_skip_building_tests': False, 'cmake_args': None, 'cmake_clean_cache': False, 'cmake_clean_first': False, 'cmake_force_configure': False, 'cmake_target': None, 'cmake_target_skip_unavailable': False, 'install_base': '/home/ciderlab-server3/workspace/2026_industry_cowork/IsaacSim-ros_workspaces/humble_ws/install/isaacsim_bringup', 'merge_install': False, 'path': '/home/ciderlab-server3/workspace/2026_industry_cowork/IsaacSim-ros_workspaces/humble_ws/src/isaacsim_bringup', 'symlink_install': False, 'test_result_base': None}
[0.175s] Level 5:colcon.colcon_core.verb:set package 'isaacsim_clearpath_nav2' build argument 'cmake_args' from command line to 'None'
[0.175s] Level 5:colcon.colcon_core.verb:set package 'isaacsim_clearpath_nav2' build argument 'cmake_target' from command line to 'None'
[0.175s] Level 5:colcon.colcon_core.verb:set package 'isaacsim_clearpath_nav2' build argument 'cmake_target_skip_unavailable' from command line to 'False'
[0.175s] Level 5:colcon.colcon_core.verb:set package 'isaacsim_clearpath_nav2' build argument 'cmake_clean_cache' from command line to 'False'
[0.175s] Level 5:colcon.colcon_core.verb:set package 'isaacsim_clearpath_nav2' build argument 'cmake_clean_first' from command line to 'False'
[0.175s] Level 5:colcon.colcon_core.verb:set package 'isaacsim_clearpath_nav2' build argument 'cmake_force_configure' from command line to 'False'
[0.175s] Level 5:colcon.colcon_core.verb:set package 'isaacsim_clearpath_nav2' build argument 'ament_cmake_args' from command line to 'None'
[0.175s] Level 5:colcon.colcon_core.verb:set package 'isaacsim_clearpath_nav2' build argument 'catkin_cmake_args' from command line to 'None'
[0.175s] Level 5:colcon.colcon_core.verb:set package 'isaacsim_clearpath_nav2' build argument 'catkin_skip_building_tests' from command line to 'False'
[0.175s] DEBUG:colcon.colcon_core.verb:Building package 'isaacsim_clearpath_nav2' with the following arguments: {'ament_cmake_args': None, 'build_base': '/home/ciderlab-server3/workspace/2026_industry_cowork/IsaacSim-ros_workspaces/humble_ws/build/isaacsim_clearpath_nav2', 'catkin_cmake_args': None, 'catkin_skip_building_tests': False, 'cmake_args': None, 'cmake_clean_cache': False, 'cmake_clean_first': False, 'cmake_force_configure': False, 'cmake_target': None, 'cmake_target_skip_unavailable': False, 'install_base': '/home/ciderlab-server3/workspace/2026_industry_cowork/IsaacSim-ros_workspaces/humble_ws/install/isaacsim_clearpath_nav2', 'merge_install': False, 'path': '/home/ciderlab-server3/workspace/2026_industry_cowork/IsaacSim-ros_workspaces/humble_ws/src/navigation/isaacsim_clearpath_nav2', 'symlink_install': False, 'test_result_base': None}
[0.175s] Level 5:colcon.colcon_core.verb:set package 'iw_hub_navigation' build argument 'cmake_args' from command line to 'None'
[0.175s] Level 5:colcon.colcon_core.verb:set package 'iw_hub_navigation' build argument 'cmake_target' from command line to 'None'
[0.175s] Level 5:colcon.colcon_core.verb:set package 'iw_hub_navigation' build argument 'cmake_target_skip_unavailable' from command line to 'False'
[0.175s] Level 5:colcon.colcon_core.verb:set package 'iw_hub_navigation' build argument 'cmake_clean_cache' from command line to 'False'
[0.175s] Level 5:colcon.colcon_core.verb:set package 'iw_hub_navigation' build argument 'cmake_clean_first' from command line to 'False'
[0.175s] Level 5:colcon.colcon_core.verb:set package 'iw_hub_navigation' build argument 'cmake_force_configure' from command line to 'False'
[0.175s] Level 5:colcon.colcon_core.verb:set package 'iw_hub_navigation' build argument 'ament_cmake_args' from command line to 'None'
[0.175s] Level 5:colcon.colcon_core.verb:set package 'iw_hub_navigation' build argument 'catkin_cmake_args' from command line to 'None'
[0.175s] Level 5:colcon.colcon_core.verb:set package 'iw_hub_navigation' build argument 'catkin_skip_building_tests' from command line to 'False'
[0.175s] DEBUG:colcon.colcon_core.verb:Building package 'iw_hub_navigation' with the following arguments: {'ament_cmake_args': None, 'build_base': '/home/ciderlab-server3/workspace/2026_industry_cowork/IsaacSim-ros_workspaces/humble_ws/build/iw_hub_navigation', 'catkin_cmake_args': None, 'catkin_skip_building_tests': False, 'cmake_args': None, 'cmake_clean_cache': False, 'cmake_clean_first': False, 'cmake_force_configure': False, 'cmake_target': None, 'cmake_target_skip_unavailable': False, 'install_base': '/home/ciderlab-server3/workspace/2026_industry_cowork/IsaacSim-ros_workspaces/humble_ws/install/iw_hub_navigation', 'merge_install': False, 'path': '/home/ciderlab-server3/workspace/2026_industry_cowork/IsaacSim-ros_workspaces/humble_ws/src/navigation/iw_hub_navigation', 'symlink_install': False, 'test_result_base': None}
[0.175s] Level 5:colcon.colcon_core.verb:set package 'turtlebot3_manipulation_cartographer' build argument 'cmake_args' from command line to 'None'
[0.175s] Level 5:colcon.colcon_core.verb:set package 'turtlebot3_manipulation_cartographer' build argument 'cmake_target' from command line to 'None'
[0.175s] Level 5:colcon.colcon_core.verb:set package 'turtlebot3_manipulation_cartographer' build argument 'cmake_target_skip_unavailable' from command line to 'False'
[0.175s] Level 5:colcon.colcon_core.verb:set package 'turtlebot3_manipulation_cartographer' build argument 'cmake_clean_cache' from command line to 'False'
[0.175s] Level 5:colcon.colcon_core.verb:set package 'turtlebot3_manipulation_cartographer' build argument 'cmake_clean_first' from command line to 'False'
[0.176s] Level 5:colcon.colcon_core.verb:set package 'turtlebot3_manipulation_cartographer' build argument 'cmake_force_configure' from command line to 'False'
[0.176s] Level 5:colcon.colcon_core.verb:set package 'turtlebot3_manipulation_cartographer' build argument 'ament_cmake_args' from command line to 'None'
[0.176s] Level 5:colcon.colcon_core.verb:set package 'turtlebot3_manipulation_cartographer' build argument 'catkin_cmake_args' from command line to 'None'
[0.176s] Level 5:colcon.colcon_core.verb:set package 'turtlebot3_manipulation_cartographer' build argument 'catkin_skip_building_tests' from command line to 'False'
[0.176s] DEBUG:colcon.colcon_core.verb:Building package 'turtlebot3_manipulation_cartographer' with the following arguments: {'ament_cmake_args': None, 'build_base': '/home/ciderlab-server3/workspace/2026_industry_cowork/IsaacSim-ros_workspaces/humble_ws/build/turtlebot3_manipulation_cartographer', 'catkin_cmake_args': None, 'catkin_skip_building_tests': False, 'cmake_args': None, 'cmake_clean_cache': False, 'cmake_clean_first': False, 'cmake_force_configure': False, 'cmake_target': None, 'cmake_target_skip_unavailable': False, 'install_base': '/home/ciderlab-server3/workspace/2026_industry_cowork/IsaacSim-ros_workspaces/humble_ws/install/turtlebot3_manipulation_cartographer', 'merge_install': False, 'path': '/home/ciderlab-server3/workspace/2026_industry_cowork/IsaacSim-ros_workspaces/humble_ws/src/turtlebot3_manipulation/turtlebot3_manipulation_cartographer', 'symlink_install': False, 'test_result_base': None}
[0.176s] Level 5:colcon.colcon_core.verb:set package 'turtlebot3_manipulation_description' build argument 'cmake_args' from command line to 'None'
[0.176s] Level 5:colcon.colcon_core.verb:set package 'turtlebot3_manipulation_description' build argument 'cmake_target' from command line to 'None'
[0.176s] Level 5:colcon.colcon_core.verb:set package 'turtlebot3_manipulation_description' build argument 'cmake_target_skip_unavailable' from command line to 'False'
[0.176s] Level 5:colcon.colcon_core.verb:set package 'turtlebot3_manipulation_description' build argument 'cmake_clean_cache' from command line to 'False'
[0.176s] Level 5:colcon.colcon_core.verb:set package 'turtlebot3_manipulation_description' build argument 'cmake_clean_first' from command line to 'False'
[0.176s] Level 5:colcon.colcon_core.verb:set package 'turtlebot3_manipulation_description' build argument 'cmake_force_configure' from command line to 'False'
[0.176s] Level 5:colcon.colcon_core.verb:set package 'turtlebot3_manipulation_description' build argument 'ament_cmake_args' from command line to 'None'
[0.176s] Level 5:colcon.colcon_core.verb:set package 'turtlebot3_manipulation_description' build argument 'catkin_cmake_args' from command line to 'None'
[0.176s] Level 5:colcon.colcon_core.verb:set package 'turtlebot3_manipulation_description' build argument 'catkin_skip_building_tests' from command line to 'False'
[0.176s] DEBUG:colcon.colcon_core.verb:Building package 'turtlebot3_manipulation_description' with the following arguments: {'ament_cmake_args': None, 'build_base': '/home/ciderlab-server3/workspace/2026_industry_cowork/IsaacSim-ros_workspaces/humble_ws/build/turtlebot3_manipulation_description', 'catkin_cmake_args': None, 'catkin_skip_building_tests': False, 'cmake_args': None, 'cmake_clean_cache': False, 'cmake_clean_first': False, 'cmake_force_configure': False, 'cmake_target': None, 'cmake_target_skip_unavailable': False, 'install_base': '/home/ciderlab-server3/workspace/2026_industry_cowork/IsaacSim-ros_workspaces/humble_ws/install/turtlebot3_manipulation_description', 'merge_install': False, 'path': '/home/ciderlab-server3/workspace/2026_industry_cowork/IsaacSim-ros_workspaces/humble_ws/src/turtlebot3_manipulation/turtlebot3_manipulation_description', 'symlink_install': False, 'test_result_base': None}
[0.176s] Level 5:colcon.colcon_core.verb:set package 'turtlebot3_manipulation_hardware' build argument 'cmake_args' from command line to 'None'
[0.176s] Level 5:colcon.colcon_core.verb:set package 'turtlebot3_manipulation_hardware' build argument 'cmake_target' from command line to 'None'
[0.176s] Level 5:colcon.colcon_core.verb:set package 'turtlebot3_manipulation_hardware' build argument 'cmake_target_skip_unavailable' from command line to 'False'
[0.176s] Level 5:colcon.colcon_core.verb:set package 'turtlebot3_manipulation_hardware' build argument 'cmake_clean_cache' from command line to 'False'
[0.176s] Level 5:colcon.colcon_core.verb:set package 'turtlebot3_manipulation_hardware' build argument 'cmake_clean_first' from command line to 'False'
[0.176s] Level 5:colcon.colcon_core.verb:set package 'turtlebot3_manipulation_hardware' build argument 'cmake_force_configure' from command line to 'False'
[0.176s] Level 5:colcon.colcon_core.verb:set package 'turtlebot3_manipulation_hardware' build argument 'ament_cmake_args' from command line to 'None'
[0.176s] Level 5:colcon.colcon_core.verb:set package 'turtlebot3_manipulation_hardware' build argument 'catkin_cmake_args' from command line to 'None'
[0.176s] Level 5:colcon.colcon_core.verb:set package 'turtlebot3_manipulation_hardware' build argument 'catkin_skip_building_tests' from command line to 'False'
[0.176s] DEBUG:colcon.colcon_core.verb:Building package 'turtlebot3_manipulation_hardware' with the following arguments: {'ament_cmake_args': None, 'build_base': '/home/ciderlab-server3/workspace/2026_industry_cowork/IsaacSim-ros_workspaces/humble_ws/build/turtlebot3_manipulation_hardware', 'catkin_cmake_args': None, 'catkin_skip_building_tests': False, 'cmake_args': None, 'cmake_clean_cache': False, 'cmake_clean_first': False, 'cmake_force_configure': False, 'cmake_target': None, 'cmake_target_skip_unavailable': False, 'install_base': '/home/ciderlab-server3/workspace/2026_industry_cowork/IsaacSim-ros_workspaces/humble_ws/install/turtlebot3_manipulation_hardware', 'merge_install': False, 'path': '/home/ciderlab-server3/workspace/2026_industry_cowork/IsaacSim-ros_workspaces/humble_ws/src/turtlebot3_manipulation/turtlebot3_manipulation_hardware', 'symlink_install': False, 'test_result_base': None}
[0.176s] Level 5:colcon.colcon_core.verb:set package 'turtlebot3_manipulation_navigation2' build argument 'cmake_args' from command line to 'None'
[0.176s] Level 5:colcon.colcon_core.verb:set package 'turtlebot3_manipulation_navigation2' build argument 'cmake_target' from command line to 'None'
[0.176s] Level 5:colcon.colcon_core.verb:set package 'turtlebot3_manipulation_navigation2' build argument 'cmake_target_skip_unavailable' from command line to 'False'
[0.176s] Level 5:colcon.colcon_core.verb:set package 'turtlebot3_manipulation_navigation2' build argument 'cmake_clean_cache' from command line to 'False'
[0.176s] Level 5:colcon.colcon_core.verb:set package 'turtlebot3_manipulation_navigation2' build argument 'cmake_clean_first' from command line to 'False'
[0.176s] Level 5:colcon.colcon_core.verb:set package 'turtlebot3_manipulation_navigation2' build argument 'cmake_force_configure' from command line to 'False'
[0.176s] Level 5:colcon.colcon_core.verb:set package 'turtlebot3_manipulation_navigation2' build argument 'ament_cmake_args' from command line to 'None'
[0.176s] Level 5:colcon.colcon_core.verb:set package 'turtlebot3_manipulation_navigation2' build argument 'catkin_cmake_args' from command line to 'None'
[0.176s] Level 5:colcon.colcon_core.verb:set package 'turtlebot3_manipulation_navigation2' build argument 'catkin_skip_building_tests' from command line to 'False'
[0.176s] DEBUG:colcon.colcon_core.verb:Building package 'turtlebot3_manipulation_navigation2' with the following arguments: {'ament_cmake_args': None, 'build_base': '/home/ciderlab-server3/workspace/2026_industry_cowork/IsaacSim-ros_workspaces/humble_ws/build/turtlebot3_manipulation_navigation2', 'catkin_cmake_args': None, 'catkin_skip_building_tests': False, 'cmake_args': None, 'cmake_clean_cache': False, 'cmake_clean_first': False, 'cmake_force_configure': False, 'cmake_target': None, 'cmake_target_skip_unavailable': False, 'install_base': '/home/ciderlab-server3/workspace/2026_industry_cowork/IsaacSim-ros_workspaces/humble_ws/install/turtlebot3_manipulation_navigation2', 'merge_install': False, 'path': '/home/ciderlab-server3/workspace/2026_industry_cowork/IsaacSim-ros_workspaces/humble_ws/src/turtlebot3_manipulation/turtlebot3_manipulation_navigation2', 'symlink_install': False, 'test_result_base': None}
[0.176s] Level 5:colcon.colcon_core.verb:set package 'turtlebot3_manipulation_bringup' build argument 'cmake_args' from command line to 'None'
[0.176s] Level 5:colcon.colcon_core.verb:set package 'turtlebot3_manipulation_bringup' build argument 'cmake_target' from command line to 'None'
[0.176s] Level 5:colcon.colcon_core.verb:set package 'turtlebot3_manipulation_bringup' build argument 'cmake_target_skip_unavailable' from command line to 'False'
[0.176s] Level 5:colcon.colcon_core.verb:set package 'turtlebot3_manipulation_bringup' build argument 'cmake_clean_cache' from command line to 'False'
[0.176s] Level 5:colcon.colcon_core.verb:set package 'turtlebot3_manipulation_bringup' build argument 'cmake_clean_first' from command line to 'False'
[0.176s] Level 5:colcon.colcon_core.verb:set package 'turtlebot3_manipulation_bringup' build argument 'cmake_force_configure' from command line to 'False'
[0.176s] Level 5:colcon.colcon_core.verb:set package 'turtlebot3_manipulation_bringup' build argument 'ament_cmake_args' from command line to 'None'
[0.176s] Level 5:colcon.colcon_core.verb:set package 'turtlebot3_manipulation_bringup' build argument 'catkin_cmake_args' from command line to 'None'
[0.176s] Level 5:colcon.colcon_core.verb:set package 'turtlebot3_manipulation_bringup' build argument 'catkin_skip_building_tests' from command line to 'False'
[0.176s] DEBUG:colcon.colcon_core.verb:Building package 'turtlebot3_manipulation_bringup' with the following arguments: {'ament_cmake_args': None, 'build_base': '/home/ciderlab-server3/workspace/2026_industry_cowork/IsaacSim-ros_workspaces/humble_ws/build/turtlebot3_manipulation_bringup', 'catkin_cmake_args': None, 'catkin_skip_building_tests': False, 'cmake_args': None, 'cmake_clean_cache': False, 'cmake_clean_first': False, 'cmake_force_configure': False, 'cmake_target': None, 'cmake_target_skip_unavailable': False, 'install_base': '/home/ciderlab-server3/workspace/2026_industry_cowork/IsaacSim-ros_workspaces/humble_ws/install/turtlebot3_manipulation_bringup', 'merge_install': False, 'path': '/home/ciderlab-server3/workspace/2026_industry_cowork/IsaacSim-ros_workspaces/humble_ws/src/turtlebot3_manipulation/turtlebot3_manipulation_bringup', 'symlink_install': False, 'test_result_base': None}
[0.176s] Level 5:colcon.colcon_core.verb:set package 'turtlebot3_manipulation_moveit_config' build argument 'cmake_args' from command line to 'None'
[0.176s] Level 5:colcon.colcon_core.verb:set package 'turtlebot3_manipulation_moveit_config' build argument 'cmake_target' from command line to 'None'
[0.176s] Level 5:colcon.colcon_core.verb:set package 'turtlebot3_manipulation_moveit_config' build argument 'cmake_target_skip_unavailable' from command line to 'False'
[0.176s] Level 5:colcon.colcon_core.verb:set package 'turtlebot3_manipulation_moveit_config' build argument 'cmake_clean_cache' from command line to 'False'
[0.176s] Level 5:colcon.colcon_core.verb:set package 'turtlebot3_manipulation_moveit_config' build argument 'cmake_clean_first' from command line to 'False'
[0.176s] Level 5:colcon.colcon_core.verb:set package 'turtlebot3_manipulation_moveit_config' build argument 'cmake_force_configure' from command line to 'False'
[0.176s] Level 5:colcon.colcon_core.verb:set package 'turtlebot3_manipulation_moveit_config' build argument 'ament_cmake_args' from command line to 'None'
[0.176s] Level 5:colcon.colcon_core.verb:set package 'turtlebot3_manipulation_moveit_config' build argument 'catkin_cmake_args' from command line to 'None'
[0.176s] Level 5:colcon.colcon_core.verb:set package 'turtlebot3_manipulation_moveit_config' build argument 'catkin_skip_building_tests' from command line to 'False'
[0.176s] DEBUG:colcon.colcon_core.verb:Building package 'turtlebot3_manipulation_moveit_config' with the following arguments: {'ament_cmake_args': None, 'build_base': '/home/ciderlab-server3/workspace/2026_industry_cowork/IsaacSim-ros_workspaces/humble_ws/build/turtlebot3_manipulation_moveit_config', 'catkin_cmake_args': None, 'catkin_skip_building_tests': False, 'cmake_args': None, 'cmake_clean_cache': False, 'cmake_clean_first': False, 'cmake_force_configure': False, 'cmake_target': None, 'cmake_target_skip_unavailable': False, 'install_base': '/home/ciderlab-server3/workspace/2026_industry_cowork/IsaacSim-ros_workspaces/humble_ws/install/turtlebot3_manipulation_moveit_config', 'merge_install': False, 'path': '/home/ciderlab-server3/workspace/2026_industry_cowork/IsaacSim-ros_workspaces/humble_ws/src/turtlebot3_manipulation/turtlebot3_manipulation_moveit_config', 'symlink_install': False, 'test_result_base': None}
[0.177s] Level 5:colcon.colcon_core.verb:set package 'turtlebot3_manipulation_teleop' build argument 'cmake_args' from command line to 'None'
[0.177s] Level 5:colcon.colcon_core.verb:set package 'turtlebot3_manipulation_teleop' build argument 'cmake_target' from command line to 'None'
[0.177s] Level 5:colcon.colcon_core.verb:set package 'turtlebot3_manipulation_teleop' build argument 'cmake_target_skip_unavailable' from command line to 'False'
[0.177s] Level 5:colcon.colcon_core.verb:set package 'turtlebot3_manipulation_teleop' build argument 'cmake_clean_cache' from command line to 'False'
[0.177s] Level 5:colcon.colcon_core.verb:set package 'turtlebot3_manipulation_teleop' build argument 'cmake_clean_first' from command line to 'False'
[0.177s] Level 5:colcon.colcon_core.verb:set package 'turtlebot3_manipulation_teleop' build argument 'cmake_force_configure' from command line to 'False'
[0.177s] Level 5:colcon.colcon_core.verb:set package 'turtlebot3_manipulation_teleop' build argument 'ament_cmake_args' from command line to 'None'
[0.177s] Level 5:colcon.colcon_core.verb:set package 'turtlebot3_manipulation_teleop' build argument 'catkin_cmake_args' from command line to 'None'
[0.177s] Level 5:colcon.colcon_core.verb:set package 'turtlebot3_manipulation_teleop' build argument 'catkin_skip_building_tests' from command line to 'False'
[0.177s] DEBUG:colcon.colcon_core.verb:Building package 'turtlebot3_manipulation_teleop' with the following arguments: {'ament_cmake_args': None, 'build_base': '/home/ciderlab-server3/workspace/2026_industry_cowork/IsaacSim-ros_workspaces/humble_ws/build/turtlebot3_manipulation_teleop', 'catkin_cmake_args': None, 'catkin_skip_building_tests': False, 'cmake_args': None, 'cmake_clean_cache': False, 'cmake_clean_first': False, 'cmake_force_configure': False, 'cmake_target': None, 'cmake_target_skip_unavailable': False, 'install_base': '/home/ciderlab-server3/workspace/2026_industry_cowork/IsaacSim-ros_workspaces/humble_ws/install/turtlebot3_manipulation_teleop', 'merge_install': False, 'path': '/home/ciderlab-server3/workspace/2026_industry_cowork/IsaacSim-ros_workspaces/humble_ws/src/turtlebot3_manipulation/turtlebot3_manipulation_teleop', 'symlink_install': False, 'test_result_base': None}
[0.177s] Level 5:colcon.colcon_core.verb:set package 'turtlebot3_manipulation' build argument 'cmake_args' from command line to 'None'
[0.177s] Level 5:colcon.colcon_core.verb:set package 'turtlebot3_manipulation' build argument 'cmake_target' from command line to 'None'
[0.177s] Level 5:colcon.colcon_core.verb:set package 'turtlebot3_manipulation' build argument 'cmake_target_skip_unavailable' from command line to 'False'
[0.177s] Level 5:colcon.colcon_core.verb:set package 'turtlebot3_manipulation' build argument 'cmake_clean_cache' from command line to 'False'
[0.177s] Level 5:colcon.colcon_core.verb:set package 'turtlebot3_manipulation' build argument 'cmake_clean_first' from command line to 'False'
[0.177s] Level 5:colcon.colcon_core.verb:set package 'turtlebot3_manipulation' build argument 'cmake_force_configure' from command line to 'False'
[0.177s] Level 5:colcon.colcon_core.verb:set package 'turtlebot3_manipulation' build argument 'ament_cmake_args' from command line to 'None'
[0.177s] Level 5:colcon.colcon_core.verb:set package 'turtlebot3_manipulation' build argument 'catkin_cmake_args' from command line to 'None'
[0.177s] Level 5:colcon.colcon_core.verb:set package 'turtlebot3_manipulation' build argument 'catkin_skip_building_tests' from command line to 'False'
[0.177s] DEBUG:colcon.colcon_core.verb:Building package 'turtlebot3_manipulation' with the following arguments: {'ament_cmake_args': None, 'build_base': '/home/ciderlab-server3/workspace/2026_industry_cowork/IsaacSim-ros_workspaces/humble_ws/build/turtlebot3_manipulation', 'catkin_cmake_args': None, 'catkin_skip_building_tests': False, 'cmake_args': None, 'cmake_clean_cache': False, 'cmake_clean_first': False, 'cmake_force_configure': False, 'cmake_target': None, 'cmake_target_skip_unavailable': False, 'install_base': '/home/ciderlab-server3/workspace/2026_industry_cowork/IsaacSim-ros_workspaces/humble_ws/install/turtlebot3_manipulation', 'merge_install': False, 'path': '/home/ciderlab-server3/workspace/2026_industry_cowork/IsaacSim-ros_workspaces/humble_ws/src/turtlebot3_manipulation/turtlebot3_manipulation', 'symlink_install': False, 'test_result_base': None}
[0.177s] INFO:colcon.colcon_core.executor:Executing jobs using 'parallel' executor
[0.177s] DEBUG:colcon.colcon_parallel_executor.executor.parallel:run_until_complete
[0.178s] INFO:colcon.colcon_ros.task.ament_cmake.build:Building ROS package in '/home/ciderlab-server3/workspace/2026_industry_cowork/IsaacSim-ros_workspaces/humble_ws/src/turtlebot3_manipulation/turtlebot3_manipulation_description' with build type 'ament_cmake'
[0.178s] INFO:colcon.colcon_cmake.task.cmake.build:Building CMake package in '/home/ciderlab-server3/workspace/2026_industry_cowork/IsaacSim-ros_workspaces/humble_ws/src/turtlebot3_manipulation/turtlebot3_manipulation_description'
[0.179s] INFO:colcon.colcon_core.plugin_system:Skipping extension 'colcon_core.shell.bat': Not used on non-Windows systems
[0.179s] INFO:colcon.colcon_core.shell:Skip shell extension 'powershell' for command environment: Not usable outside of PowerShell
[0.179s] DEBUG:colcon.colcon_core.shell:Skip shell extension 'dsv' for command environment
[0.182s] INFO:colcon.colcon_ros.task.ament_cmake.build:Building ROS package in '/home/ciderlab-server3/workspace/2026_industry_cowork/IsaacSim-ros_workspaces/humble_ws/src/turtlebot3_manipulation/turtlebot3_manipulation_cartographer' with build type 'ament_cmake'
[0.182s] INFO:colcon.colcon_cmake.task.cmake.build:Building CMake package in '/home/ciderlab-server3/workspace/2026_industry_cowork/IsaacSim-ros_workspaces/humble_ws/src/turtlebot3_manipulation/turtlebot3_manipulation_cartographer'
[0.182s] INFO:colcon.colcon_core.shell:Skip shell extension 'powershell' for command environment: Not usable outside of PowerShell
[0.182s] DEBUG:colcon.colcon_core.shell:Skip shell extension 'dsv' for command environment
[0.184s] INFO:colcon.colcon_ros.task.ament_cmake.build:Building ROS package in '/home/ciderlab-server3/workspace/2026_industry_cowork/IsaacSim-ros_workspaces/humble_ws/src/turtlebot3_manipulation/turtlebot3_manipulation_hardware' with build type 'ament_cmake'
[0.184s] INFO:colcon.colcon_cmake.task.cmake.build:Building CMake package in '/home/ciderlab-server3/workspace/2026_industry_cowork/IsaacSim-ros_workspaces/humble_ws/src/turtlebot3_manipulation/turtlebot3_manipulation_hardware'
[0.185s] INFO:colcon.colcon_core.shell:Skip shell extension 'powershell' for command environment: Not usable outside of PowerShell
[0.185s] DEBUG:colcon.colcon_core.shell:Skip shell extension 'dsv' for command environment
[0.187s] INFO:colcon.colcon_ros.task.ament_cmake.build:Building ROS package in '/home/ciderlab-server3/workspace/2026_industry_cowork/IsaacSim-ros_workspaces/humble_ws/src/turtlebot3_manipulation/turtlebot3_manipulation_navigation2' with build type 'ament_cmake'
[0.187s] INFO:colcon.colcon_cmake.task.cmake.build:Building CMake package in '/home/ciderlab-server3/workspace/2026_industry_cowork/IsaacSim-ros_workspaces/humble_ws/src/turtlebot3_manipulation/turtlebot3_manipulation_navigation2'
[0.187s] INFO:colcon.colcon_core.shell:Skip shell extension 'powershell' for command environment: Not usable outside of PowerShell
[0.187s] DEBUG:colcon.colcon_core.shell:Skip shell extension 'dsv' for command environment
[0.189s] INFO:colcon.colcon_ros.task.ament_cmake.build:Building ROS package in '/home/ciderlab-server3/workspace/2026_industry_cowork/IsaacSim-ros_workspaces/humble_ws/src/navigation/carter_navigation' with build type 'ament_cmake'
[0.190s] INFO:colcon.colcon_cmake.task.cmake.build:Building CMake package in '/home/ciderlab-server3/workspace/2026_industry_cowork/IsaacSim-ros_workspaces/humble_ws/src/navigation/carter_navigation'
[0.190s] INFO:colcon.colcon_core.shell:Skip shell extension 'powershell' for command environment: Not usable outside of PowerShell
[0.190s] DEBUG:colcon.colcon_core.shell:Skip shell extension 'dsv' for command environment
[0.192s] INFO:colcon.colcon_ros.task.ament_python.build:Building ROS package in '/home/ciderlab-server3/workspace/2026_industry_cowork/IsaacSim-ros_workspaces/humble_ws/src/ackermann_control/cmdvel_to_ackermann' with build type 'ament_python'
[0.192s] Level 1:colcon.colcon_core.shell:create_environment_hook('cmdvel_to_ackermann', 'ament_prefix_path')
[0.192s] INFO:colcon.colcon_core.shell:Creating environment hook '/home/ciderlab-server3/workspace/2026_industry_cowork/IsaacSim-ros_workspaces/humble_ws/install/cmdvel_to_ackermann/share/cmdvel_to_ackermann/hook/ament_prefix_path.ps1'
[0.192s] INFO:colcon.colcon_core.shell:Creating environment descriptor '/home/ciderlab-server3/workspace/2026_industry_cowork/IsaacSim-ros_workspaces/humble_ws/install/cmdvel_to_ackermann/share/cmdvel_to_ackermann/hook/ament_prefix_path.dsv'
[0.193s] INFO:colcon.colcon_core.shell:Creating environment hook '/home/ciderlab-server3/workspace/2026_industry_cowork/IsaacSim-ros_workspaces/humble_ws/install/cmdvel_to_ackermann/share/cmdvel_to_ackermann/hook/ament_prefix_path.sh'
[0.193s] INFO:colcon.colcon_core.shell:Skip shell extension 'powershell' for command environment: Not usable outside of PowerShell
[0.193s] DEBUG:colcon.colcon_core.shell:Skip shell extension 'dsv' for command environment
[0.195s] INFO:colcon.colcon_ros.task.ament_cmake.build:Building ROS package in '/home/ciderlab-server3/workspace/2026_industry_cowork/IsaacSim-ros_workspaces/humble_ws/src/custom_message' with build type 'ament_cmake'
[0.195s] INFO:colcon.colcon_cmake.task.cmake.build:Building CMake package in '/home/ciderlab-server3/workspace/2026_industry_cowork/IsaacSim-ros_workspaces/humble_ws/src/custom_message'
[0.195s] INFO:colcon.colcon_core.shell:Skip shell extension 'powershell' for command environment: Not usable outside of PowerShell
[0.195s] DEBUG:colcon.colcon_core.shell:Skip shell extension 'dsv' for command environment
[0.198s] INFO:colcon.colcon_ros.task.ament_cmake.build:Building ROS package in '/home/ciderlab-server3/workspace/2026_industry_cowork/IsaacSim-ros_workspaces/humble_ws/src/custom_nav2_bt_plugins' with build type 'ament_cmake'
[0.198s] INFO:colcon.colcon_cmake.task.cmake.build:Building CMake package in '/home/ciderlab-server3/workspace/2026_industry_cowork/IsaacSim-ros_workspaces/humble_ws/src/custom_nav2_bt_plugins'
[0.198s] INFO:colcon.colcon_core.shell:Skip shell extension 'powershell' for command environment: Not usable outside of PowerShell
[0.198s] DEBUG:colcon.colcon_core.shell:Skip shell extension 'dsv' for command environment
[0.200s] INFO:colcon.colcon_ros.task.ament_python.build:Building ROS package in '/home/ciderlab-server3/workspace/2026_industry_cowork/IsaacSim-ros_workspaces/humble_ws/src/humanoid_locomotion_policy_example/h1_fullbody_controller' with build type 'ament_python'
[0.200s] Level 1:colcon.colcon_core.shell:create_environment_hook('h1_fullbody_controller', 'ament_prefix_path')
[0.200s] INFO:colcon.colcon_core.shell:Creating environment hook '/home/ciderlab-server3/workspace/2026_industry_cowork/IsaacSim-ros_workspaces/humble_ws/install/h1_fullbody_controller/share/h1_fullbody_controller/hook/ament_prefix_path.ps1'
[0.200s] INFO:colcon.colcon_core.shell:Creating environment descriptor '/home/ciderlab-server3/workspace/2026_industry_cowork/IsaacSim-ros_workspaces/humble_ws/install/h1_fullbody_controller/share/h1_fullbody_controller/hook/ament_prefix_path.dsv'
[0.201s] INFO:colcon.colcon_core.shell:Creating environment hook '/home/ciderlab-server3/workspace/2026_industry_cowork/IsaacSim-ros_workspaces/humble_ws/install/h1_fullbody_controller/share/h1_fullbody_controller/hook/ament_prefix_path.sh'
[0.201s] INFO:colcon.colcon_core.shell:Skip shell extension 'powershell' for command environment: Not usable outside of PowerShell
[0.201s] DEBUG:colcon.colcon_core.shell:Skip shell extension 'dsv' for command environment
[0.203s] INFO:colcon.colcon_ros.task.ament_python.build:Building ROS package in '/home/ciderlab-server3/workspace/2026_industry_cowork/IsaacSim-ros_workspaces/humble_ws/src/isaac_compressed_image_decoder' with build type 'ament_python'
[0.203s] Level 1:colcon.colcon_core.shell:create_environment_hook('isaac_compressed_image_decoder', 'ament_prefix_path')
[0.203s] INFO:colcon.colcon_core.shell:Creating environment hook '/home/ciderlab-server3/workspace/2026_industry_cowork/IsaacSim-ros_workspaces/humble_ws/install/isaac_compressed_image_decoder/share/isaac_compressed_image_decoder/hook/ament_prefix_path.ps1'
[0.203s] INFO:colcon.colcon_core.shell:Creating environment descriptor '/home/ciderlab-server3/workspace/2026_industry_cowork/IsaacSim-ros_workspaces/humble_ws/install/isaac_compressed_image_decoder/share/isaac_compressed_image_decoder/hook/ament_prefix_path.dsv'
[0.204s] INFO:colcon.colcon_core.shell:Creating environment hook '/home/ciderlab-server3/workspace/2026_industry_cowork/IsaacSim-ros_workspaces/humble_ws/install/isaac_compressed_image_decoder/share/isaac_compressed_image_decoder/hook/ament_prefix_path.sh'
[0.204s] INFO:colcon.colcon_core.shell:Skip shell extension 'powershell' for command environment: Not usable outside of PowerShell
[0.204s] DEBUG:colcon.colcon_core.shell:Skip shell extension 'dsv' for command environment
[0.206s] INFO:colcon.colcon_ros.task.ament_python.build:Building ROS package in '/home/ciderlab-server3/workspace/2026_industry_cowork/IsaacSim-ros_workspaces/humble_ws/src/moveit/isaac_moveit' with build type 'ament_python'
[0.206s] Level 1:colcon.colcon_core.shell:create_environment_hook('isaac_moveit', 'ament_prefix_path')
[0.206s] INFO:colcon.colcon_core.shell:Creating environment hook '/home/ciderlab-server3/workspace/2026_industry_cowork/IsaacSim-ros_workspaces/humble_ws/install/isaac_moveit/share/isaac_moveit/hook/ament_prefix_path.ps1'
[0.206s] INFO:colcon.colcon_core.shell:Creating environment descriptor '/home/ciderlab-server3/workspace/2026_industry_cowork/IsaacSim-ros_workspaces/humble_ws/install/isaac_moveit/share/isaac_moveit/hook/ament_prefix_path.dsv'
[0.207s] INFO:colcon.colcon_core.shell:Creating environment hook '/home/ciderlab-server3/workspace/2026_industry_cowork/IsaacSim-ros_workspaces/humble_ws/install/isaac_moveit/share/isaac_moveit/hook/ament_prefix_path.sh'
[0.207s] INFO:colcon.colcon_core.shell:Skip shell extension 'powershell' for command environment: Not usable outside of PowerShell
[0.207s] DEBUG:colcon.colcon_core.shell:Skip shell extension 'dsv' for command environment
[0.209s] INFO:colcon.colcon_ros.task.ament_cmake.build:Building ROS package in '/home/ciderlab-server3/workspace/2026_industry_cowork/IsaacSim-ros_workspaces/humble_ws/src/isaac_ros2_messages' with build type 'ament_cmake'
[0.209s] INFO:colcon.colcon_cmake.task.cmake.build:Building CMake package in '/home/ciderlab-server3/workspace/2026_industry_cowork/IsaacSim-ros_workspaces/humble_ws/src/isaac_ros2_messages'
[0.209s] INFO:colcon.colcon_core.shell:Skip shell extension 'powershell' for command environment: Not usable outside of PowerShell
[0.209s] DEBUG:colcon.colcon_core.shell:Skip shell extension 'dsv' for command environment
[0.212s] INFO:colcon.colcon_ros.task.ament_python.build:Building ROS package in '/home/ciderlab-server3/workspace/2026_industry_cowork/IsaacSim-ros_workspaces/humble_ws/src/navigation/isaac_ros_navigation_goal' with build type 'ament_python'
[0.212s] Level 1:colcon.colcon_core.shell:create_environment_hook('isaac_ros_navigation_goal', 'ament_prefix_path')
[0.212s] INFO:colcon.colcon_core.shell:Creating environment hook '/home/ciderlab-server3/workspace/2026_industry_cowork/IsaacSim-ros_workspaces/humble_ws/install/isaac_ros_navigation_goal/share/isaac_ros_navigation_goal/hook/ament_prefix_path.ps1'
[0.212s] INFO:colcon.colcon_core.shell:Creating environment descriptor '/home/ciderlab-server3/workspace/2026_industry_cowork/IsaacSim-ros_workspaces/humble_ws/install/isaac_ros_navigation_goal/share/isaac_ros_navigation_goal/hook/ament_prefix_path.dsv'
[0.212s] INFO:colcon.colcon_core.shell:Creating environment hook '/home/ciderlab-server3/workspace/2026_industry_cowork/IsaacSim-ros_workspaces/humble_ws/install/isaac_ros_navigation_goal/share/isaac_ros_navigation_goal/hook/ament_prefix_path.sh'
[0.213s] INFO:colcon.colcon_core.shell:Skip shell extension 'powershell' for command environment: Not usable outside of PowerShell
[0.213s] DEBUG:colcon.colcon_core.shell:Skip shell extension 'dsv' for command environment
[0.215s] INFO:colcon.colcon_ros.task.ament_cmake.build:Building ROS package in '/home/ciderlab-server3/workspace/2026_industry_cowork/IsaacSim-ros_workspaces/humble_ws/src/isaac_tutorials' with build type 'ament_cmake'
[0.215s] INFO:colcon.colcon_cmake.task.cmake.build:Building CMake package in '/home/ciderlab-server3/workspace/2026_industry_cowork/IsaacSim-ros_workspaces/humble_ws/src/isaac_tutorials'
[0.215s] INFO:colcon.colcon_core.shell:Skip shell extension 'powershell' for command environment: Not usable outside of PowerShell
[0.215s] DEBUG:colcon.colcon_core.shell:Skip shell extension 'dsv' for command environment
[0.217s] INFO:colcon.colcon_ros.task.ament_python.build:Building ROS package in '/home/ciderlab-server3/workspace/2026_industry_cowork/IsaacSim-ros_workspaces/humble_ws/src/isaacsim_bringup' with build type 'ament_python'
[0.217s] Level 1:colcon.colcon_core.shell:create_environment_hook('isaacsim_bringup', 'ament_prefix_path')
[0.217s] INFO:colcon.colcon_core.shell:Creating environment hook '/home/ciderlab-server3/workspace/2026_industry_cowork/IsaacSim-ros_workspaces/humble_ws/install/isaacsim_bringup/share/isaacsim_bringup/hook/ament_prefix_path.ps1'
[0.218s] INFO:colcon.colcon_core.shell:Creating environment descriptor '/home/ciderlab-server3/workspace/2026_industry_cowork/IsaacSim-ros_workspaces/humble_ws/install/isaacsim_bringup/share/isaacsim_bringup/hook/ament_prefix_path.dsv'
[0.218s] INFO:colcon.colcon_core.shell:Creating environment hook '/home/ciderlab-server3/workspace/2026_industry_cowork/IsaacSim-ros_workspaces/humble_ws/install/isaacsim_bringup/share/isaacsim_bringup/hook/ament_prefix_path.sh'
[0.218s] INFO:colcon.colcon_core.shell:Skip shell extension 'powershell' for command environment: Not usable outside of PowerShell
[0.218s] DEBUG:colcon.colcon_core.shell:Skip shell extension 'dsv' for command environment
[0.221s] INFO:colcon.colcon_ros.task.ament_cmake.build:Building ROS package in '/home/ciderlab-server3/workspace/2026_industry_cowork/IsaacSim-ros_workspaces/humble_ws/src/navigation/isaacsim_clearpath_nav2' with build type 'ament_cmake'
[0.221s] INFO:colcon.colcon_cmake.task.cmake.build:Building CMake package in '/home/ciderlab-server3/workspace/2026_industry_cowork/IsaacSim-ros_workspaces/humble_ws/src/navigation/isaacsim_clearpath_nav2'
[0.221s] INFO:colcon.colcon_core.shell:Skip shell extension 'powershell' for command environment: Not usable outside of PowerShell
[0.221s] DEBUG:colcon.colcon_core.shell:Skip shell extension 'dsv' for command environment
[0.223s] INFO:colcon.colcon_ros.task.ament_cmake.build:Building ROS package in '/home/ciderlab-server3/workspace/2026_industry_cowork/IsaacSim-ros_workspaces/humble_ws/src/navigation/iw_hub_navigation' with build type 'ament_cmake'
[0.223s] INFO:colcon.colcon_cmake.task.cmake.build:Building CMake package in '/home/ciderlab-server3/workspace/2026_industry_cowork/IsaacSim-ros_workspaces/humble_ws/src/navigation/iw_hub_navigation'
[0.223s] INFO:colcon.colcon_core.shell:Skip shell extension 'powershell' for command environment: Not usable outside of PowerShell
[0.223s] DEBUG:colcon.colcon_core.shell:Skip shell extension 'dsv' for command environment
[0.228s] DEBUG:colcon.colcon_core.event_handler.log_command:Invoking command in '/home/ciderlab-server3/workspace/2026_industry_cowork/IsaacSim-ros_workspaces/humble_ws/build/turtlebot3_manipulation_description': CMAKE_PREFIX_PATH=${CMAKE_PREFIX_PATH}:/home/ciderlab-server3/workspace/2026_industry_cowork/IsaacSim-ros_workspaces/humble_ws/install/turtlebot3_manipulation_navigation2:/home/ciderlab-server3/workspace/2026_industry_cowork/IsaacSim-ros_workspaces/humble_ws/install/turtlebot3_manipulation_description:/home/ciderlab-server3/workspace/2026_industry_cowork/IsaacSim-ros_workspaces/humble_ws/install/turtlebot3_manipulation_cartographer:/home/ciderlab-server3/workspace/2026_industry_cowork/IsaacSim-ros_workspaces/humble_ws/install/isaacsim_clearpath_nav2:/home/ciderlab-server3/workspace/2026_industry_cowork/IsaacSim-ros_workspaces/humble_ws/install/isaacsim_bringup:/home/ciderlab-server3/workspace/2026_industry_cowork/IsaacSim-ros_workspaces/humble_ws/install/isaac_tutorials:/home/ciderlab-server3/workspace/2026_industry_cowork/IsaacSim-ros_workspaces/humble_ws/install/isaac_ros_navigation_goal:/home/ciderlab-server3/workspace/2026_industry_cowork/IsaacSim-ros_workspaces/humble_ws/install/isaac_moveit:/home/ciderlab-server3/workspace/2026_industry_cowork/IsaacSim-ros_workspaces/humble_ws/install/isaac_compressed_image_decoder:/home/ciderlab-server3/workspace/2026_industry_cowork/IsaacSim-ros_workspaces/humble_ws/install/h1_fullbody_controller:/home/ciderlab-server3/workspace/2026_industry_cowork/IsaacSim-ros_workspaces/humble_ws/install/cmdvel_to_ackermann:/home/ciderlab-server3/workspace/2026_industry_cowork/IsaacSim-ros_workspaces/humble_ws/install/carter_navigation:/home/ciderlab-server3/turtlebot3_ws/install/turtlebot3_teleop:/home/ciderlab-server3/turtlebot3_ws/install/turtlebot3_example:/home/ciderlab-server3/turtlebot3_ws/install/turtlebot3_dqn:/home/ciderlab-server3/turtlebot3_ws/install/turtlebot3_home_service_challenge_core:/home/ciderlab-server3/turtlebot3_ws/install/turtlebot3_home_service_challenge_aruco:/opt/ros/humble /usr/bin/cmake /home/ciderlab-server3/workspace/2026_industry_cowork/IsaacSim-ros_workspaces/humble_ws/src/turtlebot3_manipulation/turtlebot3_manipulation_description -DCMAKE_INSTALL_PREFIX=/home/ciderlab-server3/workspace/2026_industry_cowork/IsaacSim-ros_workspaces/humble_ws/install/turtlebot3_manipulation_description
[0.233s] DEBUG:colcon.colcon_core.event_handler.log_command:Invoking command in '/home/ciderlab-server3/workspace/2026_industry_cowork/IsaacSim-ros_workspaces/humble_ws/build/turtlebot3_manipulation_cartographer': CMAKE_PREFIX_PATH=${CMAKE_PREFIX_PATH}:/home/ciderlab-server3/workspace/2026_industry_cowork/IsaacSim-ros_workspaces/humble_ws/install/turtlebot3_manipulation_navigation2:/home/ciderlab-server3/workspace/2026_industry_cowork/IsaacSim-ros_workspaces/humble_ws/install/turtlebot3_manipulation_description:/home/ciderlab-server3/workspace/2026_industry_cowork/IsaacSim-ros_workspaces/humble_ws/install/turtlebot3_manipulation_cartographer:/home/ciderlab-server3/workspace/2026_industry_cowork/IsaacSim-ros_workspaces/humble_ws/install/isaacsim_clearpath_nav2:/home/ciderlab-server3/workspace/2026_industry_cowork/IsaacSim-ros_workspaces/humble_ws/install/isaacsim_bringup:/home/ciderlab-server3/workspace/2026_industry_cowork/IsaacSim-ros_workspaces/humble_ws/install/isaac_tutorials:/home/ciderlab-server3/workspace/2026_industry_cowork/IsaacSim-ros_workspaces/humble_ws/install/isaac_ros_navigation_goal:/home/ciderlab-server3/workspace/2026_industry_cowork/IsaacSim-ros_workspaces/humble_ws/install/isaac_moveit:/home/ciderlab-server3/workspace/2026_industry_cowork/IsaacSim-ros_workspaces/humble_ws/install/isaac_compressed_image_decoder:/home/ciderlab-server3/workspace/2026_industry_cowork/IsaacSim-ros_workspaces/humble_ws/install/h1_fullbody_controller:/home/ciderlab-server3/workspace/2026_industry_cowork/IsaacSim-ros_workspaces/humble_ws/install/cmdvel_to_ackermann:/home/ciderlab-server3/workspace/2026_industry_cowork/IsaacSim-ros_workspaces/humble_ws/install/carter_navigation:/home/ciderlab-server3/turtlebot3_ws/install/turtlebot3_teleop:/home/ciderlab-server3/turtlebot3_ws/install/turtlebot3_example:/home/ciderlab-server3/turtlebot3_ws/install/turtlebot3_dqn:/home/ciderlab-server3/turtlebot3_ws/install/turtlebot3_home_service_challenge_core:/home/ciderlab-server3/turtlebot3_ws/install/turtlebot3_home_service_challenge_aruco:/opt/ros/humble /usr/bin/cmake /home/ciderlab-server3/workspace/2026_industry_cowork/IsaacSim-ros_workspaces/humble_ws/src/turtlebot3_manipulation/turtlebot3_manipulation_cartographer -DCMAKE_INSTALL_PREFIX=/home/ciderlab-server3/workspace/2026_industry_cowork/IsaacSim-ros_workspaces/humble_ws/install/turtlebot3_manipulation_cartographer
[0.234s] DEBUG:colcon.colcon_core.event_handler.log_command:Invoking command in '/home/ciderlab-server3/workspace/2026_industry_cowork/IsaacSim-ros_workspaces/humble_ws/build/turtlebot3_manipulation_hardware': CMAKE_PREFIX_PATH=${CMAKE_PREFIX_PATH}:/home/ciderlab-server3/workspace/2026_industry_cowork/IsaacSim-ros_workspaces/humble_ws/install/turtlebot3_manipulation_navigation2:/home/ciderlab-server3/workspace/2026_industry_cowork/IsaacSim-ros_workspaces/humble_ws/install/turtlebot3_manipulation_description:/home/ciderlab-server3/workspace/2026_industry_cowork/IsaacSim-ros_workspaces/humble_ws/install/turtlebot3_manipulation_cartographer:/home/ciderlab-server3/workspace/2026_industry_cowork/IsaacSim-ros_workspaces/humble_ws/install/isaacsim_clearpath_nav2:/home/ciderlab-server3/workspace/2026_industry_cowork/IsaacSim-ros_workspaces/humble_ws/install/isaacsim_bringup:/home/ciderlab-server3/workspace/2026_industry_cowork/IsaacSim-ros_workspaces/humble_ws/install/isaac_tutorials:/home/ciderlab-server3/workspace/2026_industry_cowork/IsaacSim-ros_workspaces/humble_ws/install/isaac_ros_navigation_goal:/home/ciderlab-server3/workspace/2026_industry_cowork/IsaacSim-ros_workspaces/humble_ws/install/isaac_moveit:/home/ciderlab-server3/workspace/2026_industry_cowork/IsaacSim-ros_workspaces/humble_ws/install/isaac_compressed_image_decoder:/home/ciderlab-server3/workspace/2026_industry_cowork/IsaacSim-ros_workspaces/humble_ws/install/h1_fullbody_controller:/home/ciderlab-server3/workspace/2026_industry_cowork/IsaacSim-ros_workspaces/humble_ws/install/cmdvel_to_ackermann:/home/ciderlab-server3/workspace/2026_industry_cowork/IsaacSim-ros_workspaces/humble_ws/install/carter_navigation:/home/ciderlab-server3/turtlebot3_ws/install/turtlebot3_teleop:/home/ciderlab-server3/turtlebot3_ws/install/turtlebot3_example:/home/ciderlab-server3/turtlebot3_ws/install/turtlebot3_dqn:/home/ciderlab-server3/turtlebot3_ws/install/turtlebot3_home_service_challenge_core:/home/ciderlab-server3/turtlebot3_ws/install/turtlebot3_home_service_challenge_aruco:/opt/ros/humble /usr/bin/cmake /home/ciderlab-server3/workspace/2026_industry_cowork/IsaacSim-ros_workspaces/humble_ws/src/turtlebot3_manipulation/turtlebot3_manipulation_hardware -DCMAKE_INSTALL_PREFIX=/home/ciderlab-server3/workspace/2026_industry_cowork/IsaacSim-ros_workspaces/humble_ws/install/turtlebot3_manipulation_hardware
[0.234s] DEBUG:colcon.colcon_core.event_handler.log_command:Invoking command in '/home/ciderlab-server3/workspace/2026_industry_cowork/IsaacSim-ros_workspaces/humble_ws/build/turtlebot3_manipulation_navigation2': CMAKE_PREFIX_PATH=${CMAKE_PREFIX_PATH}:/home/ciderlab-server3/workspace/2026_industry_cowork/IsaacSim-ros_workspaces/humble_ws/install/turtlebot3_manipulation_navigation2:/home/ciderlab-server3/workspace/2026_industry_cowork/IsaacSim-ros_workspaces/humble_ws/install/turtlebot3_manipulation_description:/home/ciderlab-server3/workspace/2026_industry_cowork/IsaacSim-ros_workspaces/humble_ws/install/turtlebot3_manipulation_cartographer:/home/ciderlab-server3/workspace/2026_industry_cowork/IsaacSim-ros_workspaces/humble_ws/install/isaacsim_clearpath_nav2:/home/ciderlab-server3/workspace/2026_industry_cowork/IsaacSim-ros_workspaces/humble_ws/install/isaacsim_bringup:/home/ciderlab-server3/workspace/2026_industry_cowork/IsaacSim-ros_workspaces/humble_ws/install/isaac_tutorials:/home/ciderlab-server3/workspace/2026_industry_cowork/IsaacSim-ros_workspaces/humble_ws/install/isaac_ros_navigation_goal:/home/ciderlab-server3/workspace/2026_industry_cowork/IsaacSim-ros_workspaces/humble_ws/install/isaac_moveit:/home/ciderlab-server3/workspace/2026_industry_cowork/IsaacSim-ros_workspaces/humble_ws/install/isaac_compressed_image_decoder:/home/ciderlab-server3/workspace/2026_industry_cowork/IsaacSim-ros_workspaces/humble_ws/install/h1_fullbody_controller:/home/ciderlab-server3/workspace/2026_industry_cowork/IsaacSim-ros_workspaces/humble_ws/install/cmdvel_to_ackermann:/home/ciderlab-server3/workspace/2026_industry_cowork/IsaacSim-ros_workspaces/humble_ws/install/carter_navigation:/home/ciderlab-server3/turtlebot3_ws/install/turtlebot3_teleop:/home/ciderlab-server3/turtlebot3_ws/install/turtlebot3_example:/home/ciderlab-server3/turtlebot3_ws/install/turtlebot3_dqn:/home/ciderlab-server3/turtlebot3_ws/install/turtlebot3_home_service_challenge_core:/home/ciderlab-server3/turtlebot3_ws/install/turtlebot3_home_service_challenge_aruco:/opt/ros/humble /usr/bin/cmake /home/ciderlab-server3/workspace/2026_industry_cowork/IsaacSim-ros_workspaces/humble_ws/src/turtlebot3_manipulation/turtlebot3_manipulation_navigation2 -DCMAKE_INSTALL_PREFIX=/home/ciderlab-server3/workspace/2026_industry_cowork/IsaacSim-ros_workspaces/humble_ws/install/turtlebot3_manipulation_navigation2
[0.236s] DEBUG:colcon.colcon_core.event_handler.log_command:Invoking command in '/home/ciderlab-server3/workspace/2026_industry_cowork/IsaacSim-ros_workspaces/humble_ws/build/carter_navigation': CMAKE_PREFIX_PATH=${CMAKE_PREFIX_PATH}:/home/ciderlab-server3/workspace/2026_industry_cowork/IsaacSim-ros_workspaces/humble_ws/install/turtlebot3_manipulation_navigation2:/home/ciderlab-server3/workspace/2026_industry_cowork/IsaacSim-ros_workspaces/humble_ws/install/turtlebot3_manipulation_description:/home/ciderlab-server3/workspace/2026_industry_cowork/IsaacSim-ros_workspaces/humble_ws/install/turtlebot3_manipulation_cartographer:/home/ciderlab-server3/workspace/2026_industry_cowork/IsaacSim-ros_workspaces/humble_ws/install/isaacsim_clearpath_nav2:/home/ciderlab-server3/workspace/2026_industry_cowork/IsaacSim-ros_workspaces/humble_ws/install/isaacsim_bringup:/home/ciderlab-server3/workspace/2026_industry_cowork/IsaacSim-ros_workspaces/humble_ws/install/isaac_tutorials:/home/ciderlab-server3/workspace/2026_industry_cowork/IsaacSim-ros_workspaces/humble_ws/install/isaac_ros_navigation_goal:/home/ciderlab-server3/workspace/2026_industry_cowork/IsaacSim-ros_workspaces/humble_ws/install/isaac_moveit:/home/ciderlab-server3/workspace/2026_industry_cowork/IsaacSim-ros_workspaces/humble_ws/install/isaac_compressed_image_decoder:/home/ciderlab-server3/workspace/2026_industry_cowork/IsaacSim-ros_workspaces/humble_ws/install/h1_fullbody_controller:/home/ciderlab-server3/workspace/2026_industry_cowork/IsaacSim-ros_workspaces/humble_ws/install/cmdvel_to_ackermann:/home/ciderlab-server3/workspace/2026_industry_cowork/IsaacSim-ros_workspaces/humble_ws/install/carter_navigation:/home/ciderlab-server3/turtlebot3_ws/install/turtlebot3_teleop:/home/ciderlab-server3/turtlebot3_ws/install/turtlebot3_example:/home/ciderlab-server3/turtlebot3_ws/install/turtlebot3_dqn:/home/ciderlab-server3/turtlebot3_ws/install/turtlebot3_home_service_challenge_core:/home/ciderlab-server3/turtlebot3_ws/install/turtlebot3_home_service_challenge_aruco:/opt/ros/humble /usr/bin/cmake /home/ciderlab-server3/workspace/2026_industry_cowork/IsaacSim-ros_workspaces/humble_ws/src/navigation/carter_navigation -DCMAKE_INSTALL_PREFIX=/home/ciderlab-server3/workspace/2026_industry_cowork/IsaacSim-ros_workspaces/humble_ws/install/carter_navigation
[0.347s] INFO:colcon.colcon_core.task.python.build:Building Python package in '/home/ciderlab-server3/workspace/2026_industry_cowork/IsaacSim-ros_workspaces/humble_ws/src/ackermann_control/cmdvel_to_ackermann'
[0.347s] INFO:colcon.colcon_core.shell:Skip shell extension 'powershell' for command environment: Not usable outside of PowerShell
[0.347s] DEBUG:colcon.colcon_core.shell:Skip shell extension 'dsv' for command environment
[0.351s] DEBUG:colcon.colcon_core.event_handler.log_command:Invoking command in '/home/ciderlab-server3/workspace/2026_industry_cowork/IsaacSim-ros_workspaces/humble_ws/build/custom_message': CMAKE_PREFIX_PATH=${CMAKE_PREFIX_PATH}:/home/ciderlab-server3/workspace/2026_industry_cowork/IsaacSim-ros_workspaces/humble_ws/install/turtlebot3_manipulation_navigation2:/home/ciderlab-server3/workspace/2026_industry_cowork/IsaacSim-ros_workspaces/humble_ws/install/turtlebot3_manipulation_description:/home/ciderlab-server3/workspace/2026_industry_cowork/IsaacSim-ros_workspaces/humble_ws/install/turtlebot3_manipulation_cartographer:/home/ciderlab-server3/workspace/2026_industry_cowork/IsaacSim-ros_workspaces/humble_ws/install/isaacsim_clearpath_nav2:/home/ciderlab-server3/workspace/2026_industry_cowork/IsaacSim-ros_workspaces/humble_ws/install/isaacsim_bringup:/home/ciderlab-server3/workspace/2026_industry_cowork/IsaacSim-ros_workspaces/humble_ws/install/isaac_tutorials:/home/ciderlab-server3/workspace/2026_industry_cowork/IsaacSim-ros_workspaces/humble_ws/install/isaac_ros_navigation_goal:/home/ciderlab-server3/workspace/2026_industry_cowork/IsaacSim-ros_workspaces/humble_ws/install/isaac_moveit:/home/ciderlab-server3/workspace/2026_industry_cowork/IsaacSim-ros_workspaces/humble_ws/install/isaac_compressed_image_decoder:/home/ciderlab-server3/workspace/2026_industry_cowork/IsaacSim-ros_workspaces/humble_ws/install/h1_fullbody_controller:/home/ciderlab-server3/workspace/2026_industry_cowork/IsaacSim-ros_workspaces/humble_ws/install/cmdvel_to_ackermann:/home/ciderlab-server3/workspace/2026_industry_cowork/IsaacSim-ros_workspaces/humble_ws/install/carter_navigation:/home/ciderlab-server3/turtlebot3_ws/install/turtlebot3_teleop:/home/ciderlab-server3/turtlebot3_ws/install/turtlebot3_example:/home/ciderlab-server3/turtlebot3_ws/install/turtlebot3_dqn:/home/ciderlab-server3/turtlebot3_ws/install/turtlebot3_home_service_challenge_core:/home/ciderlab-server3/turtlebot3_ws/install/turtlebot3_home_service_challenge_aruco:/opt/ros/humble /usr/bin/cmake /home/ciderlab-server3/workspace/2026_industry_cowork/IsaacSim-ros_workspaces/humble_ws/src/custom_message -DCMAKE_INSTALL_PREFIX=/home/ciderlab-server3/workspace/2026_industry_cowork/IsaacSim-ros_workspaces/humble_ws/install/custom_message
[0.353s] DEBUG:colcon.colcon_core.event_handler.log_command:Invoking command in '/home/ciderlab-server3/workspace/2026_industry_cowork/IsaacSim-ros_workspaces/humble_ws/build/custom_nav2_bt_plugins': CMAKE_PREFIX_PATH=${CMAKE_PREFIX_PATH}:/home/ciderlab-server3/workspace/2026_industry_cowork/IsaacSim-ros_workspaces/humble_ws/install/turtlebot3_manipulation_navigation2:/home/ciderlab-server3/workspace/2026_industry_cowork/IsaacSim-ros_workspaces/humble_ws/install/turtlebot3_manipulation_description:/home/ciderlab-server3/workspace/2026_industry_cowork/IsaacSim-ros_workspaces/humble_ws/install/turtlebot3_manipulation_cartographer:/home/ciderlab-server3/workspace/2026_industry_cowork/IsaacSim-ros_workspaces/humble_ws/install/isaacsim_clearpath_nav2:/home/ciderlab-server3/workspace/2026_industry_cowork/IsaacSim-ros_workspaces/humble_ws/install/isaacsim_bringup:/home/ciderlab-server3/workspace/2026_industry_cowork/IsaacSim-ros_workspaces/humble_ws/install/isaac_tutorials:/home/ciderlab-server3/workspace/2026_industry_cowork/IsaacSim-ros_workspaces/humble_ws/install/isaac_ros_navigation_goal:/home/ciderlab-server3/workspace/2026_industry_cowork/IsaacSim-ros_workspaces/humble_ws/install/isaac_moveit:/home/ciderlab-server3/workspace/2026_industry_cowork/IsaacSim-ros_workspaces/humble_ws/install/isaac_compressed_image_decoder:/home/ciderlab-server3/workspace/2026_industry_cowork/IsaacSim-ros_workspaces/humble_ws/install/h1_fullbody_controller:/home/ciderlab-server3/workspace/2026_industry_cowork/IsaacSim-ros_workspaces/humble_ws/install/cmdvel_to_ackermann:/home/ciderlab-server3/workspace/2026_industry_cowork/IsaacSim-ros_workspaces/humble_ws/install/carter_navigation:/home/ciderlab-server3/turtlebot3_ws/install/turtlebot3_teleop:/home/ciderlab-server3/turtlebot3_ws/install/turtlebot3_example:/home/ciderlab-server3/turtlebot3_ws/install/turtlebot3_dqn:/home/ciderlab-server3/turtlebot3_ws/install/turtlebot3_home_service_challenge_core:/home/ciderlab-server3/turtlebot3_ws/install/turtlebot3_home_service_challenge_aruco:/opt/ros/humble /usr/bin/cmake /home/ciderlab-server3/workspace/2026_industry_cowork/IsaacSim-ros_workspaces/humble_ws/src/custom_nav2_bt_plugins -DCMAKE_INSTALL_PREFIX=/home/ciderlab-server3/workspace/2026_industry_cowork/IsaacSim-ros_workspaces/humble_ws/install/custom_nav2_bt_plugins
[0.484s] INFO:colcon.colcon_core.task.python.build:Building Python package in '/home/ciderlab-server3/workspace/2026_industry_cowork/IsaacSim-ros_workspaces/humble_ws/src/humanoid_locomotion_policy_example/h1_fullbody_controller'
[0.484s] INFO:colcon.colcon_core.shell:Skip shell extension 'powershell' for command environment: Not usable outside of PowerShell
[0.484s] DEBUG:colcon.colcon_core.shell:Skip shell extension 'dsv' for command environment
[0.595s] INFO:colcon.colcon_core.task.python.build:Building Python package in '/home/ciderlab-server3/workspace/2026_industry_cowork/IsaacSim-ros_workspaces/humble_ws/src/isaac_compressed_image_decoder'
[0.595s] INFO:colcon.colcon_core.shell:Skip shell extension 'powershell' for command environment: Not usable outside of PowerShell
[0.595s] DEBUG:colcon.colcon_core.shell:Skip shell extension 'dsv' for command environment
[0.710s] INFO:colcon.colcon_core.task.python.build:Building Python package in '/home/ciderlab-server3/workspace/2026_industry_cowork/IsaacSim-ros_workspaces/humble_ws/src/moveit/isaac_moveit'
[0.710s] INFO:colcon.colcon_core.shell:Skip shell extension 'powershell' for command environment: Not usable outside of PowerShell
[0.710s] DEBUG:colcon.colcon_core.shell:Skip shell extension 'dsv' for command environment
[0.718s] DEBUG:colcon.colcon_core.event_handler.log_command:Invoking command in '/home/ciderlab-server3/workspace/2026_industry_cowork/IsaacSim-ros_workspaces/humble_ws/build/isaac_ros2_messages': CMAKE_PREFIX_PATH=${CMAKE_PREFIX_PATH}:/home/ciderlab-server3/workspace/2026_industry_cowork/IsaacSim-ros_workspaces/humble_ws/install/turtlebot3_manipulation_navigation2:/home/ciderlab-server3/workspace/2026_industry_cowork/IsaacSim-ros_workspaces/humble_ws/install/turtlebot3_manipulation_description:/home/ciderlab-server3/workspace/2026_industry_cowork/IsaacSim-ros_workspaces/humble_ws/install/turtlebot3_manipulation_cartographer:/home/ciderlab-server3/workspace/2026_industry_cowork/IsaacSim-ros_workspaces/humble_ws/install/isaacsim_clearpath_nav2:/home/ciderlab-server3/workspace/2026_industry_cowork/IsaacSim-ros_workspaces/humble_ws/install/isaacsim_bringup:/home/ciderlab-server3/workspace/2026_industry_cowork/IsaacSim-ros_workspaces/humble_ws/install/isaac_tutorials:/home/ciderlab-server3/workspace/2026_industry_cowork/IsaacSim-ros_workspaces/humble_ws/install/isaac_ros_navigation_goal:/home/ciderlab-server3/workspace/2026_industry_cowork/IsaacSim-ros_workspaces/humble_ws/install/isaac_moveit:/home/ciderlab-server3/workspace/2026_industry_cowork/IsaacSim-ros_workspaces/humble_ws/install/isaac_compressed_image_decoder:/home/ciderlab-server3/workspace/2026_industry_cowork/IsaacSim-ros_workspaces/humble_ws/install/h1_fullbody_controller:/home/ciderlab-server3/workspace/2026_industry_cowork/IsaacSim-ros_workspaces/humble_ws/install/cmdvel_to_ackermann:/home/ciderlab-server3/workspace/2026_industry_cowork/IsaacSim-ros_workspaces/humble_ws/install/carter_navigation:/home/ciderlab-server3/turtlebot3_ws/install/turtlebot3_teleop:/home/ciderlab-server3/turtlebot3_ws/install/turtlebot3_example:/home/ciderlab-server3/turtlebot3_ws/install/turtlebot3_dqn:/home/ciderlab-server3/turtlebot3_ws/install/turtlebot3_home_service_challenge_core:/home/ciderlab-server3/turtlebot3_ws/install/turtlebot3_home_service_challenge_aruco:/opt/ros/humble /usr/bin/cmake /home/ciderlab-server3/workspace/2026_industry_cowork/IsaacSim-ros_workspaces/humble_ws/src/isaac_ros2_messages -DCMAKE_INSTALL_PREFIX=/home/ciderlab-server3/workspace/2026_industry_cowork/IsaacSim-ros_workspaces/humble_ws/install/isaac_ros2_messages
[0.826s] INFO:colcon.colcon_core.task.python.build:Building Python package in '/home/ciderlab-server3/workspace/2026_industry_cowork/IsaacSim-ros_workspaces/humble_ws/src/navigation/isaac_ros_navigation_goal'
[0.826s] INFO:colcon.colcon_core.shell:Skip shell extension 'powershell' for command environment: Not usable outside of PowerShell
[0.826s] DEBUG:colcon.colcon_core.shell:Skip shell extension 'dsv' for command environment
[0.832s] DEBUG:colcon.colcon_core.event_handler.log_command:Invoking command in '/home/ciderlab-server3/workspace/2026_industry_cowork/IsaacSim-ros_workspaces/humble_ws/build/isaac_tutorials': CMAKE_PREFIX_PATH=${CMAKE_PREFIX_PATH}:/home/ciderlab-server3/workspace/2026_industry_cowork/IsaacSim-ros_workspaces/humble_ws/install/turtlebot3_manipulation_navigation2:/home/ciderlab-server3/workspace/2026_industry_cowork/IsaacSim-ros_workspaces/humble_ws/install/turtlebot3_manipulation_description:/home/ciderlab-server3/workspace/2026_industry_cowork/IsaacSim-ros_workspaces/humble_ws/install/turtlebot3_manipulation_cartographer:/home/ciderlab-server3/workspace/2026_industry_cowork/IsaacSim-ros_workspaces/humble_ws/install/isaacsim_clearpath_nav2:/home/ciderlab-server3/workspace/2026_industry_cowork/IsaacSim-ros_workspaces/humble_ws/install/isaacsim_bringup:/home/ciderlab-server3/workspace/2026_industry_cowork/IsaacSim-ros_workspaces/humble_ws/install/isaac_tutorials:/home/ciderlab-server3/workspace/2026_industry_cowork/IsaacSim-ros_workspaces/humble_ws/install/isaac_ros_navigation_goal:/home/ciderlab-server3/workspace/2026_industry_cowork/IsaacSim-ros_workspaces/humble_ws/install/isaac_moveit:/home/ciderlab-server3/workspace/2026_industry_cowork/IsaacSim-ros_workspaces/humble_ws/install/isaac_compressed_image_decoder:/home/ciderlab-server3/workspace/2026_industry_cowork/IsaacSim-ros_workspaces/humble_ws/install/h1_fullbody_controller:/home/ciderlab-server3/workspace/2026_industry_cowork/IsaacSim-ros_workspaces/humble_ws/install/cmdvel_to_ackermann:/home/ciderlab-server3/workspace/2026_industry_cowork/IsaacSim-ros_workspaces/humble_ws/install/carter_navigation:/home/ciderlab-server3/turtlebot3_ws/install/turtlebot3_teleop:/home/ciderlab-server3/turtlebot3_ws/install/turtlebot3_example:/home/ciderlab-server3/turtlebot3_ws/install/turtlebot3_dqn:/home/ciderlab-server3/turtlebot3_ws/install/turtlebot3_home_service_challenge_core:/home/ciderlab-server3/turtlebot3_ws/install/turtlebot3_home_service_challenge_aruco:/opt/ros/humble /usr/bin/cmake /home/ciderlab-server3/workspace/2026_industry_cowork/IsaacSim-ros_workspaces/humble_ws/src/isaac_tutorials -DCMAKE_INSTALL_PREFIX=/home/ciderlab-server3/workspace/2026_industry_cowork/IsaacSim-ros_workspaces/humble_ws/install/isaac_tutorials
[0.949s] INFO:colcon.colcon_core.task.python.build:Building Python package in '/home/ciderlab-server3/workspace/2026_industry_cowork/IsaacSim-ros_workspaces/humble_ws/src/isaacsim_bringup'
[0.949s] INFO:colcon.colcon_core.shell:Skip shell extension 'powershell' for command environment: Not usable outside of PowerShell
[0.949s] DEBUG:colcon.colcon_core.shell:Skip shell extension 'dsv' for command environment
[0.958s] DEBUG:colcon.colcon_core.event_handler.log_command:Invoking command in '/home/ciderlab-server3/workspace/2026_industry_cowork/IsaacSim-ros_workspaces/humble_ws/build/isaacsim_clearpath_nav2': CMAKE_PREFIX_PATH=${CMAKE_PREFIX_PATH}:/home/ciderlab-server3/workspace/2026_industry_cowork/IsaacSim-ros_workspaces/humble_ws/install/turtlebot3_manipulation_navigation2:/home/ciderlab-server3/workspace/2026_industry_cowork/IsaacSim-ros_workspaces/humble_ws/install/turtlebot3_manipulation_description:/home/ciderlab-server3/workspace/2026_industry_cowork/IsaacSim-ros_workspaces/humble_ws/install/turtlebot3_manipulation_cartographer:/home/ciderlab-server3/workspace/2026_industry_cowork/IsaacSim-ros_workspaces/humble_ws/install/isaacsim_clearpath_nav2:/home/ciderlab-server3/workspace/2026_industry_cowork/IsaacSim-ros_workspaces/humble_ws/install/isaacsim_bringup:/home/ciderlab-server3/workspace/2026_industry_cowork/IsaacSim-ros_workspaces/humble_ws/install/isaac_tutorials:/home/ciderlab-server3/workspace/2026_industry_cowork/IsaacSim-ros_workspaces/humble_ws/install/isaac_ros_navigation_goal:/home/ciderlab-server3/workspace/2026_industry_cowork/IsaacSim-ros_workspaces/humble_ws/install/isaac_moveit:/home/ciderlab-server3/workspace/2026_industry_cowork/IsaacSim-ros_workspaces/humble_ws/install/isaac_compressed_image_decoder:/home/ciderlab-server3/workspace/2026_industry_cowork/IsaacSim-ros_workspaces/humble_ws/install/h1_fullbody_controller:/home/ciderlab-server3/workspace/2026_industry_cowork/IsaacSim-ros_workspaces/humble_ws/install/cmdvel_to_ackermann:/home/ciderlab-server3/workspace/2026_industry_cowork/IsaacSim-ros_workspaces/humble_ws/install/carter_navigation:/home/ciderlab-server3/turtlebot3_ws/install/turtlebot3_teleop:/home/ciderlab-server3/turtlebot3_ws/install/turtlebot3_example:/home/ciderlab-server3/turtlebot3_ws/install/turtlebot3_dqn:/home/ciderlab-server3/turtlebot3_ws/install/turtlebot3_home_service_challenge_core:/home/ciderlab-server3/turtlebot3_ws/install/turtlebot3_home_service_challenge_aruco:/opt/ros/humble /usr/bin/cmake /home/ciderlab-server3/workspace/2026_industry_cowork/IsaacSim-ros_workspaces/humble_ws/src/navigation/isaacsim_clearpath_nav2 -DCMAKE_INSTALL_PREFIX=/home/ciderlab-server3/workspace/2026_industry_cowork/IsaacSim-ros_workspaces/humble_ws/install/isaacsim_clearpath_nav2
[0.960s] DEBUG:colcon.colcon_core.event_handler.log_command:Invoking command in '/home/ciderlab-server3/workspace/2026_industry_cowork/IsaacSim-ros_workspaces/humble_ws/build/iw_hub_navigation': CMAKE_PREFIX_PATH=${CMAKE_PREFIX_PATH}:/home/ciderlab-server3/workspace/2026_industry_cowork/IsaacSim-ros_workspaces/humble_ws/install/turtlebot3_manipulation_navigation2:/home/ciderlab-server3/workspace/2026_industry_cowork/IsaacSim-ros_workspaces/humble_ws/install/turtlebot3_manipulation_description:/home/ciderlab-server3/workspace/2026_industry_cowork/IsaacSim-ros_workspaces/humble_ws/install/turtlebot3_manipulation_cartographer:/home/ciderlab-server3/workspace/2026_industry_cowork/IsaacSim-ros_workspaces/humble_ws/install/isaacsim_clearpath_nav2:/home/ciderlab-server3/workspace/2026_industry_cowork/IsaacSim-ros_workspaces/humble_ws/install/isaacsim_bringup:/home/ciderlab-server3/workspace/2026_industry_cowork/IsaacSim-ros_workspaces/humble_ws/install/isaac_tutorials:/home/ciderlab-server3/workspace/2026_industry_cowork/IsaacSim-ros_workspaces/humble_ws/install/isaac_ros_navigation_goal:/home/ciderlab-server3/workspace/2026_industry_cowork/IsaacSim-ros_workspaces/humble_ws/install/isaac_moveit:/home/ciderlab-server3/workspace/2026_industry_cowork/IsaacSim-ros_workspaces/humble_ws/install/isaac_compressed_image_decoder:/home/ciderlab-server3/workspace/2026_industry_cowork/IsaacSim-ros_workspaces/humble_ws/install/h1_fullbody_controller:/home/ciderlab-server3/workspace/2026_industry_cowork/IsaacSim-ros_workspaces/humble_ws/install/cmdvel_to_ackermann:/home/ciderlab-server3/workspace/2026_industry_cowork/IsaacSim-ros_workspaces/humble_ws/install/carter_navigation:/home/ciderlab-server3/turtlebot3_ws/install/turtlebot3_teleop:/home/ciderlab-server3/turtlebot3_ws/install/turtlebot3_example:/home/ciderlab-server3/turtlebot3_ws/install/turtlebot3_dqn:/home/ciderlab-server3/turtlebot3_ws/install/turtlebot3_home_service_challenge_core:/home/ciderlab-server3/turtlebot3_ws/install/turtlebot3_home_service_challenge_aruco:/opt/ros/humble /usr/bin/cmake /home/ciderlab-server3/workspace/2026_industry_cowork/IsaacSim-ros_workspaces/humble_ws/src/navigation/iw_hub_navigation -DCMAKE_INSTALL_PREFIX=/home/ciderlab-server3/workspace/2026_industry_cowork/IsaacSim-ros_workspaces/humble_ws/install/iw_hub_navigation
[0.972s] DEBUG:colcon.colcon_core.event_handler.log_command:Invoked command in '/home/ciderlab-server3/workspace/2026_industry_cowork/IsaacSim-ros_workspaces/humble_ws/build/turtlebot3_manipulation_cartographer' returned '0': CMAKE_PREFIX_PATH=${CMAKE_PREFIX_PATH}:/home/ciderlab-server3/workspace/2026_industry_cowork/IsaacSim-ros_workspaces/humble_ws/install/turtlebot3_manipulation_navigation2:/home/ciderlab-server3/workspace/2026_industry_cowork/IsaacSim-ros_workspaces/humble_ws/install/turtlebot3_manipulation_description:/home/ciderlab-server3/workspace/2026_industry_cowork/IsaacSim-ros_workspaces/humble_ws/install/turtlebot3_manipulation_cartographer:/home/ciderlab-server3/workspace/2026_industry_cowork/IsaacSim-ros_workspaces/humble_ws/install/isaacsim_clearpath_nav2:/home/ciderlab-server3/workspace/2026_industry_cowork/IsaacSim-ros_workspaces/humble_ws/install/isaacsim_bringup:/home/ciderlab-server3/workspace/2026_industry_cowork/IsaacSim-ros_workspaces/humble_ws/install/isaac_tutorials:/home/ciderlab-server3/workspace/2026_industry_cowork/IsaacSim-ros_workspaces/humble_ws/install/isaac_ros_navigation_goal:/home/ciderlab-server3/workspace/2026_industry_cowork/IsaacSim-ros_workspaces/humble_ws/install/isaac_moveit:/home/ciderlab-server3/workspace/2026_industry_cowork/IsaacSim-ros_workspaces/humble_ws/install/isaac_compressed_image_decoder:/home/ciderlab-server3/workspace/2026_industry_cowork/IsaacSim-ros_workspaces/humble_ws/install/h1_fullbody_controller:/home/ciderlab-server3/workspace/2026_industry_cowork/IsaacSim-ros_workspaces/humble_ws/install/cmdvel_to_ackermann:/home/ciderlab-server3/workspace/2026_industry_cowork/IsaacSim-ros_workspaces/humble_ws/install/carter_navigation:/home/ciderlab-server3/turtlebot3_ws/install/turtlebot3_teleop:/home/ciderlab-server3/turtlebot3_ws/install/turtlebot3_example:/home/ciderlab-server3/turtlebot3_ws/install/turtlebot3_dqn:/home/ciderlab-server3/turtlebot3_ws/install/turtlebot3_home_service_challenge_core:/home/ciderlab-server3/turtlebot3_ws/install/turtlebot3_home_service_challenge_aruco:/opt/ros/humble /usr/bin/cmake /home/ciderlab-server3/workspace/2026_industry_cowork/IsaacSim-ros_workspaces/humble_ws/src/turtlebot3_manipulation/turtlebot3_manipulation_cartographer -DCMAKE_INSTALL_PREFIX=/home/ciderlab-server3/workspace/2026_industry_cowork/IsaacSim-ros_workspaces/humble_ws/install/turtlebot3_manipulation_cartographer
[0.974s] DEBUG:colcon.colcon_core.event_handler.log_command:Invoking command in '/home/ciderlab-server3/workspace/2026_industry_cowork/IsaacSim-ros_workspaces/humble_ws/build/turtlebot3_manipulation_cartographer': CMAKE_PREFIX_PATH=${CMAKE_PREFIX_PATH}:/home/ciderlab-server3/workspace/2026_industry_cowork/IsaacSim-ros_workspaces/humble_ws/install/turtlebot3_manipulation_navigation2:/home/ciderlab-server3/workspace/2026_industry_cowork/IsaacSim-ros_workspaces/humble_ws/install/turtlebot3_manipulation_description:/home/ciderlab-server3/workspace/2026_industry_cowork/IsaacSim-ros_workspaces/humble_ws/install/turtlebot3_manipulation_cartographer:/home/ciderlab-server3/workspace/2026_industry_cowork/IsaacSim-ros_workspaces/humble_ws/install/isaacsim_clearpath_nav2:/home/ciderlab-server3/workspace/2026_industry_cowork/IsaacSim-ros_workspaces/humble_ws/install/isaacsim_bringup:/home/ciderlab-server3/workspace/2026_industry_cowork/IsaacSim-ros_workspaces/humble_ws/install/isaac_tutorials:/home/ciderlab-server3/workspace/2026_industry_cowork/IsaacSim-ros_workspaces/humble_ws/install/isaac_ros_navigation_goal:/home/ciderlab-server3/workspace/2026_industry_cowork/IsaacSim-ros_workspaces/humble_ws/install/isaac_moveit:/home/ciderlab-server3/workspace/2026_industry_cowork/IsaacSim-ros_workspaces/humble_ws/install/isaac_compressed_image_decoder:/home/ciderlab-server3/workspace/2026_industry_cowork/IsaacSim-ros_workspaces/humble_ws/install/h1_fullbody_controller:/home/ciderlab-server3/workspace/2026_industry_cowork/IsaacSim-ros_workspaces/humble_ws/install/cmdvel_to_ackermann:/home/ciderlab-server3/workspace/2026_industry_cowork/IsaacSim-ros_workspaces/humble_ws/install/carter_navigation:/home/ciderlab-server3/turtlebot3_ws/install/turtlebot3_teleop:/home/ciderlab-server3/turtlebot3_ws/install/turtlebot3_example:/home/ciderlab-server3/turtlebot3_ws/install/turtlebot3_dqn:/home/ciderlab-server3/turtlebot3_ws/install/turtlebot3_home_service_challenge_core:/home/ciderlab-server3/turtlebot3_ws/install/turtlebot3_home_service_challenge_aruco:/opt/ros/humble /usr/bin/cmake --build /home/ciderlab-server3/workspace/2026_industry_cowork/IsaacSim-ros_workspaces/humble_ws/build/turtlebot3_manipulation_cartographer -- -j24 -l24
[0.975s] DEBUG:colcon.colcon_core.event_handler.log_command:Invoked command in '/home/ciderlab-server3/workspace/2026_industry_cowork/IsaacSim-ros_workspaces/humble_ws/build/turtlebot3_manipulation_navigation2' returned '0': CMAKE_PREFIX_PATH=${CMAKE_PREFIX_PATH}:/home/ciderlab-server3/workspace/2026_industry_cowork/IsaacSim-ros_workspaces/humble_ws/install/turtlebot3_manipulation_navigation2:/home/ciderlab-server3/workspace/2026_industry_cowork/IsaacSim-ros_workspaces/humble_ws/install/turtlebot3_manipulation_description:/home/ciderlab-server3/workspace/2026_industry_cowork/IsaacSim-ros_workspaces/humble_ws/install/turtlebot3_manipulation_cartographer:/home/ciderlab-server3/workspace/2026_industry_cowork/IsaacSim-ros_workspaces/humble_ws/install/isaacsim_clearpath_nav2:/home/ciderlab-server3/workspace/2026_industry_cowork/IsaacSim-ros_workspaces/humble_ws/install/isaacsim_bringup:/home/ciderlab-server3/workspace/2026_industry_cowork/IsaacSim-ros_workspaces/humble_ws/install/isaac_tutorials:/home/ciderlab-server3/workspace/2026_industry_cowork/IsaacSim-ros_workspaces/humble_ws/install/isaac_ros_navigation_goal:/home/ciderlab-server3/workspace/2026_industry_cowork/IsaacSim-ros_workspaces/humble_ws/install/isaac_moveit:/home/ciderlab-server3/workspace/2026_industry_cowork/IsaacSim-ros_workspaces/humble_ws/install/isaac_compressed_image_decoder:/home/ciderlab-server3/workspace/2026_industry_cowork/IsaacSim-ros_workspaces/humble_ws/install/h1_fullbody_controller:/home/ciderlab-server3/workspace/2026_industry_cowork/IsaacSim-ros_workspaces/humble_ws/install/cmdvel_to_ackermann:/home/ciderlab-server3/workspace/2026_industry_cowork/IsaacSim-ros_workspaces/humble_ws/install/carter_navigation:/home/ciderlab-server3/turtlebot3_ws/install/turtlebot3_teleop:/home/ciderlab-server3/turtlebot3_ws/install/turtlebot3_example:/home/ciderlab-server3/turtlebot3_ws/install/turtlebot3_dqn:/home/ciderlab-server3/turtlebot3_ws/install/turtlebot3_home_service_challenge_core:/home/ciderlab-server3/turtlebot3_ws/install/turtlebot3_home_service_challenge_aruco:/opt/ros/humble /usr/bin/cmake /home/ciderlab-server3/workspace/2026_industry_cowork/IsaacSim-ros_workspaces/humble_ws/src/turtlebot3_manipulation/turtlebot3_manipulation_navigation2 -DCMAKE_INSTALL_PREFIX=/home/ciderlab-server3/workspace/2026_industry_cowork/IsaacSim-ros_workspaces/humble_ws/install/turtlebot3_manipulation_navigation2
[0.975s] DEBUG:colcon.colcon_core.event_handler.log_command:Invoking command in '/home/ciderlab-server3/workspace/2026_industry_cowork/IsaacSim-ros_workspaces/humble_ws/build/turtlebot3_manipulation_navigation2': CMAKE_PREFIX_PATH=${CMAKE_PREFIX_PATH}:/home/ciderlab-server3/workspace/2026_industry_cowork/IsaacSim-ros_workspaces/humble_ws/install/turtlebot3_manipulation_navigation2:/home/ciderlab-server3/workspace/2026_industry_cowork/IsaacSim-ros_workspaces/humble_ws/install/turtlebot3_manipulation_description:/home/ciderlab-server3/workspace/2026_industry_cowork/IsaacSim-ros_workspaces/humble_ws/install/turtlebot3_manipulation_cartographer:/home/ciderlab-server3/workspace/2026_industry_cowork/IsaacSim-ros_workspaces/humble_ws/install/isaacsim_clearpath_nav2:/home/ciderlab-server3/workspace/2026_industry_cowork/IsaacSim-ros_workspaces/humble_ws/install/isaacsim_bringup:/home/ciderlab-server3/workspace/2026_industry_cowork/IsaacSim-ros_workspaces/humble_ws/install/isaac_tutorials:/home/ciderlab-server3/workspace/2026_industry_cowork/IsaacSim-ros_workspaces/humble_ws/install/isaac_ros_navigation_goal:/home/ciderlab-server3/workspace/2026_industry_cowork/IsaacSim-ros_workspaces/humble_ws/install/isaac_moveit:/home/ciderlab-server3/workspace/2026_industry_cowork/IsaacSim-ros_workspaces/humble_ws/install/isaac_compressed_image_decoder:/home/ciderlab-server3/workspace/2026_industry_cowork/IsaacSim-ros_workspaces/humble_ws/install/h1_fullbody_controller:/home/ciderlab-server3/workspace/2026_industry_cowork/IsaacSim-ros_workspaces/humble_ws/install/cmdvel_to_ackermann:/home/ciderlab-server3/workspace/2026_industry_cowork/IsaacSim-ros_workspaces/humble_ws/install/carter_navigation:/home/ciderlab-server3/turtlebot3_ws/install/turtlebot3_teleop:/home/ciderlab-server3/turtlebot3_ws/install/turtlebot3_example:/home/ciderlab-server3/turtlebot3_ws/install/turtlebot3_dqn:/home/ciderlab-server3/turtlebot3_ws/install/turtlebot3_home_service_challenge_core:/home/ciderlab-server3/turtlebot3_ws/install/turtlebot3_home_service_challenge_aruco:/opt/ros/humble /usr/bin/cmake --build /home/ciderlab-server3/workspace/2026_industry_cowork/IsaacSim-ros_workspaces/humble_ws/build/turtlebot3_manipulation_navigation2 -- -j24 -l24
[0.975s] DEBUG:colcon.colcon_core.event_handler.log_command:Invoked command in '/home/ciderlab-server3/workspace/2026_industry_cowork/IsaacSim-ros_workspaces/humble_ws/build/isaac_tutorials' returned '0': CMAKE_PREFIX_PATH=${CMAKE_PREFIX_PATH}:/home/ciderlab-server3/workspace/2026_industry_cowork/IsaacSim-ros_workspaces/humble_ws/install/turtlebot3_manipulation_navigation2:/home/ciderlab-server3/workspace/2026_industry_cowork/IsaacSim-ros_workspaces/humble_ws/install/turtlebot3_manipulation_description:/home/ciderlab-server3/workspace/2026_industry_cowork/IsaacSim-ros_workspaces/humble_ws/install/turtlebot3_manipulation_cartographer:/home/ciderlab-server3/workspace/2026_industry_cowork/IsaacSim-ros_workspaces/humble_ws/install/isaacsim_clearpath_nav2:/home/ciderlab-server3/workspace/2026_industry_cowork/IsaacSim-ros_workspaces/humble_ws/install/isaacsim_bringup:/home/ciderlab-server3/workspace/2026_industry_cowork/IsaacSim-ros_workspaces/humble_ws/install/isaac_tutorials:/home/ciderlab-server3/workspace/2026_industry_cowork/IsaacSim-ros_workspaces/humble_ws/install/isaac_ros_navigation_goal:/home/ciderlab-server3/workspace/2026_industry_cowork/IsaacSim-ros_workspaces/humble_ws/install/isaac_moveit:/home/ciderlab-server3/workspace/2026_industry_cowork/IsaacSim-ros_workspaces/humble_ws/install/isaac_compressed_image_decoder:/home/ciderlab-server3/workspace/2026_industry_cowork/IsaacSim-ros_workspaces/humble_ws/install/h1_fullbody_controller:/home/ciderlab-server3/workspace/2026_industry_cowork/IsaacSim-ros_workspaces/humble_ws/install/cmdvel_to_ackermann:/home/ciderlab-server3/workspace/2026_industry_cowork/IsaacSim-ros_workspaces/humble_ws/install/carter_navigation:/home/ciderlab-server3/turtlebot3_ws/install/turtlebot3_teleop:/home/ciderlab-server3/turtlebot3_ws/install/turtlebot3_example:/home/ciderlab-server3/turtlebot3_ws/install/turtlebot3_dqn:/home/ciderlab-server3/turtlebot3_ws/install/turtlebot3_home_service_challenge_core:/home/ciderlab-server3/turtlebot3_ws/install/turtlebot3_home_service_challenge_aruco:/opt/ros/humble /usr/bin/cmake /home/ciderlab-server3/workspace/2026_industry_cowork/IsaacSim-ros_workspaces/humble_ws/src/isaac_tutorials -DCMAKE_INSTALL_PREFIX=/home/ciderlab-server3/workspace/2026_industry_cowork/IsaacSim-ros_workspaces/humble_ws/install/isaac_tutorials
[0.976s] DEBUG:colcon.colcon_core.event_handler.log_command:Invoking command in '/home/ciderlab-server3/workspace/2026_industry_cowork/IsaacSim-ros_workspaces/humble_ws/build/isaac_tutorials': CMAKE_PREFIX_PATH=${CMAKE_PREFIX_PATH}:/home/ciderlab-server3/workspace/2026_industry_cowork/IsaacSim-ros_workspaces/humble_ws/install/turtlebot3_manipulation_navigation2:/home/ciderlab-server3/workspace/2026_industry_cowork/IsaacSim-ros_workspaces/humble_ws/install/turtlebot3_manipulation_description:/home/ciderlab-server3/workspace/2026_industry_cowork/IsaacSim-ros_workspaces/humble_ws/install/turtlebot3_manipulation_cartographer:/home/ciderlab-server3/workspace/2026_industry_cowork/IsaacSim-ros_workspaces/humble_ws/install/isaacsim_clearpath_nav2:/home/ciderlab-server3/workspace/2026_industry_cowork/IsaacSim-ros_workspaces/humble_ws/install/isaacsim_bringup:/home/ciderlab-server3/workspace/2026_industry_cowork/IsaacSim-ros_workspaces/humble_ws/install/isaac_tutorials:/home/ciderlab-server3/workspace/2026_industry_cowork/IsaacSim-ros_workspaces/humble_ws/install/isaac_ros_navigation_goal:/home/ciderlab-server3/workspace/2026_industry_cowork/IsaacSim-ros_workspaces/humble_ws/install/isaac_moveit:/home/ciderlab-server3/workspace/2026_industry_cowork/IsaacSim-ros_workspaces/humble_ws/install/isaac_compressed_image_decoder:/home/ciderlab-server3/workspace/2026_industry_cowork/IsaacSim-ros_workspaces/humble_ws/install/h1_fullbody_controller:/home/ciderlab-server3/workspace/2026_industry_cowork/IsaacSim-ros_workspaces/humble_ws/install/cmdvel_to_ackermann:/home/ciderlab-server3/workspace/2026_industry_cowork/IsaacSim-ros_workspaces/humble_ws/install/carter_navigation:/home/ciderlab-server3/turtlebot3_ws/install/turtlebot3_teleop:/home/ciderlab-server3/turtlebot3_ws/install/turtlebot3_example:/home/ciderlab-server3/turtlebot3_ws/install/turtlebot3_dqn:/home/ciderlab-server3/turtlebot3_ws/install/turtlebot3_home_service_challenge_core:/home/ciderlab-server3/turtlebot3_ws/install/turtlebot3_home_service_challenge_aruco:/opt/ros/humble /usr/bin/cmake --build /home/ciderlab-server3/workspace/2026_industry_cowork/IsaacSim-ros_workspaces/humble_ws/build/isaac_tutorials -- -j24 -l24
[0.976s] DEBUG:colcon.colcon_core.event_handler.log_command:Invoked command in '/home/ciderlab-server3/workspace/2026_industry_cowork/IsaacSim-ros_workspaces/humble_ws/build/turtlebot3_manipulation_hardware' returned '0': CMAKE_PREFIX_PATH=${CMAKE_PREFIX_PATH}:/home/ciderlab-server3/workspace/2026_industry_cowork/IsaacSim-ros_workspaces/humble_ws/install/turtlebot3_manipulation_navigation2:/home/ciderlab-server3/workspace/2026_industry_cowork/IsaacSim-ros_workspaces/humble_ws/install/turtlebot3_manipulation_description:/home/ciderlab-server3/workspace/2026_industry_cowork/IsaacSim-ros_workspaces/humble_ws/install/turtlebot3_manipulation_cartographer:/home/ciderlab-server3/workspace/2026_industry_cowork/IsaacSim-ros_workspaces/humble_ws/install/isaacsim_clearpath_nav2:/home/ciderlab-server3/workspace/2026_industry_cowork/IsaacSim-ros_workspaces/humble_ws/install/isaacsim_bringup:/home/ciderlab-server3/workspace/2026_industry_cowork/IsaacSim-ros_workspaces/humble_ws/install/isaac_tutorials:/home/ciderlab-server3/workspace/2026_industry_cowork/IsaacSim-ros_workspaces/humble_ws/install/isaac_ros_navigation_goal:/home/ciderlab-server3/workspace/2026_industry_cowork/IsaacSim-ros_workspaces/humble_ws/install/isaac_moveit:/home/ciderlab-server3/workspace/2026_industry_cowork/IsaacSim-ros_workspaces/humble_ws/install/isaac_compressed_image_decoder:/home/ciderlab-server3/workspace/2026_industry_cowork/IsaacSim-ros_workspaces/humble_ws/install/h1_fullbody_controller:/home/ciderlab-server3/workspace/2026_industry_cowork/IsaacSim-ros_workspaces/humble_ws/install/cmdvel_to_ackermann:/home/ciderlab-server3/workspace/2026_industry_cowork/IsaacSim-ros_workspaces/humble_ws/install/carter_navigation:/home/ciderlab-server3/turtlebot3_ws/install/turtlebot3_teleop:/home/ciderlab-server3/turtlebot3_ws/install/turtlebot3_example:/home/ciderlab-server3/turtlebot3_ws/install/turtlebot3_dqn:/home/ciderlab-server3/turtlebot3_ws/install/turtlebot3_home_service_challenge_core:/home/ciderlab-server3/turtlebot3_ws/install/turtlebot3_home_service_challenge_aruco:/opt/ros/humble /usr/bin/cmake /home/ciderlab-server3/workspace/2026_industry_cowork/IsaacSim-ros_workspaces/humble_ws/src/turtlebot3_manipulation/turtlebot3_manipulation_hardware -DCMAKE_INSTALL_PREFIX=/home/ciderlab-server3/workspace/2026_industry_cowork/IsaacSim-ros_workspaces/humble_ws/install/turtlebot3_manipulation_hardware
[0.977s] DEBUG:colcon.colcon_core.event_handler.log_command:Invoking command in '/home/ciderlab-server3/workspace/2026_industry_cowork/IsaacSim-ros_workspaces/humble_ws/build/turtlebot3_manipulation_hardware': CMAKE_PREFIX_PATH=${CMAKE_PREFIX_PATH}:/home/ciderlab-server3/workspace/2026_industry_cowork/IsaacSim-ros_workspaces/humble_ws/install/turtlebot3_manipulation_navigation2:/home/ciderlab-server3/workspace/2026_industry_cowork/IsaacSim-ros_workspaces/humble_ws/install/turtlebot3_manipulation_description:/home/ciderlab-server3/workspace/2026_industry_cowork/IsaacSim-ros_workspaces/humble_ws/install/turtlebot3_manipulation_cartographer:/home/ciderlab-server3/workspace/2026_industry_cowork/IsaacSim-ros_workspaces/humble_ws/install/isaacsim_clearpath_nav2:/home/ciderlab-server3/workspace/2026_industry_cowork/IsaacSim-ros_workspaces/humble_ws/install/isaacsim_bringup:/home/ciderlab-server3/workspace/2026_industry_cowork/IsaacSim-ros_workspaces/humble_ws/install/isaac_tutorials:/home/ciderlab-server3/workspace/2026_industry_cowork/IsaacSim-ros_workspaces/humble_ws/install/isaac_ros_navigation_goal:/home/ciderlab-server3/workspace/2026_industry_cowork/IsaacSim-ros_workspaces/humble_ws/install/isaac_moveit:/home/ciderlab-server3/workspace/2026_industry_cowork/IsaacSim-ros_workspaces/humble_ws/install/isaac_compressed_image_decoder:/home/ciderlab-server3/workspace/2026_industry_cowork/IsaacSim-ros_workspaces/humble_ws/install/h1_fullbody_controller:/home/ciderlab-server3/workspace/2026_industry_cowork/IsaacSim-ros_workspaces/humble_ws/install/cmdvel_to_ackermann:/home/ciderlab-server3/workspace/2026_industry_cowork/IsaacSim-ros_workspaces/humble_ws/install/carter_navigation:/home/ciderlab-server3/turtlebot3_ws/install/turtlebot3_teleop:/home/ciderlab-server3/turtlebot3_ws/install/turtlebot3_example:/home/ciderlab-server3/turtlebot3_ws/install/turtlebot3_dqn:/home/ciderlab-server3/turtlebot3_ws/install/turtlebot3_home_service_challenge_core:/home/ciderlab-server3/turtlebot3_ws/install/turtlebot3_home_service_challenge_aruco:/opt/ros/humble /usr/bin/cmake --build /home/ciderlab-server3/workspace/2026_industry_cowork/IsaacSim-ros_workspaces/humble_ws/build/turtlebot3_manipulation_hardware -- -j24 -l24
[0.977s] DEBUG:colcon.colcon_core.event_handler.log_command:Invoked command in '/home/ciderlab-server3/workspace/2026_industry_cowork/IsaacSim-ros_workspaces/humble_ws/build/turtlebot3_manipulation_description' returned '0': CMAKE_PREFIX_PATH=${CMAKE_PREFIX_PATH}:/home/ciderlab-server3/workspace/2026_industry_cowork/IsaacSim-ros_workspaces/humble_ws/install/turtlebot3_manipulation_navigation2:/home/ciderlab-server3/workspace/2026_industry_cowork/IsaacSim-ros_workspaces/humble_ws/install/turtlebot3_manipulation_description:/home/ciderlab-server3/workspace/2026_industry_cowork/IsaacSim-ros_workspaces/humble_ws/install/turtlebot3_manipulation_cartographer:/home/ciderlab-server3/workspace/2026_industry_cowork/IsaacSim-ros_workspaces/humble_ws/install/isaacsim_clearpath_nav2:/home/ciderlab-server3/workspace/2026_industry_cowork/IsaacSim-ros_workspaces/humble_ws/install/isaacsim_bringup:/home/ciderlab-server3/workspace/2026_industry_cowork/IsaacSim-ros_workspaces/humble_ws/install/isaac_tutorials:/home/ciderlab-server3/workspace/2026_industry_cowork/IsaacSim-ros_workspaces/humble_ws/install/isaac_ros_navigation_goal:/home/ciderlab-server3/workspace/2026_industry_cowork/IsaacSim-ros_workspaces/humble_ws/install/isaac_moveit:/home/ciderlab-server3/workspace/2026_industry_cowork/IsaacSim-ros_workspaces/humble_ws/install/isaac_compressed_image_decoder:/home/ciderlab-server3/workspace/2026_industry_cowork/IsaacSim-ros_workspaces/humble_ws/install/h1_fullbody_controller:/home/ciderlab-server3/workspace/2026_industry_cowork/IsaacSim-ros_workspaces/humble_ws/install/cmdvel_to_ackermann:/home/ciderlab-server3/workspace/2026_industry_cowork/IsaacSim-ros_workspaces/humble_ws/install/carter_navigation:/home/ciderlab-server3/turtlebot3_ws/install/turtlebot3_teleop:/home/ciderlab-server3/turtlebot3_ws/install/turtlebot3_example:/home/ciderlab-server3/turtlebot3_ws/install/turtlebot3_dqn:/home/ciderlab-server3/turtlebot3_ws/install/turtlebot3_home_service_challenge_core:/home/ciderlab-server3/turtlebot3_ws/install/turtlebot3_home_service_challenge_aruco:/opt/ros/humble /usr/bin/cmake /home/ciderlab-server3/workspace/2026_industry_cowork/IsaacSim-ros_workspaces/humble_ws/src/turtlebot3_manipulation/turtlebot3_manipulation_description -DCMAKE_INSTALL_PREFIX=/home/ciderlab-server3/workspace/2026_industry_cowork/IsaacSim-ros_workspaces/humble_ws/install/turtlebot3_manipulation_description
[0.980s] DEBUG:colcon.colcon_core.event_handler.log_command:Invoking command in '/home/ciderlab-server3/workspace/2026_industry_cowork/IsaacSim-ros_workspaces/humble_ws/build/turtlebot3_manipulation_description': CMAKE_PREFIX_PATH=${CMAKE_PREFIX_PATH}:/home/ciderlab-server3/workspace/2026_industry_cowork/IsaacSim-ros_workspaces/humble_ws/install/turtlebot3_manipulation_navigation2:/home/ciderlab-server3/workspace/2026_industry_cowork/IsaacSim-ros_workspaces/humble_ws/install/turtlebot3_manipulation_description:/home/ciderlab-server3/workspace/2026_industry_cowork/IsaacSim-ros_workspaces/humble_ws/install/turtlebot3_manipulation_cartographer:/home/ciderlab-server3/workspace/2026_industry_cowork/IsaacSim-ros_workspaces/humble_ws/install/isaacsim_clearpath_nav2:/home/ciderlab-server3/workspace/2026_industry_cowork/IsaacSim-ros_workspaces/humble_ws/install/isaacsim_bringup:/home/ciderlab-server3/workspace/2026_industry_cowork/IsaacSim-ros_workspaces/humble_ws/install/isaac_tutorials:/home/ciderlab-server3/workspace/2026_industry_cowork/IsaacSim-ros_workspaces/humble_ws/install/isaac_ros_navigation_goal:/home/ciderlab-server3/workspace/2026_industry_cowork/IsaacSim-ros_workspaces/humble_ws/install/isaac_moveit:/home/ciderlab-server3/workspace/2026_industry_cowork/IsaacSim-ros_workspaces/humble_ws/install/isaac_compressed_image_decoder:/home/ciderlab-server3/workspace/2026_industry_cowork/IsaacSim-ros_workspaces/humble_ws/install/h1_fullbody_controller:/home/ciderlab-server3/workspace/2026_industry_cowork/IsaacSim-ros_workspaces/humble_ws/install/cmdvel_to_ackermann:/home/ciderlab-server3/workspace/2026_industry_cowork/IsaacSim-ros_workspaces/humble_ws/install/carter_navigation:/home/ciderlab-server3/turtlebot3_ws/install/turtlebot3_teleop:/home/ciderlab-server3/turtlebot3_ws/install/turtlebot3_example:/home/ciderlab-server3/turtlebot3_ws/install/turtlebot3_dqn:/home/ciderlab-server3/turtlebot3_ws/install/turtlebot3_home_service_challenge_core:/home/ciderlab-server3/turtlebot3_ws/install/turtlebot3_home_service_challenge_aruco:/opt/ros/humble /usr/bin/cmake --build /home/ciderlab-server3/workspace/2026_industry_cowork/IsaacSim-ros_workspaces/humble_ws/build/turtlebot3_manipulation_description -- -j24 -l24
[0.980s] DEBUG:colcon.colcon_core.event_handler.log_command:Invoked command in '/home/ciderlab-server3/workspace/2026_industry_cowork/IsaacSim-ros_workspaces/humble_ws/build/carter_navigation' returned '0': CMAKE_PREFIX_PATH=${CMAKE_PREFIX_PATH}:/home/ciderlab-server3/workspace/2026_industry_cowork/IsaacSim-ros_workspaces/humble_ws/install/turtlebot3_manipulation_navigation2:/home/ciderlab-server3/workspace/2026_industry_cowork/IsaacSim-ros_workspaces/humble_ws/install/turtlebot3_manipulation_description:/home/ciderlab-server3/workspace/2026_industry_cowork/IsaacSim-ros_workspaces/humble_ws/install/turtlebot3_manipulation_cartographer:/home/ciderlab-server3/workspace/2026_industry_cowork/IsaacSim-ros_workspaces/humble_ws/install/isaacsim_clearpath_nav2:/home/ciderlab-server3/workspace/2026_industry_cowork/IsaacSim-ros_workspaces/humble_ws/install/isaacsim_bringup:/home/ciderlab-server3/workspace/2026_industry_cowork/IsaacSim-ros_workspaces/humble_ws/install/isaac_tutorials:/home/ciderlab-server3/workspace/2026_industry_cowork/IsaacSim-ros_workspaces/humble_ws/install/isaac_ros_navigation_goal:/home/ciderlab-server3/workspace/2026_industry_cowork/IsaacSim-ros_workspaces/humble_ws/install/isaac_moveit:/home/ciderlab-server3/workspace/2026_industry_cowork/IsaacSim-ros_workspaces/humble_ws/install/isaac_compressed_image_decoder:/home/ciderlab-server3/workspace/2026_industry_cowork/IsaacSim-ros_workspaces/humble_ws/install/h1_fullbody_controller:/home/ciderlab-server3/workspace/2026_industry_cowork/IsaacSim-ros_workspaces/humble_ws/install/cmdvel_to_ackermann:/home/ciderlab-server3/workspace/2026_industry_cowork/IsaacSim-ros_workspaces/humble_ws/install/carter_navigation:/home/ciderlab-server3/turtlebot3_ws/install/turtlebot3_teleop:/home/ciderlab-server3/turtlebot3_ws/install/turtlebot3_example:/home/ciderlab-server3/turtlebot3_ws/install/turtlebot3_dqn:/home/ciderlab-server3/turtlebot3_ws/install/turtlebot3_home_service_challenge_core:/home/ciderlab-server3/turtlebot3_ws/install/turtlebot3_home_service_challenge_aruco:/opt/ros/humble /usr/bin/cmake /home/ciderlab-server3/workspace/2026_industry_cowork/IsaacSim-ros_workspaces/humble_ws/src/navigation/carter_navigation -DCMAKE_INSTALL_PREFIX=/home/ciderlab-server3/workspace/2026_industry_cowork/IsaacSim-ros_workspaces/humble_ws/install/carter_navigation
[0.984s] DEBUG:colcon.colcon_core.event_handler.log_command:Invoking command in '/home/ciderlab-server3/workspace/2026_industry_cowork/IsaacSim-ros_workspaces/humble_ws/build/carter_navigation': CMAKE_PREFIX_PATH=${CMAKE_PREFIX_PATH}:/home/ciderlab-server3/workspace/2026_industry_cowork/IsaacSim-ros_workspaces/humble_ws/install/turtlebot3_manipulation_navigation2:/home/ciderlab-server3/workspace/2026_industry_cowork/IsaacSim-ros_workspaces/humble_ws/install/turtlebot3_manipulation_description:/home/ciderlab-server3/workspace/2026_industry_cowork/IsaacSim-ros_workspaces/humble_ws/install/turtlebot3_manipulation_cartographer:/home/ciderlab-server3/workspace/2026_industry_cowork/IsaacSim-ros_workspaces/humble_ws/install/isaacsim_clearpath_nav2:/home/ciderlab-server3/workspace/2026_industry_cowork/IsaacSim-ros_workspaces/humble_ws/install/isaacsim_bringup:/home/ciderlab-server3/workspace/2026_industry_cowork/IsaacSim-ros_workspaces/humble_ws/install/isaac_tutorials:/home/ciderlab-server3/workspace/2026_industry_cowork/IsaacSim-ros_workspaces/humble_ws/install/isaac_ros_navigation_goal:/home/ciderlab-server3/workspace/2026_industry_cowork/IsaacSim-ros_workspaces/humble_ws/install/isaac_moveit:/home/ciderlab-server3/workspace/2026_industry_cowork/IsaacSim-ros_workspaces/humble_ws/install/isaac_compressed_image_decoder:/home/ciderlab-server3/workspace/2026_industry_cowork/IsaacSim-ros_workspaces/humble_ws/install/h1_fullbody_controller:/home/ciderlab-server3/workspace/2026_industry_cowork/IsaacSim-ros_workspaces/humble_ws/install/cmdvel_to_ackermann:/home/ciderlab-server3/workspace/2026_industry_cowork/IsaacSim-ros_workspaces/humble_ws/install/carter_navigation:/home/ciderlab-server3/turtlebot3_ws/install/turtlebot3_teleop:/home/ciderlab-server3/turtlebot3_ws/install/turtlebot3_example:/home/ciderlab-server3/turtlebot3_ws/install/turtlebot3_dqn:/home/ciderlab-server3/turtlebot3_ws/install/turtlebot3_home_service_challenge_core:/home/ciderlab-server3/turtlebot3_ws/install/turtlebot3_home_service_challenge_aruco:/opt/ros/humble /usr/bin/cmake --build /home/ciderlab-server3/workspace/2026_industry_cowork/IsaacSim-ros_workspaces/humble_ws/build/carter_navigation -- -j24 -l24
[1.005s] DEBUG:colcon.colcon_core.event_handler.log_command:Invoked command in '/home/ciderlab-server3/workspace/2026_industry_cowork/IsaacSim-ros_workspaces/humble_ws/build/isaac_tutorials' returned '0': CMAKE_PREFIX_PATH=${CMAKE_PREFIX_PATH}:/home/ciderlab-server3/workspace/2026_industry_cowork/IsaacSim-ros_workspaces/humble_ws/install/turtlebot3_manipulation_navigation2:/home/ciderlab-server3/workspace/2026_industry_cowork/IsaacSim-ros_workspaces/humble_ws/install/turtlebot3_manipulation_description:/home/ciderlab-server3/workspace/2026_industry_cowork/IsaacSim-ros_workspaces/humble_ws/install/turtlebot3_manipulation_cartographer:/home/ciderlab-server3/workspace/2026_industry_cowork/IsaacSim-ros_workspaces/humble_ws/install/isaacsim_clearpath_nav2:/home/ciderlab-server3/workspace/2026_industry_cowork/IsaacSim-ros_workspaces/humble_ws/install/isaacsim_bringup:/home/ciderlab-server3/workspace/2026_industry_cowork/IsaacSim-ros_workspaces/humble_ws/install/isaac_tutorials:/home/ciderlab-server3/workspace/2026_industry_cowork/IsaacSim-ros_workspaces/humble_ws/install/isaac_ros_navigation_goal:/home/ciderlab-server3/workspace/2026_industry_cowork/IsaacSim-ros_workspaces/humble_ws/install/isaac_moveit:/home/ciderlab-server3/workspace/2026_industry_cowork/IsaacSim-ros_workspaces/humble_ws/install/isaac_compressed_image_decoder:/home/ciderlab-server3/workspace/2026_industry_cowork/IsaacSim-ros_workspaces/humble_ws/install/h1_fullbody_controller:/home/ciderlab-server3/workspace/2026_industry_cowork/IsaacSim-ros_workspaces/humble_ws/install/cmdvel_to_ackermann:/home/ciderlab-server3/workspace/2026_industry_cowork/IsaacSim-ros_workspaces/humble_ws/install/carter_navigation:/home/ciderlab-server3/turtlebot3_ws/install/turtlebot3_teleop:/home/ciderlab-server3/turtlebot3_ws/install/turtlebot3_example:/home/ciderlab-server3/turtlebot3_ws/install/turtlebot3_dqn:/home/ciderlab-server3/turtlebot3_ws/install/turtlebot3_home_service_challenge_core:/home/ciderlab-server3/turtlebot3_ws/install/turtlebot3_home_service_challenge_aruco:/opt/ros/humble /usr/bin/cmake --build /home/ciderlab-server3/workspace/2026_industry_cowork/IsaacSim-ros_workspaces/humble_ws/build/isaac_tutorials -- -j24 -l24
[1.018s] DEBUG:colcon.colcon_core.event_handler.log_command:Invoking command in '/home/ciderlab-server3/workspace/2026_industry_cowork/IsaacSim-ros_workspaces/humble_ws/build/isaac_tutorials': CMAKE_PREFIX_PATH=${CMAKE_PREFIX_PATH}:/home/ciderlab-server3/workspace/2026_industry_cowork/IsaacSim-ros_workspaces/humble_ws/install/turtlebot3_manipulation_navigation2:/home/ciderlab-server3/workspace/2026_industry_cowork/IsaacSim-ros_workspaces/humble_ws/install/turtlebot3_manipulation_description:/home/ciderlab-server3/workspace/2026_industry_cowork/IsaacSim-ros_workspaces/humble_ws/install/turtlebot3_manipulation_cartographer:/home/ciderlab-server3/workspace/2026_industry_cowork/IsaacSim-ros_workspaces/humble_ws/install/isaacsim_clearpath_nav2:/home/ciderlab-server3/workspace/2026_industry_cowork/IsaacSim-ros_workspaces/humble_ws/install/isaacsim_bringup:/home/ciderlab-server3/workspace/2026_industry_cowork/IsaacSim-ros_workspaces/humble_ws/install/isaac_tutorials:/home/ciderlab-server3/workspace/2026_industry_cowork/IsaacSim-ros_workspaces/humble_ws/install/isaac_ros_navigation_goal:/home/ciderlab-server3/workspace/2026_industry_cowork/IsaacSim-ros_workspaces/humble_ws/install/isaac_moveit:/home/ciderlab-server3/workspace/2026_industry_cowork/IsaacSim-ros_workspaces/humble_ws/install/isaac_compressed_image_decoder:/home/ciderlab-server3/workspace/2026_industry_cowork/IsaacSim-ros_workspaces/humble_ws/install/h1_fullbody_controller:/home/ciderlab-server3/workspace/2026_industry_cowork/IsaacSim-ros_workspaces/humble_ws/install/cmdvel_to_ackermann:/home/ciderlab-server3/workspace/2026_industry_cowork/IsaacSim-ros_workspaces/humble_ws/install/carter_navigation:/home/ciderlab-server3/turtlebot3_ws/install/turtlebot3_teleop:/home/ciderlab-server3/turtlebot3_ws/install/turtlebot3_example:/home/ciderlab-server3/turtlebot3_ws/install/turtlebot3_dqn:/home/ciderlab-server3/turtlebot3_ws/install/turtlebot3_home_service_challenge_core:/home/ciderlab-server3/turtlebot3_ws/install/turtlebot3_home_service_challenge_aruco:/opt/ros/humble /usr/bin/cmake --install /home/ciderlab-server3/workspace/2026_industry_cowork/IsaacSim-ros_workspaces/humble_ws/build/isaac_tutorials
[1.018s] DEBUG:colcon.colcon_core.event_handler.log_command:Invoked command in '/home/ciderlab-server3/workspace/2026_industry_cowork/IsaacSim-ros_workspaces/humble_ws/build/turtlebot3_manipulation_navigation2' returned '0': CMAKE_PREFIX_PATH=${CMAKE_PREFIX_PATH}:/home/ciderlab-server3/workspace/2026_industry_cowork/IsaacSim-ros_workspaces/humble_ws/install/turtlebot3_manipulation_navigation2:/home/ciderlab-server3/workspace/2026_industry_cowork/IsaacSim-ros_workspaces/humble_ws/install/turtlebot3_manipulation_description:/home/ciderlab-server3/workspace/2026_industry_cowork/IsaacSim-ros_workspaces/humble_ws/install/turtlebot3_manipulation_cartographer:/home/ciderlab-server3/workspace/2026_industry_cowork/IsaacSim-ros_workspaces/humble_ws/install/isaacsim_clearpath_nav2:/home/ciderlab-server3/workspace/2026_industry_cowork/IsaacSim-ros_workspaces/humble_ws/install/isaacsim_bringup:/home/ciderlab-server3/workspace/2026_industry_cowork/IsaacSim-ros_workspaces/humble_ws/install/isaac_tutorials:/home/ciderlab-server3/workspace/2026_industry_cowork/IsaacSim-ros_workspaces/humble_ws/install/isaac_ros_navigation_goal:/home/ciderlab-server3/workspace/2026_industry_cowork/IsaacSim-ros_workspaces/humble_ws/install/isaac_moveit:/home/ciderlab-server3/workspace/2026_industry_cowork/IsaacSim-ros_workspaces/humble_ws/install/isaac_compressed_image_decoder:/home/ciderlab-server3/workspace/2026_industry_cowork/IsaacSim-ros_workspaces/humble_ws/install/h1_fullbody_controller:/home/ciderlab-server3/workspace/2026_industry_cowork/IsaacSim-ros_workspaces/humble_ws/install/cmdvel_to_ackermann:/home/ciderlab-server3/workspace/2026_industry_cowork/IsaacSim-ros_workspaces/humble_ws/install/carter_navigation:/home/ciderlab-server3/turtlebot3_ws/install/turtlebot3_teleop:/home/ciderlab-server3/turtlebot3_ws/install/turtlebot3_example:/home/ciderlab-server3/turtlebot3_ws/install/turtlebot3_dqn:/home/ciderlab-server3/turtlebot3_ws/install/turtlebot3_home_service_challenge_core:/home/ciderlab-server3/turtlebot3_ws/install/turtlebot3_home_service_challenge_aruco:/opt/ros/humble /usr/bin/cmake --build /home/ciderlab-server3/workspace/2026_industry_cowork/IsaacSim-ros_workspaces/humble_ws/build/turtlebot3_manipulation_navigation2 -- -j24 -l24
[1.019s] DEBUG:colcon.colcon_core.event_handler.log_command:Invoking command in '/home/ciderlab-server3/workspace/2026_industry_cowork/IsaacSim-ros_workspaces/humble_ws/build/turtlebot3_manipulation_navigation2': CMAKE_PREFIX_PATH=${CMAKE_PREFIX_PATH}:/home/ciderlab-server3/workspace/2026_industry_cowork/IsaacSim-ros_workspaces/humble_ws/install/turtlebot3_manipulation_navigation2:/home/ciderlab-server3/workspace/2026_industry_cowork/IsaacSim-ros_workspaces/humble_ws/install/turtlebot3_manipulation_description:/home/ciderlab-server3/workspace/2026_industry_cowork/IsaacSim-ros_workspaces/humble_ws/install/turtlebot3_manipulation_cartographer:/home/ciderlab-server3/workspace/2026_industry_cowork/IsaacSim-ros_workspaces/humble_ws/install/isaacsim_clearpath_nav2:/home/ciderlab-server3/workspace/2026_industry_cowork/IsaacSim-ros_workspaces/humble_ws/install/isaacsim_bringup:/home/ciderlab-server3/workspace/2026_industry_cowork/IsaacSim-ros_workspaces/humble_ws/install/isaac_tutorials:/home/ciderlab-server3/workspace/2026_industry_cowork/IsaacSim-ros_workspaces/humble_ws/install/isaac_ros_navigation_goal:/home/ciderlab-server3/workspace/2026_industry_cowork/IsaacSim-ros_workspaces/humble_ws/install/isaac_moveit:/home/ciderlab-server3/workspace/2026_industry_cowork/IsaacSim-ros_workspaces/humble_ws/install/isaac_compressed_image_decoder:/home/ciderlab-server3/workspace/2026_industry_cowork/IsaacSim-ros_workspaces/humble_ws/install/h1_fullbody_controller:/home/ciderlab-server3/workspace/2026_industry_cowork/IsaacSim-ros_workspaces/humble_ws/install/cmdvel_to_ackermann:/home/ciderlab-server3/workspace/2026_industry_cowork/IsaacSim-ros_workspaces/humble_ws/install/carter_navigation:/home/ciderlab-server3/turtlebot3_ws/install/turtlebot3_teleop:/home/ciderlab-server3/turtlebot3_ws/install/turtlebot3_example:/home/ciderlab-server3/turtlebot3_ws/install/turtlebot3_dqn:/home/ciderlab-server3/turtlebot3_ws/install/turtlebot3_home_service_challenge_core:/home/ciderlab-server3/turtlebot3_ws/install/turtlebot3_home_service_challenge_aruco:/opt/ros/humble /usr/bin/cmake --install /home/ciderlab-server3/workspace/2026_industry_cowork/IsaacSim-ros_workspaces/humble_ws/build/turtlebot3_manipulation_navigation2
[1.023s] DEBUG:colcon.colcon_core.event_handler.log_command:Invoked command in '/home/ciderlab-server3/workspace/2026_industry_cowork/IsaacSim-ros_workspaces/humble_ws/build/turtlebot3_manipulation_cartographer' returned '0': CMAKE_PREFIX_PATH=${CMAKE_PREFIX_PATH}:/home/ciderlab-server3/workspace/2026_industry_cowork/IsaacSim-ros_workspaces/humble_ws/install/turtlebot3_manipulation_navigation2:/home/ciderlab-server3/workspace/2026_industry_cowork/IsaacSim-ros_workspaces/humble_ws/install/turtlebot3_manipulation_description:/home/ciderlab-server3/workspace/2026_industry_cowork/IsaacSim-ros_workspaces/humble_ws/install/turtlebot3_manipulation_cartographer:/home/ciderlab-server3/workspace/2026_industry_cowork/IsaacSim-ros_workspaces/humble_ws/install/isaacsim_clearpath_nav2:/home/ciderlab-server3/workspace/2026_industry_cowork/IsaacSim-ros_workspaces/humble_ws/install/isaacsim_bringup:/home/ciderlab-server3/workspace/2026_industry_cowork/IsaacSim-ros_workspaces/humble_ws/install/isaac_tutorials:/home/ciderlab-server3/workspace/2026_industry_cowork/IsaacSim-ros_workspaces/humble_ws/install/isaac_ros_navigation_goal:/home/ciderlab-server3/workspace/2026_industry_cowork/IsaacSim-ros_workspaces/humble_ws/install/isaac_moveit:/home/ciderlab-server3/workspace/2026_industry_cowork/IsaacSim-ros_workspaces/humble_ws/install/isaac_compressed_image_decoder:/home/ciderlab-server3/workspace/2026_industry_cowork/IsaacSim-ros_workspaces/humble_ws/install/h1_fullbody_controller:/home/ciderlab-server3/workspace/2026_industry_cowork/IsaacSim-ros_workspaces/humble_ws/install/cmdvel_to_ackermann:/home/ciderlab-server3/workspace/2026_industry_cowork/IsaacSim-ros_workspaces/humble_ws/install/carter_navigation:/home/ciderlab-server3/turtlebot3_ws/install/turtlebot3_teleop:/home/ciderlab-server3/turtlebot3_ws/install/turtlebot3_example:/home/ciderlab-server3/turtlebot3_ws/install/turtlebot3_dqn:/home/ciderlab-server3/turtlebot3_ws/install/turtlebot3_home_service_challenge_core:/home/ciderlab-server3/turtlebot3_ws/install/turtlebot3_home_service_challenge_aruco:/opt/ros/humble /usr/bin/cmake --build /home/ciderlab-server3/workspace/2026_industry_cowork/IsaacSim-ros_workspaces/humble_ws/build/turtlebot3_manipulation_cartographer -- -j24 -l24
[1.028s] DEBUG:colcon.colcon_core.event_handler.log_command:Invoking command in '/home/ciderlab-server3/workspace/2026_industry_cowork/IsaacSim-ros_workspaces/humble_ws/build/turtlebot3_manipulation_cartographer': CMAKE_PREFIX_PATH=${CMAKE_PREFIX_PATH}:/home/ciderlab-server3/workspace/2026_industry_cowork/IsaacSim-ros_workspaces/humble_ws/install/turtlebot3_manipulation_navigation2:/home/ciderlab-server3/workspace/2026_industry_cowork/IsaacSim-ros_workspaces/humble_ws/install/turtlebot3_manipulation_description:/home/ciderlab-server3/workspace/2026_industry_cowork/IsaacSim-ros_workspaces/humble_ws/install/turtlebot3_manipulation_cartographer:/home/ciderlab-server3/workspace/2026_industry_cowork/IsaacSim-ros_workspaces/humble_ws/install/isaacsim_clearpath_nav2:/home/ciderlab-server3/workspace/2026_industry_cowork/IsaacSim-ros_workspaces/humble_ws/install/isaacsim_bringup:/home/ciderlab-server3/workspace/2026_industry_cowork/IsaacSim-ros_workspaces/humble_ws/install/isaac_tutorials:/home/ciderlab-server3/workspace/2026_industry_cowork/IsaacSim-ros_workspaces/humble_ws/install/isaac_ros_navigation_goal:/home/ciderlab-server3/workspace/2026_industry_cowork/IsaacSim-ros_workspaces/humble_ws/install/isaac_moveit:/home/ciderlab-server3/workspace/2026_industry_cowork/IsaacSim-ros_workspaces/humble_ws/install/isaac_compressed_image_decoder:/home/ciderlab-server3/workspace/2026_industry_cowork/IsaacSim-ros_workspaces/humble_ws/install/h1_fullbody_controller:/home/ciderlab-server3/workspace/2026_industry_cowork/IsaacSim-ros_workspaces/humble_ws/install/cmdvel_to_ackermann:/home/ciderlab-server3/workspace/2026_industry_cowork/IsaacSim-ros_workspaces/humble_ws/install/carter_navigation:/home/ciderlab-server3/turtlebot3_ws/install/turtlebot3_teleop:/home/ciderlab-server3/turtlebot3_ws/install/turtlebot3_example:/home/ciderlab-server3/turtlebot3_ws/install/turtlebot3_dqn:/home/ciderlab-server3/turtlebot3_ws/install/turtlebot3_home_service_challenge_core:/home/ciderlab-server3/turtlebot3_ws/install/turtlebot3_home_service_challenge_aruco:/opt/ros/humble /usr/bin/cmake --install /home/ciderlab-server3/workspace/2026_industry_cowork/IsaacSim-ros_workspaces/humble_ws/build/turtlebot3_manipulation_cartographer
[1.035s] Level 1:colcon.colcon_core.environment:create_environment_scripts_only(turtlebot3_manipulation_navigation2)
[1.036s] DEBUG:colcon.colcon_core.event_handler.log_command:Invoked command in '/home/ciderlab-server3/workspace/2026_industry_cowork/IsaacSim-ros_workspaces/humble_ws/build/carter_navigation' returned '0': CMAKE_PREFIX_PATH=${CMAKE_PREFIX_PATH}:/home/ciderlab-server3/workspace/2026_industry_cowork/IsaacSim-ros_workspaces/humble_ws/install/turtlebot3_manipulation_navigation2:/home/ciderlab-server3/workspace/2026_industry_cowork/IsaacSim-ros_workspaces/humble_ws/install/turtlebot3_manipulation_description:/home/ciderlab-server3/workspace/2026_industry_cowork/IsaacSim-ros_workspaces/humble_ws/install/turtlebot3_manipulation_cartographer:/home/ciderlab-server3/workspace/2026_industry_cowork/IsaacSim-ros_workspaces/humble_ws/install/isaacsim_clearpath_nav2:/home/ciderlab-server3/workspace/2026_industry_cowork/IsaacSim-ros_workspaces/humble_ws/install/isaacsim_bringup:/home/ciderlab-server3/workspace/2026_industry_cowork/IsaacSim-ros_workspaces/humble_ws/install/isaac_tutorials:/home/ciderlab-server3/workspace/2026_industry_cowork/IsaacSim-ros_workspaces/humble_ws/install/isaac_ros_navigation_goal:/home/ciderlab-server3/workspace/2026_industry_cowork/IsaacSim-ros_workspaces/humble_ws/install/isaac_moveit:/home/ciderlab-server3/workspace/2026_industry_cowork/IsaacSim-ros_workspaces/humble_ws/install/isaac_compressed_image_decoder:/home/ciderlab-server3/workspace/2026_industry_cowork/IsaacSim-ros_workspaces/humble_ws/install/h1_fullbody_controller:/home/ciderlab-server3/workspace/2026_industry_cowork/IsaacSim-ros_workspaces/humble_ws/install/cmdvel_to_ackermann:/home/ciderlab-server3/workspace/2026_industry_cowork/IsaacSim-ros_workspaces/humble_ws/install/carter_navigation:/home/ciderlab-server3/turtlebot3_ws/install/turtlebot3_teleop:/home/ciderlab-server3/turtlebot3_ws/install/turtlebot3_example:/home/ciderlab-server3/turtlebot3_ws/install/turtlebot3_dqn:/home/ciderlab-server3/turtlebot3_ws/install/turtlebot3_home_service_challenge_core:/home/ciderlab-server3/turtlebot3_ws/install/turtlebot3_home_service_challenge_aruco:/opt/ros/humble /usr/bin/cmake --build /home/ciderlab-server3/workspace/2026_industry_cowork/IsaacSim-ros_workspaces/humble_ws/build/carter_navigation -- -j24 -l24
[1.037s] DEBUG:colcon.colcon_core.event_handler.log_command:Invoking command in '/home/ciderlab-server3/workspace/2026_industry_cowork/IsaacSim-ros_workspaces/humble_ws/build/carter_navigation': CMAKE_PREFIX_PATH=${CMAKE_PREFIX_PATH}:/home/ciderlab-server3/workspace/2026_industry_cowork/IsaacSim-ros_workspaces/humble_ws/install/turtlebot3_manipulation_navigation2:/home/ciderlab-server3/workspace/2026_industry_cowork/IsaacSim-ros_workspaces/humble_ws/install/turtlebot3_manipulation_description:/home/ciderlab-server3/workspace/2026_industry_cowork/IsaacSim-ros_workspaces/humble_ws/install/turtlebot3_manipulation_cartographer:/home/ciderlab-server3/workspace/2026_industry_cowork/IsaacSim-ros_workspaces/humble_ws/install/isaacsim_clearpath_nav2:/home/ciderlab-server3/workspace/2026_industry_cowork/IsaacSim-ros_workspaces/humble_ws/install/isaacsim_bringup:/home/ciderlab-server3/workspace/2026_industry_cowork/IsaacSim-ros_workspaces/humble_ws/install/isaac_tutorials:/home/ciderlab-server3/workspace/2026_industry_cowork/IsaacSim-ros_workspaces/humble_ws/install/isaac_ros_navigation_goal:/home/ciderlab-server3/workspace/2026_industry_cowork/IsaacSim-ros_workspaces/humble_ws/install/isaac_moveit:/home/ciderlab-server3/workspace/2026_industry_cowork/IsaacSim-ros_workspaces/humble_ws/install/isaac_compressed_image_decoder:/home/ciderlab-server3/workspace/2026_industry_cowork/IsaacSim-ros_workspaces/humble_ws/install/h1_fullbody_controller:/home/ciderlab-server3/workspace/2026_industry_cowork/IsaacSim-ros_workspaces/humble_ws/install/cmdvel_to_ackermann:/home/ciderlab-server3/workspace/2026_industry_cowork/IsaacSim-ros_workspaces/humble_ws/install/carter_navigation:/home/ciderlab-server3/turtlebot3_ws/install/turtlebot3_teleop:/home/ciderlab-server3/turtlebot3_ws/install/turtlebot3_example:/home/ciderlab-server3/turtlebot3_ws/install/turtlebot3_dqn:/home/ciderlab-server3/turtlebot3_ws/install/turtlebot3_home_service_challenge_core:/home/ciderlab-server3/turtlebot3_ws/install/turtlebot3_home_service_challenge_aruco:/opt/ros/humble /usr/bin/cmake --install /home/ciderlab-server3/workspace/2026_industry_cowork/IsaacSim-ros_workspaces/humble_ws/build/carter_navigation
[1.037s] DEBUG:colcon.colcon_core.event_handler.log_command:Invoked command in '/home/ciderlab-server3/workspace/2026_industry_cowork/IsaacSim-ros_workspaces/humble_ws/build/turtlebot3_manipulation_description' returned '0': CMAKE_PREFIX_PATH=${CMAKE_PREFIX_PATH}:/home/ciderlab-server3/workspace/2026_industry_cowork/IsaacSim-ros_workspaces/humble_ws/install/turtlebot3_manipulation_navigation2:/home/ciderlab-server3/workspace/2026_industry_cowork/IsaacSim-ros_workspaces/humble_ws/install/turtlebot3_manipulation_description:/home/ciderlab-server3/workspace/2026_industry_cowork/IsaacSim-ros_workspaces/humble_ws/install/turtlebot3_manipulation_cartographer:/home/ciderlab-server3/workspace/2026_industry_cowork/IsaacSim-ros_workspaces/humble_ws/install/isaacsim_clearpath_nav2:/home/ciderlab-server3/workspace/2026_industry_cowork/IsaacSim-ros_workspaces/humble_ws/install/isaacsim_bringup:/home/ciderlab-server3/workspace/2026_industry_cowork/IsaacSim-ros_workspaces/humble_ws/install/isaac_tutorials:/home/ciderlab-server3/workspace/2026_industry_cowork/IsaacSim-ros_workspaces/humble_ws/install/isaac_ros_navigation_goal:/home/ciderlab-server3/workspace/2026_industry_cowork/IsaacSim-ros_workspaces/humble_ws/install/isaac_moveit:/home/ciderlab-server3/workspace/2026_industry_cowork/IsaacSim-ros_workspaces/humble_ws/install/isaac_compressed_image_decoder:/home/ciderlab-server3/workspace/2026_industry_cowork/IsaacSim-ros_workspaces/humble_ws/install/h1_fullbody_controller:/home/ciderlab-server3/workspace/2026_industry_cowork/IsaacSim-ros_workspaces/humble_ws/install/cmdvel_to_ackermann:/home/ciderlab-server3/workspace/2026_industry_cowork/IsaacSim-ros_workspaces/humble_ws/install/carter_navigation:/home/ciderlab-server3/turtlebot3_ws/install/turtlebot3_teleop:/home/ciderlab-server3/turtlebot3_ws/install/turtlebot3_example:/home/ciderlab-server3/turtlebot3_ws/install/turtlebot3_dqn:/home/ciderlab-server3/turtlebot3_ws/install/turtlebot3_home_service_challenge_core:/home/ciderlab-server3/turtlebot3_ws/install/turtlebot3_home_service_challenge_aruco:/opt/ros/humble /usr/bin/cmake --build /home/ciderlab-server3/workspace/2026_industry_cowork/IsaacSim-ros_workspaces/humble_ws/build/turtlebot3_manipulation_description -- -j24 -l24
[1.037s] DEBUG:colcon.colcon_core.event_handler.log_command:Invoking command in '/home/ciderlab-server3/workspace/2026_industry_cowork/IsaacSim-ros_workspaces/humble_ws/build/turtlebot3_manipulation_description': CMAKE_PREFIX_PATH=${CMAKE_PREFIX_PATH}:/home/ciderlab-server3/workspace/2026_industry_cowork/IsaacSim-ros_workspaces/humble_ws/install/turtlebot3_manipulation_navigation2:/home/ciderlab-server3/workspace/2026_industry_cowork/IsaacSim-ros_workspaces/humble_ws/install/turtlebot3_manipulation_description:/home/ciderlab-server3/workspace/2026_industry_cowork/IsaacSim-ros_workspaces/humble_ws/install/turtlebot3_manipulation_cartographer:/home/ciderlab-server3/workspace/2026_industry_cowork/IsaacSim-ros_workspaces/humble_ws/install/isaacsim_clearpath_nav2:/home/ciderlab-server3/workspace/2026_industry_cowork/IsaacSim-ros_workspaces/humble_ws/install/isaacsim_bringup:/home/ciderlab-server3/workspace/2026_industry_cowork/IsaacSim-ros_workspaces/humble_ws/install/isaac_tutorials:/home/ciderlab-server3/workspace/2026_industry_cowork/IsaacSim-ros_workspaces/humble_ws/install/isaac_ros_navigation_goal:/home/ciderlab-server3/workspace/2026_industry_cowork/IsaacSim-ros_workspaces/humble_ws/install/isaac_moveit:/home/ciderlab-server3/workspace/2026_industry_cowork/IsaacSim-ros_workspaces/humble_ws/install/isaac_compressed_image_decoder:/home/ciderlab-server3/workspace/2026_industry_cowork/IsaacSim-ros_workspaces/humble_ws/install/h1_fullbody_controller:/home/ciderlab-server3/workspace/2026_industry_cowork/IsaacSim-ros_workspaces/humble_ws/install/cmdvel_to_ackermann:/home/ciderlab-server3/workspace/2026_industry_cowork/IsaacSim-ros_workspaces/humble_ws/install/carter_navigation:/home/ciderlab-server3/turtlebot3_ws/install/turtlebot3_teleop:/home/ciderlab-server3/turtlebot3_ws/install/turtlebot3_example:/home/ciderlab-server3/turtlebot3_ws/install/turtlebot3_dqn:/home/ciderlab-server3/turtlebot3_ws/install/turtlebot3_home_service_challenge_core:/home/ciderlab-server3/turtlebot3_ws/install/turtlebot3_home_service_challenge_aruco:/opt/ros/humble /usr/bin/cmake --install /home/ciderlab-server3/workspace/2026_industry_cowork/IsaacSim-ros_workspaces/humble_ws/build/turtlebot3_manipulation_description
[1.038s] DEBUG:colcon.colcon_core.event_handler.log_command:Invoked command in '/home/ciderlab-server3/workspace/2026_industry_cowork/IsaacSim-ros_workspaces/humble_ws/build/turtlebot3_manipulation_hardware' returned '0': CMAKE_PREFIX_PATH=${CMAKE_PREFIX_PATH}:/home/ciderlab-server3/workspace/2026_industry_cowork/IsaacSim-ros_workspaces/humble_ws/install/turtlebot3_manipulation_navigation2:/home/ciderlab-server3/workspace/2026_industry_cowork/IsaacSim-ros_workspaces/humble_ws/install/turtlebot3_manipulation_description:/home/ciderlab-server3/workspace/2026_industry_cowork/IsaacSim-ros_workspaces/humble_ws/install/turtlebot3_manipulation_cartographer:/home/ciderlab-server3/workspace/2026_industry_cowork/IsaacSim-ros_workspaces/humble_ws/install/isaacsim_clearpath_nav2:/home/ciderlab-server3/workspace/2026_industry_cowork/IsaacSim-ros_workspaces/humble_ws/install/isaacsim_bringup:/home/ciderlab-server3/workspace/2026_industry_cowork/IsaacSim-ros_workspaces/humble_ws/install/isaac_tutorials:/home/ciderlab-server3/workspace/2026_industry_cowork/IsaacSim-ros_workspaces/humble_ws/install/isaac_ros_navigation_goal:/home/ciderlab-server3/workspace/2026_industry_cowork/IsaacSim-ros_workspaces/humble_ws/install/isaac_moveit:/home/ciderlab-server3/workspace/2026_industry_cowork/IsaacSim-ros_workspaces/humble_ws/install/isaac_compressed_image_decoder:/home/ciderlab-server3/workspace/2026_industry_cowork/IsaacSim-ros_workspaces/humble_ws/install/h1_fullbody_controller:/home/ciderlab-server3/workspace/2026_industry_cowork/IsaacSim-ros_workspaces/humble_ws/install/cmdvel_to_ackermann:/home/ciderlab-server3/workspace/2026_industry_cowork/IsaacSim-ros_workspaces/humble_ws/install/carter_navigation:/home/ciderlab-server3/turtlebot3_ws/install/turtlebot3_teleop:/home/ciderlab-server3/turtlebot3_ws/install/turtlebot3_example:/home/ciderlab-server3/turtlebot3_ws/install/turtlebot3_dqn:/home/ciderlab-server3/turtlebot3_ws/install/turtlebot3_home_service_challenge_core:/home/ciderlab-server3/turtlebot3_ws/install/turtlebot3_home_service_challenge_aruco:/opt/ros/humble /usr/bin/cmake --build /home/ciderlab-server3/workspace/2026_industry_cowork/IsaacSim-ros_workspaces/humble_ws/build/turtlebot3_manipulation_hardware -- -j24 -l24
[1.039s] DEBUG:colcon.colcon_core.event_handler.log_command:Invoking command in '/home/ciderlab-server3/workspace/2026_industry_cowork/IsaacSim-ros_workspaces/humble_ws/build/turtlebot3_manipulation_hardware': CMAKE_PREFIX_PATH=${CMAKE_PREFIX_PATH}:/home/ciderlab-server3/workspace/2026_industry_cowork/IsaacSim-ros_workspaces/humble_ws/install/turtlebot3_manipulation_navigation2:/home/ciderlab-server3/workspace/2026_industry_cowork/IsaacSim-ros_workspaces/humble_ws/install/turtlebot3_manipulation_description:/home/ciderlab-server3/workspace/2026_industry_cowork/IsaacSim-ros_workspaces/humble_ws/install/turtlebot3_manipulation_cartographer:/home/ciderlab-server3/workspace/2026_industry_cowork/IsaacSim-ros_workspaces/humble_ws/install/isaacsim_clearpath_nav2:/home/ciderlab-server3/workspace/2026_industry_cowork/IsaacSim-ros_workspaces/humble_ws/install/isaacsim_bringup:/home/ciderlab-server3/workspace/2026_industry_cowork/IsaacSim-ros_workspaces/humble_ws/install/isaac_tutorials:/home/ciderlab-server3/workspace/2026_industry_cowork/IsaacSim-ros_workspaces/humble_ws/install/isaac_ros_navigation_goal:/home/ciderlab-server3/workspace/2026_industry_cowork/IsaacSim-ros_workspaces/humble_ws/install/isaac_moveit:/home/ciderlab-server3/workspace/2026_industry_cowork/IsaacSim-ros_workspaces/humble_ws/install/isaac_compressed_image_decoder:/home/ciderlab-server3/workspace/2026_industry_cowork/IsaacSim-ros_workspaces/humble_ws/install/h1_fullbody_controller:/home/ciderlab-server3/workspace/2026_industry_cowork/IsaacSim-ros_workspaces/humble_ws/install/cmdvel_to_ackermann:/home/ciderlab-server3/workspace/2026_industry_cowork/IsaacSim-ros_workspaces/humble_ws/install/carter_navigation:/home/ciderlab-server3/turtlebot3_ws/install/turtlebot3_teleop:/home/ciderlab-server3/turtlebot3_ws/install/turtlebot3_example:/home/ciderlab-server3/turtlebot3_ws/install/turtlebot3_dqn:/home/ciderlab-server3/turtlebot3_ws/install/turtlebot3_home_service_challenge_core:/home/ciderlab-server3/turtlebot3_ws/install/turtlebot3_home_service_challenge_aruco:/opt/ros/humble /usr/bin/cmake --install /home/ciderlab-server3/workspace/2026_industry_cowork/IsaacSim-ros_workspaces/humble_ws/build/turtlebot3_manipulation_hardware
[1.040s] Level 1:colcon.colcon_core.environment:checking '/home/ciderlab-server3/workspace/2026_industry_cowork/IsaacSim-ros_workspaces/humble_ws/install/turtlebot3_manipulation_navigation2' for CMake module files
[1.040s] DEBUG:colcon.colcon_core.event_handler.log_command:Invoked command in '/home/ciderlab-server3/workspace/2026_industry_cowork/IsaacSim-ros_workspaces/humble_ws/build/custom_nav2_bt_plugins' returned '0': CMAKE_PREFIX_PATH=${CMAKE_PREFIX_PATH}:/home/ciderlab-server3/workspace/2026_industry_cowork/IsaacSim-ros_workspaces/humble_ws/install/turtlebot3_manipulation_navigation2:/home/ciderlab-server3/workspace/2026_industry_cowork/IsaacSim-ros_workspaces/humble_ws/install/turtlebot3_manipulation_description:/home/ciderlab-server3/workspace/2026_industry_cowork/IsaacSim-ros_workspaces/humble_ws/install/turtlebot3_manipulation_cartographer:/home/ciderlab-server3/workspace/2026_industry_cowork/IsaacSim-ros_workspaces/humble_ws/install/isaacsim_clearpath_nav2:/home/ciderlab-server3/workspace/2026_industry_cowork/IsaacSim-ros_workspaces/humble_ws/install/isaacsim_bringup:/home/ciderlab-server3/workspace/2026_industry_cowork/IsaacSim-ros_workspaces/humble_ws/install/isaac_tutorials:/home/ciderlab-server3/workspace/2026_industry_cowork/IsaacSim-ros_workspaces/humble_ws/install/isaac_ros_navigation_goal:/home/ciderlab-server3/workspace/2026_industry_cowork/IsaacSim-ros_workspaces/humble_ws/install/isaac_moveit:/home/ciderlab-server3/workspace/2026_industry_cowork/IsaacSim-ros_workspaces/humble_ws/install/isaac_compressed_image_decoder:/home/ciderlab-server3/workspace/2026_industry_cowork/IsaacSim-ros_workspaces/humble_ws/install/h1_fullbody_controller:/home/ciderlab-server3/workspace/2026_industry_cowork/IsaacSim-ros_workspaces/humble_ws/install/cmdvel_to_ackermann:/home/ciderlab-server3/workspace/2026_industry_cowork/IsaacSim-ros_workspaces/humble_ws/install/carter_navigation:/home/ciderlab-server3/turtlebot3_ws/install/turtlebot3_teleop:/home/ciderlab-server3/turtlebot3_ws/install/turtlebot3_example:/home/ciderlab-server3/turtlebot3_ws/install/turtlebot3_dqn:/home/ciderlab-server3/turtlebot3_ws/install/turtlebot3_home_service_challenge_core:/home/ciderlab-server3/turtlebot3_ws/install/turtlebot3_home_service_challenge_aruco:/opt/ros/humble /usr/bin/cmake /home/ciderlab-server3/workspace/2026_industry_cowork/IsaacSim-ros_workspaces/humble_ws/src/custom_nav2_bt_plugins -DCMAKE_INSTALL_PREFIX=/home/ciderlab-server3/workspace/2026_industry_cowork/IsaacSim-ros_workspaces/humble_ws/install/custom_nav2_bt_plugins
[1.041s] Level 1:colcon.colcon_core.environment:checking '/home/ciderlab-server3/workspace/2026_industry_cowork/IsaacSim-ros_workspaces/humble_ws/install/turtlebot3_manipulation_navigation2' for CMake config files
[1.041s] DEBUG:colcon.colcon_core.event_handler.log_command:Invoking command in '/home/ciderlab-server3/workspace/2026_industry_cowork/IsaacSim-ros_workspaces/humble_ws/build/custom_nav2_bt_plugins': CMAKE_PREFIX_PATH=${CMAKE_PREFIX_PATH}:/home/ciderlab-server3/workspace/2026_industry_cowork/IsaacSim-ros_workspaces/humble_ws/install/turtlebot3_manipulation_navigation2:/home/ciderlab-server3/workspace/2026_industry_cowork/IsaacSim-ros_workspaces/humble_ws/install/turtlebot3_manipulation_description:/home/ciderlab-server3/workspace/2026_industry_cowork/IsaacSim-ros_workspaces/humble_ws/install/turtlebot3_manipulation_cartographer:/home/ciderlab-server3/workspace/2026_industry_cowork/IsaacSim-ros_workspaces/humble_ws/install/isaacsim_clearpath_nav2:/home/ciderlab-server3/workspace/2026_industry_cowork/IsaacSim-ros_workspaces/humble_ws/install/isaacsim_bringup:/home/ciderlab-server3/workspace/2026_industry_cowork/IsaacSim-ros_workspaces/humble_ws/install/isaac_tutorials:/home/ciderlab-server3/workspace/2026_industry_cowork/IsaacSim-ros_workspaces/humble_ws/install/isaac_ros_navigation_goal:/home/ciderlab-server3/workspace/2026_industry_cowork/IsaacSim-ros_workspaces/humble_ws/install/isaac_moveit:/home/ciderlab-server3/workspace/2026_industry_cowork/IsaacSim-ros_workspaces/humble_ws/install/isaac_compressed_image_decoder:/home/ciderlab-server3/workspace/2026_industry_cowork/IsaacSim-ros_workspaces/humble_ws/install/h1_fullbody_controller:/home/ciderlab-server3/workspace/2026_industry_cowork/IsaacSim-ros_workspaces/humble_ws/install/cmdvel_to_ackermann:/home/ciderlab-server3/workspace/2026_industry_cowork/IsaacSim-ros_workspaces/humble_ws/install/carter_navigation:/home/ciderlab-server3/turtlebot3_ws/install/turtlebot3_teleop:/home/ciderlab-server3/turtlebot3_ws/install/turtlebot3_example:/home/ciderlab-server3/turtlebot3_ws/install/turtlebot3_dqn:/home/ciderlab-server3/turtlebot3_ws/install/turtlebot3_home_service_challenge_core:/home/ciderlab-server3/turtlebot3_ws/install/turtlebot3_home_service_challenge_aruco:/opt/ros/humble /usr/bin/cmake --build /home/ciderlab-server3/workspace/2026_industry_cowork/IsaacSim-ros_workspaces/humble_ws/build/custom_nav2_bt_plugins -- -j24 -l24
[1.042s] Level 1:colcon.colcon_core.shell:create_environment_hook('turtlebot3_manipulation_navigation2', 'cmake_prefix_path')
[1.042s] INFO:colcon.colcon_core.shell:Creating environment hook '/home/ciderlab-server3/workspace/2026_industry_cowork/IsaacSim-ros_workspaces/humble_ws/install/turtlebot3_manipulation_navigation2/share/turtlebot3_manipulation_navigation2/hook/cmake_prefix_path.ps1'
[1.043s] INFO:colcon.colcon_core.shell:Creating environment descriptor '/home/ciderlab-server3/workspace/2026_industry_cowork/IsaacSim-ros_workspaces/humble_ws/install/turtlebot3_manipulation_navigation2/share/turtlebot3_manipulation_navigation2/hook/cmake_prefix_path.dsv'
[1.043s] INFO:colcon.colcon_core.shell:Creating environment hook '/home/ciderlab-server3/workspace/2026_industry_cowork/IsaacSim-ros_workspaces/humble_ws/install/turtlebot3_manipulation_navigation2/share/turtlebot3_manipulation_navigation2/hook/cmake_prefix_path.sh'
[1.043s] Level 1:colcon.colcon_core.environment:checking '/home/ciderlab-server3/workspace/2026_industry_cowork/IsaacSim-ros_workspaces/humble_ws/install/turtlebot3_manipulation_navigation2/bin'
[1.043s] Level 1:colcon.colcon_core.environment:checking '/home/ciderlab-server3/workspace/2026_industry_cowork/IsaacSim-ros_workspaces/humble_ws/install/turtlebot3_manipulation_navigation2/lib/pkgconfig/turtlebot3_manipulation_navigation2.pc'
[1.044s] Level 1:colcon.colcon_core.environment:checking '/home/ciderlab-server3/workspace/2026_industry_cowork/IsaacSim-ros_workspaces/humble_ws/install/turtlebot3_manipulation_navigation2/lib/python3.10/site-packages'
[1.044s] Level 1:colcon.colcon_core.environment:checking '/home/ciderlab-server3/workspace/2026_industry_cowork/IsaacSim-ros_workspaces/humble_ws/install/turtlebot3_manipulation_navigation2/bin'
[1.044s] INFO:colcon.colcon_core.shell:Creating package script '/home/ciderlab-server3/workspace/2026_industry_cowork/IsaacSim-ros_workspaces/humble_ws/install/turtlebot3_manipulation_navigation2/share/turtlebot3_manipulation_navigation2/package.ps1'
[1.045s] INFO:colcon.colcon_core.shell:Creating package descriptor '/home/ciderlab-server3/workspace/2026_industry_cowork/IsaacSim-ros_workspaces/humble_ws/install/turtlebot3_manipulation_navigation2/share/turtlebot3_manipulation_navigation2/package.dsv'
[1.045s] INFO:colcon.colcon_core.shell:Creating package script '/home/ciderlab-server3/workspace/2026_industry_cowork/IsaacSim-ros_workspaces/humble_ws/install/turtlebot3_manipulation_navigation2/share/turtlebot3_manipulation_navigation2/package.sh'
[1.045s] INFO:colcon.colcon_core.shell:Creating package script '/home/ciderlab-server3/workspace/2026_industry_cowork/IsaacSim-ros_workspaces/humble_ws/install/turtlebot3_manipulation_navigation2/share/turtlebot3_manipulation_navigation2/package.bash'
[1.046s] INFO:colcon.colcon_core.shell:Creating package script '/home/ciderlab-server3/workspace/2026_industry_cowork/IsaacSim-ros_workspaces/humble_ws/install/turtlebot3_manipulation_navigation2/share/turtlebot3_manipulation_navigation2/package.zsh'
[1.047s] Level 1:colcon.colcon_core.environment:create_file_with_runtime_dependencies(/home/ciderlab-server3/workspace/2026_industry_cowork/IsaacSim-ros_workspaces/humble_ws/install/turtlebot3_manipulation_navigation2/share/colcon-core/packages/turtlebot3_manipulation_navigation2)
[1.049s] Level 1:colcon.colcon_core.environment:create_environment_scripts_only(turtlebot3_manipulation_navigation2)
[1.049s] Level 1:colcon.colcon_core.environment:checking '/home/ciderlab-server3/workspace/2026_industry_cowork/IsaacSim-ros_workspaces/humble_ws/install/turtlebot3_manipulation_navigation2' for CMake module files
[1.049s] Level 1:colcon.colcon_core.environment:checking '/home/ciderlab-server3/workspace/2026_industry_cowork/IsaacSim-ros_workspaces/humble_ws/install/turtlebot3_manipulation_navigation2' for CMake config files
[1.050s] Level 1:colcon.colcon_core.shell:create_environment_hook('turtlebot3_manipulation_navigation2', 'cmake_prefix_path')
[1.050s] INFO:colcon.colcon_core.shell:Creating environment hook '/home/ciderlab-server3/workspace/2026_industry_cowork/IsaacSim-ros_workspaces/humble_ws/install/turtlebot3_manipulation_navigation2/share/turtlebot3_manipulation_navigation2/hook/cmake_prefix_path.ps1'
[1.050s] INFO:colcon.colcon_core.shell:Creating environment descriptor '/home/ciderlab-server3/workspace/2026_industry_cowork/IsaacSim-ros_workspaces/humble_ws/install/turtlebot3_manipulation_navigation2/share/turtlebot3_manipulation_navigation2/hook/cmake_prefix_path.dsv'
[1.050s] INFO:colcon.colcon_core.shell:Creating environment hook '/home/ciderlab-server3/workspace/2026_industry_cowork/IsaacSim-ros_workspaces/humble_ws/install/turtlebot3_manipulation_navigation2/share/turtlebot3_manipulation_navigation2/hook/cmake_prefix_path.sh'
[1.050s] DEBUG:colcon.colcon_core.event_handler.log_command:Invoked command in '/home/ciderlab-server3/workspace/2026_industry_cowork/IsaacSim-ros_workspaces/humble_ws/build/turtlebot3_manipulation_navigation2' returned '0': CMAKE_PREFIX_PATH=${CMAKE_PREFIX_PATH}:/home/ciderlab-server3/workspace/2026_industry_cowork/IsaacSim-ros_workspaces/humble_ws/install/turtlebot3_manipulation_navigation2:/home/ciderlab-server3/workspace/2026_industry_cowork/IsaacSim-ros_workspaces/humble_ws/install/turtlebot3_manipulation_description:/home/ciderlab-server3/workspace/2026_industry_cowork/IsaacSim-ros_workspaces/humble_ws/install/turtlebot3_manipulation_cartographer:/home/ciderlab-server3/workspace/2026_industry_cowork/IsaacSim-ros_workspaces/humble_ws/install/isaacsim_clearpath_nav2:/home/ciderlab-server3/workspace/2026_industry_cowork/IsaacSim-ros_workspaces/humble_ws/install/isaacsim_bringup:/home/ciderlab-server3/workspace/2026_industry_cowork/IsaacSim-ros_workspaces/humble_ws/install/isaac_tutorials:/home/ciderlab-server3/workspace/2026_industry_cowork/IsaacSim-ros_workspaces/humble_ws/install/isaac_ros_navigation_goal:/home/ciderlab-server3/workspace/2026_industry_cowork/IsaacSim-ros_workspaces/humble_ws/install/isaac_moveit:/home/ciderlab-server3/workspace/2026_industry_cowork/IsaacSim-ros_workspaces/humble_ws/install/isaac_compressed_image_decoder:/home/ciderlab-server3/workspace/2026_industry_cowork/IsaacSim-ros_workspaces/humble_ws/install/h1_fullbody_controller:/home/ciderlab-server3/workspace/2026_industry_cowork/IsaacSim-ros_workspaces/humble_ws/install/cmdvel_to_ackermann:/home/ciderlab-server3/workspace/2026_industry_cowork/IsaacSim-ros_workspaces/humble_ws/install/carter_navigation:/home/ciderlab-server3/turtlebot3_ws/install/turtlebot3_teleop:/home/ciderlab-server3/turtlebot3_ws/install/turtlebot3_example:/home/ciderlab-server3/turtlebot3_ws/install/turtlebot3_dqn:/home/ciderlab-server3/turtlebot3_ws/install/turtlebot3_home_service_challenge_core:/home/ciderlab-server3/turtlebot3_ws/install/turtlebot3_home_service_challenge_aruco:/opt/ros/humble /usr/bin/cmake --install /home/ciderlab-server3/workspace/2026_industry_cowork/IsaacSim-ros_workspaces/humble_ws/build/turtlebot3_manipulation_navigation2
[1.051s] Level 1:colcon.colcon_core.environment:checking '/home/ciderlab-server3/workspace/2026_industry_cowork/IsaacSim-ros_workspaces/humble_ws/install/turtlebot3_manipulation_navigation2/bin'
[1.051s] Level 1:colcon.colcon_core.environment:checking '/home/ciderlab-server3/workspace/2026_industry_cowork/IsaacSim-ros_workspaces/humble_ws/install/turtlebot3_manipulation_navigation2/lib/pkgconfig/turtlebot3_manipulation_navigation2.pc'
[1.051s] Level 1:colcon.colcon_core.environment:checking '/home/ciderlab-server3/workspace/2026_industry_cowork/IsaacSim-ros_workspaces/humble_ws/install/turtlebot3_manipulation_navigation2/lib/python3.10/site-packages'
[1.051s] Level 1:colcon.colcon_core.environment:checking '/home/ciderlab-server3/workspace/2026_industry_cowork/IsaacSim-ros_workspaces/humble_ws/install/turtlebot3_manipulation_navigation2/bin'
[1.051s] INFO:colcon.colcon_core.shell:Creating package script '/home/ciderlab-server3/workspace/2026_industry_cowork/IsaacSim-ros_workspaces/humble_ws/install/turtlebot3_manipulation_navigation2/share/turtlebot3_manipulation_navigation2/package.ps1'
[1.051s] INFO:colcon.colcon_core.shell:Creating package descriptor '/home/ciderlab-server3/workspace/2026_industry_cowork/IsaacSim-ros_workspaces/humble_ws/install/turtlebot3_manipulation_navigation2/share/turtlebot3_manipulation_navigation2/package.dsv'
[1.052s] INFO:colcon.colcon_core.shell:Creating package script '/home/ciderlab-server3/workspace/2026_industry_cowork/IsaacSim-ros_workspaces/humble_ws/install/turtlebot3_manipulation_navigation2/share/turtlebot3_manipulation_navigation2/package.sh'
[1.052s] INFO:colcon.colcon_core.shell:Creating package script '/home/ciderlab-server3/workspace/2026_industry_cowork/IsaacSim-ros_workspaces/humble_ws/install/turtlebot3_manipulation_navigation2/share/turtlebot3_manipulation_navigation2/package.bash'
[1.052s] INFO:colcon.colcon_core.shell:Creating package script '/home/ciderlab-server3/workspace/2026_industry_cowork/IsaacSim-ros_workspaces/humble_ws/install/turtlebot3_manipulation_navigation2/share/turtlebot3_manipulation_navigation2/package.zsh'
[1.052s] Level 1:colcon.colcon_core.environment:create_file_with_runtime_dependencies(/home/ciderlab-server3/workspace/2026_industry_cowork/IsaacSim-ros_workspaces/humble_ws/install/turtlebot3_manipulation_navigation2/share/colcon-core/packages/turtlebot3_manipulation_navigation2)
[1.056s] Level 1:colcon.colcon_core.environment:create_environment_scripts_only(isaac_tutorials)
[1.056s] Level 1:colcon.colcon_core.environment:checking '/home/ciderlab-server3/workspace/2026_industry_cowork/IsaacSim-ros_workspaces/humble_ws/install/isaac_tutorials' for CMake module files
[1.056s] DEBUG:colcon.colcon_core.event_handler.log_command:Invoked command in '/home/ciderlab-server3/workspace/2026_industry_cowork/IsaacSim-ros_workspaces/humble_ws/build/isaac_tutorials' returned '0': CMAKE_PREFIX_PATH=${CMAKE_PREFIX_PATH}:/home/ciderlab-server3/workspace/2026_industry_cowork/IsaacSim-ros_workspaces/humble_ws/install/turtlebot3_manipulation_navigation2:/home/ciderlab-server3/workspace/2026_industry_cowork/IsaacSim-ros_workspaces/humble_ws/install/turtlebot3_manipulation_description:/home/ciderlab-server3/workspace/2026_industry_cowork/IsaacSim-ros_workspaces/humble_ws/install/turtlebot3_manipulation_cartographer:/home/ciderlab-server3/workspace/2026_industry_cowork/IsaacSim-ros_workspaces/humble_ws/install/isaacsim_clearpath_nav2:/home/ciderlab-server3/workspace/2026_industry_cowork/IsaacSim-ros_workspaces/humble_ws/install/isaacsim_bringup:/home/ciderlab-server3/workspace/2026_industry_cowork/IsaacSim-ros_workspaces/humble_ws/install/isaac_tutorials:/home/ciderlab-server3/workspace/2026_industry_cowork/IsaacSim-ros_workspaces/humble_ws/install/isaac_ros_navigation_goal:/home/ciderlab-server3/workspace/2026_industry_cowork/IsaacSim-ros_workspaces/humble_ws/install/isaac_moveit:/home/ciderlab-server3/workspace/2026_industry_cowork/IsaacSim-ros_workspaces/humble_ws/install/isaac_compressed_image_decoder:/home/ciderlab-server3/workspace/2026_industry_cowork/IsaacSim-ros_workspaces/humble_ws/install/h1_fullbody_controller:/home/ciderlab-server3/workspace/2026_industry_cowork/IsaacSim-ros_workspaces/humble_ws/install/cmdvel_to_ackermann:/home/ciderlab-server3/workspace/2026_industry_cowork/IsaacSim-ros_workspaces/humble_ws/install/carter_navigation:/home/ciderlab-server3/turtlebot3_ws/install/turtlebot3_teleop:/home/ciderlab-server3/turtlebot3_ws/install/turtlebot3_example:/home/ciderlab-server3/turtlebot3_ws/install/turtlebot3_dqn:/home/ciderlab-server3/turtlebot3_ws/install/turtlebot3_home_service_challenge_core:/home/ciderlab-server3/turtlebot3_ws/install/turtlebot3_home_service_challenge_aruco:/opt/ros/humble /usr/bin/cmake --install /home/ciderlab-server3/workspace/2026_industry_cowork/IsaacSim-ros_workspaces/humble_ws/build/isaac_tutorials
[1.057s] Level 1:colcon.colcon_core.environment:checking '/home/ciderlab-server3/workspace/2026_industry_cowork/IsaacSim-ros_workspaces/humble_ws/install/isaac_tutorials' for CMake config files
[1.057s] Level 1:colcon.colcon_core.shell:create_environment_hook('isaac_tutorials', 'cmake_prefix_path')
[1.057s] INFO:colcon.colcon_core.shell:Creating environment hook '/home/ciderlab-server3/workspace/2026_industry_cowork/IsaacSim-ros_workspaces/humble_ws/install/isaac_tutorials/share/isaac_tutorials/hook/cmake_prefix_path.ps1'
[1.057s] INFO:colcon.colcon_core.shell:Creating environment descriptor '/home/ciderlab-server3/workspace/2026_industry_cowork/IsaacSim-ros_workspaces/humble_ws/install/isaac_tutorials/share/isaac_tutorials/hook/cmake_prefix_path.dsv'
[1.057s] INFO:colcon.colcon_core.shell:Creating environment hook '/home/ciderlab-server3/workspace/2026_industry_cowork/IsaacSim-ros_workspaces/humble_ws/install/isaac_tutorials/share/isaac_tutorials/hook/cmake_prefix_path.sh'
[1.057s] Level 1:colcon.colcon_core.environment:checking '/home/ciderlab-server3/workspace/2026_industry_cowork/IsaacSim-ros_workspaces/humble_ws/install/isaac_tutorials/lib'
[1.058s] Level 1:colcon.colcon_core.environment:checking '/home/ciderlab-server3/workspace/2026_industry_cowork/IsaacSim-ros_workspaces/humble_ws/install/isaac_tutorials/bin'
[1.058s] Level 1:colcon.colcon_core.environment:checking '/home/ciderlab-server3/workspace/2026_industry_cowork/IsaacSim-ros_workspaces/humble_ws/install/isaac_tutorials/lib/pkgconfig/isaac_tutorials.pc'
[1.058s] Level 1:colcon.colcon_core.environment:checking '/home/ciderlab-server3/workspace/2026_industry_cowork/IsaacSim-ros_workspaces/humble_ws/install/isaac_tutorials/lib/python3.10/site-packages'
[1.058s] Level 1:colcon.colcon_core.environment:checking '/home/ciderlab-server3/workspace/2026_industry_cowork/IsaacSim-ros_workspaces/humble_ws/install/isaac_tutorials/bin'
[1.058s] INFO:colcon.colcon_core.shell:Creating package script '/home/ciderlab-server3/workspace/2026_industry_cowork/IsaacSim-ros_workspaces/humble_ws/install/isaac_tutorials/share/isaac_tutorials/package.ps1'
[1.061s] INFO:colcon.colcon_core.shell:Creating package descriptor '/home/ciderlab-server3/workspace/2026_industry_cowork/IsaacSim-ros_workspaces/humble_ws/install/isaac_tutorials/share/isaac_tutorials/package.dsv'
[1.062s] INFO:colcon.colcon_core.shell:Creating package script '/home/ciderlab-server3/workspace/2026_industry_cowork/IsaacSim-ros_workspaces/humble_ws/install/isaac_tutorials/share/isaac_tutorials/package.sh'
[1.062s] INFO:colcon.colcon_core.shell:Creating package script '/home/ciderlab-server3/workspace/2026_industry_cowork/IsaacSim-ros_workspaces/humble_ws/install/isaac_tutorials/share/isaac_tutorials/package.bash'
[1.062s] INFO:colcon.colcon_core.shell:Creating package script '/home/ciderlab-server3/workspace/2026_industry_cowork/IsaacSim-ros_workspaces/humble_ws/install/isaac_tutorials/share/isaac_tutorials/package.zsh'
[1.062s] Level 1:colcon.colcon_core.environment:create_file_with_runtime_dependencies(/home/ciderlab-server3/workspace/2026_industry_cowork/IsaacSim-ros_workspaces/humble_ws/install/isaac_tutorials/share/colcon-core/packages/isaac_tutorials)
[1.063s] Level 1:colcon.colcon_core.environment:create_environment_scripts_only(isaac_tutorials)
[1.063s] Level 1:colcon.colcon_core.environment:checking '/home/ciderlab-server3/workspace/2026_industry_cowork/IsaacSim-ros_workspaces/humble_ws/install/isaac_tutorials' for CMake module files
[1.063s] Level 1:colcon.colcon_core.environment:checking '/home/ciderlab-server3/workspace/2026_industry_cowork/IsaacSim-ros_workspaces/humble_ws/install/isaac_tutorials' for CMake config files
[1.063s] Level 1:colcon.colcon_core.shell:create_environment_hook('isaac_tutorials', 'cmake_prefix_path')
[1.063s] INFO:colcon.colcon_core.shell:Creating environment hook '/home/ciderlab-server3/workspace/2026_industry_cowork/IsaacSim-ros_workspaces/humble_ws/install/isaac_tutorials/share/isaac_tutorials/hook/cmake_prefix_path.ps1'
[1.064s] INFO:colcon.colcon_core.shell:Creating environment descriptor '/home/ciderlab-server3/workspace/2026_industry_cowork/IsaacSim-ros_workspaces/humble_ws/install/isaac_tutorials/share/isaac_tutorials/hook/cmake_prefix_path.dsv'
[1.064s] INFO:colcon.colcon_core.shell:Creating environment hook '/home/ciderlab-server3/workspace/2026_industry_cowork/IsaacSim-ros_workspaces/humble_ws/install/isaac_tutorials/share/isaac_tutorials/hook/cmake_prefix_path.sh'
[1.065s] Level 1:colcon.colcon_core.environment:checking '/home/ciderlab-server3/workspace/2026_industry_cowork/IsaacSim-ros_workspaces/humble_ws/install/isaac_tutorials/lib'
[1.065s] Level 1:colcon.colcon_core.environment:checking '/home/ciderlab-server3/workspace/2026_industry_cowork/IsaacSim-ros_workspaces/humble_ws/install/isaac_tutorials/bin'
[1.065s] Level 1:colcon.colcon_core.environment:checking '/home/ciderlab-server3/workspace/2026_industry_cowork/IsaacSim-ros_workspaces/humble_ws/install/isaac_tutorials/lib/pkgconfig/isaac_tutorials.pc'
[1.065s] Level 1:colcon.colcon_core.environment:checking '/home/ciderlab-server3/workspace/2026_industry_cowork/IsaacSim-ros_workspaces/humble_ws/install/isaac_tutorials/lib/python3.10/site-packages'
[1.065s] Level 1:colcon.colcon_core.environment:checking '/home/ciderlab-server3/workspace/2026_industry_cowork/IsaacSim-ros_workspaces/humble_ws/install/isaac_tutorials/bin'
[1.065s] INFO:colcon.colcon_core.shell:Creating package script '/home/ciderlab-server3/workspace/2026_industry_cowork/IsaacSim-ros_workspaces/humble_ws/install/isaac_tutorials/share/isaac_tutorials/package.ps1'
[1.066s] INFO:colcon.colcon_core.shell:Creating package descriptor '/home/ciderlab-server3/workspace/2026_industry_cowork/IsaacSim-ros_workspaces/humble_ws/install/isaac_tutorials/share/isaac_tutorials/package.dsv'
[1.066s] INFO:colcon.colcon_core.shell:Creating package script '/home/ciderlab-server3/workspace/2026_industry_cowork/IsaacSim-ros_workspaces/humble_ws/install/isaac_tutorials/share/isaac_tutorials/package.sh'
[1.067s] INFO:colcon.colcon_core.shell:Creating package script '/home/ciderlab-server3/workspace/2026_industry_cowork/IsaacSim-ros_workspaces/humble_ws/install/isaac_tutorials/share/isaac_tutorials/package.bash'
[1.067s] INFO:colcon.colcon_core.shell:Creating package script '/home/ciderlab-server3/workspace/2026_industry_cowork/IsaacSim-ros_workspaces/humble_ws/install/isaac_tutorials/share/isaac_tutorials/package.zsh'
[1.067s] Level 1:colcon.colcon_core.environment:create_file_with_runtime_dependencies(/home/ciderlab-server3/workspace/2026_industry_cowork/IsaacSim-ros_workspaces/humble_ws/install/isaac_tutorials/share/colcon-core/packages/isaac_tutorials)
[1.067s] Level 1:colcon.colcon_core.environment:create_environment_scripts_only(carter_navigation)
[1.067s] Level 1:colcon.colcon_core.environment:checking '/home/ciderlab-server3/workspace/2026_industry_cowork/IsaacSim-ros_workspaces/humble_ws/install/carter_navigation' for CMake module files
[1.068s] DEBUG:colcon.colcon_core.event_handler.log_command:Invoked command in '/home/ciderlab-server3/workspace/2026_industry_cowork/IsaacSim-ros_workspaces/humble_ws/build/carter_navigation' returned '0': CMAKE_PREFIX_PATH=${CMAKE_PREFIX_PATH}:/home/ciderlab-server3/workspace/2026_industry_cowork/IsaacSim-ros_workspaces/humble_ws/install/turtlebot3_manipulation_navigation2:/home/ciderlab-server3/workspace/2026_industry_cowork/IsaacSim-ros_workspaces/humble_ws/install/turtlebot3_manipulation_description:/home/ciderlab-server3/workspace/2026_industry_cowork/IsaacSim-ros_workspaces/humble_ws/install/turtlebot3_manipulation_cartographer:/home/ciderlab-server3/workspace/2026_industry_cowork/IsaacSim-ros_workspaces/humble_ws/install/isaacsim_clearpath_nav2:/home/ciderlab-server3/workspace/2026_industry_cowork/IsaacSim-ros_workspaces/humble_ws/install/isaacsim_bringup:/home/ciderlab-server3/workspace/2026_industry_cowork/IsaacSim-ros_workspaces/humble_ws/install/isaac_tutorials:/home/ciderlab-server3/workspace/2026_industry_cowork/IsaacSim-ros_workspaces/humble_ws/install/isaac_ros_navigation_goal:/home/ciderlab-server3/workspace/2026_industry_cowork/IsaacSim-ros_workspaces/humble_ws/install/isaac_moveit:/home/ciderlab-server3/workspace/2026_industry_cowork/IsaacSim-ros_workspaces/humble_ws/install/isaac_compressed_image_decoder:/home/ciderlab-server3/workspace/2026_industry_cowork/IsaacSim-ros_workspaces/humble_ws/install/h1_fullbody_controller:/home/ciderlab-server3/workspace/2026_industry_cowork/IsaacSim-ros_workspaces/humble_ws/install/cmdvel_to_ackermann:/home/ciderlab-server3/workspace/2026_industry_cowork/IsaacSim-ros_workspaces/humble_ws/install/carter_navigation:/home/ciderlab-server3/turtlebot3_ws/install/turtlebot3_teleop:/home/ciderlab-server3/turtlebot3_ws/install/turtlebot3_example:/home/ciderlab-server3/turtlebot3_ws/install/turtlebot3_dqn:/home/ciderlab-server3/turtlebot3_ws/install/turtlebot3_home_service_challenge_core:/home/ciderlab-server3/turtlebot3_ws/install/turtlebot3_home_service_challenge_aruco:/opt/ros/humble /usr/bin/cmake --install /home/ciderlab-server3/workspace/2026_industry_cowork/IsaacSim-ros_workspaces/humble_ws/build/carter_navigation
[1.068s] Level 1:colcon.colcon_core.environment:checking '/home/ciderlab-server3/workspace/2026_industry_cowork/IsaacSim-ros_workspaces/humble_ws/install/carter_navigation' for CMake config files
[1.068s] Level 1:colcon.colcon_core.shell:create_environment_hook('carter_navigation', 'cmake_prefix_path')
[1.068s] INFO:colcon.colcon_core.shell:Creating environment hook '/home/ciderlab-server3/workspace/2026_industry_cowork/IsaacSim-ros_workspaces/humble_ws/install/carter_navigation/share/carter_navigation/hook/cmake_prefix_path.ps1'
[1.069s] INFO:colcon.colcon_core.shell:Creating environment descriptor '/home/ciderlab-server3/workspace/2026_industry_cowork/IsaacSim-ros_workspaces/humble_ws/install/carter_navigation/share/carter_navigation/hook/cmake_prefix_path.dsv'
[1.069s] INFO:colcon.colcon_core.shell:Creating environment hook '/home/ciderlab-server3/workspace/2026_industry_cowork/IsaacSim-ros_workspaces/humble_ws/install/carter_navigation/share/carter_navigation/hook/cmake_prefix_path.sh'
[1.069s] Level 1:colcon.colcon_core.environment:checking '/home/ciderlab-server3/workspace/2026_industry_cowork/IsaacSim-ros_workspaces/humble_ws/install/carter_navigation/bin'
[1.069s] Level 1:colcon.colcon_core.environment:checking '/home/ciderlab-server3/workspace/2026_industry_cowork/IsaacSim-ros_workspaces/humble_ws/install/carter_navigation/lib/pkgconfig/carter_navigation.pc'
[1.069s] Level 1:colcon.colcon_core.environment:checking '/home/ciderlab-server3/workspace/2026_industry_cowork/IsaacSim-ros_workspaces/humble_ws/install/carter_navigation/lib/python3.10/site-packages'
[1.069s] Level 1:colcon.colcon_core.environment:checking '/home/ciderlab-server3/workspace/2026_industry_cowork/IsaacSim-ros_workspaces/humble_ws/install/carter_navigation/bin'
[1.070s] INFO:colcon.colcon_core.shell:Creating package script '/home/ciderlab-server3/workspace/2026_industry_cowork/IsaacSim-ros_workspaces/humble_ws/install/carter_navigation/share/carter_navigation/package.ps1'
[1.070s] INFO:colcon.colcon_core.shell:Creating package descriptor '/home/ciderlab-server3/workspace/2026_industry_cowork/IsaacSim-ros_workspaces/humble_ws/install/carter_navigation/share/carter_navigation/package.dsv'
[1.070s] INFO:colcon.colcon_core.shell:Creating package script '/home/ciderlab-server3/workspace/2026_industry_cowork/IsaacSim-ros_workspaces/humble_ws/install/carter_navigation/share/carter_navigation/package.sh'
[1.071s] INFO:colcon.colcon_core.shell:Creating package script '/home/ciderlab-server3/workspace/2026_industry_cowork/IsaacSim-ros_workspaces/humble_ws/install/carter_navigation/share/carter_navigation/package.bash'
[1.071s] INFO:colcon.colcon_core.shell:Creating package script '/home/ciderlab-server3/workspace/2026_industry_cowork/IsaacSim-ros_workspaces/humble_ws/install/carter_navigation/share/carter_navigation/package.zsh'
[1.071s] Level 1:colcon.colcon_core.environment:create_file_with_runtime_dependencies(/home/ciderlab-server3/workspace/2026_industry_cowork/IsaacSim-ros_workspaces/humble_ws/install/carter_navigation/share/colcon-core/packages/carter_navigation)
[1.071s] Level 1:colcon.colcon_core.environment:create_environment_scripts_only(carter_navigation)
[1.071s] Level 1:colcon.colcon_core.environment:checking '/home/ciderlab-server3/workspace/2026_industry_cowork/IsaacSim-ros_workspaces/humble_ws/install/carter_navigation' for CMake module files
[1.072s] Level 1:colcon.colcon_core.environment:checking '/home/ciderlab-server3/workspace/2026_industry_cowork/IsaacSim-ros_workspaces/humble_ws/install/carter_navigation' for CMake config files
[1.072s] Level 1:colcon.colcon_core.shell:create_environment_hook('carter_navigation', 'cmake_prefix_path')
[1.072s] INFO:colcon.colcon_core.shell:Creating environment hook '/home/ciderlab-server3/workspace/2026_industry_cowork/IsaacSim-ros_workspaces/humble_ws/install/carter_navigation/share/carter_navigation/hook/cmake_prefix_path.ps1'
[1.072s] INFO:colcon.colcon_core.shell:Creating environment descriptor '/home/ciderlab-server3/workspace/2026_industry_cowork/IsaacSim-ros_workspaces/humble_ws/install/carter_navigation/share/carter_navigation/hook/cmake_prefix_path.dsv'
[1.072s] INFO:colcon.colcon_core.shell:Creating environment hook '/home/ciderlab-server3/workspace/2026_industry_cowork/IsaacSim-ros_workspaces/humble_ws/install/carter_navigation/share/carter_navigation/hook/cmake_prefix_path.sh'
[1.073s] Level 1:colcon.colcon_core.environment:checking '/home/ciderlab-server3/workspace/2026_industry_cowork/IsaacSim-ros_workspaces/humble_ws/install/carter_navigation/bin'
[1.073s] Level 1:colcon.colcon_core.environment:checking '/home/ciderlab-server3/workspace/2026_industry_cowork/IsaacSim-ros_workspaces/humble_ws/install/carter_navigation/lib/pkgconfig/carter_navigation.pc'
[1.073s] Level 1:colcon.colcon_core.environment:checking '/home/ciderlab-server3/workspace/2026_industry_cowork/IsaacSim-ros_workspaces/humble_ws/install/carter_navigation/lib/python3.10/site-packages'
[1.073s] Level 1:colcon.colcon_core.environment:checking '/home/ciderlab-server3/workspace/2026_industry_cowork/IsaacSim-ros_workspaces/humble_ws/install/carter_navigation/bin'
[1.073s] INFO:colcon.colcon_core.shell:Creating package script '/home/ciderlab-server3/workspace/2026_industry_cowork/IsaacSim-ros_workspaces/humble_ws/install/carter_navigation/share/carter_navigation/package.ps1'
[1.074s] INFO:colcon.colcon_core.shell:Creating package descriptor '/home/ciderlab-server3/workspace/2026_industry_cowork/IsaacSim-ros_workspaces/humble_ws/install/carter_navigation/share/carter_navigation/package.dsv'
[1.074s] INFO:colcon.colcon_core.shell:Creating package script '/home/ciderlab-server3/workspace/2026_industry_cowork/IsaacSim-ros_workspaces/humble_ws/install/carter_navigation/share/carter_navigation/package.sh'
[1.074s] INFO:colcon.colcon_core.shell:Creating package script '/home/ciderlab-server3/workspace/2026_industry_cowork/IsaacSim-ros_workspaces/humble_ws/install/carter_navigation/share/carter_navigation/package.bash'
[1.074s] INFO:colcon.colcon_core.shell:Creating package script '/home/ciderlab-server3/workspace/2026_industry_cowork/IsaacSim-ros_workspaces/humble_ws/install/carter_navigation/share/carter_navigation/package.zsh'
[1.074s] Level 1:colcon.colcon_core.environment:create_file_with_runtime_dependencies(/home/ciderlab-server3/workspace/2026_industry_cowork/IsaacSim-ros_workspaces/humble_ws/install/carter_navigation/share/colcon-core/packages/carter_navigation)
[1.075s] Level 1:colcon.colcon_core.environment:create_environment_scripts_only(turtlebot3_manipulation_cartographer)
[1.075s] Level 1:colcon.colcon_core.environment:checking '/home/ciderlab-server3/workspace/2026_industry_cowork/IsaacSim-ros_workspaces/humble_ws/install/turtlebot3_manipulation_cartographer' for CMake module files
[1.075s] DEBUG:colcon.colcon_core.event_handler.log_command:Invoked command in '/home/ciderlab-server3/workspace/2026_industry_cowork/IsaacSim-ros_workspaces/humble_ws/build/turtlebot3_manipulation_cartographer' returned '0': CMAKE_PREFIX_PATH=${CMAKE_PREFIX_PATH}:/home/ciderlab-server3/workspace/2026_industry_cowork/IsaacSim-ros_workspaces/humble_ws/install/turtlebot3_manipulation_navigation2:/home/ciderlab-server3/workspace/2026_industry_cowork/IsaacSim-ros_workspaces/humble_ws/install/turtlebot3_manipulation_description:/home/ciderlab-server3/workspace/2026_industry_cowork/IsaacSim-ros_workspaces/humble_ws/install/turtlebot3_manipulation_cartographer:/home/ciderlab-server3/workspace/2026_industry_cowork/IsaacSim-ros_workspaces/humble_ws/install/isaacsim_clearpath_nav2:/home/ciderlab-server3/workspace/2026_industry_cowork/IsaacSim-ros_workspaces/humble_ws/install/isaacsim_bringup:/home/ciderlab-server3/workspace/2026_industry_cowork/IsaacSim-ros_workspaces/humble_ws/install/isaac_tutorials:/home/ciderlab-server3/workspace/2026_industry_cowork/IsaacSim-ros_workspaces/humble_ws/install/isaac_ros_navigation_goal:/home/ciderlab-server3/workspace/2026_industry_cowork/IsaacSim-ros_workspaces/humble_ws/install/isaac_moveit:/home/ciderlab-server3/workspace/2026_industry_cowork/IsaacSim-ros_workspaces/humble_ws/install/isaac_compressed_image_decoder:/home/ciderlab-server3/workspace/2026_industry_cowork/IsaacSim-ros_workspaces/humble_ws/install/h1_fullbody_controller:/home/ciderlab-server3/workspace/2026_industry_cowork/IsaacSim-ros_workspaces/humble_ws/install/cmdvel_to_ackermann:/home/ciderlab-server3/workspace/2026_industry_cowork/IsaacSim-ros_workspaces/humble_ws/install/carter_navigation:/home/ciderlab-server3/turtlebot3_ws/install/turtlebot3_teleop:/home/ciderlab-server3/turtlebot3_ws/install/turtlebot3_example:/home/ciderlab-server3/turtlebot3_ws/install/turtlebot3_dqn:/home/ciderlab-server3/turtlebot3_ws/install/turtlebot3_home_service_challenge_core:/home/ciderlab-server3/turtlebot3_ws/install/turtlebot3_home_service_challenge_aruco:/opt/ros/humble /usr/bin/cmake --install /home/ciderlab-server3/workspace/2026_industry_cowork/IsaacSim-ros_workspaces/humble_ws/build/turtlebot3_manipulation_cartographer
[1.076s] Level 1:colcon.colcon_core.environment:checking '/home/ciderlab-server3/workspace/2026_industry_cowork/IsaacSim-ros_workspaces/humble_ws/install/turtlebot3_manipulation_cartographer' for CMake config files
[1.076s] Level 1:colcon.colcon_core.shell:create_environment_hook('turtlebot3_manipulation_cartographer', 'cmake_prefix_path')
[1.076s] INFO:colcon.colcon_core.shell:Creating environment hook '/home/ciderlab-server3/workspace/2026_industry_cowork/IsaacSim-ros_workspaces/humble_ws/install/turtlebot3_manipulation_cartographer/share/turtlebot3_manipulation_cartographer/hook/cmake_prefix_path.ps1'
[1.076s] INFO:colcon.colcon_core.shell:Creating environment descriptor '/home/ciderlab-server3/workspace/2026_industry_cowork/IsaacSim-ros_workspaces/humble_ws/install/turtlebot3_manipulation_cartographer/share/turtlebot3_manipulation_cartographer/hook/cmake_prefix_path.dsv'
[1.076s] INFO:colcon.colcon_core.shell:Creating environment hook '/home/ciderlab-server3/workspace/2026_industry_cowork/IsaacSim-ros_workspaces/humble_ws/install/turtlebot3_manipulation_cartographer/share/turtlebot3_manipulation_cartographer/hook/cmake_prefix_path.sh'
[1.077s] Level 1:colcon.colcon_core.environment:checking '/home/ciderlab-server3/workspace/2026_industry_cowork/IsaacSim-ros_workspaces/humble_ws/install/turtlebot3_manipulation_cartographer/bin'
[1.077s] Level 1:colcon.colcon_core.environment:checking '/home/ciderlab-server3/workspace/2026_industry_cowork/IsaacSim-ros_workspaces/humble_ws/install/turtlebot3_manipulation_cartographer/lib/pkgconfig/turtlebot3_manipulation_cartographer.pc'
[1.077s] Level 1:colcon.colcon_core.environment:checking '/home/ciderlab-server3/workspace/2026_industry_cowork/IsaacSim-ros_workspaces/humble_ws/install/turtlebot3_manipulation_cartographer/lib/python3.10/site-packages'
[1.077s] Level 1:colcon.colcon_core.environment:checking '/home/ciderlab-server3/workspace/2026_industry_cowork/IsaacSim-ros_workspaces/humble_ws/install/turtlebot3_manipulation_cartographer/bin'
[1.077s] INFO:colcon.colcon_core.shell:Creating package script '/home/ciderlab-server3/workspace/2026_industry_cowork/IsaacSim-ros_workspaces/humble_ws/install/turtlebot3_manipulation_cartographer/share/turtlebot3_manipulation_cartographer/package.ps1'
[1.077s] INFO:colcon.colcon_core.shell:Creating package descriptor '/home/ciderlab-server3/workspace/2026_industry_cowork/IsaacSim-ros_workspaces/humble_ws/install/turtlebot3_manipulation_cartographer/share/turtlebot3_manipulation_cartographer/package.dsv'
[1.077s] INFO:colcon.colcon_core.shell:Creating package script '/home/ciderlab-server3/workspace/2026_industry_cowork/IsaacSim-ros_workspaces/humble_ws/install/turtlebot3_manipulation_cartographer/share/turtlebot3_manipulation_cartographer/package.sh'
[1.078s] INFO:colcon.colcon_core.shell:Creating package script '/home/ciderlab-server3/workspace/2026_industry_cowork/IsaacSim-ros_workspaces/humble_ws/install/turtlebot3_manipulation_cartographer/share/turtlebot3_manipulation_cartographer/package.bash'
[1.078s] INFO:colcon.colcon_core.shell:Creating package script '/home/ciderlab-server3/workspace/2026_industry_cowork/IsaacSim-ros_workspaces/humble_ws/install/turtlebot3_manipulation_cartographer/share/turtlebot3_manipulation_cartographer/package.zsh'
[1.078s] Level 1:colcon.colcon_core.environment:create_file_with_runtime_dependencies(/home/ciderlab-server3/workspace/2026_industry_cowork/IsaacSim-ros_workspaces/humble_ws/install/turtlebot3_manipulation_cartographer/share/colcon-core/packages/turtlebot3_manipulation_cartographer)
[1.078s] Level 1:colcon.colcon_core.environment:create_environment_scripts_only(turtlebot3_manipulation_cartographer)
[1.078s] Level 1:colcon.colcon_core.environment:checking '/home/ciderlab-server3/workspace/2026_industry_cowork/IsaacSim-ros_workspaces/humble_ws/install/turtlebot3_manipulation_cartographer' for CMake module files
[1.079s] Level 1:colcon.colcon_core.environment:checking '/home/ciderlab-server3/workspace/2026_industry_cowork/IsaacSim-ros_workspaces/humble_ws/install/turtlebot3_manipulation_cartographer' for CMake config files
[1.079s] Level 1:colcon.colcon_core.shell:create_environment_hook('turtlebot3_manipulation_cartographer', 'cmake_prefix_path')
[1.079s] INFO:colcon.colcon_core.shell:Creating environment hook '/home/ciderlab-server3/workspace/2026_industry_cowork/IsaacSim-ros_workspaces/humble_ws/install/turtlebot3_manipulation_cartographer/share/turtlebot3_manipulation_cartographer/hook/cmake_prefix_path.ps1'
[1.079s] INFO:colcon.colcon_core.shell:Creating environment descriptor '/home/ciderlab-server3/workspace/2026_industry_cowork/IsaacSim-ros_workspaces/humble_ws/install/turtlebot3_manipulation_cartographer/share/turtlebot3_manipulation_cartographer/hook/cmake_prefix_path.dsv'
[1.079s] INFO:colcon.colcon_core.shell:Creating environment hook '/home/ciderlab-server3/workspace/2026_industry_cowork/IsaacSim-ros_workspaces/humble_ws/install/turtlebot3_manipulation_cartographer/share/turtlebot3_manipulation_cartographer/hook/cmake_prefix_path.sh'
[1.080s] Level 1:colcon.colcon_core.environment:checking '/home/ciderlab-server3/workspace/2026_industry_cowork/IsaacSim-ros_workspaces/humble_ws/install/turtlebot3_manipulation_cartographer/bin'
[1.080s] Level 1:colcon.colcon_core.environment:checking '/home/ciderlab-server3/workspace/2026_industry_cowork/IsaacSim-ros_workspaces/humble_ws/install/turtlebot3_manipulation_cartographer/lib/pkgconfig/turtlebot3_manipulation_cartographer.pc'
[1.080s] Level 1:colcon.colcon_core.environment:checking '/home/ciderlab-server3/workspace/2026_industry_cowork/IsaacSim-ros_workspaces/humble_ws/install/turtlebot3_manipulation_cartographer/lib/python3.10/site-packages'
[1.080s] Level 1:colcon.colcon_core.environment:checking '/home/ciderlab-server3/workspace/2026_industry_cowork/IsaacSim-ros_workspaces/humble_ws/install/turtlebot3_manipulation_cartographer/bin'
[1.080s] INFO:colcon.colcon_core.shell:Creating package script '/home/ciderlab-server3/workspace/2026_industry_cowork/IsaacSim-ros_workspaces/humble_ws/install/turtlebot3_manipulation_cartographer/share/turtlebot3_manipulation_cartographer/package.ps1'
[1.080s] INFO:colcon.colcon_core.shell:Creating package descriptor '/home/ciderlab-server3/workspace/2026_industry_cowork/IsaacSim-ros_workspaces/humble_ws/install/turtlebot3_manipulation_cartographer/share/turtlebot3_manipulation_cartographer/package.dsv'
[1.081s] INFO:colcon.colcon_core.shell:Creating package script '/home/ciderlab-server3/workspace/2026_industry_cowork/IsaacSim-ros_workspaces/humble_ws/install/turtlebot3_manipulation_cartographer/share/turtlebot3_manipulation_cartographer/package.sh'
[1.081s] INFO:colcon.colcon_core.shell:Creating package script '/home/ciderlab-server3/workspace/2026_industry_cowork/IsaacSim-ros_workspaces/humble_ws/install/turtlebot3_manipulation_cartographer/share/turtlebot3_manipulation_cartographer/package.bash'
[1.081s] INFO:colcon.colcon_core.shell:Creating package script '/home/ciderlab-server3/workspace/2026_industry_cowork/IsaacSim-ros_workspaces/humble_ws/install/turtlebot3_manipulation_cartographer/share/turtlebot3_manipulation_cartographer/package.zsh'
[1.081s] Level 1:colcon.colcon_core.environment:create_file_with_runtime_dependencies(/home/ciderlab-server3/workspace/2026_industry_cowork/IsaacSim-ros_workspaces/humble_ws/install/turtlebot3_manipulation_cartographer/share/colcon-core/packages/turtlebot3_manipulation_cartographer)
[1.081s] Level 1:colcon.colcon_core.environment:create_environment_scripts_only(turtlebot3_manipulation_description)
[1.082s] Level 1:colcon.colcon_core.environment:checking '/home/ciderlab-server3/workspace/2026_industry_cowork/IsaacSim-ros_workspaces/humble_ws/install/turtlebot3_manipulation_description' for CMake module files
[1.082s] Level 1:colcon.colcon_core.environment:checking '/home/ciderlab-server3/workspace/2026_industry_cowork/IsaacSim-ros_workspaces/humble_ws/install/turtlebot3_manipulation_description' for CMake config files
[1.082s] Level 1:colcon.colcon_core.shell:create_environment_hook('turtlebot3_manipulation_description', 'cmake_prefix_path')
[1.082s] INFO:colcon.colcon_core.shell:Creating environment hook '/home/ciderlab-server3/workspace/2026_industry_cowork/IsaacSim-ros_workspaces/humble_ws/install/turtlebot3_manipulation_description/share/turtlebot3_manipulation_description/hook/cmake_prefix_path.ps1'
[1.083s] DEBUG:colcon.colcon_core.event_handler.log_command:Invoked command in '/home/ciderlab-server3/workspace/2026_industry_cowork/IsaacSim-ros_workspaces/humble_ws/build/turtlebot3_manipulation_description' returned '0': CMAKE_PREFIX_PATH=${CMAKE_PREFIX_PATH}:/home/ciderlab-server3/workspace/2026_industry_cowork/IsaacSim-ros_workspaces/humble_ws/install/turtlebot3_manipulation_navigation2:/home/ciderlab-server3/workspace/2026_industry_cowork/IsaacSim-ros_workspaces/humble_ws/install/turtlebot3_manipulation_description:/home/ciderlab-server3/workspace/2026_industry_cowork/IsaacSim-ros_workspaces/humble_ws/install/turtlebot3_manipulation_cartographer:/home/ciderlab-server3/workspace/2026_industry_cowork/IsaacSim-ros_workspaces/humble_ws/install/isaacsim_clearpath_nav2:/home/ciderlab-server3/workspace/2026_industry_cowork/IsaacSim-ros_workspaces/humble_ws/install/isaacsim_bringup:/home/ciderlab-server3/workspace/2026_industry_cowork/IsaacSim-ros_workspaces/humble_ws/install/isaac_tutorials:/home/ciderlab-server3/workspace/2026_industry_cowork/IsaacSim-ros_workspaces/humble_ws/install/isaac_ros_navigation_goal:/home/ciderlab-server3/workspace/2026_industry_cowork/IsaacSim-ros_workspaces/humble_ws/install/isaac_moveit:/home/ciderlab-server3/workspace/2026_industry_cowork/IsaacSim-ros_workspaces/humble_ws/install/isaac_compressed_image_decoder:/home/ciderlab-server3/workspace/2026_industry_cowork/IsaacSim-ros_workspaces/humble_ws/install/h1_fullbody_controller:/home/ciderlab-server3/workspace/2026_industry_cowork/IsaacSim-ros_workspaces/humble_ws/install/cmdvel_to_ackermann:/home/ciderlab-server3/workspace/2026_industry_cowork/IsaacSim-ros_workspaces/humble_ws/install/carter_navigation:/home/ciderlab-server3/turtlebot3_ws/install/turtlebot3_teleop:/home/ciderlab-server3/turtlebot3_ws/install/turtlebot3_example:/home/ciderlab-server3/turtlebot3_ws/install/turtlebot3_dqn:/home/ciderlab-server3/turtlebot3_ws/install/turtlebot3_home_service_challenge_core:/home/ciderlab-server3/turtlebot3_ws/install/turtlebot3_home_service_challenge_aruco:/opt/ros/humble /usr/bin/cmake --install /home/ciderlab-server3/workspace/2026_industry_cowork/IsaacSim-ros_workspaces/humble_ws/build/turtlebot3_manipulation_description
[1.083s] INFO:colcon.colcon_core.shell:Creating environment descriptor '/home/ciderlab-server3/workspace/2026_industry_cowork/IsaacSim-ros_workspaces/humble_ws/install/turtlebot3_manipulation_description/share/turtlebot3_manipulation_description/hook/cmake_prefix_path.dsv'
[1.083s] INFO:colcon.colcon_core.shell:Creating environment hook '/home/ciderlab-server3/workspace/2026_industry_cowork/IsaacSim-ros_workspaces/humble_ws/install/turtlebot3_manipulation_description/share/turtlebot3_manipulation_description/hook/cmake_prefix_path.sh'
[1.084s] Level 1:colcon.colcon_core.environment:checking '/home/ciderlab-server3/workspace/2026_industry_cowork/IsaacSim-ros_workspaces/humble_ws/install/turtlebot3_manipulation_description/bin'
[1.084s] Level 1:colcon.colcon_core.environment:checking '/home/ciderlab-server3/workspace/2026_industry_cowork/IsaacSim-ros_workspaces/humble_ws/install/turtlebot3_manipulation_description/lib/pkgconfig/turtlebot3_manipulation_description.pc'
[1.084s] Level 1:colcon.colcon_core.environment:checking '/home/ciderlab-server3/workspace/2026_industry_cowork/IsaacSim-ros_workspaces/humble_ws/install/turtlebot3_manipulation_description/lib/python3.10/site-packages'
[1.084s] Level 1:colcon.colcon_core.environment:checking '/home/ciderlab-server3/workspace/2026_industry_cowork/IsaacSim-ros_workspaces/humble_ws/install/turtlebot3_manipulation_description/bin'
[1.084s] INFO:colcon.colcon_core.shell:Creating package script '/home/ciderlab-server3/workspace/2026_industry_cowork/IsaacSim-ros_workspaces/humble_ws/install/turtlebot3_manipulation_description/share/turtlebot3_manipulation_description/package.ps1'
[1.084s] INFO:colcon.colcon_core.shell:Creating package descriptor '/home/ciderlab-server3/workspace/2026_industry_cowork/IsaacSim-ros_workspaces/humble_ws/install/turtlebot3_manipulation_description/share/turtlebot3_manipulation_description/package.dsv'
[1.084s] INFO:colcon.colcon_core.shell:Creating package script '/home/ciderlab-server3/workspace/2026_industry_cowork/IsaacSim-ros_workspaces/humble_ws/install/turtlebot3_manipulation_description/share/turtlebot3_manipulation_description/package.sh'
[1.085s] INFO:colcon.colcon_core.shell:Creating package script '/home/ciderlab-server3/workspace/2026_industry_cowork/IsaacSim-ros_workspaces/humble_ws/install/turtlebot3_manipulation_description/share/turtlebot3_manipulation_description/package.bash'
[1.085s] INFO:colcon.colcon_core.shell:Creating package script '/home/ciderlab-server3/workspace/2026_industry_cowork/IsaacSim-ros_workspaces/humble_ws/install/turtlebot3_manipulation_description/share/turtlebot3_manipulation_description/package.zsh'
[1.085s] Level 1:colcon.colcon_core.environment:create_file_with_runtime_dependencies(/home/ciderlab-server3/workspace/2026_industry_cowork/IsaacSim-ros_workspaces/humble_ws/install/turtlebot3_manipulation_description/share/colcon-core/packages/turtlebot3_manipulation_description)
[1.085s] Level 1:colcon.colcon_core.environment:create_environment_scripts_only(turtlebot3_manipulation_description)
[1.085s] Level 1:colcon.colcon_core.environment:checking '/home/ciderlab-server3/workspace/2026_industry_cowork/IsaacSim-ros_workspaces/humble_ws/install/turtlebot3_manipulation_description' for CMake module files
[1.086s] Level 1:colcon.colcon_core.environment:checking '/home/ciderlab-server3/workspace/2026_industry_cowork/IsaacSim-ros_workspaces/humble_ws/install/turtlebot3_manipulation_description' for CMake config files
[1.086s] Level 1:colcon.colcon_core.shell:create_environment_hook('turtlebot3_manipulation_description', 'cmake_prefix_path')
[1.086s] INFO:colcon.colcon_core.shell:Creating environment hook '/home/ciderlab-server3/workspace/2026_industry_cowork/IsaacSim-ros_workspaces/humble_ws/install/turtlebot3_manipulation_description/share/turtlebot3_manipulation_description/hook/cmake_prefix_path.ps1'
[1.086s] INFO:colcon.colcon_core.shell:Creating environment descriptor '/home/ciderlab-server3/workspace/2026_industry_cowork/IsaacSim-ros_workspaces/humble_ws/install/turtlebot3_manipulation_description/share/turtlebot3_manipulation_description/hook/cmake_prefix_path.dsv'
[1.086s] INFO:colcon.colcon_core.shell:Creating environment hook '/home/ciderlab-server3/workspace/2026_industry_cowork/IsaacSim-ros_workspaces/humble_ws/install/turtlebot3_manipulation_description/share/turtlebot3_manipulation_description/hook/cmake_prefix_path.sh'
[1.086s] Level 1:colcon.colcon_core.environment:checking '/home/ciderlab-server3/workspace/2026_industry_cowork/IsaacSim-ros_workspaces/humble_ws/install/turtlebot3_manipulation_description/bin'
[1.087s] Level 1:colcon.colcon_core.environment:checking '/home/ciderlab-server3/workspace/2026_industry_cowork/IsaacSim-ros_workspaces/humble_ws/install/turtlebot3_manipulation_description/lib/pkgconfig/turtlebot3_manipulation_description.pc'
[1.087s] Level 1:colcon.colcon_core.environment:checking '/home/ciderlab-server3/workspace/2026_industry_cowork/IsaacSim-ros_workspaces/humble_ws/install/turtlebot3_manipulation_description/lib/python3.10/site-packages'
[1.087s] Level 1:colcon.colcon_core.environment:checking '/home/ciderlab-server3/workspace/2026_industry_cowork/IsaacSim-ros_workspaces/humble_ws/install/turtlebot3_manipulation_description/bin'
[1.087s] INFO:colcon.colcon_core.shell:Creating package script '/home/ciderlab-server3/workspace/2026_industry_cowork/IsaacSim-ros_workspaces/humble_ws/install/turtlebot3_manipulation_description/share/turtlebot3_manipulation_description/package.ps1'
[1.087s] INFO:colcon.colcon_core.shell:Creating package descriptor '/home/ciderlab-server3/workspace/2026_industry_cowork/IsaacSim-ros_workspaces/humble_ws/install/turtlebot3_manipulation_description/share/turtlebot3_manipulation_description/package.dsv'
[1.087s] INFO:colcon.colcon_core.shell:Creating package script '/home/ciderlab-server3/workspace/2026_industry_cowork/IsaacSim-ros_workspaces/humble_ws/install/turtlebot3_manipulation_description/share/turtlebot3_manipulation_description/package.sh'
[1.088s] INFO:colcon.colcon_core.shell:Creating package script '/home/ciderlab-server3/workspace/2026_industry_cowork/IsaacSim-ros_workspaces/humble_ws/install/turtlebot3_manipulation_description/share/turtlebot3_manipulation_description/package.bash'
[1.088s] INFO:colcon.colcon_core.shell:Creating package script '/home/ciderlab-server3/workspace/2026_industry_cowork/IsaacSim-ros_workspaces/humble_ws/install/turtlebot3_manipulation_description/share/turtlebot3_manipulation_description/package.zsh'
[1.088s] Level 1:colcon.colcon_core.environment:create_file_with_runtime_dependencies(/home/ciderlab-server3/workspace/2026_industry_cowork/IsaacSim-ros_workspaces/humble_ws/install/turtlebot3_manipulation_description/share/colcon-core/packages/turtlebot3_manipulation_description)
[1.088s] INFO:colcon.colcon_ros.task.ament_cmake.build:Building ROS package in '/home/ciderlab-server3/workspace/2026_industry_cowork/IsaacSim-ros_workspaces/humble_ws/src/turtlebot3_manipulation/turtlebot3_manipulation_bringup' with build type 'ament_cmake'
[1.088s] INFO:colcon.colcon_cmake.task.cmake.build:Building CMake package in '/home/ciderlab-server3/workspace/2026_industry_cowork/IsaacSim-ros_workspaces/humble_ws/src/turtlebot3_manipulation/turtlebot3_manipulation_bringup'
[1.089s] INFO:colcon.colcon_core.shell:Skip shell extension 'powershell' for command environment: Not usable outside of PowerShell
[1.089s] DEBUG:colcon.colcon_core.shell:Skip shell extension 'dsv' for command environment
[1.093s] INFO:colcon.colcon_ros.task.ament_cmake.build:Building ROS package in '/home/ciderlab-server3/workspace/2026_industry_cowork/IsaacSim-ros_workspaces/humble_ws/src/turtlebot3_manipulation/turtlebot3_manipulation_moveit_config' with build type 'ament_cmake'
[1.093s] INFO:colcon.colcon_cmake.task.cmake.build:Building CMake package in '/home/ciderlab-server3/workspace/2026_industry_cowork/IsaacSim-ros_workspaces/humble_ws/src/turtlebot3_manipulation/turtlebot3_manipulation_moveit_config'
[1.093s] INFO:colcon.colcon_core.shell:Skip shell extension 'powershell' for command environment: Not usable outside of PowerShell
[1.093s] DEBUG:colcon.colcon_core.shell:Skip shell extension 'dsv' for command environment
[1.102s] DEBUG:colcon.colcon_core.event_handler.log_command:Invoked command in '/home/ciderlab-server3/workspace/2026_industry_cowork/IsaacSim-ros_workspaces/humble_ws/build/custom_nav2_bt_plugins' returned '0': CMAKE_PREFIX_PATH=${CMAKE_PREFIX_PATH}:/home/ciderlab-server3/workspace/2026_industry_cowork/IsaacSim-ros_workspaces/humble_ws/install/turtlebot3_manipulation_navigation2:/home/ciderlab-server3/workspace/2026_industry_cowork/IsaacSim-ros_workspaces/humble_ws/install/turtlebot3_manipulation_description:/home/ciderlab-server3/workspace/2026_industry_cowork/IsaacSim-ros_workspaces/humble_ws/install/turtlebot3_manipulation_cartographer:/home/ciderlab-server3/workspace/2026_industry_cowork/IsaacSim-ros_workspaces/humble_ws/install/isaacsim_clearpath_nav2:/home/ciderlab-server3/workspace/2026_industry_cowork/IsaacSim-ros_workspaces/humble_ws/install/isaacsim_bringup:/home/ciderlab-server3/workspace/2026_industry_cowork/IsaacSim-ros_workspaces/humble_ws/install/isaac_tutorials:/home/ciderlab-server3/workspace/2026_industry_cowork/IsaacSim-ros_workspaces/humble_ws/install/isaac_ros_navigation_goal:/home/ciderlab-server3/workspace/2026_industry_cowork/IsaacSim-ros_workspaces/humble_ws/install/isaac_moveit:/home/ciderlab-server3/workspace/2026_industry_cowork/IsaacSim-ros_workspaces/humble_ws/install/isaac_compressed_image_decoder:/home/ciderlab-server3/workspace/2026_industry_cowork/IsaacSim-ros_workspaces/humble_ws/install/h1_fullbody_controller:/home/ciderlab-server3/workspace/2026_industry_cowork/IsaacSim-ros_workspaces/humble_ws/install/cmdvel_to_ackermann:/home/ciderlab-server3/workspace/2026_industry_cowork/IsaacSim-ros_workspaces/humble_ws/install/carter_navigation:/home/ciderlab-server3/turtlebot3_ws/install/turtlebot3_teleop:/home/ciderlab-server3/turtlebot3_ws/install/turtlebot3_example:/home/ciderlab-server3/turtlebot3_ws/install/turtlebot3_dqn:/home/ciderlab-server3/turtlebot3_ws/install/turtlebot3_home_service_challenge_core:/home/ciderlab-server3/turtlebot3_ws/install/turtlebot3_home_service_challenge_aruco:/opt/ros/humble /usr/bin/cmake --build /home/ciderlab-server3/workspace/2026_industry_cowork/IsaacSim-ros_workspaces/humble_ws/build/custom_nav2_bt_plugins -- -j24 -l24
[1.103s] DEBUG:colcon.colcon_core.event_handler.log_command:Invoking command in '/home/ciderlab-server3/workspace/2026_industry_cowork/IsaacSim-ros_workspaces/humble_ws/build/custom_nav2_bt_plugins': CMAKE_PREFIX_PATH=${CMAKE_PREFIX_PATH}:/home/ciderlab-server3/workspace/2026_industry_cowork/IsaacSim-ros_workspaces/humble_ws/install/turtlebot3_manipulation_navigation2:/home/ciderlab-server3/workspace/2026_industry_cowork/IsaacSim-ros_workspaces/humble_ws/install/turtlebot3_manipulation_description:/home/ciderlab-server3/workspace/2026_industry_cowork/IsaacSim-ros_workspaces/humble_ws/install/turtlebot3_manipulation_cartographer:/home/ciderlab-server3/workspace/2026_industry_cowork/IsaacSim-ros_workspaces/humble_ws/install/isaacsim_clearpath_nav2:/home/ciderlab-server3/workspace/2026_industry_cowork/IsaacSim-ros_workspaces/humble_ws/install/isaacsim_bringup:/home/ciderlab-server3/workspace/2026_industry_cowork/IsaacSim-ros_workspaces/humble_ws/install/isaac_tutorials:/home/ciderlab-server3/workspace/2026_industry_cowork/IsaacSim-ros_workspaces/humble_ws/install/isaac_ros_navigation_goal:/home/ciderlab-server3/workspace/2026_industry_cowork/IsaacSim-ros_workspaces/humble_ws/install/isaac_moveit:/home/ciderlab-server3/workspace/2026_industry_cowork/IsaacSim-ros_workspaces/humble_ws/install/isaac_compressed_image_decoder:/home/ciderlab-server3/workspace/2026_industry_cowork/IsaacSim-ros_workspaces/humble_ws/install/h1_fullbody_controller:/home/ciderlab-server3/workspace/2026_industry_cowork/IsaacSim-ros_workspaces/humble_ws/install/cmdvel_to_ackermann:/home/ciderlab-server3/workspace/2026_industry_cowork/IsaacSim-ros_workspaces/humble_ws/install/carter_navigation:/home/ciderlab-server3/turtlebot3_ws/install/turtlebot3_teleop:/home/ciderlab-server3/turtlebot3_ws/install/turtlebot3_example:/home/ciderlab-server3/turtlebot3_ws/install/turtlebot3_dqn:/home/ciderlab-server3/turtlebot3_ws/install/turtlebot3_home_service_challenge_core:/home/ciderlab-server3/turtlebot3_ws/install/turtlebot3_home_service_challenge_aruco:/opt/ros/humble /usr/bin/cmake --install /home/ciderlab-server3/workspace/2026_industry_cowork/IsaacSim-ros_workspaces/humble_ws/build/custom_nav2_bt_plugins
[1.105s] DEBUG:colcon.colcon_core.event_handler.log_command:Invoking command in '/home/ciderlab-server3/workspace/2026_industry_cowork/IsaacSim-ros_workspaces/humble_ws/build/turtlebot3_manipulation_bringup': CMAKE_PREFIX_PATH=/home/ciderlab-server3/workspace/2026_industry_cowork/IsaacSim-ros_workspaces/humble_ws/install/turtlebot3_manipulation_description:/home/ciderlab-server3/workspace/2026_industry_cowork/IsaacSim-ros_workspaces/humble_ws/install/turtlebot3_manipulation:/home/ciderlab-server3/workspace/2026_industry_cowork/IsaacSim-ros_workspaces/humble_ws/install/turtlebot3_manipulation_teleop:/home/ciderlab-server3/workspace/2026_industry_cowork/IsaacSim-ros_workspaces/humble_ws/install/turtlebot3_manipulation_moveit_config:/home/ciderlab-server3/workspace/2026_industry_cowork/IsaacSim-ros_workspaces/humble_ws/install/turtlebot3_manipulation_hardware:/home/ciderlab-server3/workspace/2026_industry_cowork/IsaacSim-ros_workspaces/humble_ws/install/turtlebot3_manipulation_bringup:/home/ciderlab-server3/workspace/2026_industry_cowork/IsaacSim-ros_workspaces/humble_ws/install/iw_hub_navigation:/home/ciderlab-server3/workspace/2026_industry_cowork/IsaacSim-ros_workspaces/humble_ws/install/isaac_ros2_messages:/home/ciderlab-server3/workspace/2026_industry_cowork/IsaacSim-ros_workspaces/humble_ws/install/custom_nav2_bt_plugins:/home/ciderlab-server3/workspace/2026_industry_cowork/IsaacSim-ros_workspaces/humble_ws/install/custom_message:/home/ciderlab-server3/turtlebot3_ws/install/turtlebot3:/home/ciderlab-server3/turtlebot3_ws/install/turtlebot3_simulations:/home/ciderlab-server3/turtlebot3_ws/install/turtlebot3_bringup:/home/ciderlab-server3/turtlebot3_ws/install/turtlebot3_node:/home/ciderlab-server3/turtlebot3_ws/install/turtlebot3_navigation2:/home/ciderlab-server3/turtlebot3_ws/install/turtlebot3_machine_learning:/home/ciderlab-server3/turtlebot3_ws/install/turtlebot3_fake_node:/home/ciderlab-server3/turtlebot3_ws/install/turtlebot3_msgs:/home/ciderlab-server3/turtlebot3_ws/install/turtlebot3_manipulation:/home/ciderlab-server3/turtlebot3_ws/install/turtlebot3_manipulation_teleop:/home/ciderlab-server3/turtlebot3_ws/install/turtlebot3_home_service_challenge:/home/ciderlab-server3/turtlebot3_ws/install/turtlebot3_home_service_challenge_manipulator:/home/ciderlab-server3/turtlebot3_ws/install/turtlebot3_home_service_challenge_tools:/home/ciderlab-server3/turtlebot3_ws/install/turtlebot3_manipulation_navigation2:/home/ciderlab-server3/turtlebot3_ws/install/turtlebot3_manipulation_moveit_config:/home/ciderlab-server3/turtlebot3_ws/install/turtlebot3_manipulation_hardware:/home/ciderlab-server3/turtlebot3_ws/install/turtlebot3_manipulation_gazebo:/home/ciderlab-server3/turtlebot3_ws/install/turtlebot3_manipulation_bringup:/home/ciderlab-server3/turtlebot3_ws/install/turtlebot3_manipulation_description:/home/ciderlab-server3/turtlebot3_ws/install/turtlebot3_manipulation_cartographer:/home/ciderlab-server3/turtlebot3_ws/install/turtlebot3_gazebo:/home/ciderlab-server3/turtlebot3_ws/install/turtlebot3_description:/home/ciderlab-server3/turtlebot3_ws/install/turtlebot3_cartographer:/home/ciderlab-server3/turtlebot3_ws/install/dynamixel_sdk_examples:/home/ciderlab-server3/turtlebot3_ws/install/dynamixel_sdk_custom_interfaces:/home/ciderlab-server3/turtlebot3_ws/install/dynamixel_sdk:/home/ciderlab-server3/workspace/2026_industry_cowork/IsaacSim-ros_workspaces/humble_ws/install/turtlebot3_manipulation_navigation2:/home/ciderlab-server3/workspace/2026_industry_cowork/IsaacSim-ros_workspaces/humble_ws/install/turtlebot3_manipulation_cartographer:/home/ciderlab-server3/workspace/2026_industry_cowork/IsaacSim-ros_workspaces/humble_ws/install/isaacsim_clearpath_nav2:/home/ciderlab-server3/workspace/2026_industry_cowork/IsaacSim-ros_workspaces/humble_ws/install/isaacsim_bringup:/home/ciderlab-server3/workspace/2026_industry_cowork/IsaacSim-ros_workspaces/humble_ws/install/isaac_tutorials:/home/ciderlab-server3/workspace/2026_industry_cowork/IsaacSim-ros_workspaces/humble_ws/install/isaac_ros_navigation_goal:/home/ciderlab-server3/workspace/2026_industry_cowork/IsaacSim-ros_workspaces/humble_ws/install/isaac_moveit:/home/ciderlab-server3/workspace/2026_industry_cowork/IsaacSim-ros_workspaces/humble_ws/install/isaac_compressed_image_decoder:/home/ciderlab-server3/workspace/2026_industry_cowork/IsaacSim-ros_workspaces/humble_ws/install/h1_fullbody_controller:/home/ciderlab-server3/workspace/2026_industry_cowork/IsaacSim-ros_workspaces/humble_ws/install/cmdvel_to_ackermann:/home/ciderlab-server3/workspace/2026_industry_cowork/IsaacSim-ros_workspaces/humble_ws/install/carter_navigation:/home/ciderlab-server3/turtlebot3_ws/install/turtlebot3_teleop:/home/ciderlab-server3/turtlebot3_ws/install/turtlebot3_example:/home/ciderlab-server3/turtlebot3_ws/install/turtlebot3_dqn:/home/ciderlab-server3/turtlebot3_ws/install/turtlebot3_home_service_challenge_core:/home/ciderlab-server3/turtlebot3_ws/install/turtlebot3_home_service_challenge_aruco:/opt/ros/humble /usr/bin/cmake --build /home/ciderlab-server3/workspace/2026_industry_cowork/IsaacSim-ros_workspaces/humble_ws/build/turtlebot3_manipulation_bringup -- -j24 -l24
[1.112s] DEBUG:colcon.colcon_core.event_handler.log_command:Invoking command in '/home/ciderlab-server3/workspace/2026_industry_cowork/IsaacSim-ros_workspaces/humble_ws/build/turtlebot3_manipulation_moveit_config': CMAKE_PREFIX_PATH=/home/ciderlab-server3/workspace/2026_industry_cowork/IsaacSim-ros_workspaces/humble_ws/install/turtlebot3_manipulation_description:/home/ciderlab-server3/workspace/2026_industry_cowork/IsaacSim-ros_workspaces/humble_ws/install/turtlebot3_manipulation:/home/ciderlab-server3/workspace/2026_industry_cowork/IsaacSim-ros_workspaces/humble_ws/install/turtlebot3_manipulation_teleop:/home/ciderlab-server3/workspace/2026_industry_cowork/IsaacSim-ros_workspaces/humble_ws/install/turtlebot3_manipulation_moveit_config:/home/ciderlab-server3/workspace/2026_industry_cowork/IsaacSim-ros_workspaces/humble_ws/install/turtlebot3_manipulation_hardware:/home/ciderlab-server3/workspace/2026_industry_cowork/IsaacSim-ros_workspaces/humble_ws/install/turtlebot3_manipulation_bringup:/home/ciderlab-server3/workspace/2026_industry_cowork/IsaacSim-ros_workspaces/humble_ws/install/iw_hub_navigation:/home/ciderlab-server3/workspace/2026_industry_cowork/IsaacSim-ros_workspaces/humble_ws/install/isaac_ros2_messages:/home/ciderlab-server3/workspace/2026_industry_cowork/IsaacSim-ros_workspaces/humble_ws/install/custom_nav2_bt_plugins:/home/ciderlab-server3/workspace/2026_industry_cowork/IsaacSim-ros_workspaces/humble_ws/install/custom_message:/home/ciderlab-server3/turtlebot3_ws/install/turtlebot3:/home/ciderlab-server3/turtlebot3_ws/install/turtlebot3_simulations:/home/ciderlab-server3/turtlebot3_ws/install/turtlebot3_bringup:/home/ciderlab-server3/turtlebot3_ws/install/turtlebot3_node:/home/ciderlab-server3/turtlebot3_ws/install/turtlebot3_navigation2:/home/ciderlab-server3/turtlebot3_ws/install/turtlebot3_machine_learning:/home/ciderlab-server3/turtlebot3_ws/install/turtlebot3_fake_node:/home/ciderlab-server3/turtlebot3_ws/install/turtlebot3_msgs:/home/ciderlab-server3/turtlebot3_ws/install/turtlebot3_manipulation:/home/ciderlab-server3/turtlebot3_ws/install/turtlebot3_manipulation_teleop:/home/ciderlab-server3/turtlebot3_ws/install/turtlebot3_home_service_challenge:/home/ciderlab-server3/turtlebot3_ws/install/turtlebot3_home_service_challenge_manipulator:/home/ciderlab-server3/turtlebot3_ws/install/turtlebot3_home_service_challenge_tools:/home/ciderlab-server3/turtlebot3_ws/install/turtlebot3_manipulation_navigation2:/home/ciderlab-server3/turtlebot3_ws/install/turtlebot3_manipulation_moveit_config:/home/ciderlab-server3/turtlebot3_ws/install/turtlebot3_manipulation_hardware:/home/ciderlab-server3/turtlebot3_ws/install/turtlebot3_manipulation_gazebo:/home/ciderlab-server3/turtlebot3_ws/install/turtlebot3_manipulation_bringup:/home/ciderlab-server3/turtlebot3_ws/install/turtlebot3_manipulation_description:/home/ciderlab-server3/turtlebot3_ws/install/turtlebot3_manipulation_cartographer:/home/ciderlab-server3/turtlebot3_ws/install/turtlebot3_gazebo:/home/ciderlab-server3/turtlebot3_ws/install/turtlebot3_description:/home/ciderlab-server3/turtlebot3_ws/install/turtlebot3_cartographer:/home/ciderlab-server3/turtlebot3_ws/install/dynamixel_sdk_examples:/home/ciderlab-server3/turtlebot3_ws/install/dynamixel_sdk_custom_interfaces:/home/ciderlab-server3/turtlebot3_ws/install/dynamixel_sdk:/home/ciderlab-server3/workspace/2026_industry_cowork/IsaacSim-ros_workspaces/humble_ws/install/turtlebot3_manipulation_navigation2:/home/ciderlab-server3/workspace/2026_industry_cowork/IsaacSim-ros_workspaces/humble_ws/install/turtlebot3_manipulation_cartographer:/home/ciderlab-server3/workspace/2026_industry_cowork/IsaacSim-ros_workspaces/humble_ws/install/isaacsim_clearpath_nav2:/home/ciderlab-server3/workspace/2026_industry_cowork/IsaacSim-ros_workspaces/humble_ws/install/isaacsim_bringup:/home/ciderlab-server3/workspace/2026_industry_cowork/IsaacSim-ros_workspaces/humble_ws/install/isaac_tutorials:/home/ciderlab-server3/workspace/2026_industry_cowork/IsaacSim-ros_workspaces/humble_ws/install/isaac_ros_navigation_goal:/home/ciderlab-server3/workspace/2026_industry_cowork/IsaacSim-ros_workspaces/humble_ws/install/isaac_moveit:/home/ciderlab-server3/workspace/2026_industry_cowork/IsaacSim-ros_workspaces/humble_ws/install/isaac_compressed_image_decoder:/home/ciderlab-server3/workspace/2026_industry_cowork/IsaacSim-ros_workspaces/humble_ws/install/h1_fullbody_controller:/home/ciderlab-server3/workspace/2026_industry_cowork/IsaacSim-ros_workspaces/humble_ws/install/cmdvel_to_ackermann:/home/ciderlab-server3/workspace/2026_industry_cowork/IsaacSim-ros_workspaces/humble_ws/install/carter_navigation:/home/ciderlab-server3/turtlebot3_ws/install/turtlebot3_teleop:/home/ciderlab-server3/turtlebot3_ws/install/turtlebot3_example:/home/ciderlab-server3/turtlebot3_ws/install/turtlebot3_dqn:/home/ciderlab-server3/turtlebot3_ws/install/turtlebot3_home_service_challenge_core:/home/ciderlab-server3/turtlebot3_ws/install/turtlebot3_home_service_challenge_aruco:/opt/ros/humble /usr/bin/cmake --build /home/ciderlab-server3/workspace/2026_industry_cowork/IsaacSim-ros_workspaces/humble_ws/build/turtlebot3_manipulation_moveit_config -- -j24 -l24
[1.112s] DEBUG:colcon.colcon_core.event_handler.log_command:Invoked command in '/home/ciderlab-server3/workspace/2026_industry_cowork/IsaacSim-ros_workspaces/humble_ws/build/isaacsim_clearpath_nav2' returned '0': CMAKE_PREFIX_PATH=${CMAKE_PREFIX_PATH}:/home/ciderlab-server3/workspace/2026_industry_cowork/IsaacSim-ros_workspaces/humble_ws/install/turtlebot3_manipulation_navigation2:/home/ciderlab-server3/workspace/2026_industry_cowork/IsaacSim-ros_workspaces/humble_ws/install/turtlebot3_manipulation_description:/home/ciderlab-server3/workspace/2026_industry_cowork/IsaacSim-ros_workspaces/humble_ws/install/turtlebot3_manipulation_cartographer:/home/ciderlab-server3/workspace/2026_industry_cowork/IsaacSim-ros_workspaces/humble_ws/install/isaacsim_clearpath_nav2:/home/ciderlab-server3/workspace/2026_industry_cowork/IsaacSim-ros_workspaces/humble_ws/install/isaacsim_bringup:/home/ciderlab-server3/workspace/2026_industry_cowork/IsaacSim-ros_workspaces/humble_ws/install/isaac_tutorials:/home/ciderlab-server3/workspace/2026_industry_cowork/IsaacSim-ros_workspaces/humble_ws/install/isaac_ros_navigation_goal:/home/ciderlab-server3/workspace/2026_industry_cowork/IsaacSim-ros_workspaces/humble_ws/install/isaac_moveit:/home/ciderlab-server3/workspace/2026_industry_cowork/IsaacSim-ros_workspaces/humble_ws/install/isaac_compressed_image_decoder:/home/ciderlab-server3/workspace/2026_industry_cowork/IsaacSim-ros_workspaces/humble_ws/install/h1_fullbody_controller:/home/ciderlab-server3/workspace/2026_industry_cowork/IsaacSim-ros_workspaces/humble_ws/install/cmdvel_to_ackermann:/home/ciderlab-server3/workspace/2026_industry_cowork/IsaacSim-ros_workspaces/humble_ws/install/carter_navigation:/home/ciderlab-server3/turtlebot3_ws/install/turtlebot3_teleop:/home/ciderlab-server3/turtlebot3_ws/install/turtlebot3_example:/home/ciderlab-server3/turtlebot3_ws/install/turtlebot3_dqn:/home/ciderlab-server3/turtlebot3_ws/install/turtlebot3_home_service_challenge_core:/home/ciderlab-server3/turtlebot3_ws/install/turtlebot3_home_service_challenge_aruco:/opt/ros/humble /usr/bin/cmake /home/ciderlab-server3/workspace/2026_industry_cowork/IsaacSim-ros_workspaces/humble_ws/src/navigation/isaacsim_clearpath_nav2 -DCMAKE_INSTALL_PREFIX=/home/ciderlab-server3/workspace/2026_industry_cowork/IsaacSim-ros_workspaces/humble_ws/install/isaacsim_clearpath_nav2
[1.112s] DEBUG:colcon.colcon_core.event_handler.log_command:Invoking command in '/home/ciderlab-server3/workspace/2026_industry_cowork/IsaacSim-ros_workspaces/humble_ws/build/isaacsim_clearpath_nav2': CMAKE_PREFIX_PATH=${CMAKE_PREFIX_PATH}:/home/ciderlab-server3/workspace/2026_industry_cowork/IsaacSim-ros_workspaces/humble_ws/install/turtlebot3_manipulation_navigation2:/home/ciderlab-server3/workspace/2026_industry_cowork/IsaacSim-ros_workspaces/humble_ws/install/turtlebot3_manipulation_description:/home/ciderlab-server3/workspace/2026_industry_cowork/IsaacSim-ros_workspaces/humble_ws/install/turtlebot3_manipulation_cartographer:/home/ciderlab-server3/workspace/2026_industry_cowork/IsaacSim-ros_workspaces/humble_ws/install/isaacsim_clearpath_nav2:/home/ciderlab-server3/workspace/2026_industry_cowork/IsaacSim-ros_workspaces/humble_ws/install/isaacsim_bringup:/home/ciderlab-server3/workspace/2026_industry_cowork/IsaacSim-ros_workspaces/humble_ws/install/isaac_tutorials:/home/ciderlab-server3/workspace/2026_industry_cowork/IsaacSim-ros_workspaces/humble_ws/install/isaac_ros_navigation_goal:/home/ciderlab-server3/workspace/2026_industry_cowork/IsaacSim-ros_workspaces/humble_ws/install/isaac_moveit:/home/ciderlab-server3/workspace/2026_industry_cowork/IsaacSim-ros_workspaces/humble_ws/install/isaac_compressed_image_decoder:/home/ciderlab-server3/workspace/2026_industry_cowork/IsaacSim-ros_workspaces/humble_ws/install/h1_fullbody_controller:/home/ciderlab-server3/workspace/2026_industry_cowork/IsaacSim-ros_workspaces/humble_ws/install/cmdvel_to_ackermann:/home/ciderlab-server3/workspace/2026_industry_cowork/IsaacSim-ros_workspaces/humble_ws/install/carter_navigation:/home/ciderlab-server3/turtlebot3_ws/install/turtlebot3_teleop:/home/ciderlab-server3/turtlebot3_ws/install/turtlebot3_example:/home/ciderlab-server3/turtlebot3_ws/install/turtlebot3_dqn:/home/ciderlab-server3/turtlebot3_ws/install/turtlebot3_home_service_challenge_core:/home/ciderlab-server3/turtlebot3_ws/install/turtlebot3_home_service_challenge_aruco:/opt/ros/humble /usr/bin/cmake --build /home/ciderlab-server3/workspace/2026_industry_cowork/IsaacSim-ros_workspaces/humble_ws/build/isaacsim_clearpath_nav2 -- -j24 -l24
[1.120s] DEBUG:colcon.colcon_core.event_handler.log_command:Invoked command in '/home/ciderlab-server3/workspace/2026_industry_cowork/IsaacSim-ros_workspaces/humble_ws/build/custom_message' returned '0': CMAKE_PREFIX_PATH=${CMAKE_PREFIX_PATH}:/home/ciderlab-server3/workspace/2026_industry_cowork/IsaacSim-ros_workspaces/humble_ws/install/turtlebot3_manipulation_navigation2:/home/ciderlab-server3/workspace/2026_industry_cowork/IsaacSim-ros_workspaces/humble_ws/install/turtlebot3_manipulation_description:/home/ciderlab-server3/workspace/2026_industry_cowork/IsaacSim-ros_workspaces/humble_ws/install/turtlebot3_manipulation_cartographer:/home/ciderlab-server3/workspace/2026_industry_cowork/IsaacSim-ros_workspaces/humble_ws/install/isaacsim_clearpath_nav2:/home/ciderlab-server3/workspace/2026_industry_cowork/IsaacSim-ros_workspaces/humble_ws/install/isaacsim_bringup:/home/ciderlab-server3/workspace/2026_industry_cowork/IsaacSim-ros_workspaces/humble_ws/install/isaac_tutorials:/home/ciderlab-server3/workspace/2026_industry_cowork/IsaacSim-ros_workspaces/humble_ws/install/isaac_ros_navigation_goal:/home/ciderlab-server3/workspace/2026_industry_cowork/IsaacSim-ros_workspaces/humble_ws/install/isaac_moveit:/home/ciderlab-server3/workspace/2026_industry_cowork/IsaacSim-ros_workspaces/humble_ws/install/isaac_compressed_image_decoder:/home/ciderlab-server3/workspace/2026_industry_cowork/IsaacSim-ros_workspaces/humble_ws/install/h1_fullbody_controller:/home/ciderlab-server3/workspace/2026_industry_cowork/IsaacSim-ros_workspaces/humble_ws/install/cmdvel_to_ackermann:/home/ciderlab-server3/workspace/2026_industry_cowork/IsaacSim-ros_workspaces/humble_ws/install/carter_navigation:/home/ciderlab-server3/turtlebot3_ws/install/turtlebot3_teleop:/home/ciderlab-server3/turtlebot3_ws/install/turtlebot3_example:/home/ciderlab-server3/turtlebot3_ws/install/turtlebot3_dqn:/home/ciderlab-server3/turtlebot3_ws/install/turtlebot3_home_service_challenge_core:/home/ciderlab-server3/turtlebot3_ws/install/turtlebot3_home_service_challenge_aruco:/opt/ros/humble /usr/bin/cmake /home/ciderlab-server3/workspace/2026_industry_cowork/IsaacSim-ros_workspaces/humble_ws/src/custom_message -DCMAKE_INSTALL_PREFIX=/home/ciderlab-server3/workspace/2026_industry_cowork/IsaacSim-ros_workspaces/humble_ws/install/custom_message
[1.120s] DEBUG:colcon.colcon_core.event_handler.log_command:Invoking command in '/home/ciderlab-server3/workspace/2026_industry_cowork/IsaacSim-ros_workspaces/humble_ws/build/custom_message': CMAKE_PREFIX_PATH=${CMAKE_PREFIX_PATH}:/home/ciderlab-server3/workspace/2026_industry_cowork/IsaacSim-ros_workspaces/humble_ws/install/turtlebot3_manipulation_navigation2:/home/ciderlab-server3/workspace/2026_industry_cowork/IsaacSim-ros_workspaces/humble_ws/install/turtlebot3_manipulation_description:/home/ciderlab-server3/workspace/2026_industry_cowork/IsaacSim-ros_workspaces/humble_ws/install/turtlebot3_manipulation_cartographer:/home/ciderlab-server3/workspace/2026_industry_cowork/IsaacSim-ros_workspaces/humble_ws/install/isaacsim_clearpath_nav2:/home/ciderlab-server3/workspace/2026_industry_cowork/IsaacSim-ros_workspaces/humble_ws/install/isaacsim_bringup:/home/ciderlab-server3/workspace/2026_industry_cowork/IsaacSim-ros_workspaces/humble_ws/install/isaac_tutorials:/home/ciderlab-server3/workspace/2026_industry_cowork/IsaacSim-ros_workspaces/humble_ws/install/isaac_ros_navigation_goal:/home/ciderlab-server3/workspace/2026_industry_cowork/IsaacSim-ros_workspaces/humble_ws/install/isaac_moveit:/home/ciderlab-server3/workspace/2026_industry_cowork/IsaacSim-ros_workspaces/humble_ws/install/isaac_compressed_image_decoder:/home/ciderlab-server3/workspace/2026_industry_cowork/IsaacSim-ros_workspaces/humble_ws/install/h1_fullbody_controller:/home/ciderlab-server3/workspace/2026_industry_cowork/IsaacSim-ros_workspaces/humble_ws/install/cmdvel_to_ackermann:/home/ciderlab-server3/workspace/2026_industry_cowork/IsaacSim-ros_workspaces/humble_ws/install/carter_navigation:/home/ciderlab-server3/turtlebot3_ws/install/turtlebot3_teleop:/home/ciderlab-server3/turtlebot3_ws/install/turtlebot3_example:/home/ciderlab-server3/turtlebot3_ws/install/turtlebot3_dqn:/home/ciderlab-server3/turtlebot3_ws/install/turtlebot3_home_service_challenge_core:/home/ciderlab-server3/turtlebot3_ws/install/turtlebot3_home_service_challenge_aruco:/opt/ros/humble /usr/bin/cmake --build /home/ciderlab-server3/workspace/2026_industry_cowork/IsaacSim-ros_workspaces/humble_ws/build/custom_message -- -j24 -l24
[1.136s] DEBUG:colcon.colcon_core.event_handler.log_command:Invoked command in '/home/ciderlab-server3/workspace/2026_industry_cowork/IsaacSim-ros_workspaces/humble_ws/build/turtlebot3_manipulation_moveit_config' returned '0': CMAKE_PREFIX_PATH=/home/ciderlab-server3/workspace/2026_industry_cowork/IsaacSim-ros_workspaces/humble_ws/install/turtlebot3_manipulation_description:/home/ciderlab-server3/workspace/2026_industry_cowork/IsaacSim-ros_workspaces/humble_ws/install/turtlebot3_manipulation:/home/ciderlab-server3/workspace/2026_industry_cowork/IsaacSim-ros_workspaces/humble_ws/install/turtlebot3_manipulation_teleop:/home/ciderlab-server3/workspace/2026_industry_cowork/IsaacSim-ros_workspaces/humble_ws/install/turtlebot3_manipulation_moveit_config:/home/ciderlab-server3/workspace/2026_industry_cowork/IsaacSim-ros_workspaces/humble_ws/install/turtlebot3_manipulation_hardware:/home/ciderlab-server3/workspace/2026_industry_cowork/IsaacSim-ros_workspaces/humble_ws/install/turtlebot3_manipulation_bringup:/home/ciderlab-server3/workspace/2026_industry_cowork/IsaacSim-ros_workspaces/humble_ws/install/iw_hub_navigation:/home/ciderlab-server3/workspace/2026_industry_cowork/IsaacSim-ros_workspaces/humble_ws/install/isaac_ros2_messages:/home/ciderlab-server3/workspace/2026_industry_cowork/IsaacSim-ros_workspaces/humble_ws/install/custom_nav2_bt_plugins:/home/ciderlab-server3/workspace/2026_industry_cowork/IsaacSim-ros_workspaces/humble_ws/install/custom_message:/home/ciderlab-server3/turtlebot3_ws/install/turtlebot3:/home/ciderlab-server3/turtlebot3_ws/install/turtlebot3_simulations:/home/ciderlab-server3/turtlebot3_ws/install/turtlebot3_bringup:/home/ciderlab-server3/turtlebot3_ws/install/turtlebot3_node:/home/ciderlab-server3/turtlebot3_ws/install/turtlebot3_navigation2:/home/ciderlab-server3/turtlebot3_ws/install/turtlebot3_machine_learning:/home/ciderlab-server3/turtlebot3_ws/install/turtlebot3_fake_node:/home/ciderlab-server3/turtlebot3_ws/install/turtlebot3_msgs:/home/ciderlab-server3/turtlebot3_ws/install/turtlebot3_manipulation:/home/ciderlab-server3/turtlebot3_ws/install/turtlebot3_manipulation_teleop:/home/ciderlab-server3/turtlebot3_ws/install/turtlebot3_home_service_challenge:/home/ciderlab-server3/turtlebot3_ws/install/turtlebot3_home_service_challenge_manipulator:/home/ciderlab-server3/turtlebot3_ws/install/turtlebot3_home_service_challenge_tools:/home/ciderlab-server3/turtlebot3_ws/install/turtlebot3_manipulation_navigation2:/home/ciderlab-server3/turtlebot3_ws/install/turtlebot3_manipulation_moveit_config:/home/ciderlab-server3/turtlebot3_ws/install/turtlebot3_manipulation_hardware:/home/ciderlab-server3/turtlebot3_ws/install/turtlebot3_manipulation_gazebo:/home/ciderlab-server3/turtlebot3_ws/install/turtlebot3_manipulation_bringup:/home/ciderlab-server3/turtlebot3_ws/install/turtlebot3_manipulation_description:/home/ciderlab-server3/turtlebot3_ws/install/turtlebot3_manipulation_cartographer:/home/ciderlab-server3/turtlebot3_ws/install/turtlebot3_gazebo:/home/ciderlab-server3/turtlebot3_ws/install/turtlebot3_description:/home/ciderlab-server3/turtlebot3_ws/install/turtlebot3_cartographer:/home/ciderlab-server3/turtlebot3_ws/install/dynamixel_sdk_examples:/home/ciderlab-server3/turtlebot3_ws/install/dynamixel_sdk_custom_interfaces:/home/ciderlab-server3/turtlebot3_ws/install/dynamixel_sdk:/home/ciderlab-server3/workspace/2026_industry_cowork/IsaacSim-ros_workspaces/humble_ws/install/turtlebot3_manipulation_navigation2:/home/ciderlab-server3/workspace/2026_industry_cowork/IsaacSim-ros_workspaces/humble_ws/install/turtlebot3_manipulation_cartographer:/home/ciderlab-server3/workspace/2026_industry_cowork/IsaacSim-ros_workspaces/humble_ws/install/isaacsim_clearpath_nav2:/home/ciderlab-server3/workspace/2026_industry_cowork/IsaacSim-ros_workspaces/humble_ws/install/isaacsim_bringup:/home/ciderlab-server3/workspace/2026_industry_cowork/IsaacSim-ros_workspaces/humble_ws/install/isaac_tutorials:/home/ciderlab-server3/workspace/2026_industry_cowork/IsaacSim-ros_workspaces/humble_ws/install/isaac_ros_navigation_goal:/home/ciderlab-server3/workspace/2026_industry_cowork/IsaacSim-ros_workspaces/humble_ws/install/isaac_moveit:/home/ciderlab-server3/workspace/2026_industry_cowork/IsaacSim-ros_workspaces/humble_ws/install/isaac_compressed_image_decoder:/home/ciderlab-server3/workspace/2026_industry_cowork/IsaacSim-ros_workspaces/humble_ws/install/h1_fullbody_controller:/home/ciderlab-server3/workspace/2026_industry_cowork/IsaacSim-ros_workspaces/humble_ws/install/cmdvel_to_ackermann:/home/ciderlab-server3/workspace/2026_industry_cowork/IsaacSim-ros_workspaces/humble_ws/install/carter_navigation:/home/ciderlab-server3/turtlebot3_ws/install/turtlebot3_teleop:/home/ciderlab-server3/turtlebot3_ws/install/turtlebot3_example:/home/ciderlab-server3/turtlebot3_ws/install/turtlebot3_dqn:/home/ciderlab-server3/turtlebot3_ws/install/turtlebot3_home_service_challenge_core:/home/ciderlab-server3/turtlebot3_ws/install/turtlebot3_home_service_challenge_aruco:/opt/ros/humble /usr/bin/cmake --build /home/ciderlab-server3/workspace/2026_industry_cowork/IsaacSim-ros_workspaces/humble_ws/build/turtlebot3_manipulation_moveit_config -- -j24 -l24
[1.142s] DEBUG:colcon.colcon_core.event_handler.log_command:Invoking command in '/home/ciderlab-server3/workspace/2026_industry_cowork/IsaacSim-ros_workspaces/humble_ws/build/turtlebot3_manipulation_moveit_config': CMAKE_PREFIX_PATH=/home/ciderlab-server3/workspace/2026_industry_cowork/IsaacSim-ros_workspaces/humble_ws/install/turtlebot3_manipulation_description:/home/ciderlab-server3/workspace/2026_industry_cowork/IsaacSim-ros_workspaces/humble_ws/install/turtlebot3_manipulation:/home/ciderlab-server3/workspace/2026_industry_cowork/IsaacSim-ros_workspaces/humble_ws/install/turtlebot3_manipulation_teleop:/home/ciderlab-server3/workspace/2026_industry_cowork/IsaacSim-ros_workspaces/humble_ws/install/turtlebot3_manipulation_moveit_config:/home/ciderlab-server3/workspace/2026_industry_cowork/IsaacSim-ros_workspaces/humble_ws/install/turtlebot3_manipulation_hardware:/home/ciderlab-server3/workspace/2026_industry_cowork/IsaacSim-ros_workspaces/humble_ws/install/turtlebot3_manipulation_bringup:/home/ciderlab-server3/workspace/2026_industry_cowork/IsaacSim-ros_workspaces/humble_ws/install/iw_hub_navigation:/home/ciderlab-server3/workspace/2026_industry_cowork/IsaacSim-ros_workspaces/humble_ws/install/isaac_ros2_messages:/home/ciderlab-server3/workspace/2026_industry_cowork/IsaacSim-ros_workspaces/humble_ws/install/custom_nav2_bt_plugins:/home/ciderlab-server3/workspace/2026_industry_cowork/IsaacSim-ros_workspaces/humble_ws/install/custom_message:/home/ciderlab-server3/turtlebot3_ws/install/turtlebot3:/home/ciderlab-server3/turtlebot3_ws/install/turtlebot3_simulations:/home/ciderlab-server3/turtlebot3_ws/install/turtlebot3_bringup:/home/ciderlab-server3/turtlebot3_ws/install/turtlebot3_node:/home/ciderlab-server3/turtlebot3_ws/install/turtlebot3_navigation2:/home/ciderlab-server3/turtlebot3_ws/install/turtlebot3_machine_learning:/home/ciderlab-server3/turtlebot3_ws/install/turtlebot3_fake_node:/home/ciderlab-server3/turtlebot3_ws/install/turtlebot3_msgs:/home/ciderlab-server3/turtlebot3_ws/install/turtlebot3_manipulation:/home/ciderlab-server3/turtlebot3_ws/install/turtlebot3_manipulation_teleop:/home/ciderlab-server3/turtlebot3_ws/install/turtlebot3_home_service_challenge:/home/ciderlab-server3/turtlebot3_ws/install/turtlebot3_home_service_challenge_manipulator:/home/ciderlab-server3/turtlebot3_ws/install/turtlebot3_home_service_challenge_tools:/home/ciderlab-server3/turtlebot3_ws/install/turtlebot3_manipulation_navigation2:/home/ciderlab-server3/turtlebot3_ws/install/turtlebot3_manipulation_moveit_config:/home/ciderlab-server3/turtlebot3_ws/install/turtlebot3_manipulation_hardware:/home/ciderlab-server3/turtlebot3_ws/install/turtlebot3_manipulation_gazebo:/home/ciderlab-server3/turtlebot3_ws/install/turtlebot3_manipulation_bringup:/home/ciderlab-server3/turtlebot3_ws/install/turtlebot3_manipulation_description:/home/ciderlab-server3/turtlebot3_ws/install/turtlebot3_manipulation_cartographer:/home/ciderlab-server3/turtlebot3_ws/install/turtlebot3_gazebo:/home/ciderlab-server3/turtlebot3_ws/install/turtlebot3_description:/home/ciderlab-server3/turtlebot3_ws/install/turtlebot3_cartographer:/home/ciderlab-server3/turtlebot3_ws/install/dynamixel_sdk_examples:/home/ciderlab-server3/turtlebot3_ws/install/dynamixel_sdk_custom_interfaces:/home/ciderlab-server3/turtlebot3_ws/install/dynamixel_sdk:/home/ciderlab-server3/workspace/2026_industry_cowork/IsaacSim-ros_workspaces/humble_ws/install/turtlebot3_manipulation_navigation2:/home/ciderlab-server3/workspace/2026_industry_cowork/IsaacSim-ros_workspaces/humble_ws/install/turtlebot3_manipulation_cartographer:/home/ciderlab-server3/workspace/2026_industry_cowork/IsaacSim-ros_workspaces/humble_ws/install/isaacsim_clearpath_nav2:/home/ciderlab-server3/workspace/2026_industry_cowork/IsaacSim-ros_workspaces/humble_ws/install/isaacsim_bringup:/home/ciderlab-server3/workspace/2026_industry_cowork/IsaacSim-ros_workspaces/humble_ws/install/isaac_tutorials:/home/ciderlab-server3/workspace/2026_industry_cowork/IsaacSim-ros_workspaces/humble_ws/install/isaac_ros_navigation_goal:/home/ciderlab-server3/workspace/2026_industry_cowork/IsaacSim-ros_workspaces/humble_ws/install/isaac_moveit:/home/ciderlab-server3/workspace/2026_industry_cowork/IsaacSim-ros_workspaces/humble_ws/install/isaac_compressed_image_decoder:/home/ciderlab-server3/workspace/2026_industry_cowork/IsaacSim-ros_workspaces/humble_ws/install/h1_fullbody_controller:/home/ciderlab-server3/workspace/2026_industry_cowork/IsaacSim-ros_workspaces/humble_ws/install/cmdvel_to_ackermann:/home/ciderlab-server3/workspace/2026_industry_cowork/IsaacSim-ros_workspaces/humble_ws/install/carter_navigation:/home/ciderlab-server3/turtlebot3_ws/install/turtlebot3_teleop:/home/ciderlab-server3/turtlebot3_ws/install/turtlebot3_example:/home/ciderlab-server3/turtlebot3_ws/install/turtlebot3_dqn:/home/ciderlab-server3/turtlebot3_ws/install/turtlebot3_home_service_challenge_core:/home/ciderlab-server3/turtlebot3_ws/install/turtlebot3_home_service_challenge_aruco:/opt/ros/humble /usr/bin/cmake --install /home/ciderlab-server3/workspace/2026_industry_cowork/IsaacSim-ros_workspaces/humble_ws/build/turtlebot3_manipulation_moveit_config
[1.142s] DEBUG:colcon.colcon_core.event_handler.log_command:Invoked command in '/home/ciderlab-server3/workspace/2026_industry_cowork/IsaacSim-ros_workspaces/humble_ws/build/turtlebot3_manipulation_bringup' returned '0': CMAKE_PREFIX_PATH=/home/ciderlab-server3/workspace/2026_industry_cowork/IsaacSim-ros_workspaces/humble_ws/install/turtlebot3_manipulation_description:/home/ciderlab-server3/workspace/2026_industry_cowork/IsaacSim-ros_workspaces/humble_ws/install/turtlebot3_manipulation:/home/ciderlab-server3/workspace/2026_industry_cowork/IsaacSim-ros_workspaces/humble_ws/install/turtlebot3_manipulation_teleop:/home/ciderlab-server3/workspace/2026_industry_cowork/IsaacSim-ros_workspaces/humble_ws/install/turtlebot3_manipulation_moveit_config:/home/ciderlab-server3/workspace/2026_industry_cowork/IsaacSim-ros_workspaces/humble_ws/install/turtlebot3_manipulation_hardware:/home/ciderlab-server3/workspace/2026_industry_cowork/IsaacSim-ros_workspaces/humble_ws/install/turtlebot3_manipulation_bringup:/home/ciderlab-server3/workspace/2026_industry_cowork/IsaacSim-ros_workspaces/humble_ws/install/iw_hub_navigation:/home/ciderlab-server3/workspace/2026_industry_cowork/IsaacSim-ros_workspaces/humble_ws/install/isaac_ros2_messages:/home/ciderlab-server3/workspace/2026_industry_cowork/IsaacSim-ros_workspaces/humble_ws/install/custom_nav2_bt_plugins:/home/ciderlab-server3/workspace/2026_industry_cowork/IsaacSim-ros_workspaces/humble_ws/install/custom_message:/home/ciderlab-server3/turtlebot3_ws/install/turtlebot3:/home/ciderlab-server3/turtlebot3_ws/install/turtlebot3_simulations:/home/ciderlab-server3/turtlebot3_ws/install/turtlebot3_bringup:/home/ciderlab-server3/turtlebot3_ws/install/turtlebot3_node:/home/ciderlab-server3/turtlebot3_ws/install/turtlebot3_navigation2:/home/ciderlab-server3/turtlebot3_ws/install/turtlebot3_machine_learning:/home/ciderlab-server3/turtlebot3_ws/install/turtlebot3_fake_node:/home/ciderlab-server3/turtlebot3_ws/install/turtlebot3_msgs:/home/ciderlab-server3/turtlebot3_ws/install/turtlebot3_manipulation:/home/ciderlab-server3/turtlebot3_ws/install/turtlebot3_manipulation_teleop:/home/ciderlab-server3/turtlebot3_ws/install/turtlebot3_home_service_challenge:/home/ciderlab-server3/turtlebot3_ws/install/turtlebot3_home_service_challenge_manipulator:/home/ciderlab-server3/turtlebot3_ws/install/turtlebot3_home_service_challenge_tools:/home/ciderlab-server3/turtlebot3_ws/install/turtlebot3_manipulation_navigation2:/home/ciderlab-server3/turtlebot3_ws/install/turtlebot3_manipulation_moveit_config:/home/ciderlab-server3/turtlebot3_ws/install/turtlebot3_manipulation_hardware:/home/ciderlab-server3/turtlebot3_ws/install/turtlebot3_manipulation_gazebo:/home/ciderlab-server3/turtlebot3_ws/install/turtlebot3_manipulation_bringup:/home/ciderlab-server3/turtlebot3_ws/install/turtlebot3_manipulation_description:/home/ciderlab-server3/turtlebot3_ws/install/turtlebot3_manipulation_cartographer:/home/ciderlab-server3/turtlebot3_ws/install/turtlebot3_gazebo:/home/ciderlab-server3/turtlebot3_ws/install/turtlebot3_description:/home/ciderlab-server3/turtlebot3_ws/install/turtlebot3_cartographer:/home/ciderlab-server3/turtlebot3_ws/install/dynamixel_sdk_examples:/home/ciderlab-server3/turtlebot3_ws/install/dynamixel_sdk_custom_interfaces:/home/ciderlab-server3/turtlebot3_ws/install/dynamixel_sdk:/home/ciderlab-server3/workspace/2026_industry_cowork/IsaacSim-ros_workspaces/humble_ws/install/turtlebot3_manipulation_navigation2:/home/ciderlab-server3/workspace/2026_industry_cowork/IsaacSim-ros_workspaces/humble_ws/install/turtlebot3_manipulation_cartographer:/home/ciderlab-server3/workspace/2026_industry_cowork/IsaacSim-ros_workspaces/humble_ws/install/isaacsim_clearpath_nav2:/home/ciderlab-server3/workspace/2026_industry_cowork/IsaacSim-ros_workspaces/humble_ws/install/isaacsim_bringup:/home/ciderlab-server3/workspace/2026_industry_cowork/IsaacSim-ros_workspaces/humble_ws/install/isaac_tutorials:/home/ciderlab-server3/workspace/2026_industry_cowork/IsaacSim-ros_workspaces/humble_ws/install/isaac_ros_navigation_goal:/home/ciderlab-server3/workspace/2026_industry_cowork/IsaacSim-ros_workspaces/humble_ws/install/isaac_moveit:/home/ciderlab-server3/workspace/2026_industry_cowork/IsaacSim-ros_workspaces/humble_ws/install/isaac_compressed_image_decoder:/home/ciderlab-server3/workspace/2026_industry_cowork/IsaacSim-ros_workspaces/humble_ws/install/h1_fullbody_controller:/home/ciderlab-server3/workspace/2026_industry_cowork/IsaacSim-ros_workspaces/humble_ws/install/cmdvel_to_ackermann:/home/ciderlab-server3/workspace/2026_industry_cowork/IsaacSim-ros_workspaces/humble_ws/install/carter_navigation:/home/ciderlab-server3/turtlebot3_ws/install/turtlebot3_teleop:/home/ciderlab-server3/turtlebot3_ws/install/turtlebot3_example:/home/ciderlab-server3/turtlebot3_ws/install/turtlebot3_dqn:/home/ciderlab-server3/turtlebot3_ws/install/turtlebot3_home_service_challenge_core:/home/ciderlab-server3/turtlebot3_ws/install/turtlebot3_home_service_challenge_aruco:/opt/ros/humble /usr/bin/cmake --build /home/ciderlab-server3/workspace/2026_industry_cowork/IsaacSim-ros_workspaces/humble_ws/build/turtlebot3_manipulation_bringup -- -j24 -l24
[1.151s] DEBUG:colcon.colcon_core.event_handler.log_command:Invoking command in '/home/ciderlab-server3/workspace/2026_industry_cowork/IsaacSim-ros_workspaces/humble_ws/build/turtlebot3_manipulation_bringup': CMAKE_PREFIX_PATH=/home/ciderlab-server3/workspace/2026_industry_cowork/IsaacSim-ros_workspaces/humble_ws/install/turtlebot3_manipulation_description:/home/ciderlab-server3/workspace/2026_industry_cowork/IsaacSim-ros_workspaces/humble_ws/install/turtlebot3_manipulation:/home/ciderlab-server3/workspace/2026_industry_cowork/IsaacSim-ros_workspaces/humble_ws/install/turtlebot3_manipulation_teleop:/home/ciderlab-server3/workspace/2026_industry_cowork/IsaacSim-ros_workspaces/humble_ws/install/turtlebot3_manipulation_moveit_config:/home/ciderlab-server3/workspace/2026_industry_cowork/IsaacSim-ros_workspaces/humble_ws/install/turtlebot3_manipulation_hardware:/home/ciderlab-server3/workspace/2026_industry_cowork/IsaacSim-ros_workspaces/humble_ws/install/turtlebot3_manipulation_bringup:/home/ciderlab-server3/workspace/2026_industry_cowork/IsaacSim-ros_workspaces/humble_ws/install/iw_hub_navigation:/home/ciderlab-server3/workspace/2026_industry_cowork/IsaacSim-ros_workspaces/humble_ws/install/isaac_ros2_messages:/home/ciderlab-server3/workspace/2026_industry_cowork/IsaacSim-ros_workspaces/humble_ws/install/custom_nav2_bt_plugins:/home/ciderlab-server3/workspace/2026_industry_cowork/IsaacSim-ros_workspaces/humble_ws/install/custom_message:/home/ciderlab-server3/turtlebot3_ws/install/turtlebot3:/home/ciderlab-server3/turtlebot3_ws/install/turtlebot3_simulations:/home/ciderlab-server3/turtlebot3_ws/install/turtlebot3_bringup:/home/ciderlab-server3/turtlebot3_ws/install/turtlebot3_node:/home/ciderlab-server3/turtlebot3_ws/install/turtlebot3_navigation2:/home/ciderlab-server3/turtlebot3_ws/install/turtlebot3_machine_learning:/home/ciderlab-server3/turtlebot3_ws/install/turtlebot3_fake_node:/home/ciderlab-server3/turtlebot3_ws/install/turtlebot3_msgs:/home/ciderlab-server3/turtlebot3_ws/install/turtlebot3_manipulation:/home/ciderlab-server3/turtlebot3_ws/install/turtlebot3_manipulation_teleop:/home/ciderlab-server3/turtlebot3_ws/install/turtlebot3_home_service_challenge:/home/ciderlab-server3/turtlebot3_ws/install/turtlebot3_home_service_challenge_manipulator:/home/ciderlab-server3/turtlebot3_ws/install/turtlebot3_home_service_challenge_tools:/home/ciderlab-server3/turtlebot3_ws/install/turtlebot3_manipulation_navigation2:/home/ciderlab-server3/turtlebot3_ws/install/turtlebot3_manipulation_moveit_config:/home/ciderlab-server3/turtlebot3_ws/install/turtlebot3_manipulation_hardware:/home/ciderlab-server3/turtlebot3_ws/install/turtlebot3_manipulation_gazebo:/home/ciderlab-server3/turtlebot3_ws/install/turtlebot3_manipulation_bringup:/home/ciderlab-server3/turtlebot3_ws/install/turtlebot3_manipulation_description:/home/ciderlab-server3/turtlebot3_ws/install/turtlebot3_manipulation_cartographer:/home/ciderlab-server3/turtlebot3_ws/install/turtlebot3_gazebo:/home/ciderlab-server3/turtlebot3_ws/install/turtlebot3_description:/home/ciderlab-server3/turtlebot3_ws/install/turtlebot3_cartographer:/home/ciderlab-server3/turtlebot3_ws/install/dynamixel_sdk_examples:/home/ciderlab-server3/turtlebot3_ws/install/dynamixel_sdk_custom_interfaces:/home/ciderlab-server3/turtlebot3_ws/install/dynamixel_sdk:/home/ciderlab-server3/workspace/2026_industry_cowork/IsaacSim-ros_workspaces/humble_ws/install/turtlebot3_manipulation_navigation2:/home/ciderlab-server3/workspace/2026_industry_cowork/IsaacSim-ros_workspaces/humble_ws/install/turtlebot3_manipulation_cartographer:/home/ciderlab-server3/workspace/2026_industry_cowork/IsaacSim-ros_workspaces/humble_ws/install/isaacsim_clearpath_nav2:/home/ciderlab-server3/workspace/2026_industry_cowork/IsaacSim-ros_workspaces/humble_ws/install/isaacsim_bringup:/home/ciderlab-server3/workspace/2026_industry_cowork/IsaacSim-ros_workspaces/humble_ws/install/isaac_tutorials:/home/ciderlab-server3/workspace/2026_industry_cowork/IsaacSim-ros_workspaces/humble_ws/install/isaac_ros_navigation_goal:/home/ciderlab-server3/workspace/2026_industry_cowork/IsaacSim-ros_workspaces/humble_ws/install/isaac_moveit:/home/ciderlab-server3/workspace/2026_industry_cowork/IsaacSim-ros_workspaces/humble_ws/install/isaac_compressed_image_decoder:/home/ciderlab-server3/workspace/2026_industry_cowork/IsaacSim-ros_workspaces/humble_ws/install/h1_fullbody_controller:/home/ciderlab-server3/workspace/2026_industry_cowork/IsaacSim-ros_workspaces/humble_ws/install/cmdvel_to_ackermann:/home/ciderlab-server3/workspace/2026_industry_cowork/IsaacSim-ros_workspaces/humble_ws/install/carter_navigation:/home/ciderlab-server3/turtlebot3_ws/install/turtlebot3_teleop:/home/ciderlab-server3/turtlebot3_ws/install/turtlebot3_example:/home/ciderlab-server3/turtlebot3_ws/install/turtlebot3_dqn:/home/ciderlab-server3/turtlebot3_ws/install/turtlebot3_home_service_challenge_core:/home/ciderlab-server3/turtlebot3_ws/install/turtlebot3_home_service_challenge_aruco:/opt/ros/humble /usr/bin/cmake --install /home/ciderlab-server3/workspace/2026_industry_cowork/IsaacSim-ros_workspaces/humble_ws/build/turtlebot3_manipulation_bringup
[1.152s] DEBUG:colcon.colcon_core.event_handler.log_command:Invoked command in '/home/ciderlab-server3/workspace/2026_industry_cowork/IsaacSim-ros_workspaces/humble_ws/build/isaacsim_clearpath_nav2' returned '0': CMAKE_PREFIX_PATH=${CMAKE_PREFIX_PATH}:/home/ciderlab-server3/workspace/2026_industry_cowork/IsaacSim-ros_workspaces/humble_ws/install/turtlebot3_manipulation_navigation2:/home/ciderlab-server3/workspace/2026_industry_cowork/IsaacSim-ros_workspaces/humble_ws/install/turtlebot3_manipulation_description:/home/ciderlab-server3/workspace/2026_industry_cowork/IsaacSim-ros_workspaces/humble_ws/install/turtlebot3_manipulation_cartographer:/home/ciderlab-server3/workspace/2026_industry_cowork/IsaacSim-ros_workspaces/humble_ws/install/isaacsim_clearpath_nav2:/home/ciderlab-server3/workspace/2026_industry_cowork/IsaacSim-ros_workspaces/humble_ws/install/isaacsim_bringup:/home/ciderlab-server3/workspace/2026_industry_cowork/IsaacSim-ros_workspaces/humble_ws/install/isaac_tutorials:/home/ciderlab-server3/workspace/2026_industry_cowork/IsaacSim-ros_workspaces/humble_ws/install/isaac_ros_navigation_goal:/home/ciderlab-server3/workspace/2026_industry_cowork/IsaacSim-ros_workspaces/humble_ws/install/isaac_moveit:/home/ciderlab-server3/workspace/2026_industry_cowork/IsaacSim-ros_workspaces/humble_ws/install/isaac_compressed_image_decoder:/home/ciderlab-server3/workspace/2026_industry_cowork/IsaacSim-ros_workspaces/humble_ws/install/h1_fullbody_controller:/home/ciderlab-server3/workspace/2026_industry_cowork/IsaacSim-ros_workspaces/humble_ws/install/cmdvel_to_ackermann:/home/ciderlab-server3/workspace/2026_industry_cowork/IsaacSim-ros_workspaces/humble_ws/install/carter_navigation:/home/ciderlab-server3/turtlebot3_ws/install/turtlebot3_teleop:/home/ciderlab-server3/turtlebot3_ws/install/turtlebot3_example:/home/ciderlab-server3/turtlebot3_ws/install/turtlebot3_dqn:/home/ciderlab-server3/turtlebot3_ws/install/turtlebot3_home_service_challenge_core:/home/ciderlab-server3/turtlebot3_ws/install/turtlebot3_home_service_challenge_aruco:/opt/ros/humble /usr/bin/cmake --build /home/ciderlab-server3/workspace/2026_industry_cowork/IsaacSim-ros_workspaces/humble_ws/build/isaacsim_clearpath_nav2 -- -j24 -l24
[1.153s] Level 1:colcon.colcon_core.environment:create_environment_scripts_only(turtlebot3_manipulation_bringup)
[1.154s] Level 1:colcon.colcon_core.environment:checking '/home/ciderlab-server3/workspace/2026_industry_cowork/IsaacSim-ros_workspaces/humble_ws/install/turtlebot3_manipulation_bringup' for CMake module files
[1.155s] Level 1:colcon.colcon_core.environment:checking '/home/ciderlab-server3/workspace/2026_industry_cowork/IsaacSim-ros_workspaces/humble_ws/install/turtlebot3_manipulation_bringup' for CMake config files
[1.156s] Level 1:colcon.colcon_core.shell:create_environment_hook('turtlebot3_manipulation_bringup', 'cmake_prefix_path')
[1.156s] INFO:colcon.colcon_core.shell:Creating environment hook '/home/ciderlab-server3/workspace/2026_industry_cowork/IsaacSim-ros_workspaces/humble_ws/install/turtlebot3_manipulation_bringup/share/turtlebot3_manipulation_bringup/hook/cmake_prefix_path.ps1'
[1.156s] INFO:colcon.colcon_core.shell:Creating environment descriptor '/home/ciderlab-server3/workspace/2026_industry_cowork/IsaacSim-ros_workspaces/humble_ws/install/turtlebot3_manipulation_bringup/share/turtlebot3_manipulation_bringup/hook/cmake_prefix_path.dsv'
[1.157s] INFO:colcon.colcon_core.shell:Creating environment hook '/home/ciderlab-server3/workspace/2026_industry_cowork/IsaacSim-ros_workspaces/humble_ws/install/turtlebot3_manipulation_bringup/share/turtlebot3_manipulation_bringup/hook/cmake_prefix_path.sh'
[1.158s] Level 1:colcon.colcon_core.environment:checking '/home/ciderlab-server3/workspace/2026_industry_cowork/IsaacSim-ros_workspaces/humble_ws/install/turtlebot3_manipulation_bringup/bin'
[1.158s] Level 1:colcon.colcon_core.environment:checking '/home/ciderlab-server3/workspace/2026_industry_cowork/IsaacSim-ros_workspaces/humble_ws/install/turtlebot3_manipulation_bringup/lib/pkgconfig/turtlebot3_manipulation_bringup.pc'
[1.158s] Level 1:colcon.colcon_core.environment:checking '/home/ciderlab-server3/workspace/2026_industry_cowork/IsaacSim-ros_workspaces/humble_ws/install/turtlebot3_manipulation_bringup/lib/python3.10/site-packages'
[1.158s] Level 1:colcon.colcon_core.environment:checking '/home/ciderlab-server3/workspace/2026_industry_cowork/IsaacSim-ros_workspaces/humble_ws/install/turtlebot3_manipulation_bringup/bin'
[1.158s] DEBUG:colcon.colcon_core.event_handler.log_command:Invoking command in '/home/ciderlab-server3/workspace/2026_industry_cowork/IsaacSim-ros_workspaces/humble_ws/build/isaacsim_clearpath_nav2': CMAKE_PREFIX_PATH=${CMAKE_PREFIX_PATH}:/home/ciderlab-server3/workspace/2026_industry_cowork/IsaacSim-ros_workspaces/humble_ws/install/turtlebot3_manipulation_navigation2:/home/ciderlab-server3/workspace/2026_industry_cowork/IsaacSim-ros_workspaces/humble_ws/install/turtlebot3_manipulation_description:/home/ciderlab-server3/workspace/2026_industry_cowork/IsaacSim-ros_workspaces/humble_ws/install/turtlebot3_manipulation_cartographer:/home/ciderlab-server3/workspace/2026_industry_cowork/IsaacSim-ros_workspaces/humble_ws/install/isaacsim_clearpath_nav2:/home/ciderlab-server3/workspace/2026_industry_cowork/IsaacSim-ros_workspaces/humble_ws/install/isaacsim_bringup:/home/ciderlab-server3/workspace/2026_industry_cowork/IsaacSim-ros_workspaces/humble_ws/install/isaac_tutorials:/home/ciderlab-server3/workspace/2026_industry_cowork/IsaacSim-ros_workspaces/humble_ws/install/isaac_ros_navigation_goal:/home/ciderlab-server3/workspace/2026_industry_cowork/IsaacSim-ros_workspaces/humble_ws/install/isaac_moveit:/home/ciderlab-server3/workspace/2026_industry_cowork/IsaacSim-ros_workspaces/humble_ws/install/isaac_compressed_image_decoder:/home/ciderlab-server3/workspace/2026_industry_cowork/IsaacSim-ros_workspaces/humble_ws/install/h1_fullbody_controller:/home/ciderlab-server3/workspace/2026_industry_cowork/IsaacSim-ros_workspaces/humble_ws/install/cmdvel_to_ackermann:/home/ciderlab-server3/workspace/2026_industry_cowork/IsaacSim-ros_workspaces/humble_ws/install/carter_navigation:/home/ciderlab-server3/turtlebot3_ws/install/turtlebot3_teleop:/home/ciderlab-server3/turtlebot3_ws/install/turtlebot3_example:/home/ciderlab-server3/turtlebot3_ws/install/turtlebot3_dqn:/home/ciderlab-server3/turtlebot3_ws/install/turtlebot3_home_service_challenge_core:/home/ciderlab-server3/turtlebot3_ws/install/turtlebot3_home_service_challenge_aruco:/opt/ros/humble /usr/bin/cmake --install /home/ciderlab-server3/workspace/2026_industry_cowork/IsaacSim-ros_workspaces/humble_ws/build/isaacsim_clearpath_nav2
[1.159s] INFO:colcon.colcon_core.shell:Creating package script '/home/ciderlab-server3/workspace/2026_industry_cowork/IsaacSim-ros_workspaces/humble_ws/install/turtlebot3_manipulation_bringup/share/turtlebot3_manipulation_bringup/package.ps1'
[1.159s] DEBUG:colcon.colcon_core.event_handler.log_command:Invoked command in '/home/ciderlab-server3/workspace/2026_industry_cowork/IsaacSim-ros_workspaces/humble_ws/build/turtlebot3_manipulation_bringup' returned '0': CMAKE_PREFIX_PATH=/home/ciderlab-server3/workspace/2026_industry_cowork/IsaacSim-ros_workspaces/humble_ws/install/turtlebot3_manipulation_description:/home/ciderlab-server3/workspace/2026_industry_cowork/IsaacSim-ros_workspaces/humble_ws/install/turtlebot3_manipulation:/home/ciderlab-server3/workspace/2026_industry_cowork/IsaacSim-ros_workspaces/humble_ws/install/turtlebot3_manipulation_teleop:/home/ciderlab-server3/workspace/2026_industry_cowork/IsaacSim-ros_workspaces/humble_ws/install/turtlebot3_manipulation_moveit_config:/home/ciderlab-server3/workspace/2026_industry_cowork/IsaacSim-ros_workspaces/humble_ws/install/turtlebot3_manipulation_hardware:/home/ciderlab-server3/workspace/2026_industry_cowork/IsaacSim-ros_workspaces/humble_ws/install/turtlebot3_manipulation_bringup:/home/ciderlab-server3/workspace/2026_industry_cowork/IsaacSim-ros_workspaces/humble_ws/install/iw_hub_navigation:/home/ciderlab-server3/workspace/2026_industry_cowork/IsaacSim-ros_workspaces/humble_ws/install/isaac_ros2_messages:/home/ciderlab-server3/workspace/2026_industry_cowork/IsaacSim-ros_workspaces/humble_ws/install/custom_nav2_bt_plugins:/home/ciderlab-server3/workspace/2026_industry_cowork/IsaacSim-ros_workspaces/humble_ws/install/custom_message:/home/ciderlab-server3/turtlebot3_ws/install/turtlebot3:/home/ciderlab-server3/turtlebot3_ws/install/turtlebot3_simulations:/home/ciderlab-server3/turtlebot3_ws/install/turtlebot3_bringup:/home/ciderlab-server3/turtlebot3_ws/install/turtlebot3_node:/home/ciderlab-server3/turtlebot3_ws/install/turtlebot3_navigation2:/home/ciderlab-server3/turtlebot3_ws/install/turtlebot3_machine_learning:/home/ciderlab-server3/turtlebot3_ws/install/turtlebot3_fake_node:/home/ciderlab-server3/turtlebot3_ws/install/turtlebot3_msgs:/home/ciderlab-server3/turtlebot3_ws/install/turtlebot3_manipulation:/home/ciderlab-server3/turtlebot3_ws/install/turtlebot3_manipulation_teleop:/home/ciderlab-server3/turtlebot3_ws/install/turtlebot3_home_service_challenge:/home/ciderlab-server3/turtlebot3_ws/install/turtlebot3_home_service_challenge_manipulator:/home/ciderlab-server3/turtlebot3_ws/install/turtlebot3_home_service_challenge_tools:/home/ciderlab-server3/turtlebot3_ws/install/turtlebot3_manipulation_navigation2:/home/ciderlab-server3/turtlebot3_ws/install/turtlebot3_manipulation_moveit_config:/home/ciderlab-server3/turtlebot3_ws/install/turtlebot3_manipulation_hardware:/home/ciderlab-server3/turtlebot3_ws/install/turtlebot3_manipulation_gazebo:/home/ciderlab-server3/turtlebot3_ws/install/turtlebot3_manipulation_bringup:/home/ciderlab-server3/turtlebot3_ws/install/turtlebot3_manipulation_description:/home/ciderlab-server3/turtlebot3_ws/install/turtlebot3_manipulation_cartographer:/home/ciderlab-server3/turtlebot3_ws/install/turtlebot3_gazebo:/home/ciderlab-server3/turtlebot3_ws/install/turtlebot3_description:/home/ciderlab-server3/turtlebot3_ws/install/turtlebot3_cartographer:/home/ciderlab-server3/turtlebot3_ws/install/dynamixel_sdk_examples:/home/ciderlab-server3/turtlebot3_ws/install/dynamixel_sdk_custom_interfaces:/home/ciderlab-server3/turtlebot3_ws/install/dynamixel_sdk:/home/ciderlab-server3/workspace/2026_industry_cowork/IsaacSim-ros_workspaces/humble_ws/install/turtlebot3_manipulation_navigation2:/home/ciderlab-server3/workspace/2026_industry_cowork/IsaacSim-ros_workspaces/humble_ws/install/turtlebot3_manipulation_cartographer:/home/ciderlab-server3/workspace/2026_industry_cowork/IsaacSim-ros_workspaces/humble_ws/install/isaacsim_clearpath_nav2:/home/ciderlab-server3/workspace/2026_industry_cowork/IsaacSim-ros_workspaces/humble_ws/install/isaacsim_bringup:/home/ciderlab-server3/workspace/2026_industry_cowork/IsaacSim-ros_workspaces/humble_ws/install/isaac_tutorials:/home/ciderlab-server3/workspace/2026_industry_cowork/IsaacSim-ros_workspaces/humble_ws/install/isaac_ros_navigation_goal:/home/ciderlab-server3/workspace/2026_industry_cowork/IsaacSim-ros_workspaces/humble_ws/install/isaac_moveit:/home/ciderlab-server3/workspace/2026_industry_cowork/IsaacSim-ros_workspaces/humble_ws/install/isaac_compressed_image_decoder:/home/ciderlab-server3/workspace/2026_industry_cowork/IsaacSim-ros_workspaces/humble_ws/install/h1_fullbody_controller:/home/ciderlab-server3/workspace/2026_industry_cowork/IsaacSim-ros_workspaces/humble_ws/install/cmdvel_to_ackermann:/home/ciderlab-server3/workspace/2026_industry_cowork/IsaacSim-ros_workspaces/humble_ws/install/carter_navigation:/home/ciderlab-server3/turtlebot3_ws/install/turtlebot3_teleop:/home/ciderlab-server3/turtlebot3_ws/install/turtlebot3_example:/home/ciderlab-server3/turtlebot3_ws/install/turtlebot3_dqn:/home/ciderlab-server3/turtlebot3_ws/install/turtlebot3_home_service_challenge_core:/home/ciderlab-server3/turtlebot3_ws/install/turtlebot3_home_service_challenge_aruco:/opt/ros/humble /usr/bin/cmake --install /home/ciderlab-server3/workspace/2026_industry_cowork/IsaacSim-ros_workspaces/humble_ws/build/turtlebot3_manipulation_bringup
[1.159s] INFO:colcon.colcon_core.shell:Creating package descriptor '/home/ciderlab-server3/workspace/2026_industry_cowork/IsaacSim-ros_workspaces/humble_ws/install/turtlebot3_manipulation_bringup/share/turtlebot3_manipulation_bringup/package.dsv'
[1.160s] INFO:colcon.colcon_core.shell:Creating package script '/home/ciderlab-server3/workspace/2026_industry_cowork/IsaacSim-ros_workspaces/humble_ws/install/turtlebot3_manipulation_bringup/share/turtlebot3_manipulation_bringup/package.sh'
[1.161s] INFO:colcon.colcon_core.shell:Creating package script '/home/ciderlab-server3/workspace/2026_industry_cowork/IsaacSim-ros_workspaces/humble_ws/install/turtlebot3_manipulation_bringup/share/turtlebot3_manipulation_bringup/package.bash'
[1.161s] INFO:colcon.colcon_core.shell:Creating package script '/home/ciderlab-server3/workspace/2026_industry_cowork/IsaacSim-ros_workspaces/humble_ws/install/turtlebot3_manipulation_bringup/share/turtlebot3_manipulation_bringup/package.zsh'
[1.162s] Level 1:colcon.colcon_core.environment:create_file_with_runtime_dependencies(/home/ciderlab-server3/workspace/2026_industry_cowork/IsaacSim-ros_workspaces/humble_ws/install/turtlebot3_manipulation_bringup/share/colcon-core/packages/turtlebot3_manipulation_bringup)
[1.162s] Level 1:colcon.colcon_core.environment:create_environment_scripts_only(turtlebot3_manipulation_bringup)
[1.162s] Level 1:colcon.colcon_core.environment:checking '/home/ciderlab-server3/workspace/2026_industry_cowork/IsaacSim-ros_workspaces/humble_ws/install/turtlebot3_manipulation_bringup' for CMake module files
[1.162s] Level 1:colcon.colcon_core.environment:checking '/home/ciderlab-server3/workspace/2026_industry_cowork/IsaacSim-ros_workspaces/humble_ws/install/turtlebot3_manipulation_bringup' for CMake config files
[1.162s] Level 1:colcon.colcon_core.shell:create_environment_hook('turtlebot3_manipulation_bringup', 'cmake_prefix_path')
[1.162s] INFO:colcon.colcon_core.shell:Creating environment hook '/home/ciderlab-server3/workspace/2026_industry_cowork/IsaacSim-ros_workspaces/humble_ws/install/turtlebot3_manipulation_bringup/share/turtlebot3_manipulation_bringup/hook/cmake_prefix_path.ps1'
[1.163s] INFO:colcon.colcon_core.shell:Creating environment descriptor '/home/ciderlab-server3/workspace/2026_industry_cowork/IsaacSim-ros_workspaces/humble_ws/install/turtlebot3_manipulation_bringup/share/turtlebot3_manipulation_bringup/hook/cmake_prefix_path.dsv'
[1.163s] INFO:colcon.colcon_core.shell:Creating environment hook '/home/ciderlab-server3/workspace/2026_industry_cowork/IsaacSim-ros_workspaces/humble_ws/install/turtlebot3_manipulation_bringup/share/turtlebot3_manipulation_bringup/hook/cmake_prefix_path.sh'
[1.163s] Level 1:colcon.colcon_core.environment:checking '/home/ciderlab-server3/workspace/2026_industry_cowork/IsaacSim-ros_workspaces/humble_ws/install/turtlebot3_manipulation_bringup/bin'
[1.163s] Level 1:colcon.colcon_core.environment:checking '/home/ciderlab-server3/workspace/2026_industry_cowork/IsaacSim-ros_workspaces/humble_ws/install/turtlebot3_manipulation_bringup/lib/pkgconfig/turtlebot3_manipulation_bringup.pc'
[1.163s] Level 1:colcon.colcon_core.environment:checking '/home/ciderlab-server3/workspace/2026_industry_cowork/IsaacSim-ros_workspaces/humble_ws/install/turtlebot3_manipulation_bringup/lib/python3.10/site-packages'
[1.163s] Level 1:colcon.colcon_core.environment:checking '/home/ciderlab-server3/workspace/2026_industry_cowork/IsaacSim-ros_workspaces/humble_ws/install/turtlebot3_manipulation_bringup/bin'
[1.164s] INFO:colcon.colcon_core.shell:Creating package script '/home/ciderlab-server3/workspace/2026_industry_cowork/IsaacSim-ros_workspaces/humble_ws/install/turtlebot3_manipulation_bringup/share/turtlebot3_manipulation_bringup/package.ps1'
[1.164s] INFO:colcon.colcon_core.shell:Creating package descriptor '/home/ciderlab-server3/workspace/2026_industry_cowork/IsaacSim-ros_workspaces/humble_ws/install/turtlebot3_manipulation_bringup/share/turtlebot3_manipulation_bringup/package.dsv'
[1.164s] INFO:colcon.colcon_core.shell:Creating package script '/home/ciderlab-server3/workspace/2026_industry_cowork/IsaacSim-ros_workspaces/humble_ws/install/turtlebot3_manipulation_bringup/share/turtlebot3_manipulation_bringup/package.sh'
[1.164s] INFO:colcon.colcon_core.shell:Creating package script '/home/ciderlab-server3/workspace/2026_industry_cowork/IsaacSim-ros_workspaces/humble_ws/install/turtlebot3_manipulation_bringup/share/turtlebot3_manipulation_bringup/package.bash'
[1.165s] INFO:colcon.colcon_core.shell:Creating package script '/home/ciderlab-server3/workspace/2026_industry_cowork/IsaacSim-ros_workspaces/humble_ws/install/turtlebot3_manipulation_bringup/share/turtlebot3_manipulation_bringup/package.zsh'
[1.165s] Level 1:colcon.colcon_core.environment:create_file_with_runtime_dependencies(/home/ciderlab-server3/workspace/2026_industry_cowork/IsaacSim-ros_workspaces/humble_ws/install/turtlebot3_manipulation_bringup/share/colcon-core/packages/turtlebot3_manipulation_bringup)
[1.165s] Level 1:colcon.colcon_core.environment:create_environment_scripts_only(turtlebot3_manipulation_moveit_config)
[1.165s] Level 1:colcon.colcon_core.environment:checking '/home/ciderlab-server3/workspace/2026_industry_cowork/IsaacSim-ros_workspaces/humble_ws/install/turtlebot3_manipulation_moveit_config' for CMake module files
[1.166s] DEBUG:colcon.colcon_core.event_handler.log_command:Invoked command in '/home/ciderlab-server3/workspace/2026_industry_cowork/IsaacSim-ros_workspaces/humble_ws/build/turtlebot3_manipulation_moveit_config' returned '0': CMAKE_PREFIX_PATH=/home/ciderlab-server3/workspace/2026_industry_cowork/IsaacSim-ros_workspaces/humble_ws/install/turtlebot3_manipulation_description:/home/ciderlab-server3/workspace/2026_industry_cowork/IsaacSim-ros_workspaces/humble_ws/install/turtlebot3_manipulation:/home/ciderlab-server3/workspace/2026_industry_cowork/IsaacSim-ros_workspaces/humble_ws/install/turtlebot3_manipulation_teleop:/home/ciderlab-server3/workspace/2026_industry_cowork/IsaacSim-ros_workspaces/humble_ws/install/turtlebot3_manipulation_moveit_config:/home/ciderlab-server3/workspace/2026_industry_cowork/IsaacSim-ros_workspaces/humble_ws/install/turtlebot3_manipulation_hardware:/home/ciderlab-server3/workspace/2026_industry_cowork/IsaacSim-ros_workspaces/humble_ws/install/turtlebot3_manipulation_bringup:/home/ciderlab-server3/workspace/2026_industry_cowork/IsaacSim-ros_workspaces/humble_ws/install/iw_hub_navigation:/home/ciderlab-server3/workspace/2026_industry_cowork/IsaacSim-ros_workspaces/humble_ws/install/isaac_ros2_messages:/home/ciderlab-server3/workspace/2026_industry_cowork/IsaacSim-ros_workspaces/humble_ws/install/custom_nav2_bt_plugins:/home/ciderlab-server3/workspace/2026_industry_cowork/IsaacSim-ros_workspaces/humble_ws/install/custom_message:/home/ciderlab-server3/turtlebot3_ws/install/turtlebot3:/home/ciderlab-server3/turtlebot3_ws/install/turtlebot3_simulations:/home/ciderlab-server3/turtlebot3_ws/install/turtlebot3_bringup:/home/ciderlab-server3/turtlebot3_ws/install/turtlebot3_node:/home/ciderlab-server3/turtlebot3_ws/install/turtlebot3_navigation2:/home/ciderlab-server3/turtlebot3_ws/install/turtlebot3_machine_learning:/home/ciderlab-server3/turtlebot3_ws/install/turtlebot3_fake_node:/home/ciderlab-server3/turtlebot3_ws/install/turtlebot3_msgs:/home/ciderlab-server3/turtlebot3_ws/install/turtlebot3_manipulation:/home/ciderlab-server3/turtlebot3_ws/install/turtlebot3_manipulation_teleop:/home/ciderlab-server3/turtlebot3_ws/install/turtlebot3_home_service_challenge:/home/ciderlab-server3/turtlebot3_ws/install/turtlebot3_home_service_challenge_manipulator:/home/ciderlab-server3/turtlebot3_ws/install/turtlebot3_home_service_challenge_tools:/home/ciderlab-server3/turtlebot3_ws/install/turtlebot3_manipulation_navigation2:/home/ciderlab-server3/turtlebot3_ws/install/turtlebot3_manipulation_moveit_config:/home/ciderlab-server3/turtlebot3_ws/install/turtlebot3_manipulation_hardware:/home/ciderlab-server3/turtlebot3_ws/install/turtlebot3_manipulation_gazebo:/home/ciderlab-server3/turtlebot3_ws/install/turtlebot3_manipulation_bringup:/home/ciderlab-server3/turtlebot3_ws/install/turtlebot3_manipulation_description:/home/ciderlab-server3/turtlebot3_ws/install/turtlebot3_manipulation_cartographer:/home/ciderlab-server3/turtlebot3_ws/install/turtlebot3_gazebo:/home/ciderlab-server3/turtlebot3_ws/install/turtlebot3_description:/home/ciderlab-server3/turtlebot3_ws/install/turtlebot3_cartographer:/home/ciderlab-server3/turtlebot3_ws/install/dynamixel_sdk_examples:/home/ciderlab-server3/turtlebot3_ws/install/dynamixel_sdk_custom_interfaces:/home/ciderlab-server3/turtlebot3_ws/install/dynamixel_sdk:/home/ciderlab-server3/workspace/2026_industry_cowork/IsaacSim-ros_workspaces/humble_ws/install/turtlebot3_manipulation_navigation2:/home/ciderlab-server3/workspace/2026_industry_cowork/IsaacSim-ros_workspaces/humble_ws/install/turtlebot3_manipulation_cartographer:/home/ciderlab-server3/workspace/2026_industry_cowork/IsaacSim-ros_workspaces/humble_ws/install/isaacsim_clearpath_nav2:/home/ciderlab-server3/workspace/2026_industry_cowork/IsaacSim-ros_workspaces/humble_ws/install/isaacsim_bringup:/home/ciderlab-server3/workspace/2026_industry_cowork/IsaacSim-ros_workspaces/humble_ws/install/isaac_tutorials:/home/ciderlab-server3/workspace/2026_industry_cowork/IsaacSim-ros_workspaces/humble_ws/install/isaac_ros_navigation_goal:/home/ciderlab-server3/workspace/2026_industry_cowork/IsaacSim-ros_workspaces/humble_ws/install/isaac_moveit:/home/ciderlab-server3/workspace/2026_industry_cowork/IsaacSim-ros_workspaces/humble_ws/install/isaac_compressed_image_decoder:/home/ciderlab-server3/workspace/2026_industry_cowork/IsaacSim-ros_workspaces/humble_ws/install/h1_fullbody_controller:/home/ciderlab-server3/workspace/2026_industry_cowork/IsaacSim-ros_workspaces/humble_ws/install/cmdvel_to_ackermann:/home/ciderlab-server3/workspace/2026_industry_cowork/IsaacSim-ros_workspaces/humble_ws/install/carter_navigation:/home/ciderlab-server3/turtlebot3_ws/install/turtlebot3_teleop:/home/ciderlab-server3/turtlebot3_ws/install/turtlebot3_example:/home/ciderlab-server3/turtlebot3_ws/install/turtlebot3_dqn:/home/ciderlab-server3/turtlebot3_ws/install/turtlebot3_home_service_challenge_core:/home/ciderlab-server3/turtlebot3_ws/install/turtlebot3_home_service_challenge_aruco:/opt/ros/humble /usr/bin/cmake --install /home/ciderlab-server3/workspace/2026_industry_cowork/IsaacSim-ros_workspaces/humble_ws/build/turtlebot3_manipulation_moveit_config
[1.166s] Level 1:colcon.colcon_core.environment:checking '/home/ciderlab-server3/workspace/2026_industry_cowork/IsaacSim-ros_workspaces/humble_ws/install/turtlebot3_manipulation_moveit_config' for CMake config files
[1.166s] Level 1:colcon.colcon_core.shell:create_environment_hook('turtlebot3_manipulation_moveit_config', 'cmake_prefix_path')
[1.166s] INFO:colcon.colcon_core.shell:Creating environment hook '/home/ciderlab-server3/workspace/2026_industry_cowork/IsaacSim-ros_workspaces/humble_ws/install/turtlebot3_manipulation_moveit_config/share/turtlebot3_manipulation_moveit_config/hook/cmake_prefix_path.ps1'
[1.167s] INFO:colcon.colcon_core.shell:Creating environment descriptor '/home/ciderlab-server3/workspace/2026_industry_cowork/IsaacSim-ros_workspaces/humble_ws/install/turtlebot3_manipulation_moveit_config/share/turtlebot3_manipulation_moveit_config/hook/cmake_prefix_path.dsv'
[1.167s] INFO:colcon.colcon_core.shell:Creating environment hook '/home/ciderlab-server3/workspace/2026_industry_cowork/IsaacSim-ros_workspaces/humble_ws/install/turtlebot3_manipulation_moveit_config/share/turtlebot3_manipulation_moveit_config/hook/cmake_prefix_path.sh'
[1.167s] Level 1:colcon.colcon_core.environment:checking '/home/ciderlab-server3/workspace/2026_industry_cowork/IsaacSim-ros_workspaces/humble_ws/install/turtlebot3_manipulation_moveit_config/bin'
[1.167s] Level 1:colcon.colcon_core.environment:checking '/home/ciderlab-server3/workspace/2026_industry_cowork/IsaacSim-ros_workspaces/humble_ws/install/turtlebot3_manipulation_moveit_config/lib/pkgconfig/turtlebot3_manipulation_moveit_config.pc'
[1.167s] Level 1:colcon.colcon_core.environment:checking '/home/ciderlab-server3/workspace/2026_industry_cowork/IsaacSim-ros_workspaces/humble_ws/install/turtlebot3_manipulation_moveit_config/lib/python3.10/site-packages'
[1.167s] Level 1:colcon.colcon_core.environment:checking '/home/ciderlab-server3/workspace/2026_industry_cowork/IsaacSim-ros_workspaces/humble_ws/install/turtlebot3_manipulation_moveit_config/bin'
[1.168s] INFO:colcon.colcon_core.shell:Creating package script '/home/ciderlab-server3/workspace/2026_industry_cowork/IsaacSim-ros_workspaces/humble_ws/install/turtlebot3_manipulation_moveit_config/share/turtlebot3_manipulation_moveit_config/package.ps1'
[1.168s] INFO:colcon.colcon_core.shell:Creating package descriptor '/home/ciderlab-server3/workspace/2026_industry_cowork/IsaacSim-ros_workspaces/humble_ws/install/turtlebot3_manipulation_moveit_config/share/turtlebot3_manipulation_moveit_config/package.dsv'
[1.168s] INFO:colcon.colcon_core.shell:Creating package script '/home/ciderlab-server3/workspace/2026_industry_cowork/IsaacSim-ros_workspaces/humble_ws/install/turtlebot3_manipulation_moveit_config/share/turtlebot3_manipulation_moveit_config/package.sh'
[1.168s] INFO:colcon.colcon_core.shell:Creating package script '/home/ciderlab-server3/workspace/2026_industry_cowork/IsaacSim-ros_workspaces/humble_ws/install/turtlebot3_manipulation_moveit_config/share/turtlebot3_manipulation_moveit_config/package.bash'
[1.168s] INFO:colcon.colcon_core.shell:Creating package script '/home/ciderlab-server3/workspace/2026_industry_cowork/IsaacSim-ros_workspaces/humble_ws/install/turtlebot3_manipulation_moveit_config/share/turtlebot3_manipulation_moveit_config/package.zsh'
[1.168s] Level 1:colcon.colcon_core.environment:create_file_with_runtime_dependencies(/home/ciderlab-server3/workspace/2026_industry_cowork/IsaacSim-ros_workspaces/humble_ws/install/turtlebot3_manipulation_moveit_config/share/colcon-core/packages/turtlebot3_manipulation_moveit_config)
[1.169s] Level 1:colcon.colcon_core.environment:create_environment_scripts_only(turtlebot3_manipulation_moveit_config)
[1.169s] Level 1:colcon.colcon_core.environment:checking '/home/ciderlab-server3/workspace/2026_industry_cowork/IsaacSim-ros_workspaces/humble_ws/install/turtlebot3_manipulation_moveit_config' for CMake module files
[1.169s] Level 1:colcon.colcon_core.environment:checking '/home/ciderlab-server3/workspace/2026_industry_cowork/IsaacSim-ros_workspaces/humble_ws/install/turtlebot3_manipulation_moveit_config' for CMake config files
[1.169s] Level 1:colcon.colcon_core.shell:create_environment_hook('turtlebot3_manipulation_moveit_config', 'cmake_prefix_path')
[1.169s] INFO:colcon.colcon_core.shell:Creating environment hook '/home/ciderlab-server3/workspace/2026_industry_cowork/IsaacSim-ros_workspaces/humble_ws/install/turtlebot3_manipulation_moveit_config/share/turtlebot3_manipulation_moveit_config/hook/cmake_prefix_path.ps1'
[1.170s] INFO:colcon.colcon_core.shell:Creating environment descriptor '/home/ciderlab-server3/workspace/2026_industry_cowork/IsaacSim-ros_workspaces/humble_ws/install/turtlebot3_manipulation_moveit_config/share/turtlebot3_manipulation_moveit_config/hook/cmake_prefix_path.dsv'
[1.170s] INFO:colcon.colcon_core.shell:Creating environment hook '/home/ciderlab-server3/workspace/2026_industry_cowork/IsaacSim-ros_workspaces/humble_ws/install/turtlebot3_manipulation_moveit_config/share/turtlebot3_manipulation_moveit_config/hook/cmake_prefix_path.sh'
[1.170s] Level 1:colcon.colcon_core.environment:checking '/home/ciderlab-server3/workspace/2026_industry_cowork/IsaacSim-ros_workspaces/humble_ws/install/turtlebot3_manipulation_moveit_config/bin'
[1.170s] Level 1:colcon.colcon_core.environment:checking '/home/ciderlab-server3/workspace/2026_industry_cowork/IsaacSim-ros_workspaces/humble_ws/install/turtlebot3_manipulation_moveit_config/lib/pkgconfig/turtlebot3_manipulation_moveit_config.pc'
[1.170s] Level 1:colcon.colcon_core.environment:checking '/home/ciderlab-server3/workspace/2026_industry_cowork/IsaacSim-ros_workspaces/humble_ws/install/turtlebot3_manipulation_moveit_config/lib/python3.10/site-packages'
[1.170s] Level 1:colcon.colcon_core.environment:checking '/home/ciderlab-server3/workspace/2026_industry_cowork/IsaacSim-ros_workspaces/humble_ws/install/turtlebot3_manipulation_moveit_config/bin'
[1.170s] INFO:colcon.colcon_core.shell:Creating package script '/home/ciderlab-server3/workspace/2026_industry_cowork/IsaacSim-ros_workspaces/humble_ws/install/turtlebot3_manipulation_moveit_config/share/turtlebot3_manipulation_moveit_config/package.ps1'
[1.171s] INFO:colcon.colcon_core.shell:Creating package descriptor '/home/ciderlab-server3/workspace/2026_industry_cowork/IsaacSim-ros_workspaces/humble_ws/install/turtlebot3_manipulation_moveit_config/share/turtlebot3_manipulation_moveit_config/package.dsv'
[1.171s] INFO:colcon.colcon_core.shell:Creating package script '/home/ciderlab-server3/workspace/2026_industry_cowork/IsaacSim-ros_workspaces/humble_ws/install/turtlebot3_manipulation_moveit_config/share/turtlebot3_manipulation_moveit_config/package.sh'
[1.172s] INFO:colcon.colcon_core.shell:Creating package script '/home/ciderlab-server3/workspace/2026_industry_cowork/IsaacSim-ros_workspaces/humble_ws/install/turtlebot3_manipulation_moveit_config/share/turtlebot3_manipulation_moveit_config/package.bash'
[1.172s] INFO:colcon.colcon_core.shell:Creating package script '/home/ciderlab-server3/workspace/2026_industry_cowork/IsaacSim-ros_workspaces/humble_ws/install/turtlebot3_manipulation_moveit_config/share/turtlebot3_manipulation_moveit_config/package.zsh'
[1.172s] Level 1:colcon.colcon_core.environment:create_file_with_runtime_dependencies(/home/ciderlab-server3/workspace/2026_industry_cowork/IsaacSim-ros_workspaces/humble_ws/install/turtlebot3_manipulation_moveit_config/share/colcon-core/packages/turtlebot3_manipulation_moveit_config)
[1.173s] DEBUG:colcon.colcon_core.event_handler.log_command:Invoked command in '/home/ciderlab-server3/workspace/2026_industry_cowork/IsaacSim-ros_workspaces/humble_ws/build/iw_hub_navigation' returned '0': CMAKE_PREFIX_PATH=${CMAKE_PREFIX_PATH}:/home/ciderlab-server3/workspace/2026_industry_cowork/IsaacSim-ros_workspaces/humble_ws/install/turtlebot3_manipulation_navigation2:/home/ciderlab-server3/workspace/2026_industry_cowork/IsaacSim-ros_workspaces/humble_ws/install/turtlebot3_manipulation_description:/home/ciderlab-server3/workspace/2026_industry_cowork/IsaacSim-ros_workspaces/humble_ws/install/turtlebot3_manipulation_cartographer:/home/ciderlab-server3/workspace/2026_industry_cowork/IsaacSim-ros_workspaces/humble_ws/install/isaacsim_clearpath_nav2:/home/ciderlab-server3/workspace/2026_industry_cowork/IsaacSim-ros_workspaces/humble_ws/install/isaacsim_bringup:/home/ciderlab-server3/workspace/2026_industry_cowork/IsaacSim-ros_workspaces/humble_ws/install/isaac_tutorials:/home/ciderlab-server3/workspace/2026_industry_cowork/IsaacSim-ros_workspaces/humble_ws/install/isaac_ros_navigation_goal:/home/ciderlab-server3/workspace/2026_industry_cowork/IsaacSim-ros_workspaces/humble_ws/install/isaac_moveit:/home/ciderlab-server3/workspace/2026_industry_cowork/IsaacSim-ros_workspaces/humble_ws/install/isaac_compressed_image_decoder:/home/ciderlab-server3/workspace/2026_industry_cowork/IsaacSim-ros_workspaces/humble_ws/install/h1_fullbody_controller:/home/ciderlab-server3/workspace/2026_industry_cowork/IsaacSim-ros_workspaces/humble_ws/install/cmdvel_to_ackermann:/home/ciderlab-server3/workspace/2026_industry_cowork/IsaacSim-ros_workspaces/humble_ws/install/carter_navigation:/home/ciderlab-server3/turtlebot3_ws/install/turtlebot3_teleop:/home/ciderlab-server3/turtlebot3_ws/install/turtlebot3_example:/home/ciderlab-server3/turtlebot3_ws/install/turtlebot3_dqn:/home/ciderlab-server3/turtlebot3_ws/install/turtlebot3_home_service_challenge_core:/home/ciderlab-server3/turtlebot3_ws/install/turtlebot3_home_service_challenge_aruco:/opt/ros/humble /usr/bin/cmake /home/ciderlab-server3/workspace/2026_industry_cowork/IsaacSim-ros_workspaces/humble_ws/src/navigation/iw_hub_navigation -DCMAKE_INSTALL_PREFIX=/home/ciderlab-server3/workspace/2026_industry_cowork/IsaacSim-ros_workspaces/humble_ws/install/iw_hub_navigation
[1.173s] DEBUG:colcon.colcon_core.event_handler.log_command:Invoking command in '/home/ciderlab-server3/workspace/2026_industry_cowork/IsaacSim-ros_workspaces/humble_ws/build/iw_hub_navigation': CMAKE_PREFIX_PATH=${CMAKE_PREFIX_PATH}:/home/ciderlab-server3/workspace/2026_industry_cowork/IsaacSim-ros_workspaces/humble_ws/install/turtlebot3_manipulation_navigation2:/home/ciderlab-server3/workspace/2026_industry_cowork/IsaacSim-ros_workspaces/humble_ws/install/turtlebot3_manipulation_description:/home/ciderlab-server3/workspace/2026_industry_cowork/IsaacSim-ros_workspaces/humble_ws/install/turtlebot3_manipulation_cartographer:/home/ciderlab-server3/workspace/2026_industry_cowork/IsaacSim-ros_workspaces/humble_ws/install/isaacsim_clearpath_nav2:/home/ciderlab-server3/workspace/2026_industry_cowork/IsaacSim-ros_workspaces/humble_ws/install/isaacsim_bringup:/home/ciderlab-server3/workspace/2026_industry_cowork/IsaacSim-ros_workspaces/humble_ws/install/isaac_tutorials:/home/ciderlab-server3/workspace/2026_industry_cowork/IsaacSim-ros_workspaces/humble_ws/install/isaac_ros_navigation_goal:/home/ciderlab-server3/workspace/2026_industry_cowork/IsaacSim-ros_workspaces/humble_ws/install/isaac_moveit:/home/ciderlab-server3/workspace/2026_industry_cowork/IsaacSim-ros_workspaces/humble_ws/install/isaac_compressed_image_decoder:/home/ciderlab-server3/workspace/2026_industry_cowork/IsaacSim-ros_workspaces/humble_ws/install/h1_fullbody_controller:/home/ciderlab-server3/workspace/2026_industry_cowork/IsaacSim-ros_workspaces/humble_ws/install/cmdvel_to_ackermann:/home/ciderlab-server3/workspace/2026_industry_cowork/IsaacSim-ros_workspaces/humble_ws/install/carter_navigation:/home/ciderlab-server3/turtlebot3_ws/install/turtlebot3_teleop:/home/ciderlab-server3/turtlebot3_ws/install/turtlebot3_example:/home/ciderlab-server3/turtlebot3_ws/install/turtlebot3_dqn:/home/ciderlab-server3/turtlebot3_ws/install/turtlebot3_home_service_challenge_core:/home/ciderlab-server3/turtlebot3_ws/install/turtlebot3_home_service_challenge_aruco:/opt/ros/humble /usr/bin/cmake --build /home/ciderlab-server3/workspace/2026_industry_cowork/IsaacSim-ros_workspaces/humble_ws/build/iw_hub_navigation -- -j24 -l24
[1.174s] INFO:colcon.colcon_ros.task.ament_cmake.build:Building ROS package in '/home/ciderlab-server3/workspace/2026_industry_cowork/IsaacSim-ros_workspaces/humble_ws/src/turtlebot3_manipulation/turtlebot3_manipulation_teleop' with build type 'ament_cmake'
[1.175s] INFO:colcon.colcon_cmake.task.cmake.build:Building CMake package in '/home/ciderlab-server3/workspace/2026_industry_cowork/IsaacSim-ros_workspaces/humble_ws/src/turtlebot3_manipulation/turtlebot3_manipulation_teleop'
[1.175s] INFO:colcon.colcon_core.shell:Skip shell extension 'powershell' for command environment: Not usable outside of PowerShell
[1.175s] DEBUG:colcon.colcon_core.shell:Skip shell extension 'dsv' for command environment
[1.180s] Level 1:colcon.colcon_core.environment:create_environment_scripts_only(custom_message)
[1.181s] Level 1:colcon.colcon_core.environment:checking '/home/ciderlab-server3/workspace/2026_industry_cowork/IsaacSim-ros_workspaces/humble_ws/install/custom_message' for CMake module files
[1.181s] DEBUG:colcon.colcon_core.event_handler.log_command:Invoked command in '/home/ciderlab-server3/workspace/2026_industry_cowork/IsaacSim-ros_workspaces/humble_ws/build/custom_message' returned '2': CMAKE_PREFIX_PATH=${CMAKE_PREFIX_PATH}:/home/ciderlab-server3/workspace/2026_industry_cowork/IsaacSim-ros_workspaces/humble_ws/install/turtlebot3_manipulation_navigation2:/home/ciderlab-server3/workspace/2026_industry_cowork/IsaacSim-ros_workspaces/humble_ws/install/turtlebot3_manipulation_description:/home/ciderlab-server3/workspace/2026_industry_cowork/IsaacSim-ros_workspaces/humble_ws/install/turtlebot3_manipulation_cartographer:/home/ciderlab-server3/workspace/2026_industry_cowork/IsaacSim-ros_workspaces/humble_ws/install/isaacsim_clearpath_nav2:/home/ciderlab-server3/workspace/2026_industry_cowork/IsaacSim-ros_workspaces/humble_ws/install/isaacsim_bringup:/home/ciderlab-server3/workspace/2026_industry_cowork/IsaacSim-ros_workspaces/humble_ws/install/isaac_tutorials:/home/ciderlab-server3/workspace/2026_industry_cowork/IsaacSim-ros_workspaces/humble_ws/install/isaac_ros_navigation_goal:/home/ciderlab-server3/workspace/2026_industry_cowork/IsaacSim-ros_workspaces/humble_ws/install/isaac_moveit:/home/ciderlab-server3/workspace/2026_industry_cowork/IsaacSim-ros_workspaces/humble_ws/install/isaac_compressed_image_decoder:/home/ciderlab-server3/workspace/2026_industry_cowork/IsaacSim-ros_workspaces/humble_ws/install/h1_fullbody_controller:/home/ciderlab-server3/workspace/2026_industry_cowork/IsaacSim-ros_workspaces/humble_ws/install/cmdvel_to_ackermann:/home/ciderlab-server3/workspace/2026_industry_cowork/IsaacSim-ros_workspaces/humble_ws/install/carter_navigation:/home/ciderlab-server3/turtlebot3_ws/install/turtlebot3_teleop:/home/ciderlab-server3/turtlebot3_ws/install/turtlebot3_example:/home/ciderlab-server3/turtlebot3_ws/install/turtlebot3_dqn:/home/ciderlab-server3/turtlebot3_ws/install/turtlebot3_home_service_challenge_core:/home/ciderlab-server3/turtlebot3_ws/install/turtlebot3_home_service_challenge_aruco:/opt/ros/humble /usr/bin/cmake --build /home/ciderlab-server3/workspace/2026_industry_cowork/IsaacSim-ros_workspaces/humble_ws/build/custom_message -- -j24 -l24
[1.181s] Level 1:colcon.colcon_core.environment:checking '/home/ciderlab-server3/workspace/2026_industry_cowork/IsaacSim-ros_workspaces/humble_ws/install/custom_message' for CMake config files
[1.182s] Level 1:colcon.colcon_core.shell:create_environment_hook('custom_message', 'cmake_prefix_path')
[1.182s] INFO:colcon.colcon_core.shell:Creating environment hook '/home/ciderlab-server3/workspace/2026_industry_cowork/IsaacSim-ros_workspaces/humble_ws/install/custom_message/share/custom_message/hook/cmake_prefix_path.ps1'
[1.182s] INFO:colcon.colcon_core.shell:Creating environment descriptor '/home/ciderlab-server3/workspace/2026_industry_cowork/IsaacSim-ros_workspaces/humble_ws/install/custom_message/share/custom_message/hook/cmake_prefix_path.dsv'
[1.182s] INFO:colcon.colcon_core.shell:Creating environment hook '/home/ciderlab-server3/workspace/2026_industry_cowork/IsaacSim-ros_workspaces/humble_ws/install/custom_message/share/custom_message/hook/cmake_prefix_path.sh'
[1.183s] Level 1:colcon.colcon_core.environment:checking '/home/ciderlab-server3/workspace/2026_industry_cowork/IsaacSim-ros_workspaces/humble_ws/install/custom_message/lib'
[1.183s] Level 1:colcon.colcon_core.shell:create_environment_hook('custom_message', 'ld_library_path_lib')
[1.183s] INFO:colcon.colcon_core.shell:Creating environment hook '/home/ciderlab-server3/workspace/2026_industry_cowork/IsaacSim-ros_workspaces/humble_ws/install/custom_message/share/custom_message/hook/ld_library_path_lib.ps1'
[1.183s] INFO:colcon.colcon_core.shell:Creating environment descriptor '/home/ciderlab-server3/workspace/2026_industry_cowork/IsaacSim-ros_workspaces/humble_ws/install/custom_message/share/custom_message/hook/ld_library_path_lib.dsv'
[1.183s] INFO:colcon.colcon_core.shell:Creating environment hook '/home/ciderlab-server3/workspace/2026_industry_cowork/IsaacSim-ros_workspaces/humble_ws/install/custom_message/share/custom_message/hook/ld_library_path_lib.sh'
[1.183s] Level 1:colcon.colcon_core.environment:checking '/home/ciderlab-server3/workspace/2026_industry_cowork/IsaacSim-ros_workspaces/humble_ws/install/custom_message/bin'
[1.184s] Level 1:colcon.colcon_core.environment:checking '/home/ciderlab-server3/workspace/2026_industry_cowork/IsaacSim-ros_workspaces/humble_ws/install/custom_message/lib/pkgconfig/custom_message.pc'
[1.184s] Level 1:colcon.colcon_core.environment:checking '/home/ciderlab-server3/workspace/2026_industry_cowork/IsaacSim-ros_workspaces/humble_ws/install/custom_message/lib/python3.10/site-packages'
[1.184s] Level 1:colcon.colcon_core.environment:checking '/home/ciderlab-server3/workspace/2026_industry_cowork/IsaacSim-ros_workspaces/humble_ws/install/custom_message/bin'
[1.184s] INFO:colcon.colcon_core.shell:Creating package script '/home/ciderlab-server3/workspace/2026_industry_cowork/IsaacSim-ros_workspaces/humble_ws/install/custom_message/share/custom_message/package.ps1'
[1.184s] INFO:colcon.colcon_core.shell:Creating package descriptor '/home/ciderlab-server3/workspace/2026_industry_cowork/IsaacSim-ros_workspaces/humble_ws/install/custom_message/share/custom_message/package.dsv'
[1.185s] INFO:colcon.colcon_core.shell:Creating package script '/home/ciderlab-server3/workspace/2026_industry_cowork/IsaacSim-ros_workspaces/humble_ws/install/custom_message/share/custom_message/package.sh'
[1.185s] INFO:colcon.colcon_core.shell:Creating package script '/home/ciderlab-server3/workspace/2026_industry_cowork/IsaacSim-ros_workspaces/humble_ws/install/custom_message/share/custom_message/package.bash'
[1.185s] INFO:colcon.colcon_core.shell:Creating package script '/home/ciderlab-server3/workspace/2026_industry_cowork/IsaacSim-ros_workspaces/humble_ws/install/custom_message/share/custom_message/package.zsh'
[1.185s] Level 1:colcon.colcon_core.environment:create_file_with_runtime_dependencies(/home/ciderlab-server3/workspace/2026_industry_cowork/IsaacSim-ros_workspaces/humble_ws/install/custom_message/share/colcon-core/packages/custom_message)
[1.185s] Level 1:colcon.colcon_core.environment:create_environment_scripts_only(isaacsim_clearpath_nav2)
[1.186s] Level 1:colcon.colcon_core.environment:checking '/home/ciderlab-server3/workspace/2026_industry_cowork/IsaacSim-ros_workspaces/humble_ws/install/isaacsim_clearpath_nav2' for CMake module files
[1.186s] Level 1:colcon.colcon_core.environment:checking '/home/ciderlab-server3/workspace/2026_industry_cowork/IsaacSim-ros_workspaces/humble_ws/install/isaacsim_clearpath_nav2' for CMake config files
[1.186s] Level 1:colcon.colcon_core.shell:create_environment_hook('isaacsim_clearpath_nav2', 'cmake_prefix_path')
[1.186s] INFO:colcon.colcon_core.shell:Creating environment hook '/home/ciderlab-server3/workspace/2026_industry_cowork/IsaacSim-ros_workspaces/humble_ws/install/isaacsim_clearpath_nav2/share/isaacsim_clearpath_nav2/hook/cmake_prefix_path.ps1'
[1.187s] DEBUG:colcon.colcon_core.event_handler.log_command:Invoked command in '/home/ciderlab-server3/workspace/2026_industry_cowork/IsaacSim-ros_workspaces/humble_ws/build/isaacsim_clearpath_nav2' returned '0': CMAKE_PREFIX_PATH=${CMAKE_PREFIX_PATH}:/home/ciderlab-server3/workspace/2026_industry_cowork/IsaacSim-ros_workspaces/humble_ws/install/turtlebot3_manipulation_navigation2:/home/ciderlab-server3/workspace/2026_industry_cowork/IsaacSim-ros_workspaces/humble_ws/install/turtlebot3_manipulation_description:/home/ciderlab-server3/workspace/2026_industry_cowork/IsaacSim-ros_workspaces/humble_ws/install/turtlebot3_manipulation_cartographer:/home/ciderlab-server3/workspace/2026_industry_cowork/IsaacSim-ros_workspaces/humble_ws/install/isaacsim_clearpath_nav2:/home/ciderlab-server3/workspace/2026_industry_cowork/IsaacSim-ros_workspaces/humble_ws/install/isaacsim_bringup:/home/ciderlab-server3/workspace/2026_industry_cowork/IsaacSim-ros_workspaces/humble_ws/install/isaac_tutorials:/home/ciderlab-server3/workspace/2026_industry_cowork/IsaacSim-ros_workspaces/humble_ws/install/isaac_ros_navigation_goal:/home/ciderlab-server3/workspace/2026_industry_cowork/IsaacSim-ros_workspaces/humble_ws/install/isaac_moveit:/home/ciderlab-server3/workspace/2026_industry_cowork/IsaacSim-ros_workspaces/humble_ws/install/isaac_compressed_image_decoder:/home/ciderlab-server3/workspace/2026_industry_cowork/IsaacSim-ros_workspaces/humble_ws/install/h1_fullbody_controller:/home/ciderlab-server3/workspace/2026_industry_cowork/IsaacSim-ros_workspaces/humble_ws/install/cmdvel_to_ackermann:/home/ciderlab-server3/workspace/2026_industry_cowork/IsaacSim-ros_workspaces/humble_ws/install/carter_navigation:/home/ciderlab-server3/turtlebot3_ws/install/turtlebot3_teleop:/home/ciderlab-server3/turtlebot3_ws/install/turtlebot3_example:/home/ciderlab-server3/turtlebot3_ws/install/turtlebot3_dqn:/home/ciderlab-server3/turtlebot3_ws/install/turtlebot3_home_service_challenge_core:/home/ciderlab-server3/turtlebot3_ws/install/turtlebot3_home_service_challenge_aruco:/opt/ros/humble /usr/bin/cmake --install /home/ciderlab-server3/workspace/2026_industry_cowork/IsaacSim-ros_workspaces/humble_ws/build/isaacsim_clearpath_nav2
[1.187s] INFO:colcon.colcon_core.shell:Creating environment descriptor '/home/ciderlab-server3/workspace/2026_industry_cowork/IsaacSim-ros_workspaces/humble_ws/install/isaacsim_clearpath_nav2/share/isaacsim_clearpath_nav2/hook/cmake_prefix_path.dsv'
[1.187s] INFO:colcon.colcon_core.shell:Creating environment hook '/home/ciderlab-server3/workspace/2026_industry_cowork/IsaacSim-ros_workspaces/humble_ws/install/isaacsim_clearpath_nav2/share/isaacsim_clearpath_nav2/hook/cmake_prefix_path.sh'
[1.187s] Level 1:colcon.colcon_core.environment:checking '/home/ciderlab-server3/workspace/2026_industry_cowork/IsaacSim-ros_workspaces/humble_ws/install/isaacsim_clearpath_nav2/bin'
[1.187s] Level 1:colcon.colcon_core.environment:checking '/home/ciderlab-server3/workspace/2026_industry_cowork/IsaacSim-ros_workspaces/humble_ws/install/isaacsim_clearpath_nav2/lib/pkgconfig/isaacsim_clearpath_nav2.pc'
[1.188s] Level 1:colcon.colcon_core.environment:checking '/home/ciderlab-server3/workspace/2026_industry_cowork/IsaacSim-ros_workspaces/humble_ws/install/isaacsim_clearpath_nav2/lib/python3.10/site-packages'
[1.188s] Level 1:colcon.colcon_core.environment:checking '/home/ciderlab-server3/workspace/2026_industry_cowork/IsaacSim-ros_workspaces/humble_ws/install/isaacsim_clearpath_nav2/bin'
[1.188s] INFO:colcon.colcon_core.shell:Creating package script '/home/ciderlab-server3/workspace/2026_industry_cowork/IsaacSim-ros_workspaces/humble_ws/install/isaacsim_clearpath_nav2/share/isaacsim_clearpath_nav2/package.ps1'
[1.188s] INFO:colcon.colcon_core.shell:Creating package descriptor '/home/ciderlab-server3/workspace/2026_industry_cowork/IsaacSim-ros_workspaces/humble_ws/install/isaacsim_clearpath_nav2/share/isaacsim_clearpath_nav2/package.dsv'
[1.188s] INFO:colcon.colcon_core.shell:Creating package script '/home/ciderlab-server3/workspace/2026_industry_cowork/IsaacSim-ros_workspaces/humble_ws/install/isaacsim_clearpath_nav2/share/isaacsim_clearpath_nav2/package.sh'
[1.189s] INFO:colcon.colcon_core.shell:Creating package script '/home/ciderlab-server3/workspace/2026_industry_cowork/IsaacSim-ros_workspaces/humble_ws/install/isaacsim_clearpath_nav2/share/isaacsim_clearpath_nav2/package.bash'
[1.189s] INFO:colcon.colcon_core.shell:Creating package script '/home/ciderlab-server3/workspace/2026_industry_cowork/IsaacSim-ros_workspaces/humble_ws/install/isaacsim_clearpath_nav2/share/isaacsim_clearpath_nav2/package.zsh'
[1.189s] Level 1:colcon.colcon_core.environment:create_file_with_runtime_dependencies(/home/ciderlab-server3/workspace/2026_industry_cowork/IsaacSim-ros_workspaces/humble_ws/install/isaacsim_clearpath_nav2/share/colcon-core/packages/isaacsim_clearpath_nav2)
[1.189s] Level 1:colcon.colcon_core.environment:create_environment_scripts_only(isaacsim_clearpath_nav2)
[1.189s] Level 1:colcon.colcon_core.environment:checking '/home/ciderlab-server3/workspace/2026_industry_cowork/IsaacSim-ros_workspaces/humble_ws/install/isaacsim_clearpath_nav2' for CMake module files
[1.190s] Level 1:colcon.colcon_core.environment:checking '/home/ciderlab-server3/workspace/2026_industry_cowork/IsaacSim-ros_workspaces/humble_ws/install/isaacsim_clearpath_nav2' for CMake config files
[1.190s] Level 1:colcon.colcon_core.shell:create_environment_hook('isaacsim_clearpath_nav2', 'cmake_prefix_path')
[1.190s] INFO:colcon.colcon_core.shell:Creating environment hook '/home/ciderlab-server3/workspace/2026_industry_cowork/IsaacSim-ros_workspaces/humble_ws/install/isaacsim_clearpath_nav2/share/isaacsim_clearpath_nav2/hook/cmake_prefix_path.ps1'
[1.190s] INFO:colcon.colcon_core.shell:Creating environment descriptor '/home/ciderlab-server3/workspace/2026_industry_cowork/IsaacSim-ros_workspaces/humble_ws/install/isaacsim_clearpath_nav2/share/isaacsim_clearpath_nav2/hook/cmake_prefix_path.dsv'
[1.190s] INFO:colcon.colcon_core.shell:Creating environment hook '/home/ciderlab-server3/workspace/2026_industry_cowork/IsaacSim-ros_workspaces/humble_ws/install/isaacsim_clearpath_nav2/share/isaacsim_clearpath_nav2/hook/cmake_prefix_path.sh'
[1.191s] Level 1:colcon.colcon_core.environment:checking '/home/ciderlab-server3/workspace/2026_industry_cowork/IsaacSim-ros_workspaces/humble_ws/install/isaacsim_clearpath_nav2/bin'
[1.191s] Level 1:colcon.colcon_core.environment:checking '/home/ciderlab-server3/workspace/2026_industry_cowork/IsaacSim-ros_workspaces/humble_ws/install/isaacsim_clearpath_nav2/lib/pkgconfig/isaacsim_clearpath_nav2.pc'
[1.191s] Level 1:colcon.colcon_core.environment:checking '/home/ciderlab-server3/workspace/2026_industry_cowork/IsaacSim-ros_workspaces/humble_ws/install/isaacsim_clearpath_nav2/lib/python3.10/site-packages'
[1.191s] Level 1:colcon.colcon_core.environment:checking '/home/ciderlab-server3/workspace/2026_industry_cowork/IsaacSim-ros_workspaces/humble_ws/install/isaacsim_clearpath_nav2/bin'
[1.191s] INFO:colcon.colcon_core.shell:Creating package script '/home/ciderlab-server3/workspace/2026_industry_cowork/IsaacSim-ros_workspaces/humble_ws/install/isaacsim_clearpath_nav2/share/isaacsim_clearpath_nav2/package.ps1'
[1.192s] INFO:colcon.colcon_core.shell:Creating package descriptor '/home/ciderlab-server3/workspace/2026_industry_cowork/IsaacSim-ros_workspaces/humble_ws/install/isaacsim_clearpath_nav2/share/isaacsim_clearpath_nav2/package.dsv'
[1.192s] INFO:colcon.colcon_core.shell:Creating package script '/home/ciderlab-server3/workspace/2026_industry_cowork/IsaacSim-ros_workspaces/humble_ws/install/isaacsim_clearpath_nav2/share/isaacsim_clearpath_nav2/package.sh'
[1.192s] INFO:colcon.colcon_core.shell:Creating package script '/home/ciderlab-server3/workspace/2026_industry_cowork/IsaacSim-ros_workspaces/humble_ws/install/isaacsim_clearpath_nav2/share/isaacsim_clearpath_nav2/package.bash'
[1.193s] INFO:colcon.colcon_core.shell:Creating package script '/home/ciderlab-server3/workspace/2026_industry_cowork/IsaacSim-ros_workspaces/humble_ws/install/isaacsim_clearpath_nav2/share/isaacsim_clearpath_nav2/package.zsh'
[1.193s] Level 1:colcon.colcon_core.environment:create_file_with_runtime_dependencies(/home/ciderlab-server3/workspace/2026_industry_cowork/IsaacSim-ros_workspaces/humble_ws/install/isaacsim_clearpath_nav2/share/colcon-core/packages/isaacsim_clearpath_nav2)
[1.569s] DEBUG:colcon.colcon_parallel_executor.executor.parallel:closing loop
[1.569s] DEBUG:colcon.colcon_parallel_executor.executor.parallel:loop closed
[1.569s] DEBUG:colcon.colcon_parallel_executor.executor.parallel:run_until_complete finished with '2'
[1.569s] DEBUG:colcon.colcon_core.event_reactor:joining thread
[1.573s] INFO:colcon.colcon_core.plugin_system:Skipping extension 'colcon_notification.desktop_notification.terminal_notifier': Not used on non-Darwin systems
[1.573s] INFO:colcon.colcon_core.plugin_system:Skipping extension 'colcon_notification.desktop_notification.win32': Not used on non-Windows systems
[1.573s] INFO:colcon.colcon_notification.desktop_notification:Sending desktop notification using 'notify2'
[1.578s] DEBUG:colcon.colcon_core.event_reactor:joined thread
[1.578s] INFO:colcon.colcon_core.shell:Creating prefix script '/home/ciderlab-server3/workspace/2026_industry_cowork/IsaacSim-ros_workspaces/humble_ws/install/local_setup.ps1'
[1.579s] INFO:colcon.colcon_core.shell:Creating prefix util module '/home/ciderlab-server3/workspace/2026_industry_cowork/IsaacSim-ros_workspaces/humble_ws/install/_local_setup_util_ps1.py'
[1.579s] INFO:colcon.colcon_core.shell:Creating prefix chain script '/home/ciderlab-server3/workspace/2026_industry_cowork/IsaacSim-ros_workspaces/humble_ws/install/setup.ps1'
[1.581s] INFO:colcon.colcon_core.shell:Creating prefix script '/home/ciderlab-server3/workspace/2026_industry_cowork/IsaacSim-ros_workspaces/humble_ws/install/local_setup.sh'
[1.581s] INFO:colcon.colcon_core.shell:Creating prefix util module '/home/ciderlab-server3/workspace/2026_industry_cowork/IsaacSim-ros_workspaces/humble_ws/install/_local_setup_util_sh.py'
[1.581s] INFO:colcon.colcon_core.shell:Creating prefix chain script '/home/ciderlab-server3/workspace/2026_industry_cowork/IsaacSim-ros_workspaces/humble_ws/install/setup.sh'
[1.583s] INFO:colcon.colcon_core.shell:Creating prefix script '/home/ciderlab-server3/workspace/2026_industry_cowork/IsaacSim-ros_workspaces/humble_ws/install/local_setup.bash'
[1.583s] INFO:colcon.colcon_core.shell:Creating prefix chain script '/home/ciderlab-server3/workspace/2026_industry_cowork/IsaacSim-ros_workspaces/humble_ws/install/setup.bash'
[1.584s] INFO:colcon.colcon_core.shell:Creating prefix script '/home/ciderlab-server3/workspace/2026_industry_cowork/IsaacSim-ros_workspaces/humble_ws/install/local_setup.zsh'
[1.584s] INFO:colcon.colcon_core.shell:Creating prefix chain script '/home/ciderlab-server3/workspace/2026_industry_cowork/IsaacSim-ros_workspaces/humble_ws/install/setup.zsh'
