[0.074s] DEBUG:colcon:Command line arguments: ['/usr/bin/colcon', 'build']
[0.074s] DEBUG:colcon:Parsed command line arguments: Namespace(log_base=None, log_level=None, verb_name='build', build_base='build', install_base='install', merge_install=False, symlink_install=False, test_result_base=None, continue_on_error=False, executor='parallel', parallel_workers=24, event_handlers=None, ignore_user_meta=False, metas=['./colcon.meta'], base_paths=['.'], packages_ignore=None, packages_ignore_regex=None, paths=None, packages_up_to=None, packages_up_to_regex=None, packages_above=None, packages_above_and_dependencies=None, packages_above_depth=None, packages_select_by_dep=None, packages_skip_by_dep=None, packages_skip_up_to=None, packages_select_build_failed=False, packages_skip_build_finished=False, packages_select_test_failures=False, packages_skip_test_passed=False, packages_select=None, packages_skip=None, packages_select_regex=None, packages_skip_regex=None, packages_start=None, packages_end=None, allow_overriding=[], cmake_args=None, cmake_target=None, cmake_target_skip_unavailable=False, cmake_clean_cache=False, cmake_clean_first=False, cmake_force_configure=False, ament_cmake_args=None, catkin_cmake_args=None, catkin_skip_building_tests=False, mixin_files=None, mixin=None, verb_parser=<colcon_mixin.mixin.mixin_argument.MixinArgumentDecorator object at 0x79e9da415e40>, verb_extension=<colcon_core.verb.build.BuildVerb object at 0x79e9da592fe0>, main=<bound method BuildVerb.main of <colcon_core.verb.build.BuildVerb object at 0x79e9da592fe0>>, mixin_verb=('build',))
[0.181s] Level 1:colcon.colcon_core.package_discovery:discover_packages(colcon_meta) check parameters
[0.181s] Level 1:colcon.colcon_core.package_discovery:discover_packages(recursive) check parameters
[0.181s] Level 1:colcon.colcon_core.package_discovery:discover_packages(ignore) check parameters
[0.181s] Level 1:colcon.colcon_core.package_discovery:discover_packages(path) check parameters
[0.181s] Level 1:colcon.colcon_core.package_discovery:discover_packages(colcon_meta) discover
[0.181s] Level 1:colcon.colcon_core.package_discovery:discover_packages(recursive) discover
[0.181s] INFO:colcon.colcon_core.package_discovery:Crawling recursively for packages in '/home/ciderlab-server3/workspace/2026_industry_cowork/IsaacSim-ros_workspaces/humble_ws'
[0.181s] Level 1:colcon.colcon_core.package_identification:_identify(.) by extensions ['ignore', 'ignore_ament_install']
[0.181s] Level 1:colcon.colcon_core.package_identification:_identify(.) by extension 'ignore'
[0.181s] Level 1:colcon.colcon_core.package_identification:_identify(.) by extension 'ignore_ament_install'
[0.181s] Level 1:colcon.colcon_core.package_identification:_identify(.) by extensions ['colcon_pkg']
[0.181s] Level 1:colcon.colcon_core.package_identification:_identify(.) by extension 'colcon_pkg'
[0.181s] Level 1:colcon.colcon_core.package_identification:_identify(.) by extensions ['colcon_meta']
[0.181s] Level 1:colcon.colcon_core.package_identification:_identify(.) by extension 'colcon_meta'
[0.181s] Level 1:colcon.colcon_core.package_identification:_identify(.) by extensions ['ros']
[0.181s] Level 1:colcon.colcon_core.package_identification:_identify(.) by extension 'ros'
[0.186s] Level 1:colcon.colcon_core.package_identification:_identify(.) by extensions ['cmake', 'python']
[0.186s] Level 1:colcon.colcon_core.package_identification:_identify(.) by extension 'cmake'
[0.186s] Level 1:colcon.colcon_core.package_identification:_identify(.) by extension 'python'
[0.186s] Level 1:colcon.colcon_core.package_identification:_identify(.) by extensions ['python_setup_py']
[0.186s] Level 1:colcon.colcon_core.package_identification:_identify(.) by extension 'python_setup_py'
[0.186s] Level 1:colcon.colcon_core.package_identification:_identify(build) by extensions ['ignore', 'ignore_ament_install']
[0.186s] Level 1:colcon.colcon_core.package_identification:_identify(build) by extension 'ignore'
[0.186s] Level 1:colcon.colcon_core.package_identification:_identify(build) ignored
[0.186s] Level 1:colcon.colcon_core.package_identification:_identify(install) by extensions ['ignore', 'ignore_ament_install']
[0.186s] Level 1:colcon.colcon_core.package_identification:_identify(install) by extension 'ignore'
[0.186s] Level 1:colcon.colcon_core.package_identification:_identify(install) ignored
[0.186s] Level 1:colcon.colcon_core.package_identification:_identify(log) by extensions ['ignore', 'ignore_ament_install']
[0.186s] Level 1:colcon.colcon_core.package_identification:_identify(log) by extension 'ignore'
[0.186s] Level 1:colcon.colcon_core.package_identification:_identify(log) ignored
[0.186s] Level 1:colcon.colcon_core.package_identification:_identify(src) by extensions ['ignore', 'ignore_ament_install']
[0.187s] Level 1:colcon.colcon_core.package_identification:_identify(src) by extension 'ignore'
[0.187s] Level 1:colcon.colcon_core.package_identification:_identify(src) by extension 'ignore_ament_install'
[0.187s] Level 1:colcon.colcon_core.package_identification:_identify(src) by extensions ['colcon_pkg']
[0.187s] Level 1:colcon.colcon_core.package_identification:_identify(src) by extension 'colcon_pkg'
[0.187s] Level 1:colcon.colcon_core.package_identification:_identify(src) by extensions ['colcon_meta']
[0.187s] Level 1:colcon.colcon_core.package_identification:_identify(src) by extension 'colcon_meta'
[0.187s] Level 1:colcon.colcon_core.package_identification:_identify(src) by extensions ['ros']
[0.187s] Level 1:colcon.colcon_core.package_identification:_identify(src) by extension 'ros'
[0.187s] Level 1:colcon.colcon_core.package_identification:_identify(src) by extensions ['cmake', 'python']
[0.187s] Level 1:colcon.colcon_core.package_identification:_identify(src) by extension 'cmake'
[0.187s] Level 1:colcon.colcon_core.package_identification:_identify(src) by extension 'python'
[0.187s] Level 1:colcon.colcon_core.package_identification:_identify(src) by extensions ['python_setup_py']
[0.187s] Level 1:colcon.colcon_core.package_identification:_identify(src) by extension 'python_setup_py'
[0.187s] Level 1:colcon.colcon_core.package_identification:_identify(src/ackermann_control) by extensions ['ignore', 'ignore_ament_install']
[0.187s] Level 1:colcon.colcon_core.package_identification:_identify(src/ackermann_control) by extension 'ignore'
[0.187s] Level 1:colcon.colcon_core.package_identification:_identify(src/ackermann_control) by extension 'ignore_ament_install'
[0.187s] Level 1:colcon.colcon_core.package_identification:_identify(src/ackermann_control) by extensions ['colcon_pkg']
[0.187s] Level 1:colcon.colcon_core.package_identification:_identify(src/ackermann_control) by extension 'colcon_pkg'
[0.187s] Level 1:colcon.colcon_core.package_identification:_identify(src/ackermann_control) by extensions ['colcon_meta']
[0.187s] Level 1:colcon.colcon_core.package_identification:_identify(src/ackermann_control) by extension 'colcon_meta'
[0.187s] Level 1:colcon.colcon_core.package_identification:_identify(src/ackermann_control) by extensions ['ros']
[0.187s] Level 1:colcon.colcon_core.package_identification:_identify(src/ackermann_control) by extension 'ros'
[0.187s] Level 1:colcon.colcon_core.package_identification:_identify(src/ackermann_control) by extensions ['cmake', 'python']
[0.187s] Level 1:colcon.colcon_core.package_identification:_identify(src/ackermann_control) by extension 'cmake'
[0.187s] Level 1:colcon.colcon_core.package_identification:_identify(src/ackermann_control) by extension 'python'
[0.187s] Level 1:colcon.colcon_core.package_identification:_identify(src/ackermann_control) by extensions ['python_setup_py']
[0.187s] Level 1:colcon.colcon_core.package_identification:_identify(src/ackermann_control) by extension 'python_setup_py'
[0.187s] Level 1:colcon.colcon_core.package_identification:_identify(src/ackermann_control/cmdvel_to_ackermann) by extensions ['ignore', 'ignore_ament_install']
[0.187s] Level 1:colcon.colcon_core.package_identification:_identify(src/ackermann_control/cmdvel_to_ackermann) by extension 'ignore'
[0.187s] Level 1:colcon.colcon_core.package_identification:_identify(src/ackermann_control/cmdvel_to_ackermann) by extension 'ignore_ament_install'
[0.187s] Level 1:colcon.colcon_core.package_identification:_identify(src/ackermann_control/cmdvel_to_ackermann) by extensions ['colcon_pkg']
[0.187s] Level 1:colcon.colcon_core.package_identification:_identify(src/ackermann_control/cmdvel_to_ackermann) by extension 'colcon_pkg'
[0.187s] Level 1:colcon.colcon_core.package_identification:_identify(src/ackermann_control/cmdvel_to_ackermann) by extensions ['colcon_meta']
[0.187s] Level 1:colcon.colcon_core.package_identification:_identify(src/ackermann_control/cmdvel_to_ackermann) by extension 'colcon_meta'
[0.187s] Level 1:colcon.colcon_core.package_identification:_identify(src/ackermann_control/cmdvel_to_ackermann) by extensions ['ros']
[0.187s] Level 1:colcon.colcon_core.package_identification:_identify(src/ackermann_control/cmdvel_to_ackermann) by extension 'ros'
[0.189s] DEBUG:colcon.colcon_core.package_identification:Package 'src/ackermann_control/cmdvel_to_ackermann' with type 'ros.ament_python' and name 'cmdvel_to_ackermann'
[0.189s] Level 1:colcon.colcon_core.package_identification:_identify(src/custom_message) by extensions ['ignore', 'ignore_ament_install']
[0.189s] Level 1:colcon.colcon_core.package_identification:_identify(src/custom_message) by extension 'ignore'
[0.189s] Level 1:colcon.colcon_core.package_identification:_identify(src/custom_message) by extension 'ignore_ament_install'
[0.189s] Level 1:colcon.colcon_core.package_identification:_identify(src/custom_message) by extensions ['colcon_pkg']
[0.189s] Level 1:colcon.colcon_core.package_identification:_identify(src/custom_message) by extension 'colcon_pkg'
[0.189s] Level 1:colcon.colcon_core.package_identification:_identify(src/custom_message) by extensions ['colcon_meta']
[0.189s] Level 1:colcon.colcon_core.package_identification:_identify(src/custom_message) by extension 'colcon_meta'
[0.189s] Level 1:colcon.colcon_core.package_identification:_identify(src/custom_message) by extensions ['ros']
[0.189s] Level 1:colcon.colcon_core.package_identification:_identify(src/custom_message) by extension 'ros'
[0.190s] DEBUG:colcon.colcon_core.package_identification:Package 'src/custom_message' with type 'ros.ament_cmake' and name 'custom_message'
[0.190s] Level 1:colcon.colcon_core.package_identification:_identify(src/custom_nav2_bt_plugins) by extensions ['ignore', 'ignore_ament_install']
[0.190s] Level 1:colcon.colcon_core.package_identification:_identify(src/custom_nav2_bt_plugins) by extension 'ignore'
[0.190s] Level 1:colcon.colcon_core.package_identification:_identify(src/custom_nav2_bt_plugins) by extension 'ignore_ament_install'
[0.190s] Level 1:colcon.colcon_core.package_identification:_identify(src/custom_nav2_bt_plugins) by extensions ['colcon_pkg']
[0.190s] Level 1:colcon.colcon_core.package_identification:_identify(src/custom_nav2_bt_plugins) by extension 'colcon_pkg'
[0.190s] Level 1:colcon.colcon_core.package_identification:_identify(src/custom_nav2_bt_plugins) by extensions ['colcon_meta']
[0.190s] Level 1:colcon.colcon_core.package_identification:_identify(src/custom_nav2_bt_plugins) by extension 'colcon_meta'
[0.190s] Level 1:colcon.colcon_core.package_identification:_identify(src/custom_nav2_bt_plugins) by extensions ['ros']
[0.190s] Level 1:colcon.colcon_core.package_identification:_identify(src/custom_nav2_bt_plugins) by extension 'ros'
[0.190s] DEBUG:colcon.colcon_core.package_identification:Package 'src/custom_nav2_bt_plugins' with type 'ros.ament_cmake' and name 'custom_nav2_bt_plugins'
[0.190s] Level 1:colcon.colcon_core.package_identification:_identify(src/humanoid_locomotion_policy_example) by extensions ['ignore', 'ignore_ament_install']
[0.190s] Level 1:colcon.colcon_core.package_identification:_identify(src/humanoid_locomotion_policy_example) by extension 'ignore'
[0.190s] Level 1:colcon.colcon_core.package_identification:_identify(src/humanoid_locomotion_policy_example) by extension 'ignore_ament_install'
[0.190s] Level 1:colcon.colcon_core.package_identification:_identify(src/humanoid_locomotion_policy_example) by extensions ['colcon_pkg']
[0.190s] Level 1:colcon.colcon_core.package_identification:_identify(src/humanoid_locomotion_policy_example) by extension 'colcon_pkg'
[0.190s] Level 1:colcon.colcon_core.package_identification:_identify(src/humanoid_locomotion_policy_example) by extensions ['colcon_meta']
[0.190s] Level 1:colcon.colcon_core.package_identification:_identify(src/humanoid_locomotion_policy_example) by extension 'colcon_meta'
[0.190s] Level 1:colcon.colcon_core.package_identification:_identify(src/humanoid_locomotion_policy_example) by extensions ['ros']
[0.190s] Level 1:colcon.colcon_core.package_identification:_identify(src/humanoid_locomotion_policy_example) by extension 'ros'
[0.190s] Level 1:colcon.colcon_core.package_identification:_identify(src/humanoid_locomotion_policy_example) by extensions ['cmake', 'python']
[0.190s] Level 1:colcon.colcon_core.package_identification:_identify(src/humanoid_locomotion_policy_example) by extension 'cmake'
[0.190s] Level 1:colcon.colcon_core.package_identification:_identify(src/humanoid_locomotion_policy_example) by extension 'python'
[0.190s] Level 1:colcon.colcon_core.package_identification:_identify(src/humanoid_locomotion_policy_example) by extensions ['python_setup_py']
[0.190s] Level 1:colcon.colcon_core.package_identification:_identify(src/humanoid_locomotion_policy_example) by extension 'python_setup_py'
[0.190s] Level 1:colcon.colcon_core.package_identification:_identify(src/humanoid_locomotion_policy_example/h1_fullbody_controller) by extensions ['ignore', 'ignore_ament_install']
[0.191s] Level 1:colcon.colcon_core.package_identification:_identify(src/humanoid_locomotion_policy_example/h1_fullbody_controller) by extension 'ignore'
[0.191s] Level 1:colcon.colcon_core.package_identification:_identify(src/humanoid_locomotion_policy_example/h1_fullbody_controller) by extension 'ignore_ament_install'
[0.191s] Level 1:colcon.colcon_core.package_identification:_identify(src/humanoid_locomotion_policy_example/h1_fullbody_controller) by extensions ['colcon_pkg']
[0.191s] Level 1:colcon.colcon_core.package_identification:_identify(src/humanoid_locomotion_policy_example/h1_fullbody_controller) by extension 'colcon_pkg'
[0.191s] Level 1:colcon.colcon_core.package_identification:_identify(src/humanoid_locomotion_policy_example/h1_fullbody_controller) by extensions ['colcon_meta']
[0.191s] Level 1:colcon.colcon_core.package_identification:_identify(src/humanoid_locomotion_policy_example/h1_fullbody_controller) by extension 'colcon_meta'
[0.191s] Level 1:colcon.colcon_core.package_identification:_identify(src/humanoid_locomotion_policy_example/h1_fullbody_controller) by extensions ['ros']
[0.191s] Level 1:colcon.colcon_core.package_identification:_identify(src/humanoid_locomotion_policy_example/h1_fullbody_controller) by extension 'ros'
[0.191s] DEBUG:colcon.colcon_core.package_identification:Package 'src/humanoid_locomotion_policy_example/h1_fullbody_controller' with type 'ros.ament_python' and name 'h1_fullbody_controller'
[0.191s] Level 1:colcon.colcon_core.package_identification:_identify(src/isaac_compressed_image_decoder) by extensions ['ignore', 'ignore_ament_install']
[0.191s] Level 1:colcon.colcon_core.package_identification:_identify(src/isaac_compressed_image_decoder) by extension 'ignore'
[0.191s] Level 1:colcon.colcon_core.package_identification:_identify(src/isaac_compressed_image_decoder) by extension 'ignore_ament_install'
[0.191s] Level 1:colcon.colcon_core.package_identification:_identify(src/isaac_compressed_image_decoder) by extensions ['colcon_pkg']
[0.191s] Level 1:colcon.colcon_core.package_identification:_identify(src/isaac_compressed_image_decoder) by extension 'colcon_pkg'
[0.191s] Level 1:colcon.colcon_core.package_identification:_identify(src/isaac_compressed_image_decoder) by extensions ['colcon_meta']
[0.191s] Level 1:colcon.colcon_core.package_identification:_identify(src/isaac_compressed_image_decoder) by extension 'colcon_meta'
[0.191s] Level 1:colcon.colcon_core.package_identification:_identify(src/isaac_compressed_image_decoder) by extensions ['ros']
[0.191s] Level 1:colcon.colcon_core.package_identification:_identify(src/isaac_compressed_image_decoder) by extension 'ros'
[0.196s] DEBUG:colcon.colcon_core.package_identification:Package 'src/isaac_compressed_image_decoder' with type 'ros.ament_python' and name 'isaac_compressed_image_decoder'
[0.196s] Level 1:colcon.colcon_core.package_identification:_identify(src/isaac_ros2_messages) by extensions ['ignore', 'ignore_ament_install']
[0.196s] Level 1:colcon.colcon_core.package_identification:_identify(src/isaac_ros2_messages) by extension 'ignore'
[0.196s] Level 1:colcon.colcon_core.package_identification:_identify(src/isaac_ros2_messages) by extension 'ignore_ament_install'
[0.196s] Level 1:colcon.colcon_core.package_identification:_identify(src/isaac_ros2_messages) by extensions ['colcon_pkg']
[0.196s] Level 1:colcon.colcon_core.package_identification:_identify(src/isaac_ros2_messages) by extension 'colcon_pkg'
[0.196s] Level 1:colcon.colcon_core.package_identification:_identify(src/isaac_ros2_messages) by extensions ['colcon_meta']
[0.196s] Level 1:colcon.colcon_core.package_identification:_identify(src/isaac_ros2_messages) by extension 'colcon_meta'
[0.196s] Level 1:colcon.colcon_core.package_identification:_identify(src/isaac_ros2_messages) by extensions ['ros']
[0.196s] Level 1:colcon.colcon_core.package_identification:_identify(src/isaac_ros2_messages) by extension 'ros'
[0.196s] DEBUG:colcon.colcon_core.package_identification:Package 'src/isaac_ros2_messages' with type 'ros.ament_cmake' and name 'isaac_ros2_messages'
[0.196s] Level 1:colcon.colcon_core.package_identification:_identify(src/isaac_tutorials) by extensions ['ignore', 'ignore_ament_install']
[0.196s] Level 1:colcon.colcon_core.package_identification:_identify(src/isaac_tutorials) by extension 'ignore'
[0.196s] Level 1:colcon.colcon_core.package_identification:_identify(src/isaac_tutorials) by extension 'ignore_ament_install'
[0.196s] Level 1:colcon.colcon_core.package_identification:_identify(src/isaac_tutorials) by extensions ['colcon_pkg']
[0.196s] Level 1:colcon.colcon_core.package_identification:_identify(src/isaac_tutorials) by extension 'colcon_pkg'
[0.196s] Level 1:colcon.colcon_core.package_identification:_identify(src/isaac_tutorials) by extensions ['colcon_meta']
[0.196s] Level 1:colcon.colcon_core.package_identification:_identify(src/isaac_tutorials) by extension 'colcon_meta'
[0.196s] Level 1:colcon.colcon_core.package_identification:_identify(src/isaac_tutorials) by extensions ['ros']
[0.196s] Level 1:colcon.colcon_core.package_identification:_identify(src/isaac_tutorials) by extension 'ros'
[0.197s] DEBUG:colcon.colcon_core.package_identification:Package 'src/isaac_tutorials' with type 'ros.ament_cmake' and name 'isaac_tutorials'
[0.197s] Level 1:colcon.colcon_core.package_identification:_identify(src/isaacsim_bringup) by extensions ['ignore', 'ignore_ament_install']
[0.197s] Level 1:colcon.colcon_core.package_identification:_identify(src/isaacsim_bringup) by extension 'ignore'
[0.197s] Level 1:colcon.colcon_core.package_identification:_identify(src/isaacsim_bringup) by extension 'ignore_ament_install'
[0.197s] Level 1:colcon.colcon_core.package_identification:_identify(src/isaacsim_bringup) by extensions ['colcon_pkg']
[0.197s] Level 1:colcon.colcon_core.package_identification:_identify(src/isaacsim_bringup) by extension 'colcon_pkg'
[0.197s] Level 1:colcon.colcon_core.package_identification:_identify(src/isaacsim_bringup) by extensions ['colcon_meta']
[0.197s] Level 1:colcon.colcon_core.package_identification:_identify(src/isaacsim_bringup) by extension 'colcon_meta'
[0.197s] Level 1:colcon.colcon_core.package_identification:_identify(src/isaacsim_bringup) by extensions ['ros']
[0.197s] Level 1:colcon.colcon_core.package_identification:_identify(src/isaacsim_bringup) by extension 'ros'
[0.197s] DEBUG:colcon.colcon_core.package_identification:Package 'src/isaacsim_bringup' with type 'ros.ament_python' and name 'isaacsim_bringup'
[0.197s] Level 1:colcon.colcon_core.package_identification:_identify(src/moveit) by extensions ['ignore', 'ignore_ament_install']
[0.197s] Level 1:colcon.colcon_core.package_identification:_identify(src/moveit) by extension 'ignore'
[0.197s] Level 1:colcon.colcon_core.package_identification:_identify(src/moveit) by extension 'ignore_ament_install'
[0.197s] Level 1:colcon.colcon_core.package_identification:_identify(src/moveit) by extensions ['colcon_pkg']
[0.197s] Level 1:colcon.colcon_core.package_identification:_identify(src/moveit) by extension 'colcon_pkg'
[0.197s] Level 1:colcon.colcon_core.package_identification:_identify(src/moveit) by extensions ['colcon_meta']
[0.197s] Level 1:colcon.colcon_core.package_identification:_identify(src/moveit) by extension 'colcon_meta'
[0.197s] Level 1:colcon.colcon_core.package_identification:_identify(src/moveit) by extensions ['ros']
[0.197s] Level 1:colcon.colcon_core.package_identification:_identify(src/moveit) by extension 'ros'
[0.197s] Level 1:colcon.colcon_core.package_identification:_identify(src/moveit) by extensions ['cmake', 'python']
[0.197s] Level 1:colcon.colcon_core.package_identification:_identify(src/moveit) by extension 'cmake'
[0.197s] Level 1:colcon.colcon_core.package_identification:_identify(src/moveit) by extension 'python'
[0.197s] Level 1:colcon.colcon_core.package_identification:_identify(src/moveit) by extensions ['python_setup_py']
[0.197s] Level 1:colcon.colcon_core.package_identification:_identify(src/moveit) by extension 'python_setup_py'
[0.197s] Level 1:colcon.colcon_core.package_identification:_identify(src/moveit/isaac_moveit) by extensions ['ignore', 'ignore_ament_install']
[0.197s] Level 1:colcon.colcon_core.package_identification:_identify(src/moveit/isaac_moveit) by extension 'ignore'
[0.197s] Level 1:colcon.colcon_core.package_identification:_identify(src/moveit/isaac_moveit) by extension 'ignore_ament_install'
[0.198s] Level 1:colcon.colcon_core.package_identification:_identify(src/moveit/isaac_moveit) by extensions ['colcon_pkg']
[0.198s] Level 1:colcon.colcon_core.package_identification:_identify(src/moveit/isaac_moveit) by extension 'colcon_pkg'
[0.198s] Level 1:colcon.colcon_core.package_identification:_identify(src/moveit/isaac_moveit) by extensions ['colcon_meta']
[0.198s] Level 1:colcon.colcon_core.package_identification:_identify(src/moveit/isaac_moveit) by extension 'colcon_meta'
[0.198s] Level 1:colcon.colcon_core.package_identification:_identify(src/moveit/isaac_moveit) by extensions ['ros']
[0.198s] Level 1:colcon.colcon_core.package_identification:_identify(src/moveit/isaac_moveit) by extension 'ros'
[0.198s] DEBUG:colcon.colcon_core.package_identification:Package 'src/moveit/isaac_moveit' with type 'ros.ament_python' and name 'isaac_moveit'
[0.198s] Level 1:colcon.colcon_core.package_identification:_identify(src/moveit/moveit_resources) by extensions ['ignore', 'ignore_ament_install']
[0.198s] Level 1:colcon.colcon_core.package_identification:_identify(src/moveit/moveit_resources) by extension 'ignore'
[0.198s] Level 1:colcon.colcon_core.package_identification:_identify(src/moveit/moveit_resources) by extension 'ignore_ament_install'
[0.198s] Level 1:colcon.colcon_core.package_identification:_identify(src/moveit/moveit_resources) by extensions ['colcon_pkg']
[0.198s] Level 1:colcon.colcon_core.package_identification:_identify(src/moveit/moveit_resources) by extension 'colcon_pkg'
[0.198s] Level 1:colcon.colcon_core.package_identification:_identify(src/moveit/moveit_resources) by extensions ['colcon_meta']
[0.198s] Level 1:colcon.colcon_core.package_identification:_identify(src/moveit/moveit_resources) by extension 'colcon_meta'
[0.198s] Level 1:colcon.colcon_core.package_identification:_identify(src/moveit/moveit_resources) by extensions ['ros']
[0.198s] Level 1:colcon.colcon_core.package_identification:_identify(src/moveit/moveit_resources) by extension 'ros'
[0.198s] Level 1:colcon.colcon_core.package_identification:_identify(src/moveit/moveit_resources) by extensions ['cmake', 'python']
[0.198s] Level 1:colcon.colcon_core.package_identification:_identify(src/moveit/moveit_resources) by extension 'cmake'
[0.198s] Level 1:colcon.colcon_core.package_identification:_identify(src/moveit/moveit_resources) by extension 'python'
[0.198s] Level 1:colcon.colcon_core.package_identification:_identify(src/moveit/moveit_resources) by extensions ['python_setup_py']
[0.198s] Level 1:colcon.colcon_core.package_identification:_identify(src/moveit/moveit_resources) by extension 'python_setup_py'
[0.198s] Level 1:colcon.colcon_core.package_identification:_identify(src/navigation) by extensions ['ignore', 'ignore_ament_install']
[0.198s] Level 1:colcon.colcon_core.package_identification:_identify(src/navigation) by extension 'ignore'
[0.198s] Level 1:colcon.colcon_core.package_identification:_identify(src/navigation) by extension 'ignore_ament_install'
[0.198s] Level 1:colcon.colcon_core.package_identification:_identify(src/navigation) by extensions ['colcon_pkg']
[0.198s] Level 1:colcon.colcon_core.package_identification:_identify(src/navigation) by extension 'colcon_pkg'
[0.199s] Level 1:colcon.colcon_core.package_identification:_identify(src/navigation) by extensions ['colcon_meta']
[0.199s] Level 1:colcon.colcon_core.package_identification:_identify(src/navigation) by extension 'colcon_meta'
[0.199s] Level 1:colcon.colcon_core.package_identification:_identify(src/navigation) by extensions ['ros']
[0.199s] Level 1:colcon.colcon_core.package_identification:_identify(src/navigation) by extension 'ros'
[0.199s] Level 1:colcon.colcon_core.package_identification:_identify(src/navigation) by extensions ['cmake', 'python']
[0.199s] Level 1:colcon.colcon_core.package_identification:_identify(src/navigation) by extension 'cmake'
[0.199s] Level 1:colcon.colcon_core.package_identification:_identify(src/navigation) by extension 'python'
[0.199s] Level 1:colcon.colcon_core.package_identification:_identify(src/navigation) by extensions ['python_setup_py']
[0.199s] Level 1:colcon.colcon_core.package_identification:_identify(src/navigation) by extension 'python_setup_py'
[0.199s] Level 1:colcon.colcon_core.package_identification:_identify(src/navigation/carter_navigation) by extensions ['ignore', 'ignore_ament_install']
[0.199s] Level 1:colcon.colcon_core.package_identification:_identify(src/navigation/carter_navigation) by extension 'ignore'
[0.199s] Level 1:colcon.colcon_core.package_identification:_identify(src/navigation/carter_navigation) by extension 'ignore_ament_install'
[0.199s] Level 1:colcon.colcon_core.package_identification:_identify(src/navigation/carter_navigation) by extensions ['colcon_pkg']
[0.199s] Level 1:colcon.colcon_core.package_identification:_identify(src/navigation/carter_navigation) by extension 'colcon_pkg'
[0.199s] Level 1:colcon.colcon_core.package_identification:_identify(src/navigation/carter_navigation) by extensions ['colcon_meta']
[0.199s] Level 1:colcon.colcon_core.package_identification:_identify(src/navigation/carter_navigation) by extension 'colcon_meta'
[0.199s] Level 1:colcon.colcon_core.package_identification:_identify(src/navigation/carter_navigation) by extensions ['ros']
[0.199s] Level 1:colcon.colcon_core.package_identification:_identify(src/navigation/carter_navigation) by extension 'ros'
[0.199s] DEBUG:colcon.colcon_core.package_identification:Package 'src/navigation/carter_navigation' with type 'ros.ament_cmake' and name 'carter_navigation'
[0.199s] Level 1:colcon.colcon_core.package_identification:_identify(src/navigation/isaac_ros_navigation_goal) by extensions ['ignore', 'ignore_ament_install']
[0.199s] Level 1:colcon.colcon_core.package_identification:_identify(src/navigation/isaac_ros_navigation_goal) by extension 'ignore'
[0.199s] Level 1:colcon.colcon_core.package_identification:_identify(src/navigation/isaac_ros_navigation_goal) by extension 'ignore_ament_install'
[0.199s] Level 1:colcon.colcon_core.package_identification:_identify(src/navigation/isaac_ros_navigation_goal) by extensions ['colcon_pkg']
[0.199s] Level 1:colcon.colcon_core.package_identification:_identify(src/navigation/isaac_ros_navigation_goal) by extension 'colcon_pkg'
[0.199s] Level 1:colcon.colcon_core.package_identification:_identify(src/navigation/isaac_ros_navigation_goal) by extensions ['colcon_meta']
[0.199s] Level 1:colcon.colcon_core.package_identification:_identify(src/navigation/isaac_ros_navigation_goal) by extension 'colcon_meta'
[0.199s] Level 1:colcon.colcon_core.package_identification:_identify(src/navigation/isaac_ros_navigation_goal) by extensions ['ros']
[0.199s] Level 1:colcon.colcon_core.package_identification:_identify(src/navigation/isaac_ros_navigation_goal) by extension 'ros'
[0.200s] DEBUG:colcon.colcon_core.package_identification:Package 'src/navigation/isaac_ros_navigation_goal' with type 'ros.ament_python' and name 'isaac_ros_navigation_goal'
[0.200s] Level 1:colcon.colcon_core.package_identification:_identify(src/navigation/isaacsim_clearpath_nav2) by extensions ['ignore', 'ignore_ament_install']
[0.200s] Level 1:colcon.colcon_core.package_identification:_identify(src/navigation/isaacsim_clearpath_nav2) by extension 'ignore'
[0.200s] Level 1:colcon.colcon_core.package_identification:_identify(src/navigation/isaacsim_clearpath_nav2) by extension 'ignore_ament_install'
[0.200s] Level 1:colcon.colcon_core.package_identification:_identify(src/navigation/isaacsim_clearpath_nav2) by extensions ['colcon_pkg']
[0.200s] Level 1:colcon.colcon_core.package_identification:_identify(src/navigation/isaacsim_clearpath_nav2) by extension 'colcon_pkg'
[0.200s] Level 1:colcon.colcon_core.package_identification:_identify(src/navigation/isaacsim_clearpath_nav2) by extensions ['colcon_meta']
[0.200s] Level 1:colcon.colcon_core.package_identification:_identify(src/navigation/isaacsim_clearpath_nav2) by extension 'colcon_meta'
[0.200s] Level 1:colcon.colcon_core.package_identification:_identify(src/navigation/isaacsim_clearpath_nav2) by extensions ['ros']
[0.200s] Level 1:colcon.colcon_core.package_identification:_identify(src/navigation/isaacsim_clearpath_nav2) by extension 'ros'
[0.200s] DEBUG:colcon.colcon_core.package_identification:Package 'src/navigation/isaacsim_clearpath_nav2' with type 'ros.ament_cmake' and name 'isaacsim_clearpath_nav2'
[0.200s] Level 1:colcon.colcon_core.package_identification:_identify(src/navigation/iw_hub_navigation) by extensions ['ignore', 'ignore_ament_install']
[0.200s] Level 1:colcon.colcon_core.package_identification:_identify(src/navigation/iw_hub_navigation) by extension 'ignore'
[0.200s] Level 1:colcon.colcon_core.package_identification:_identify(src/navigation/iw_hub_navigation) by extension 'ignore_ament_install'
[0.200s] Level 1:colcon.colcon_core.package_identification:_identify(src/navigation/iw_hub_navigation) by extensions ['colcon_pkg']
[0.200s] Level 1:colcon.colcon_core.package_identification:_identify(src/navigation/iw_hub_navigation) by extension 'colcon_pkg'
[0.200s] Level 1:colcon.colcon_core.package_identification:_identify(src/navigation/iw_hub_navigation) by extensions ['colcon_meta']
[0.200s] Level 1:colcon.colcon_core.package_identification:_identify(src/navigation/iw_hub_navigation) by extension 'colcon_meta'
[0.200s] Level 1:colcon.colcon_core.package_identification:_identify(src/navigation/iw_hub_navigation) by extensions ['ros']
[0.200s] Level 1:colcon.colcon_core.package_identification:_identify(src/navigation/iw_hub_navigation) by extension 'ros'
[0.201s] DEBUG:colcon.colcon_core.package_identification:Package 'src/navigation/iw_hub_navigation' with type 'ros.ament_cmake' and name 'iw_hub_navigation'
[0.201s] Level 1:colcon.colcon_core.package_identification:_identify(src/turtlebot3_manipulation) by extensions ['ignore', 'ignore_ament_install']
[0.201s] Level 1:colcon.colcon_core.package_identification:_identify(src/turtlebot3_manipulation) by extension 'ignore'
[0.201s] Level 1:colcon.colcon_core.package_identification:_identify(src/turtlebot3_manipulation) by extension 'ignore_ament_install'
[0.201s] Level 1:colcon.colcon_core.package_identification:_identify(src/turtlebot3_manipulation) by extensions ['colcon_pkg']
[0.201s] Level 1:colcon.colcon_core.package_identification:_identify(src/turtlebot3_manipulation) by extension 'colcon_pkg'
[0.201s] Level 1:colcon.colcon_core.package_identification:_identify(src/turtlebot3_manipulation) by extensions ['colcon_meta']
[0.201s] Level 1:colcon.colcon_core.package_identification:_identify(src/turtlebot3_manipulation) by extension 'colcon_meta'
[0.201s] Level 1:colcon.colcon_core.package_identification:_identify(src/turtlebot3_manipulation) by extensions ['ros']
[0.201s] Level 1:colcon.colcon_core.package_identification:_identify(src/turtlebot3_manipulation) by extension 'ros'
[0.201s] Level 1:colcon.colcon_core.package_identification:_identify(src/turtlebot3_manipulation) by extensions ['cmake', 'python']
[0.201s] Level 1:colcon.colcon_core.package_identification:_identify(src/turtlebot3_manipulation) by extension 'cmake'
[0.201s] Level 1:colcon.colcon_core.package_identification:_identify(src/turtlebot3_manipulation) by extension 'python'
[0.201s] Level 1:colcon.colcon_core.package_identification:_identify(src/turtlebot3_manipulation) by extensions ['python_setup_py']
[0.201s] Level 1:colcon.colcon_core.package_identification:_identify(src/turtlebot3_manipulation) by extension 'python_setup_py'
[0.201s] Level 1:colcon.colcon_core.package_identification:_identify(src/turtlebot3_manipulation/turtlebot3_manipulation) by extensions ['ignore', 'ignore_ament_install']
[0.201s] Level 1:colcon.colcon_core.package_identification:_identify(src/turtlebot3_manipulation/turtlebot3_manipulation) by extension 'ignore'
[0.201s] Level 1:colcon.colcon_core.package_identification:_identify(src/turtlebot3_manipulation/turtlebot3_manipulation) by extension 'ignore_ament_install'
[0.201s] Level 1:colcon.colcon_core.package_identification:_identify(src/turtlebot3_manipulation/turtlebot3_manipulation) by extensions ['colcon_pkg']
[0.201s] Level 1:colcon.colcon_core.package_identification:_identify(src/turtlebot3_manipulation/turtlebot3_manipulation) by extension 'colcon_pkg'
[0.201s] Level 1:colcon.colcon_core.package_identification:_identify(src/turtlebot3_manipulation/turtlebot3_manipulation) by extensions ['colcon_meta']
[0.201s] Level 1:colcon.colcon_core.package_identification:_identify(src/turtlebot3_manipulation/turtlebot3_manipulation) by extension 'colcon_meta'
[0.201s] Level 1:colcon.colcon_core.package_identification:_identify(src/turtlebot3_manipulation/turtlebot3_manipulation) by extensions ['ros']
[0.201s] Level 1:colcon.colcon_core.package_identification:_identify(src/turtlebot3_manipulation/turtlebot3_manipulation) by extension 'ros'
[0.201s] DEBUG:colcon.colcon_core.package_identification:Package 'src/turtlebot3_manipulation/turtlebot3_manipulation' with type 'ros.ament_cmake' and name 'turtlebot3_manipulation'
[0.201s] Level 1:colcon.colcon_core.package_identification:_identify(src/turtlebot3_manipulation/turtlebot3_manipulation_bringup) by extensions ['ignore', 'ignore_ament_install']
[0.201s] Level 1:colcon.colcon_core.package_identification:_identify(src/turtlebot3_manipulation/turtlebot3_manipulation_bringup) by extension 'ignore'
[0.201s] Level 1:colcon.colcon_core.package_identification:_identify(src/turtlebot3_manipulation/turtlebot3_manipulation_bringup) by extension 'ignore_ament_install'
[0.201s] Level 1:colcon.colcon_core.package_identification:_identify(src/turtlebot3_manipulation/turtlebot3_manipulation_bringup) by extensions ['colcon_pkg']
[0.202s] Level 1:colcon.colcon_core.package_identification:_identify(src/turtlebot3_manipulation/turtlebot3_manipulation_bringup) by extension 'colcon_pkg'
[0.202s] Level 1:colcon.colcon_core.package_identification:_identify(src/turtlebot3_manipulation/turtlebot3_manipulation_bringup) by extensions ['colcon_meta']
[0.202s] Level 1:colcon.colcon_core.package_identification:_identify(src/turtlebot3_manipulation/turtlebot3_manipulation_bringup) by extension 'colcon_meta'
[0.202s] Level 1:colcon.colcon_core.package_identification:_identify(src/turtlebot3_manipulation/turtlebot3_manipulation_bringup) by extensions ['ros']
[0.202s] Level 1:colcon.colcon_core.package_identification:_identify(src/turtlebot3_manipulation/turtlebot3_manipulation_bringup) by extension 'ros'
[0.202s] DEBUG:colcon.colcon_core.package_identification:Package 'src/turtlebot3_manipulation/turtlebot3_manipulation_bringup' with type 'ros.ament_cmake' and name 'turtlebot3_manipulation_bringup'
[0.202s] Level 1:colcon.colcon_core.package_identification:_identify(src/turtlebot3_manipulation/turtlebot3_manipulation_cartographer) by extensions ['ignore', 'ignore_ament_install']
[0.202s] Level 1:colcon.colcon_core.package_identification:_identify(src/turtlebot3_manipulation/turtlebot3_manipulation_cartographer) by extension 'ignore'
[0.202s] Level 1:colcon.colcon_core.package_identification:_identify(src/turtlebot3_manipulation/turtlebot3_manipulation_cartographer) by extension 'ignore_ament_install'
[0.202s] Level 1:colcon.colcon_core.package_identification:_identify(src/turtlebot3_manipulation/turtlebot3_manipulation_cartographer) by extensions ['colcon_pkg']
[0.202s] Level 1:colcon.colcon_core.package_identification:_identify(src/turtlebot3_manipulation/turtlebot3_manipulation_cartographer) by extension 'colcon_pkg'
[0.202s] Level 1:colcon.colcon_core.package_identification:_identify(src/turtlebot3_manipulation/turtlebot3_manipulation_cartographer) by extensions ['colcon_meta']
[0.202s] Level 1:colcon.colcon_core.package_identification:_identify(src/turtlebot3_manipulation/turtlebot3_manipulation_cartographer) by extension 'colcon_meta'
[0.202s] Level 1:colcon.colcon_core.package_identification:_identify(src/turtlebot3_manipulation/turtlebot3_manipulation_cartographer) by extensions ['ros']
[0.202s] Level 1:colcon.colcon_core.package_identification:_identify(src/turtlebot3_manipulation/turtlebot3_manipulation_cartographer) by extension 'ros'
[0.202s] DEBUG:colcon.colcon_core.package_identification:Package 'src/turtlebot3_manipulation/turtlebot3_manipulation_cartographer' with type 'ros.ament_cmake' and name 'turtlebot3_manipulation_cartographer'
[0.202s] Level 1:colcon.colcon_core.package_identification:_identify(src/turtlebot3_manipulation/turtlebot3_manipulation_description) by extensions ['ignore', 'ignore_ament_install']
[0.202s] Level 1:colcon.colcon_core.package_identification:_identify(src/turtlebot3_manipulation/turtlebot3_manipulation_description) by extension 'ignore'
[0.202s] Level 1:colcon.colcon_core.package_identification:_identify(src/turtlebot3_manipulation/turtlebot3_manipulation_description) by extension 'ignore_ament_install'
[0.202s] Level 1:colcon.colcon_core.package_identification:_identify(src/turtlebot3_manipulation/turtlebot3_manipulation_description) by extensions ['colcon_pkg']
[0.202s] Level 1:colcon.colcon_core.package_identification:_identify(src/turtlebot3_manipulation/turtlebot3_manipulation_description) by extension 'colcon_pkg'
[0.202s] Level 1:colcon.colcon_core.package_identification:_identify(src/turtlebot3_manipulation/turtlebot3_manipulation_description) by extensions ['colcon_meta']
[0.202s] Level 1:colcon.colcon_core.package_identification:_identify(src/turtlebot3_manipulation/turtlebot3_manipulation_description) by extension 'colcon_meta'
[0.203s] Level 1:colcon.colcon_core.package_identification:_identify(src/turtlebot3_manipulation/turtlebot3_manipulation_description) by extensions ['ros']
[0.203s] Level 1:colcon.colcon_core.package_identification:_identify(src/turtlebot3_manipulation/turtlebot3_manipulation_description) by extension 'ros'
[0.203s] DEBUG:colcon.colcon_core.package_identification:Package 'src/turtlebot3_manipulation/turtlebot3_manipulation_description' with type 'ros.ament_cmake' and name 'turtlebot3_manipulation_description'
[0.203s] Level 1:colcon.colcon_core.package_identification:_identify(src/turtlebot3_manipulation/turtlebot3_manipulation_hardware) by extensions ['ignore', 'ignore_ament_install']
[0.203s] Level 1:colcon.colcon_core.package_identification:_identify(src/turtlebot3_manipulation/turtlebot3_manipulation_hardware) by extension 'ignore'
[0.203s] Level 1:colcon.colcon_core.package_identification:_identify(src/turtlebot3_manipulation/turtlebot3_manipulation_hardware) by extension 'ignore_ament_install'
[0.203s] Level 1:colcon.colcon_core.package_identification:_identify(src/turtlebot3_manipulation/turtlebot3_manipulation_hardware) by extensions ['colcon_pkg']
[0.203s] Level 1:colcon.colcon_core.package_identification:_identify(src/turtlebot3_manipulation/turtlebot3_manipulation_hardware) by extension 'colcon_pkg'
[0.203s] Level 1:colcon.colcon_core.package_identification:_identify(src/turtlebot3_manipulation/turtlebot3_manipulation_hardware) by extensions ['colcon_meta']
[0.203s] Level 1:colcon.colcon_core.package_identification:_identify(src/turtlebot3_manipulation/turtlebot3_manipulation_hardware) by extension 'colcon_meta'
[0.203s] Level 1:colcon.colcon_core.package_identification:_identify(src/turtlebot3_manipulation/turtlebot3_manipulation_hardware) by extensions ['ros']
[0.203s] Level 1:colcon.colcon_core.package_identification:_identify(src/turtlebot3_manipulation/turtlebot3_manipulation_hardware) by extension 'ros'
[0.203s] DEBUG:colcon.colcon_core.package_identification:Package 'src/turtlebot3_manipulation/turtlebot3_manipulation_hardware' with type 'ros.ament_cmake' and name 'turtlebot3_manipulation_hardware'
[0.203s] Level 1:colcon.colcon_core.package_identification:_identify(src/turtlebot3_manipulation/turtlebot3_manipulation_moveit_config) by extensions ['ignore', 'ignore_ament_install']
[0.203s] Level 1:colcon.colcon_core.package_identification:_identify(src/turtlebot3_manipulation/turtlebot3_manipulation_moveit_config) by extension 'ignore'
[0.204s] Level 1:colcon.colcon_core.package_identification:_identify(src/turtlebot3_manipulation/turtlebot3_manipulation_moveit_config) by extension 'ignore_ament_install'
[0.204s] Level 1:colcon.colcon_core.package_identification:_identify(src/turtlebot3_manipulation/turtlebot3_manipulation_moveit_config) by extensions ['colcon_pkg']
[0.204s] Level 1:colcon.colcon_core.package_identification:_identify(src/turtlebot3_manipulation/turtlebot3_manipulation_moveit_config) by extension 'colcon_pkg'
[0.204s] Level 1:colcon.colcon_core.package_identification:_identify(src/turtlebot3_manipulation/turtlebot3_manipulation_moveit_config) by extensions ['colcon_meta']
[0.204s] Level 1:colcon.colcon_core.package_identification:_identify(src/turtlebot3_manipulation/turtlebot3_manipulation_moveit_config) by extension 'colcon_meta'
[0.204s] Level 1:colcon.colcon_core.package_identification:_identify(src/turtlebot3_manipulation/turtlebot3_manipulation_moveit_config) by extensions ['ros']
[0.204s] Level 1:colcon.colcon_core.package_identification:_identify(src/turtlebot3_manipulation/turtlebot3_manipulation_moveit_config) by extension 'ros'
[0.204s] DEBUG:colcon.colcon_core.package_identification:Package 'src/turtlebot3_manipulation/turtlebot3_manipulation_moveit_config' with type 'ros.ament_cmake' and name 'turtlebot3_manipulation_moveit_config'
[0.204s] Level 1:colcon.colcon_core.package_identification:_identify(src/turtlebot3_manipulation/turtlebot3_manipulation_navigation2) by extensions ['ignore', 'ignore_ament_install']
[0.204s] Level 1:colcon.colcon_core.package_identification:_identify(src/turtlebot3_manipulation/turtlebot3_manipulation_navigation2) by extension 'ignore'
[0.204s] Level 1:colcon.colcon_core.package_identification:_identify(src/turtlebot3_manipulation/turtlebot3_manipulation_navigation2) by extension 'ignore_ament_install'
[0.204s] Level 1:colcon.colcon_core.package_identification:_identify(src/turtlebot3_manipulation/turtlebot3_manipulation_navigation2) by extensions ['colcon_pkg']
[0.204s] Level 1:colcon.colcon_core.package_identification:_identify(src/turtlebot3_manipulation/turtlebot3_manipulation_navigation2) by extension 'colcon_pkg'
[0.204s] Level 1:colcon.colcon_core.package_identification:_identify(src/turtlebot3_manipulation/turtlebot3_manipulation_navigation2) by extensions ['colcon_meta']
[0.204s] Level 1:colcon.colcon_core.package_identification:_identify(src/turtlebot3_manipulation/turtlebot3_manipulation_navigation2) by extension 'colcon_meta'
[0.204s] Level 1:colcon.colcon_core.package_identification:_identify(src/turtlebot3_manipulation/turtlebot3_manipulation_navigation2) by extensions ['ros']
[0.204s] Level 1:colcon.colcon_core.package_identification:_identify(src/turtlebot3_manipulation/turtlebot3_manipulation_navigation2) by extension 'ros'
[0.204s] DEBUG:colcon.colcon_core.package_identification:Package 'src/turtlebot3_manipulation/turtlebot3_manipulation_navigation2' with type 'ros.ament_cmake' and name 'turtlebot3_manipulation_navigation2'
[0.204s] Level 1:colcon.colcon_core.package_identification:_identify(src/turtlebot3_manipulation/turtlebot3_manipulation_teleop) by extensions ['ignore', 'ignore_ament_install']
[0.205s] Level 1:colcon.colcon_core.package_identification:_identify(src/turtlebot3_manipulation/turtlebot3_manipulation_teleop) by extension 'ignore'
[0.205s] Level 1:colcon.colcon_core.package_identification:_identify(src/turtlebot3_manipulation/turtlebot3_manipulation_teleop) by extension 'ignore_ament_install'
[0.205s] Level 1:colcon.colcon_core.package_identification:_identify(src/turtlebot3_manipulation/turtlebot3_manipulation_teleop) by extensions ['colcon_pkg']
[0.205s] Level 1:colcon.colcon_core.package_identification:_identify(src/turtlebot3_manipulation/turtlebot3_manipulation_teleop) by extension 'colcon_pkg'
[0.205s] Level 1:colcon.colcon_core.package_identification:_identify(src/turtlebot3_manipulation/turtlebot3_manipulation_teleop) by extensions ['colcon_meta']
[0.205s] Level 1:colcon.colcon_core.package_identification:_identify(src/turtlebot3_manipulation/turtlebot3_manipulation_teleop) by extension 'colcon_meta'
[0.205s] Level 1:colcon.colcon_core.package_identification:_identify(src/turtlebot3_manipulation/turtlebot3_manipulation_teleop) by extensions ['ros']
[0.205s] Level 1:colcon.colcon_core.package_identification:_identify(src/turtlebot3_manipulation/turtlebot3_manipulation_teleop) by extension 'ros'
[0.205s] DEBUG:colcon.colcon_core.package_identification:Package 'src/turtlebot3_manipulation/turtlebot3_manipulation_teleop' with type 'ros.ament_cmake' and name 'turtlebot3_manipulation_teleop'
[0.205s] Level 1:colcon.colcon_core.package_discovery:discover_packages(recursive) using defaults
[0.205s] Level 1:colcon.colcon_core.package_discovery:discover_packages(ignore) discover
[0.205s] Level 1:colcon.colcon_core.package_discovery:discover_packages(ignore) using defaults
[0.205s] Level 1:colcon.colcon_core.package_discovery:discover_packages(path) discover
[0.205s] Level 1:colcon.colcon_core.package_discovery:discover_packages(path) using defaults
[0.219s] Level 1:colcon.colcon_core.package_discovery:discover_packages(prefix_path) check parameters
[0.219s] Level 1:colcon.colcon_core.package_discovery:discover_packages(prefix_path) discover
[0.221s] DEBUG:colcon.colcon_installed_package_information.package_discovery:Found 20 installed packages in /home/ciderlab-server3/workspace/2026_industry_cowork/IsaacSim-ros_workspaces/humble_ws/install
[0.221s] DEBUG:colcon.colcon_installed_package_information.package_discovery:Found 31 installed packages in /home/ciderlab-server3/turtlebot3_ws/install
[0.222s] DEBUG:colcon.colcon_installed_package_information.package_discovery:Found 439 installed packages in /opt/ros/humble
[0.223s] Level 1:colcon.colcon_core.package_discovery:discover_packages(prefix_path) using defaults
[0.270s] WARNING:colcon.colcon_core.package_selection:Some selected packages are already built in one or more underlay workspaces:
	'turtlebot3_manipulation_bringup' is in: /home/ciderlab-server3/workspace/2026_industry_cowork/IsaacSim-ros_workspaces/humble_ws/install/turtlebot3_manipulation_bringup, /home/ciderlab-server3/turtlebot3_ws/install/turtlebot3_manipulation_bringup
	'turtlebot3_manipulation_navigation2' is in: /home/ciderlab-server3/workspace/2026_industry_cowork/IsaacSim-ros_workspaces/humble_ws/install/turtlebot3_manipulation_navigation2, /home/ciderlab-server3/turtlebot3_ws/install/turtlebot3_manipulation_navigation2
	'turtlebot3_manipulation_moveit_config' is in: /home/ciderlab-server3/workspace/2026_industry_cowork/IsaacSim-ros_workspaces/humble_ws/install/turtlebot3_manipulation_moveit_config, /home/ciderlab-server3/turtlebot3_ws/install/turtlebot3_manipulation_moveit_config
If a package in a merged underlay workspace is overridden and it installs headers, then all packages in the overlay must sort their include directories by workspace order. Failure to do so may result in build failures or undefined behavior at run time.
If the overridden package is used by another package in any underlay, then the overriding package in the overlay must be API and ABI compatible or undefined behavior at run time may occur.

If you understand the risks and want to override a package anyways, add the following to the command line:
	--allow-overriding turtlebot3_manipulation_bringup turtlebot3_manipulation_moveit_config turtlebot3_manipulation_navigation2

This may be promoted to an error in a future release of colcon-override-check.
[0.270s] Level 5:colcon.colcon_core.verb:set package 'carter_navigation' build argument 'cmake_args' from command line to 'None'
[0.270s] Level 5:colcon.colcon_core.verb:set package 'carter_navigation' build argument 'cmake_target' from command line to 'None'
[0.270s] Level 5:colcon.colcon_core.verb:set package 'carter_navigation' build argument 'cmake_target_skip_unavailable' from command line to 'False'
[0.270s] Level 5:colcon.colcon_core.verb:set package 'carter_navigation' build argument 'cmake_clean_cache' from command line to 'False'
[0.270s] Level 5:colcon.colcon_core.verb:set package 'carter_navigation' build argument 'cmake_clean_first' from command line to 'False'
[0.270s] Level 5:colcon.colcon_core.verb:set package 'carter_navigation' build argument 'cmake_force_configure' from command line to 'False'
[0.270s] Level 5:colcon.colcon_core.verb:set package 'carter_navigation' build argument 'ament_cmake_args' from command line to 'None'
[0.270s] Level 5:colcon.colcon_core.verb:set package 'carter_navigation' build argument 'catkin_cmake_args' from command line to 'None'
[0.270s] Level 5:colcon.colcon_core.verb:set package 'carter_navigation' build argument 'catkin_skip_building_tests' from command line to 'False'
[0.270s] DEBUG:colcon.colcon_core.verb:Building package 'carter_navigation' with the following arguments: {'ament_cmake_args': None, 'build_base': '/home/ciderlab-server3/workspace/2026_industry_cowork/IsaacSim-ros_workspaces/humble_ws/build/carter_navigation', 'catkin_cmake_args': None, 'catkin_skip_building_tests': False, 'cmake_args': None, 'cmake_clean_cache': False, 'cmake_clean_first': False, 'cmake_force_configure': False, 'cmake_target': None, 'cmake_target_skip_unavailable': False, 'install_base': '/home/ciderlab-server3/workspace/2026_industry_cowork/IsaacSim-ros_workspaces/humble_ws/install/carter_navigation', 'merge_install': False, 'path': '/home/ciderlab-server3/workspace/2026_industry_cowork/IsaacSim-ros_workspaces/humble_ws/src/navigation/carter_navigation', 'symlink_install': False, 'test_result_base': None}
[0.271s] Level 5:colcon.colcon_core.verb:set package 'cmdvel_to_ackermann' build argument 'cmake_args' from command line to 'None'
[0.271s] Level 5:colcon.colcon_core.verb:set package 'cmdvel_to_ackermann' build argument 'cmake_target' from command line to 'None'
[0.271s] Level 5:colcon.colcon_core.verb:set package 'cmdvel_to_ackermann' build argument 'cmake_target_skip_unavailable' from command line to 'False'
[0.271s] Level 5:colcon.colcon_core.verb:set package 'cmdvel_to_ackermann' build argument 'cmake_clean_cache' from command line to 'False'
[0.271s] Level 5:colcon.colcon_core.verb:set package 'cmdvel_to_ackermann' build argument 'cmake_clean_first' from command line to 'False'
[0.271s] Level 5:colcon.colcon_core.verb:set package 'cmdvel_to_ackermann' build argument 'cmake_force_configure' from command line to 'False'
[0.271s] Level 5:colcon.colcon_core.verb:set package 'cmdvel_to_ackermann' build argument 'ament_cmake_args' from command line to 'None'
[0.271s] Level 5:colcon.colcon_core.verb:set package 'cmdvel_to_ackermann' build argument 'catkin_cmake_args' from command line to 'None'
[0.271s] Level 5:colcon.colcon_core.verb:set package 'cmdvel_to_ackermann' build argument 'catkin_skip_building_tests' from command line to 'False'
[0.271s] DEBUG:colcon.colcon_core.verb:Building package 'cmdvel_to_ackermann' with the following arguments: {'ament_cmake_args': None, 'build_base': '/home/ciderlab-server3/workspace/2026_industry_cowork/IsaacSim-ros_workspaces/humble_ws/build/cmdvel_to_ackermann', 'catkin_cmake_args': None, 'catkin_skip_building_tests': False, 'cmake_args': None, 'cmake_clean_cache': False, 'cmake_clean_first': False, 'cmake_force_configure': False, 'cmake_target': None, 'cmake_target_skip_unavailable': False, 'install_base': '/home/ciderlab-server3/workspace/2026_industry_cowork/IsaacSim-ros_workspaces/humble_ws/install/cmdvel_to_ackermann', 'merge_install': False, 'path': '/home/ciderlab-server3/workspace/2026_industry_cowork/IsaacSim-ros_workspaces/humble_ws/src/ackermann_control/cmdvel_to_ackermann', 'symlink_install': False, 'test_result_base': None}
[0.271s] Level 5:colcon.colcon_core.verb:set package 'custom_message' build argument 'cmake_args' from command line to 'None'
[0.271s] Level 5:colcon.colcon_core.verb:set package 'custom_message' build argument 'cmake_target' from command line to 'None'
[0.271s] Level 5:colcon.colcon_core.verb:set package 'custom_message' build argument 'cmake_target_skip_unavailable' from command line to 'False'
[0.271s] Level 5:colcon.colcon_core.verb:set package 'custom_message' build argument 'cmake_clean_cache' from command line to 'False'
[0.271s] Level 5:colcon.colcon_core.verb:set package 'custom_message' build argument 'cmake_clean_first' from command line to 'False'
[0.271s] Level 5:colcon.colcon_core.verb:set package 'custom_message' build argument 'cmake_force_configure' from command line to 'False'
[0.271s] Level 5:colcon.colcon_core.verb:set package 'custom_message' build argument 'ament_cmake_args' from command line to 'None'
[0.271s] Level 5:colcon.colcon_core.verb:set package 'custom_message' build argument 'catkin_cmake_args' from command line to 'None'
[0.271s] Level 5:colcon.colcon_core.verb:set package 'custom_message' build argument 'catkin_skip_building_tests' from command line to 'False'
[0.271s] DEBUG:colcon.colcon_core.verb:Building package 'custom_message' with the following arguments: {'ament_cmake_args': None, 'build_base': '/home/ciderlab-server3/workspace/2026_industry_cowork/IsaacSim-ros_workspaces/humble_ws/build/custom_message', 'catkin_cmake_args': None, 'catkin_skip_building_tests': False, 'cmake_args': None, 'cmake_clean_cache': False, 'cmake_clean_first': False, 'cmake_force_configure': False, 'cmake_target': None, 'cmake_target_skip_unavailable': False, 'install_base': '/home/ciderlab-server3/workspace/2026_industry_cowork/IsaacSim-ros_workspaces/humble_ws/install/custom_message', 'merge_install': False, 'path': '/home/ciderlab-server3/workspace/2026_industry_cowork/IsaacSim-ros_workspaces/humble_ws/src/custom_message', 'symlink_install': False, 'test_result_base': None}
[0.271s] Level 5:colcon.colcon_core.verb:set package 'custom_nav2_bt_plugins' build argument 'cmake_args' from command line to 'None'
[0.271s] Level 5:colcon.colcon_core.verb:set package 'custom_nav2_bt_plugins' build argument 'cmake_target' from command line to 'None'
[0.271s] Level 5:colcon.colcon_core.verb:set package 'custom_nav2_bt_plugins' build argument 'cmake_target_skip_unavailable' from command line to 'False'
[0.271s] Level 5:colcon.colcon_core.verb:set package 'custom_nav2_bt_plugins' build argument 'cmake_clean_cache' from command line to 'False'
[0.271s] Level 5:colcon.colcon_core.verb:set package 'custom_nav2_bt_plugins' build argument 'cmake_clean_first' from command line to 'False'
[0.271s] Level 5:colcon.colcon_core.verb:set package 'custom_nav2_bt_plugins' build argument 'cmake_force_configure' from command line to 'False'
[0.271s] Level 5:colcon.colcon_core.verb:set package 'custom_nav2_bt_plugins' build argument 'ament_cmake_args' from command line to 'None'
[0.271s] Level 5:colcon.colcon_core.verb:set package 'custom_nav2_bt_plugins' build argument 'catkin_cmake_args' from command line to 'None'
[0.271s] Level 5:colcon.colcon_core.verb:set package 'custom_nav2_bt_plugins' build argument 'catkin_skip_building_tests' from command line to 'False'
[0.271s] DEBUG:colcon.colcon_core.verb:Building package 'custom_nav2_bt_plugins' with the following arguments: {'ament_cmake_args': None, 'build_base': '/home/ciderlab-server3/workspace/2026_industry_cowork/IsaacSim-ros_workspaces/humble_ws/build/custom_nav2_bt_plugins', 'catkin_cmake_args': None, 'catkin_skip_building_tests': False, 'cmake_args': None, 'cmake_clean_cache': False, 'cmake_clean_first': False, 'cmake_force_configure': False, 'cmake_target': None, 'cmake_target_skip_unavailable': False, 'install_base': '/home/ciderlab-server3/workspace/2026_industry_cowork/IsaacSim-ros_workspaces/humble_ws/install/custom_nav2_bt_plugins', 'merge_install': False, 'path': '/home/ciderlab-server3/workspace/2026_industry_cowork/IsaacSim-ros_workspaces/humble_ws/src/custom_nav2_bt_plugins', 'symlink_install': False, 'test_result_base': None}
[0.271s] Level 5:colcon.colcon_core.verb:set package 'h1_fullbody_controller' build argument 'cmake_args' from command line to 'None'
[0.271s] Level 5:colcon.colcon_core.verb:set package 'h1_fullbody_controller' build argument 'cmake_target' from command line to 'None'
[0.271s] Level 5:colcon.colcon_core.verb:set package 'h1_fullbody_controller' build argument 'cmake_target_skip_unavailable' from command line to 'False'
[0.271s] Level 5:colcon.colcon_core.verb:set package 'h1_fullbody_controller' build argument 'cmake_clean_cache' from command line to 'False'
[0.271s] Level 5:colcon.colcon_core.verb:set package 'h1_fullbody_controller' build argument 'cmake_clean_first' from command line to 'False'
[0.271s] Level 5:colcon.colcon_core.verb:set package 'h1_fullbody_controller' build argument 'cmake_force_configure' from command line to 'False'
[0.271s] Level 5:colcon.colcon_core.verb:set package 'h1_fullbody_controller' build argument 'ament_cmake_args' from command line to 'None'
[0.271s] Level 5:colcon.colcon_core.verb:set package 'h1_fullbody_controller' build argument 'catkin_cmake_args' from command line to 'None'
[0.271s] Level 5:colcon.colcon_core.verb:set package 'h1_fullbody_controller' build argument 'catkin_skip_building_tests' from command line to 'False'
[0.272s] DEBUG:colcon.colcon_core.verb:Building package 'h1_fullbody_controller' with the following arguments: {'ament_cmake_args': None, 'build_base': '/home/ciderlab-server3/workspace/2026_industry_cowork/IsaacSim-ros_workspaces/humble_ws/build/h1_fullbody_controller', 'catkin_cmake_args': None, 'catkin_skip_building_tests': False, 'cmake_args': None, 'cmake_clean_cache': False, 'cmake_clean_first': False, 'cmake_force_configure': False, 'cmake_target': None, 'cmake_target_skip_unavailable': False, 'install_base': '/home/ciderlab-server3/workspace/2026_industry_cowork/IsaacSim-ros_workspaces/humble_ws/install/h1_fullbody_controller', 'merge_install': False, 'path': '/home/ciderlab-server3/workspace/2026_industry_cowork/IsaacSim-ros_workspaces/humble_ws/src/humanoid_locomotion_policy_example/h1_fullbody_controller', 'symlink_install': False, 'test_result_base': None}
[0.272s] Level 5:colcon.colcon_core.verb:set package 'isaac_compressed_image_decoder' build argument 'cmake_args' from command line to 'None'
[0.272s] Level 5:colcon.colcon_core.verb:set package 'isaac_compressed_image_decoder' build argument 'cmake_target' from command line to 'None'
[0.272s] Level 5:colcon.colcon_core.verb:set package 'isaac_compressed_image_decoder' build argument 'cmake_target_skip_unavailable' from command line to 'False'
[0.272s] Level 5:colcon.colcon_core.verb:set package 'isaac_compressed_image_decoder' build argument 'cmake_clean_cache' from command line to 'False'
[0.272s] Level 5:colcon.colcon_core.verb:set package 'isaac_compressed_image_decoder' build argument 'cmake_clean_first' from command line to 'False'
[0.272s] Level 5:colcon.colcon_core.verb:set package 'isaac_compressed_image_decoder' build argument 'cmake_force_configure' from command line to 'False'
[0.272s] Level 5:colcon.colcon_core.verb:set package 'isaac_compressed_image_decoder' build argument 'ament_cmake_args' from command line to 'None'
[0.272s] Level 5:colcon.colcon_core.verb:set package 'isaac_compressed_image_decoder' build argument 'catkin_cmake_args' from command line to 'None'
[0.272s] Level 5:colcon.colcon_core.verb:set package 'isaac_compressed_image_decoder' build argument 'catkin_skip_building_tests' from command line to 'False'
[0.272s] DEBUG:colcon.colcon_core.verb:Building package 'isaac_compressed_image_decoder' with the following arguments: {'ament_cmake_args': None, 'build_base': '/home/ciderlab-server3/workspace/2026_industry_cowork/IsaacSim-ros_workspaces/humble_ws/build/isaac_compressed_image_decoder', 'catkin_cmake_args': None, 'catkin_skip_building_tests': False, 'cmake_args': None, 'cmake_clean_cache': False, 'cmake_clean_first': False, 'cmake_force_configure': False, 'cmake_target': None, 'cmake_target_skip_unavailable': False, 'install_base': '/home/ciderlab-server3/workspace/2026_industry_cowork/IsaacSim-ros_workspaces/humble_ws/install/isaac_compressed_image_decoder', 'merge_install': False, 'path': '/home/ciderlab-server3/workspace/2026_industry_cowork/IsaacSim-ros_workspaces/humble_ws/src/isaac_compressed_image_decoder', 'symlink_install': False, 'test_result_base': None}
[0.272s] Level 5:colcon.colcon_core.verb:set package 'isaac_moveit' build argument 'cmake_args' from command line to 'None'
[0.272s] Level 5:colcon.colcon_core.verb:set package 'isaac_moveit' build argument 'cmake_target' from command line to 'None'
[0.272s] Level 5:colcon.colcon_core.verb:set package 'isaac_moveit' build argument 'cmake_target_skip_unavailable' from command line to 'False'
[0.272s] Level 5:colcon.colcon_core.verb:set package 'isaac_moveit' build argument 'cmake_clean_cache' from command line to 'False'
[0.272s] Level 5:colcon.colcon_core.verb:set package 'isaac_moveit' build argument 'cmake_clean_first' from command line to 'False'
[0.272s] Level 5:colcon.colcon_core.verb:set package 'isaac_moveit' build argument 'cmake_force_configure' from command line to 'False'
[0.272s] Level 5:colcon.colcon_core.verb:set package 'isaac_moveit' build argument 'ament_cmake_args' from command line to 'None'
[0.272s] Level 5:colcon.colcon_core.verb:set package 'isaac_moveit' build argument 'catkin_cmake_args' from command line to 'None'
[0.272s] Level 5:colcon.colcon_core.verb:set package 'isaac_moveit' build argument 'catkin_skip_building_tests' from command line to 'False'
[0.272s] DEBUG:colcon.colcon_core.verb:Building package 'isaac_moveit' with the following arguments: {'ament_cmake_args': None, 'build_base': '/home/ciderlab-server3/workspace/2026_industry_cowork/IsaacSim-ros_workspaces/humble_ws/build/isaac_moveit', 'catkin_cmake_args': None, 'catkin_skip_building_tests': False, 'cmake_args': None, 'cmake_clean_cache': False, 'cmake_clean_first': False, 'cmake_force_configure': False, 'cmake_target': None, 'cmake_target_skip_unavailable': False, 'install_base': '/home/ciderlab-server3/workspace/2026_industry_cowork/IsaacSim-ros_workspaces/humble_ws/install/isaac_moveit', 'merge_install': False, 'path': '/home/ciderlab-server3/workspace/2026_industry_cowork/IsaacSim-ros_workspaces/humble_ws/src/moveit/isaac_moveit', 'symlink_install': False, 'test_result_base': None}
[0.272s] Level 5:colcon.colcon_core.verb:set package 'isaac_ros2_messages' build argument 'cmake_args' from command line to 'None'
[0.272s] Level 5:colcon.colcon_core.verb:set package 'isaac_ros2_messages' build argument 'cmake_target' from command line to 'None'
[0.272s] Level 5:colcon.colcon_core.verb:set package 'isaac_ros2_messages' build argument 'cmake_target_skip_unavailable' from command line to 'False'
[0.272s] Level 5:colcon.colcon_core.verb:set package 'isaac_ros2_messages' build argument 'cmake_clean_cache' from command line to 'False'
[0.272s] Level 5:colcon.colcon_core.verb:set package 'isaac_ros2_messages' build argument 'cmake_clean_first' from command line to 'False'
[0.272s] Level 5:colcon.colcon_core.verb:set package 'isaac_ros2_messages' build argument 'cmake_force_configure' from command line to 'False'
[0.272s] Level 5:colcon.colcon_core.verb:set package 'isaac_ros2_messages' build argument 'ament_cmake_args' from command line to 'None'
[0.272s] Level 5:colcon.colcon_core.verb:set package 'isaac_ros2_messages' build argument 'catkin_cmake_args' from command line to 'None'
[0.272s] Level 5:colcon.colcon_core.verb:set package 'isaac_ros2_messages' build argument 'catkin_skip_building_tests' from command line to 'False'
[0.272s] DEBUG:colcon.colcon_core.verb:Building package 'isaac_ros2_messages' with the following arguments: {'ament_cmake_args': None, 'build_base': '/home/ciderlab-server3/workspace/2026_industry_cowork/IsaacSim-ros_workspaces/humble_ws/build/isaac_ros2_messages', 'catkin_cmake_args': None, 'catkin_skip_building_tests': False, 'cmake_args': None, 'cmake_clean_cache': False, 'cmake_clean_first': False, 'cmake_force_configure': False, 'cmake_target': None, 'cmake_target_skip_unavailable': False, 'install_base': '/home/ciderlab-server3/workspace/2026_industry_cowork/IsaacSim-ros_workspaces/humble_ws/install/isaac_ros2_messages', 'merge_install': False, 'path': '/home/ciderlab-server3/workspace/2026_industry_cowork/IsaacSim-ros_workspaces/humble_ws/src/isaac_ros2_messages', 'symlink_install': False, 'test_result_base': None}
[0.272s] Level 5:colcon.colcon_core.verb:set package 'isaac_ros_navigation_goal' build argument 'cmake_args' from command line to 'None'
[0.272s] Level 5:colcon.colcon_core.verb:set package 'isaac_ros_navigation_goal' build argument 'cmake_target' from command line to 'None'
[0.272s] Level 5:colcon.colcon_core.verb:set package 'isaac_ros_navigation_goal' build argument 'cmake_target_skip_unavailable' from command line to 'False'
[0.272s] Level 5:colcon.colcon_core.verb:set package 'isaac_ros_navigation_goal' build argument 'cmake_clean_cache' from command line to 'False'
[0.272s] Level 5:colcon.colcon_core.verb:set package 'isaac_ros_navigation_goal' build argument 'cmake_clean_first' from command line to 'False'
[0.272s] Level 5:colcon.colcon_core.verb:set package 'isaac_ros_navigation_goal' build argument 'cmake_force_configure' from command line to 'False'
[0.272s] Level 5:colcon.colcon_core.verb:set package 'isaac_ros_navigation_goal' build argument 'ament_cmake_args' from command line to 'None'
[0.272s] Level 5:colcon.colcon_core.verb:set package 'isaac_ros_navigation_goal' build argument 'catkin_cmake_args' from command line to 'None'
[0.272s] Level 5:colcon.colcon_core.verb:set package 'isaac_ros_navigation_goal' build argument 'catkin_skip_building_tests' from command line to 'False'
[0.272s] DEBUG:colcon.colcon_core.verb:Building package 'isaac_ros_navigation_goal' with the following arguments: {'ament_cmake_args': None, 'build_base': '/home/ciderlab-server3/workspace/2026_industry_cowork/IsaacSim-ros_workspaces/humble_ws/build/isaac_ros_navigation_goal', 'catkin_cmake_args': None, 'catkin_skip_building_tests': False, 'cmake_args': None, 'cmake_clean_cache': False, 'cmake_clean_first': False, 'cmake_force_configure': False, 'cmake_target': None, 'cmake_target_skip_unavailable': False, 'install_base': '/home/ciderlab-server3/workspace/2026_industry_cowork/IsaacSim-ros_workspaces/humble_ws/install/isaac_ros_navigation_goal', 'merge_install': False, 'path': '/home/ciderlab-server3/workspace/2026_industry_cowork/IsaacSim-ros_workspaces/humble_ws/src/navigation/isaac_ros_navigation_goal', 'symlink_install': False, 'test_result_base': None}
[0.272s] Level 5:colcon.colcon_core.verb:set package 'isaac_tutorials' build argument 'cmake_args' from command line to 'None'
[0.272s] Level 5:colcon.colcon_core.verb:set package 'isaac_tutorials' build argument 'cmake_target' from command line to 'None'
[0.272s] Level 5:colcon.colcon_core.verb:set package 'isaac_tutorials' build argument 'cmake_target_skip_unavailable' from command line to 'False'
[0.272s] Level 5:colcon.colcon_core.verb:set package 'isaac_tutorials' build argument 'cmake_clean_cache' from command line to 'False'
[0.272s] Level 5:colcon.colcon_core.verb:set package 'isaac_tutorials' build argument 'cmake_clean_first' from command line to 'False'
[0.272s] Level 5:colcon.colcon_core.verb:set package 'isaac_tutorials' build argument 'cmake_force_configure' from command line to 'False'
[0.272s] Level 5:colcon.colcon_core.verb:set package 'isaac_tutorials' build argument 'ament_cmake_args' from command line to 'None'
[0.272s] Level 5:colcon.colcon_core.verb:set package 'isaac_tutorials' build argument 'catkin_cmake_args' from command line to 'None'
[0.272s] Level 5:colcon.colcon_core.verb:set package 'isaac_tutorials' build argument 'catkin_skip_building_tests' from command line to 'False'
[0.272s] DEBUG:colcon.colcon_core.verb:Building package 'isaac_tutorials' with the following arguments: {'ament_cmake_args': None, 'build_base': '/home/ciderlab-server3/workspace/2026_industry_cowork/IsaacSim-ros_workspaces/humble_ws/build/isaac_tutorials', 'catkin_cmake_args': None, 'catkin_skip_building_tests': False, 'cmake_args': None, 'cmake_clean_cache': False, 'cmake_clean_first': False, 'cmake_force_configure': False, 'cmake_target': None, 'cmake_target_skip_unavailable': False, 'install_base': '/home/ciderlab-server3/workspace/2026_industry_cowork/IsaacSim-ros_workspaces/humble_ws/install/isaac_tutorials', 'merge_install': False, 'path': '/home/ciderlab-server3/workspace/2026_industry_cowork/IsaacSim-ros_workspaces/humble_ws/src/isaac_tutorials', 'symlink_install': False, 'test_result_base': None}
[0.273s] Level 5:colcon.colcon_core.verb:set package 'isaacsim_bringup' build argument 'cmake_args' from command line to 'None'
[0.273s] Level 5:colcon.colcon_core.verb:set package 'isaacsim_bringup' build argument 'cmake_target' from command line to 'None'
[0.273s] Level 5:colcon.colcon_core.verb:set package 'isaacsim_bringup' build argument 'cmake_target_skip_unavailable' from command line to 'False'
[0.273s] Level 5:colcon.colcon_core.verb:set package 'isaacsim_bringup' build argument 'cmake_clean_cache' from command line to 'False'
[0.273s] Level 5:colcon.colcon_core.verb:set package 'isaacsim_bringup' build argument 'cmake_clean_first' from command line to 'False'
[0.273s] Level 5:colcon.colcon_core.verb:set package 'isaacsim_bringup' build argument 'cmake_force_configure' from command line to 'False'
[0.273s] Level 5:colcon.colcon_core.verb:set package 'isaacsim_bringup' build argument 'ament_cmake_args' from command line to 'None'
[0.273s] Level 5:colcon.colcon_core.verb:set package 'isaacsim_bringup' build argument 'catkin_cmake_args' from command line to 'None'
[0.273s] Level 5:colcon.colcon_core.verb:set package 'isaacsim_bringup' build argument 'catkin_skip_building_tests' from command line to 'False'
[0.273s] DEBUG:colcon.colcon_core.verb:Building package 'isaacsim_bringup' with the following arguments: {'ament_cmake_args': None, 'build_base': '/home/ciderlab-server3/workspace/2026_industry_cowork/IsaacSim-ros_workspaces/humble_ws/build/isaacsim_bringup', 'catkin_cmake_args': None, 'catkin_skip_building_tests': False, 'cmake_args': None, 'cmake_clean_cache': False, 'cmake_clean_first': False, 'cmake_force_configure': False, 'cmake_target': None, 'cmake_target_skip_unavailable': False, 'install_base': '/home/ciderlab-server3/workspace/2026_industry_cowork/IsaacSim-ros_workspaces/humble_ws/install/isaacsim_bringup', 'merge_install': False, 'path': '/home/ciderlab-server3/workspace/2026_industry_cowork/IsaacSim-ros_workspaces/humble_ws/src/isaacsim_bringup', 'symlink_install': False, 'test_result_base': None}
[0.273s] Level 5:colcon.colcon_core.verb:set package 'isaacsim_clearpath_nav2' build argument 'cmake_args' from command line to 'None'
[0.273s] Level 5:colcon.colcon_core.verb:set package 'isaacsim_clearpath_nav2' build argument 'cmake_target' from command line to 'None'
[0.273s] Level 5:colcon.colcon_core.verb:set package 'isaacsim_clearpath_nav2' build argument 'cmake_target_skip_unavailable' from command line to 'False'
[0.273s] Level 5:colcon.colcon_core.verb:set package 'isaacsim_clearpath_nav2' build argument 'cmake_clean_cache' from command line to 'False'
[0.273s] Level 5:colcon.colcon_core.verb:set package 'isaacsim_clearpath_nav2' build argument 'cmake_clean_first' from command line to 'False'
[0.273s] Level 5:colcon.colcon_core.verb:set package 'isaacsim_clearpath_nav2' build argument 'cmake_force_configure' from command line to 'False'
[0.273s] Level 5:colcon.colcon_core.verb:set package 'isaacsim_clearpath_nav2' build argument 'ament_cmake_args' from command line to 'None'
[0.273s] Level 5:colcon.colcon_core.verb:set package 'isaacsim_clearpath_nav2' build argument 'catkin_cmake_args' from command line to 'None'
[0.273s] Level 5:colcon.colcon_core.verb:set package 'isaacsim_clearpath_nav2' build argument 'catkin_skip_building_tests' from command line to 'False'
[0.273s] DEBUG:colcon.colcon_core.verb:Building package 'isaacsim_clearpath_nav2' with the following arguments: {'ament_cmake_args': None, 'build_base': '/home/ciderlab-server3/workspace/2026_industry_cowork/IsaacSim-ros_workspaces/humble_ws/build/isaacsim_clearpath_nav2', 'catkin_cmake_args': None, 'catkin_skip_building_tests': False, 'cmake_args': None, 'cmake_clean_cache': False, 'cmake_clean_first': False, 'cmake_force_configure': False, 'cmake_target': None, 'cmake_target_skip_unavailable': False, 'install_base': '/home/ciderlab-server3/workspace/2026_industry_cowork/IsaacSim-ros_workspaces/humble_ws/install/isaacsim_clearpath_nav2', 'merge_install': False, 'path': '/home/ciderlab-server3/workspace/2026_industry_cowork/IsaacSim-ros_workspaces/humble_ws/src/navigation/isaacsim_clearpath_nav2', 'symlink_install': False, 'test_result_base': None}
[0.273s] Level 5:colcon.colcon_core.verb:set package 'iw_hub_navigation' build argument 'cmake_args' from command line to 'None'
[0.273s] Level 5:colcon.colcon_core.verb:set package 'iw_hub_navigation' build argument 'cmake_target' from command line to 'None'
[0.273s] Level 5:colcon.colcon_core.verb:set package 'iw_hub_navigation' build argument 'cmake_target_skip_unavailable' from command line to 'False'
[0.273s] Level 5:colcon.colcon_core.verb:set package 'iw_hub_navigation' build argument 'cmake_clean_cache' from command line to 'False'
[0.273s] Level 5:colcon.colcon_core.verb:set package 'iw_hub_navigation' build argument 'cmake_clean_first' from command line to 'False'
[0.273s] Level 5:colcon.colcon_core.verb:set package 'iw_hub_navigation' build argument 'cmake_force_configure' from command line to 'False'
[0.273s] Level 5:colcon.colcon_core.verb:set package 'iw_hub_navigation' build argument 'ament_cmake_args' from command line to 'None'
[0.273s] Level 5:colcon.colcon_core.verb:set package 'iw_hub_navigation' build argument 'catkin_cmake_args' from command line to 'None'
[0.273s] Level 5:colcon.colcon_core.verb:set package 'iw_hub_navigation' build argument 'catkin_skip_building_tests' from command line to 'False'
[0.273s] DEBUG:colcon.colcon_core.verb:Building package 'iw_hub_navigation' with the following arguments: {'ament_cmake_args': None, 'build_base': '/home/ciderlab-server3/workspace/2026_industry_cowork/IsaacSim-ros_workspaces/humble_ws/build/iw_hub_navigation', 'catkin_cmake_args': None, 'catkin_skip_building_tests': False, 'cmake_args': None, 'cmake_clean_cache': False, 'cmake_clean_first': False, 'cmake_force_configure': False, 'cmake_target': None, 'cmake_target_skip_unavailable': False, 'install_base': '/home/ciderlab-server3/workspace/2026_industry_cowork/IsaacSim-ros_workspaces/humble_ws/install/iw_hub_navigation', 'merge_install': False, 'path': '/home/ciderlab-server3/workspace/2026_industry_cowork/IsaacSim-ros_workspaces/humble_ws/src/navigation/iw_hub_navigation', 'symlink_install': False, 'test_result_base': None}
[0.273s] Level 5:colcon.colcon_core.verb:set package 'turtlebot3_manipulation_cartographer' build argument 'cmake_args' from command line to 'None'
[0.273s] Level 5:colcon.colcon_core.verb:set package 'turtlebot3_manipulation_cartographer' build argument 'cmake_target' from command line to 'None'
[0.273s] Level 5:colcon.colcon_core.verb:set package 'turtlebot3_manipulation_cartographer' build argument 'cmake_target_skip_unavailable' from command line to 'False'
[0.273s] Level 5:colcon.colcon_core.verb:set package 'turtlebot3_manipulation_cartographer' build argument 'cmake_clean_cache' from command line to 'False'
[0.274s] Level 5:colcon.colcon_core.verb:set package 'turtlebot3_manipulation_cartographer' build argument 'cmake_clean_first' from command line to 'False'
[0.274s] Level 5:colcon.colcon_core.verb:set package 'turtlebot3_manipulation_cartographer' build argument 'cmake_force_configure' from command line to 'False'
[0.274s] Level 5:colcon.colcon_core.verb:set package 'turtlebot3_manipulation_cartographer' build argument 'ament_cmake_args' from command line to 'None'
[0.274s] Level 5:colcon.colcon_core.verb:set package 'turtlebot3_manipulation_cartographer' build argument 'catkin_cmake_args' from command line to 'None'
[0.274s] Level 5:colcon.colcon_core.verb:set package 'turtlebot3_manipulation_cartographer' build argument 'catkin_skip_building_tests' from command line to 'False'
[0.274s] DEBUG:colcon.colcon_core.verb:Building package 'turtlebot3_manipulation_cartographer' with the following arguments: {'ament_cmake_args': None, 'build_base': '/home/ciderlab-server3/workspace/2026_industry_cowork/IsaacSim-ros_workspaces/humble_ws/build/turtlebot3_manipulation_cartographer', 'catkin_cmake_args': None, 'catkin_skip_building_tests': False, 'cmake_args': None, 'cmake_clean_cache': False, 'cmake_clean_first': False, 'cmake_force_configure': False, 'cmake_target': None, 'cmake_target_skip_unavailable': False, 'install_base': '/home/ciderlab-server3/workspace/2026_industry_cowork/IsaacSim-ros_workspaces/humble_ws/install/turtlebot3_manipulation_cartographer', 'merge_install': False, 'path': '/home/ciderlab-server3/workspace/2026_industry_cowork/IsaacSim-ros_workspaces/humble_ws/src/turtlebot3_manipulation/turtlebot3_manipulation_cartographer', 'symlink_install': False, 'test_result_base': None}
[0.274s] Level 5:colcon.colcon_core.verb:set package 'turtlebot3_manipulation_description' build argument 'cmake_args' from command line to 'None'
[0.274s] Level 5:colcon.colcon_core.verb:set package 'turtlebot3_manipulation_description' build argument 'cmake_target' from command line to 'None'
[0.274s] Level 5:colcon.colcon_core.verb:set package 'turtlebot3_manipulation_description' build argument 'cmake_target_skip_unavailable' from command line to 'False'
[0.274s] Level 5:colcon.colcon_core.verb:set package 'turtlebot3_manipulation_description' build argument 'cmake_clean_cache' from command line to 'False'
[0.274s] Level 5:colcon.colcon_core.verb:set package 'turtlebot3_manipulation_description' build argument 'cmake_clean_first' from command line to 'False'
[0.274s] Level 5:colcon.colcon_core.verb:set package 'turtlebot3_manipulation_description' build argument 'cmake_force_configure' from command line to 'False'
[0.274s] Level 5:colcon.colcon_core.verb:set package 'turtlebot3_manipulation_description' build argument 'ament_cmake_args' from command line to 'None'
[0.274s] Level 5:colcon.colcon_core.verb:set package 'turtlebot3_manipulation_description' build argument 'catkin_cmake_args' from command line to 'None'
[0.274s] Level 5:colcon.colcon_core.verb:set package 'turtlebot3_manipulation_description' build argument 'catkin_skip_building_tests' from command line to 'False'
[0.274s] DEBUG:colcon.colcon_core.verb:Building package 'turtlebot3_manipulation_description' with the following arguments: {'ament_cmake_args': None, 'build_base': '/home/ciderlab-server3/workspace/2026_industry_cowork/IsaacSim-ros_workspaces/humble_ws/build/turtlebot3_manipulation_description', 'catkin_cmake_args': None, 'catkin_skip_building_tests': False, 'cmake_args': None, 'cmake_clean_cache': False, 'cmake_clean_first': False, 'cmake_force_configure': False, 'cmake_target': None, 'cmake_target_skip_unavailable': False, 'install_base': '/home/ciderlab-server3/workspace/2026_industry_cowork/IsaacSim-ros_workspaces/humble_ws/install/turtlebot3_manipulation_description', 'merge_install': False, 'path': '/home/ciderlab-server3/workspace/2026_industry_cowork/IsaacSim-ros_workspaces/humble_ws/src/turtlebot3_manipulation/turtlebot3_manipulation_description', 'symlink_install': False, 'test_result_base': None}
[0.274s] Level 5:colcon.colcon_core.verb:set package 'turtlebot3_manipulation_hardware' build argument 'cmake_args' from command line to 'None'
[0.274s] Level 5:colcon.colcon_core.verb:set package 'turtlebot3_manipulation_hardware' build argument 'cmake_target' from command line to 'None'
[0.274s] Level 5:colcon.colcon_core.verb:set package 'turtlebot3_manipulation_hardware' build argument 'cmake_target_skip_unavailable' from command line to 'False'
[0.274s] Level 5:colcon.colcon_core.verb:set package 'turtlebot3_manipulation_hardware' build argument 'cmake_clean_cache' from command line to 'False'
[0.274s] Level 5:colcon.colcon_core.verb:set package 'turtlebot3_manipulation_hardware' build argument 'cmake_clean_first' from command line to 'False'
[0.274s] Level 5:colcon.colcon_core.verb:set package 'turtlebot3_manipulation_hardware' build argument 'cmake_force_configure' from command line to 'False'
[0.274s] Level 5:colcon.colcon_core.verb:set package 'turtlebot3_manipulation_hardware' build argument 'ament_cmake_args' from command line to 'None'
[0.274s] Level 5:colcon.colcon_core.verb:set package 'turtlebot3_manipulation_hardware' build argument 'catkin_cmake_args' from command line to 'None'
[0.274s] Level 5:colcon.colcon_core.verb:set package 'turtlebot3_manipulation_hardware' build argument 'catkin_skip_building_tests' from command line to 'False'
[0.274s] DEBUG:colcon.colcon_core.verb:Building package 'turtlebot3_manipulation_hardware' with the following arguments: {'ament_cmake_args': None, 'build_base': '/home/ciderlab-server3/workspace/2026_industry_cowork/IsaacSim-ros_workspaces/humble_ws/build/turtlebot3_manipulation_hardware', 'catkin_cmake_args': None, 'catkin_skip_building_tests': False, 'cmake_args': None, 'cmake_clean_cache': False, 'cmake_clean_first': False, 'cmake_force_configure': False, 'cmake_target': None, 'cmake_target_skip_unavailable': False, 'install_base': '/home/ciderlab-server3/workspace/2026_industry_cowork/IsaacSim-ros_workspaces/humble_ws/install/turtlebot3_manipulation_hardware', 'merge_install': False, 'path': '/home/ciderlab-server3/workspace/2026_industry_cowork/IsaacSim-ros_workspaces/humble_ws/src/turtlebot3_manipulation/turtlebot3_manipulation_hardware', 'symlink_install': False, 'test_result_base': None}
[0.274s] Level 5:colcon.colcon_core.verb:set package 'turtlebot3_manipulation_navigation2' build argument 'cmake_args' from command line to 'None'
[0.274s] Level 5:colcon.colcon_core.verb:set package 'turtlebot3_manipulation_navigation2' build argument 'cmake_target' from command line to 'None'
[0.274s] Level 5:colcon.colcon_core.verb:set package 'turtlebot3_manipulation_navigation2' build argument 'cmake_target_skip_unavailable' from command line to 'False'
[0.274s] Level 5:colcon.colcon_core.verb:set package 'turtlebot3_manipulation_navigation2' build argument 'cmake_clean_cache' from command line to 'False'
[0.274s] Level 5:colcon.colcon_core.verb:set package 'turtlebot3_manipulation_navigation2' build argument 'cmake_clean_first' from command line to 'False'
[0.274s] Level 5:colcon.colcon_core.verb:set package 'turtlebot3_manipulation_navigation2' build argument 'cmake_force_configure' from command line to 'False'
[0.274s] Level 5:colcon.colcon_core.verb:set package 'turtlebot3_manipulation_navigation2' build argument 'ament_cmake_args' from command line to 'None'
[0.274s] Level 5:colcon.colcon_core.verb:set package 'turtlebot3_manipulation_navigation2' build argument 'catkin_cmake_args' from command line to 'None'
[0.274s] Level 5:colcon.colcon_core.verb:set package 'turtlebot3_manipulation_navigation2' build argument 'catkin_skip_building_tests' from command line to 'False'
[0.274s] DEBUG:colcon.colcon_core.verb:Building package 'turtlebot3_manipulation_navigation2' with the following arguments: {'ament_cmake_args': None, 'build_base': '/home/ciderlab-server3/workspace/2026_industry_cowork/IsaacSim-ros_workspaces/humble_ws/build/turtlebot3_manipulation_navigation2', 'catkin_cmake_args': None, 'catkin_skip_building_tests': False, 'cmake_args': None, 'cmake_clean_cache': False, 'cmake_clean_first': False, 'cmake_force_configure': False, 'cmake_target': None, 'cmake_target_skip_unavailable': False, 'install_base': '/home/ciderlab-server3/workspace/2026_industry_cowork/IsaacSim-ros_workspaces/humble_ws/install/turtlebot3_manipulation_navigation2', 'merge_install': False, 'path': '/home/ciderlab-server3/workspace/2026_industry_cowork/IsaacSim-ros_workspaces/humble_ws/src/turtlebot3_manipulation/turtlebot3_manipulation_navigation2', 'symlink_install': False, 'test_result_base': None}
[0.275s] Level 5:colcon.colcon_core.verb:set package 'turtlebot3_manipulation_bringup' build argument 'cmake_args' from command line to 'None'
[0.275s] Level 5:colcon.colcon_core.verb:set package 'turtlebot3_manipulation_bringup' build argument 'cmake_target' from command line to 'None'
[0.275s] Level 5:colcon.colcon_core.verb:set package 'turtlebot3_manipulation_bringup' build argument 'cmake_target_skip_unavailable' from command line to 'False'
[0.275s] Level 5:colcon.colcon_core.verb:set package 'turtlebot3_manipulation_bringup' build argument 'cmake_clean_cache' from command line to 'False'
[0.275s] Level 5:colcon.colcon_core.verb:set package 'turtlebot3_manipulation_bringup' build argument 'cmake_clean_first' from command line to 'False'
[0.275s] Level 5:colcon.colcon_core.verb:set package 'turtlebot3_manipulation_bringup' build argument 'cmake_force_configure' from command line to 'False'
[0.275s] Level 5:colcon.colcon_core.verb:set package 'turtlebot3_manipulation_bringup' build argument 'ament_cmake_args' from command line to 'None'
[0.275s] Level 5:colcon.colcon_core.verb:set package 'turtlebot3_manipulation_bringup' build argument 'catkin_cmake_args' from command line to 'None'
[0.275s] Level 5:colcon.colcon_core.verb:set package 'turtlebot3_manipulation_bringup' build argument 'catkin_skip_building_tests' from command line to 'False'
[0.275s] DEBUG:colcon.colcon_core.verb:Building package 'turtlebot3_manipulation_bringup' with the following arguments: {'ament_cmake_args': None, 'build_base': '/home/ciderlab-server3/workspace/2026_industry_cowork/IsaacSim-ros_workspaces/humble_ws/build/turtlebot3_manipulation_bringup', 'catkin_cmake_args': None, 'catkin_skip_building_tests': False, 'cmake_args': None, 'cmake_clean_cache': False, 'cmake_clean_first': False, 'cmake_force_configure': False, 'cmake_target': None, 'cmake_target_skip_unavailable': False, 'install_base': '/home/ciderlab-server3/workspace/2026_industry_cowork/IsaacSim-ros_workspaces/humble_ws/install/turtlebot3_manipulation_bringup', 'merge_install': False, 'path': '/home/ciderlab-server3/workspace/2026_industry_cowork/IsaacSim-ros_workspaces/humble_ws/src/turtlebot3_manipulation/turtlebot3_manipulation_bringup', 'symlink_install': False, 'test_result_base': None}
[0.275s] Level 5:colcon.colcon_core.verb:set package 'turtlebot3_manipulation_moveit_config' build argument 'cmake_args' from command line to 'None'
[0.275s] Level 5:colcon.colcon_core.verb:set package 'turtlebot3_manipulation_moveit_config' build argument 'cmake_target' from command line to 'None'
[0.275s] Level 5:colcon.colcon_core.verb:set package 'turtlebot3_manipulation_moveit_config' build argument 'cmake_target_skip_unavailable' from command line to 'False'
[0.275s] Level 5:colcon.colcon_core.verb:set package 'turtlebot3_manipulation_moveit_config' build argument 'cmake_clean_cache' from command line to 'False'
[0.275s] Level 5:colcon.colcon_core.verb:set package 'turtlebot3_manipulation_moveit_config' build argument 'cmake_clean_first' from command line to 'False'
[0.275s] Level 5:colcon.colcon_core.verb:set package 'turtlebot3_manipulation_moveit_config' build argument 'cmake_force_configure' from command line to 'False'
[0.275s] Level 5:colcon.colcon_core.verb:set package 'turtlebot3_manipulation_moveit_config' build argument 'ament_cmake_args' from command line to 'None'
[0.275s] Level 5:colcon.colcon_core.verb:set package 'turtlebot3_manipulation_moveit_config' build argument 'catkin_cmake_args' from command line to 'None'
[0.275s] Level 5:colcon.colcon_core.verb:set package 'turtlebot3_manipulation_moveit_config' build argument 'catkin_skip_building_tests' from command line to 'False'
[0.275s] DEBUG:colcon.colcon_core.verb:Building package 'turtlebot3_manipulation_moveit_config' with the following arguments: {'ament_cmake_args': None, 'build_base': '/home/ciderlab-server3/workspace/2026_industry_cowork/IsaacSim-ros_workspaces/humble_ws/build/turtlebot3_manipulation_moveit_config', 'catkin_cmake_args': None, 'catkin_skip_building_tests': False, 'cmake_args': None, 'cmake_clean_cache': False, 'cmake_clean_first': False, 'cmake_force_configure': False, 'cmake_target': None, 'cmake_target_skip_unavailable': False, 'install_base': '/home/ciderlab-server3/workspace/2026_industry_cowork/IsaacSim-ros_workspaces/humble_ws/install/turtlebot3_manipulation_moveit_config', 'merge_install': False, 'path': '/home/ciderlab-server3/workspace/2026_industry_cowork/IsaacSim-ros_workspaces/humble_ws/src/turtlebot3_manipulation/turtlebot3_manipulation_moveit_config', 'symlink_install': False, 'test_result_base': None}
[0.275s] Level 5:colcon.colcon_core.verb:set package 'turtlebot3_manipulation_teleop' build argument 'cmake_args' from command line to 'None'
[0.275s] Level 5:colcon.colcon_core.verb:set package 'turtlebot3_manipulation_teleop' build argument 'cmake_target' from command line to 'None'
[0.275s] Level 5:colcon.colcon_core.verb:set package 'turtlebot3_manipulation_teleop' build argument 'cmake_target_skip_unavailable' from command line to 'False'
[0.275s] Level 5:colcon.colcon_core.verb:set package 'turtlebot3_manipulation_teleop' build argument 'cmake_clean_cache' from command line to 'False'
[0.275s] Level 5:colcon.colcon_core.verb:set package 'turtlebot3_manipulation_teleop' build argument 'cmake_clean_first' from command line to 'False'
[0.275s] Level 5:colcon.colcon_core.verb:set package 'turtlebot3_manipulation_teleop' build argument 'cmake_force_configure' from command line to 'False'
[0.275s] Level 5:colcon.colcon_core.verb:set package 'turtlebot3_manipulation_teleop' build argument 'ament_cmake_args' from command line to 'None'
[0.275s] Level 5:colcon.colcon_core.verb:set package 'turtlebot3_manipulation_teleop' build argument 'catkin_cmake_args' from command line to 'None'
[0.275s] Level 5:colcon.colcon_core.verb:set package 'turtlebot3_manipulation_teleop' build argument 'catkin_skip_building_tests' from command line to 'False'
[0.275s] DEBUG:colcon.colcon_core.verb:Building package 'turtlebot3_manipulation_teleop' with the following arguments: {'ament_cmake_args': None, 'build_base': '/home/ciderlab-server3/workspace/2026_industry_cowork/IsaacSim-ros_workspaces/humble_ws/build/turtlebot3_manipulation_teleop', 'catkin_cmake_args': None, 'catkin_skip_building_tests': False, 'cmake_args': None, 'cmake_clean_cache': False, 'cmake_clean_first': False, 'cmake_force_configure': False, 'cmake_target': None, 'cmake_target_skip_unavailable': False, 'install_base': '/home/ciderlab-server3/workspace/2026_industry_cowork/IsaacSim-ros_workspaces/humble_ws/install/turtlebot3_manipulation_teleop', 'merge_install': False, 'path': '/home/ciderlab-server3/workspace/2026_industry_cowork/IsaacSim-ros_workspaces/humble_ws/src/turtlebot3_manipulation/turtlebot3_manipulation_teleop', 'symlink_install': False, 'test_result_base': None}
[0.275s] Level 5:colcon.colcon_core.verb:set package 'turtlebot3_manipulation' build argument 'cmake_args' from command line to 'None'
[0.275s] Level 5:colcon.colcon_core.verb:set package 'turtlebot3_manipulation' build argument 'cmake_target' from command line to 'None'
[0.275s] Level 5:colcon.colcon_core.verb:set package 'turtlebot3_manipulation' build argument 'cmake_target_skip_unavailable' from command line to 'False'
[0.275s] Level 5:colcon.colcon_core.verb:set package 'turtlebot3_manipulation' build argument 'cmake_clean_cache' from command line to 'False'
[0.275s] Level 5:colcon.colcon_core.verb:set package 'turtlebot3_manipulation' build argument 'cmake_clean_first' from command line to 'False'
[0.275s] Level 5:colcon.colcon_core.verb:set package 'turtlebot3_manipulation' build argument 'cmake_force_configure' from command line to 'False'
[0.275s] Level 5:colcon.colcon_core.verb:set package 'turtlebot3_manipulation' build argument 'ament_cmake_args' from command line to 'None'
[0.275s] Level 5:colcon.colcon_core.verb:set package 'turtlebot3_manipulation' build argument 'catkin_cmake_args' from command line to 'None'
[0.275s] Level 5:colcon.colcon_core.verb:set package 'turtlebot3_manipulation' build argument 'catkin_skip_building_tests' from command line to 'False'
[0.275s] DEBUG:colcon.colcon_core.verb:Building package 'turtlebot3_manipulation' with the following arguments: {'ament_cmake_args': None, 'build_base': '/home/ciderlab-server3/workspace/2026_industry_cowork/IsaacSim-ros_workspaces/humble_ws/build/turtlebot3_manipulation', 'catkin_cmake_args': None, 'catkin_skip_building_tests': False, 'cmake_args': None, 'cmake_clean_cache': False, 'cmake_clean_first': False, 'cmake_force_configure': False, 'cmake_target': None, 'cmake_target_skip_unavailable': False, 'install_base': '/home/ciderlab-server3/workspace/2026_industry_cowork/IsaacSim-ros_workspaces/humble_ws/install/turtlebot3_manipulation', 'merge_install': False, 'path': '/home/ciderlab-server3/workspace/2026_industry_cowork/IsaacSim-ros_workspaces/humble_ws/src/turtlebot3_manipulation/turtlebot3_manipulation', 'symlink_install': False, 'test_result_base': None}
[0.275s] INFO:colcon.colcon_core.executor:Executing jobs using 'parallel' executor
[0.276s] DEBUG:colcon.colcon_parallel_executor.executor.parallel:run_until_complete
[0.276s] INFO:colcon.colcon_ros.task.ament_cmake.build:Building ROS package in '/home/ciderlab-server3/workspace/2026_industry_cowork/IsaacSim-ros_workspaces/humble_ws/src/turtlebot3_manipulation/turtlebot3_manipulation_description' with build type 'ament_cmake'
[0.276s] INFO:colcon.colcon_cmake.task.cmake.build:Building CMake package in '/home/ciderlab-server3/workspace/2026_industry_cowork/IsaacSim-ros_workspaces/humble_ws/src/turtlebot3_manipulation/turtlebot3_manipulation_description'
[0.279s] INFO:colcon.colcon_core.plugin_system:Skipping extension 'colcon_core.shell.bat': Not used on non-Windows systems
[0.279s] INFO:colcon.colcon_core.shell:Skip shell extension 'powershell' for command environment: Not usable outside of PowerShell
[0.279s] DEBUG:colcon.colcon_core.shell:Skip shell extension 'dsv' for command environment
[0.282s] INFO:colcon.colcon_ros.task.ament_cmake.build:Building ROS package in '/home/ciderlab-server3/workspace/2026_industry_cowork/IsaacSim-ros_workspaces/humble_ws/src/turtlebot3_manipulation/turtlebot3_manipulation_cartographer' with build type 'ament_cmake'
[0.283s] INFO:colcon.colcon_cmake.task.cmake.build:Building CMake package in '/home/ciderlab-server3/workspace/2026_industry_cowork/IsaacSim-ros_workspaces/humble_ws/src/turtlebot3_manipulation/turtlebot3_manipulation_cartographer'
[0.283s] INFO:colcon.colcon_core.shell:Skip shell extension 'powershell' for command environment: Not usable outside of PowerShell
[0.283s] DEBUG:colcon.colcon_core.shell:Skip shell extension 'dsv' for command environment
[0.285s] INFO:colcon.colcon_ros.task.ament_cmake.build:Building ROS package in '/home/ciderlab-server3/workspace/2026_industry_cowork/IsaacSim-ros_workspaces/humble_ws/src/turtlebot3_manipulation/turtlebot3_manipulation_hardware' with build type 'ament_cmake'
[0.285s] INFO:colcon.colcon_cmake.task.cmake.build:Building CMake package in '/home/ciderlab-server3/workspace/2026_industry_cowork/IsaacSim-ros_workspaces/humble_ws/src/turtlebot3_manipulation/turtlebot3_manipulation_hardware'
[0.285s] INFO:colcon.colcon_core.shell:Skip shell extension 'powershell' for command environment: Not usable outside of PowerShell
[0.285s] DEBUG:colcon.colcon_core.shell:Skip shell extension 'dsv' for command environment
[0.288s] INFO:colcon.colcon_ros.task.ament_cmake.build:Building ROS package in '/home/ciderlab-server3/workspace/2026_industry_cowork/IsaacSim-ros_workspaces/humble_ws/src/turtlebot3_manipulation/turtlebot3_manipulation_navigation2' with build type 'ament_cmake'
[0.288s] INFO:colcon.colcon_cmake.task.cmake.build:Building CMake package in '/home/ciderlab-server3/workspace/2026_industry_cowork/IsaacSim-ros_workspaces/humble_ws/src/turtlebot3_manipulation/turtlebot3_manipulation_navigation2'
[0.288s] INFO:colcon.colcon_core.shell:Skip shell extension 'powershell' for command environment: Not usable outside of PowerShell
[0.288s] DEBUG:colcon.colcon_core.shell:Skip shell extension 'dsv' for command environment
[0.291s] INFO:colcon.colcon_ros.task.ament_cmake.build:Building ROS package in '/home/ciderlab-server3/workspace/2026_industry_cowork/IsaacSim-ros_workspaces/humble_ws/src/navigation/carter_navigation' with build type 'ament_cmake'
[0.291s] INFO:colcon.colcon_cmake.task.cmake.build:Building CMake package in '/home/ciderlab-server3/workspace/2026_industry_cowork/IsaacSim-ros_workspaces/humble_ws/src/navigation/carter_navigation'
[0.291s] INFO:colcon.colcon_core.shell:Skip shell extension 'powershell' for command environment: Not usable outside of PowerShell
[0.291s] DEBUG:colcon.colcon_core.shell:Skip shell extension 'dsv' for command environment
[0.294s] INFO:colcon.colcon_ros.task.ament_python.build:Building ROS package in '/home/ciderlab-server3/workspace/2026_industry_cowork/IsaacSim-ros_workspaces/humble_ws/src/ackermann_control/cmdvel_to_ackermann' with build type 'ament_python'
[0.294s] Level 1:colcon.colcon_core.shell:create_environment_hook('cmdvel_to_ackermann', 'ament_prefix_path')
[0.294s] INFO:colcon.colcon_core.shell:Creating environment hook '/home/ciderlab-server3/workspace/2026_industry_cowork/IsaacSim-ros_workspaces/humble_ws/install/cmdvel_to_ackermann/share/cmdvel_to_ackermann/hook/ament_prefix_path.ps1'
[0.295s] INFO:colcon.colcon_core.shell:Creating environment descriptor '/home/ciderlab-server3/workspace/2026_industry_cowork/IsaacSim-ros_workspaces/humble_ws/install/cmdvel_to_ackermann/share/cmdvel_to_ackermann/hook/ament_prefix_path.dsv'
[0.295s] INFO:colcon.colcon_core.shell:Creating environment hook '/home/ciderlab-server3/workspace/2026_industry_cowork/IsaacSim-ros_workspaces/humble_ws/install/cmdvel_to_ackermann/share/cmdvel_to_ackermann/hook/ament_prefix_path.sh'
[0.295s] INFO:colcon.colcon_core.shell:Skip shell extension 'powershell' for command environment: Not usable outside of PowerShell
[0.295s] DEBUG:colcon.colcon_core.shell:Skip shell extension 'dsv' for command environment
[0.298s] INFO:colcon.colcon_ros.task.ament_cmake.build:Building ROS package in '/home/ciderlab-server3/workspace/2026_industry_cowork/IsaacSim-ros_workspaces/humble_ws/src/custom_message' with build type 'ament_cmake'
[0.298s] INFO:colcon.colcon_cmake.task.cmake.build:Building CMake package in '/home/ciderlab-server3/workspace/2026_industry_cowork/IsaacSim-ros_workspaces/humble_ws/src/custom_message'
[0.298s] INFO:colcon.colcon_core.shell:Skip shell extension 'powershell' for command environment: Not usable outside of PowerShell
[0.298s] DEBUG:colcon.colcon_core.shell:Skip shell extension 'dsv' for command environment
[0.300s] INFO:colcon.colcon_ros.task.ament_cmake.build:Building ROS package in '/home/ciderlab-server3/workspace/2026_industry_cowork/IsaacSim-ros_workspaces/humble_ws/src/custom_nav2_bt_plugins' with build type 'ament_cmake'
[0.301s] INFO:colcon.colcon_cmake.task.cmake.build:Building CMake package in '/home/ciderlab-server3/workspace/2026_industry_cowork/IsaacSim-ros_workspaces/humble_ws/src/custom_nav2_bt_plugins'
[0.301s] INFO:colcon.colcon_core.shell:Skip shell extension 'powershell' for command environment: Not usable outside of PowerShell
[0.301s] DEBUG:colcon.colcon_core.shell:Skip shell extension 'dsv' for command environment
[0.303s] INFO:colcon.colcon_ros.task.ament_python.build:Building ROS package in '/home/ciderlab-server3/workspace/2026_industry_cowork/IsaacSim-ros_workspaces/humble_ws/src/humanoid_locomotion_policy_example/h1_fullbody_controller' with build type 'ament_python'
[0.303s] Level 1:colcon.colcon_core.shell:create_environment_hook('h1_fullbody_controller', 'ament_prefix_path')
[0.303s] INFO:colcon.colcon_core.shell:Creating environment hook '/home/ciderlab-server3/workspace/2026_industry_cowork/IsaacSim-ros_workspaces/humble_ws/install/h1_fullbody_controller/share/h1_fullbody_controller/hook/ament_prefix_path.ps1'
[0.304s] INFO:colcon.colcon_core.shell:Creating environment descriptor '/home/ciderlab-server3/workspace/2026_industry_cowork/IsaacSim-ros_workspaces/humble_ws/install/h1_fullbody_controller/share/h1_fullbody_controller/hook/ament_prefix_path.dsv'
[0.304s] INFO:colcon.colcon_core.shell:Creating environment hook '/home/ciderlab-server3/workspace/2026_industry_cowork/IsaacSim-ros_workspaces/humble_ws/install/h1_fullbody_controller/share/h1_fullbody_controller/hook/ament_prefix_path.sh'
[0.304s] INFO:colcon.colcon_core.shell:Skip shell extension 'powershell' for command environment: Not usable outside of PowerShell
[0.304s] DEBUG:colcon.colcon_core.shell:Skip shell extension 'dsv' for command environment
[0.306s] INFO:colcon.colcon_ros.task.ament_python.build:Building ROS package in '/home/ciderlab-server3/workspace/2026_industry_cowork/IsaacSim-ros_workspaces/humble_ws/src/isaac_compressed_image_decoder' with build type 'ament_python'
[0.306s] Level 1:colcon.colcon_core.shell:create_environment_hook('isaac_compressed_image_decoder', 'ament_prefix_path')
[0.307s] INFO:colcon.colcon_core.shell:Creating environment hook '/home/ciderlab-server3/workspace/2026_industry_cowork/IsaacSim-ros_workspaces/humble_ws/install/isaac_compressed_image_decoder/share/isaac_compressed_image_decoder/hook/ament_prefix_path.ps1'
[0.307s] INFO:colcon.colcon_core.shell:Creating environment descriptor '/home/ciderlab-server3/workspace/2026_industry_cowork/IsaacSim-ros_workspaces/humble_ws/install/isaac_compressed_image_decoder/share/isaac_compressed_image_decoder/hook/ament_prefix_path.dsv'
[0.307s] INFO:colcon.colcon_core.shell:Creating environment hook '/home/ciderlab-server3/workspace/2026_industry_cowork/IsaacSim-ros_workspaces/humble_ws/install/isaac_compressed_image_decoder/share/isaac_compressed_image_decoder/hook/ament_prefix_path.sh'
[0.307s] INFO:colcon.colcon_core.shell:Skip shell extension 'powershell' for command environment: Not usable outside of PowerShell
[0.307s] DEBUG:colcon.colcon_core.shell:Skip shell extension 'dsv' for command environment
[0.309s] INFO:colcon.colcon_ros.task.ament_python.build:Building ROS package in '/home/ciderlab-server3/workspace/2026_industry_cowork/IsaacSim-ros_workspaces/humble_ws/src/moveit/isaac_moveit' with build type 'ament_python'
[0.309s] Level 1:colcon.colcon_core.shell:create_environment_hook('isaac_moveit', 'ament_prefix_path')
[0.309s] INFO:colcon.colcon_core.shell:Creating environment hook '/home/ciderlab-server3/workspace/2026_industry_cowork/IsaacSim-ros_workspaces/humble_ws/install/isaac_moveit/share/isaac_moveit/hook/ament_prefix_path.ps1'
[0.310s] INFO:colcon.colcon_core.shell:Creating environment descriptor '/home/ciderlab-server3/workspace/2026_industry_cowork/IsaacSim-ros_workspaces/humble_ws/install/isaac_moveit/share/isaac_moveit/hook/ament_prefix_path.dsv'
[0.310s] INFO:colcon.colcon_core.shell:Creating environment hook '/home/ciderlab-server3/workspace/2026_industry_cowork/IsaacSim-ros_workspaces/humble_ws/install/isaac_moveit/share/isaac_moveit/hook/ament_prefix_path.sh'
[0.310s] INFO:colcon.colcon_core.shell:Skip shell extension 'powershell' for command environment: Not usable outside of PowerShell
[0.310s] DEBUG:colcon.colcon_core.shell:Skip shell extension 'dsv' for command environment
[0.312s] INFO:colcon.colcon_ros.task.ament_cmake.build:Building ROS package in '/home/ciderlab-server3/workspace/2026_industry_cowork/IsaacSim-ros_workspaces/humble_ws/src/isaac_ros2_messages' with build type 'ament_cmake'
[0.312s] INFO:colcon.colcon_cmake.task.cmake.build:Building CMake package in '/home/ciderlab-server3/workspace/2026_industry_cowork/IsaacSim-ros_workspaces/humble_ws/src/isaac_ros2_messages'
[0.312s] INFO:colcon.colcon_core.shell:Skip shell extension 'powershell' for command environment: Not usable outside of PowerShell
[0.312s] DEBUG:colcon.colcon_core.shell:Skip shell extension 'dsv' for command environment
[0.315s] INFO:colcon.colcon_ros.task.ament_python.build:Building ROS package in '/home/ciderlab-server3/workspace/2026_industry_cowork/IsaacSim-ros_workspaces/humble_ws/src/navigation/isaac_ros_navigation_goal' with build type 'ament_python'
[0.315s] Level 1:colcon.colcon_core.shell:create_environment_hook('isaac_ros_navigation_goal', 'ament_prefix_path')
[0.315s] INFO:colcon.colcon_core.shell:Creating environment hook '/home/ciderlab-server3/workspace/2026_industry_cowork/IsaacSim-ros_workspaces/humble_ws/install/isaac_ros_navigation_goal/share/isaac_ros_navigation_goal/hook/ament_prefix_path.ps1'
[0.315s] INFO:colcon.colcon_core.shell:Creating environment descriptor '/home/ciderlab-server3/workspace/2026_industry_cowork/IsaacSim-ros_workspaces/humble_ws/install/isaac_ros_navigation_goal/share/isaac_ros_navigation_goal/hook/ament_prefix_path.dsv'
[0.315s] INFO:colcon.colcon_core.shell:Creating environment hook '/home/ciderlab-server3/workspace/2026_industry_cowork/IsaacSim-ros_workspaces/humble_ws/install/isaac_ros_navigation_goal/share/isaac_ros_navigation_goal/hook/ament_prefix_path.sh'
[0.315s] INFO:colcon.colcon_core.shell:Skip shell extension 'powershell' for command environment: Not usable outside of PowerShell
[0.315s] DEBUG:colcon.colcon_core.shell:Skip shell extension 'dsv' for command environment
[0.318s] INFO:colcon.colcon_ros.task.ament_cmake.build:Building ROS package in '/home/ciderlab-server3/workspace/2026_industry_cowork/IsaacSim-ros_workspaces/humble_ws/src/isaac_tutorials' with build type 'ament_cmake'
[0.318s] INFO:colcon.colcon_cmake.task.cmake.build:Building CMake package in '/home/ciderlab-server3/workspace/2026_industry_cowork/IsaacSim-ros_workspaces/humble_ws/src/isaac_tutorials'
[0.318s] INFO:colcon.colcon_core.shell:Skip shell extension 'powershell' for command environment: Not usable outside of PowerShell
[0.318s] DEBUG:colcon.colcon_core.shell:Skip shell extension 'dsv' for command environment
[0.320s] INFO:colcon.colcon_ros.task.ament_python.build:Building ROS package in '/home/ciderlab-server3/workspace/2026_industry_cowork/IsaacSim-ros_workspaces/humble_ws/src/isaacsim_bringup' with build type 'ament_python'
[0.320s] Level 1:colcon.colcon_core.shell:create_environment_hook('isaacsim_bringup', 'ament_prefix_path')
[0.320s] INFO:colcon.colcon_core.shell:Creating environment hook '/home/ciderlab-server3/workspace/2026_industry_cowork/IsaacSim-ros_workspaces/humble_ws/install/isaacsim_bringup/share/isaacsim_bringup/hook/ament_prefix_path.ps1'
[0.320s] INFO:colcon.colcon_core.shell:Creating environment descriptor '/home/ciderlab-server3/workspace/2026_industry_cowork/IsaacSim-ros_workspaces/humble_ws/install/isaacsim_bringup/share/isaacsim_bringup/hook/ament_prefix_path.dsv'
[0.320s] INFO:colcon.colcon_core.shell:Creating environment hook '/home/ciderlab-server3/workspace/2026_industry_cowork/IsaacSim-ros_workspaces/humble_ws/install/isaacsim_bringup/share/isaacsim_bringup/hook/ament_prefix_path.sh'
[0.321s] INFO:colcon.colcon_core.shell:Skip shell extension 'powershell' for command environment: Not usable outside of PowerShell
[0.321s] DEBUG:colcon.colcon_core.shell:Skip shell extension 'dsv' for command environment
[0.323s] INFO:colcon.colcon_ros.task.ament_cmake.build:Building ROS package in '/home/ciderlab-server3/workspace/2026_industry_cowork/IsaacSim-ros_workspaces/humble_ws/src/navigation/isaacsim_clearpath_nav2' with build type 'ament_cmake'
[0.323s] INFO:colcon.colcon_cmake.task.cmake.build:Building CMake package in '/home/ciderlab-server3/workspace/2026_industry_cowork/IsaacSim-ros_workspaces/humble_ws/src/navigation/isaacsim_clearpath_nav2'
[0.323s] INFO:colcon.colcon_core.shell:Skip shell extension 'powershell' for command environment: Not usable outside of PowerShell
[0.323s] DEBUG:colcon.colcon_core.shell:Skip shell extension 'dsv' for command environment
[0.325s] INFO:colcon.colcon_ros.task.ament_cmake.build:Building ROS package in '/home/ciderlab-server3/workspace/2026_industry_cowork/IsaacSim-ros_workspaces/humble_ws/src/navigation/iw_hub_navigation' with build type 'ament_cmake'
[0.325s] INFO:colcon.colcon_cmake.task.cmake.build:Building CMake package in '/home/ciderlab-server3/workspace/2026_industry_cowork/IsaacSim-ros_workspaces/humble_ws/src/navigation/iw_hub_navigation'
[0.325s] INFO:colcon.colcon_core.shell:Skip shell extension 'powershell' for command environment: Not usable outside of PowerShell
[0.325s] DEBUG:colcon.colcon_core.shell:Skip shell extension 'dsv' for command environment
[0.330s] DEBUG:colcon.colcon_core.event_handler.log_command:Invoking command in '/home/ciderlab-server3/workspace/2026_industry_cowork/IsaacSim-ros_workspaces/humble_ws/build/turtlebot3_manipulation_description': CMAKE_PREFIX_PATH=${CMAKE_PREFIX_PATH}:/home/ciderlab-server3/workspace/2026_industry_cowork/IsaacSim-ros_workspaces/humble_ws/install/isaacsim_bringup:/home/ciderlab-server3/workspace/2026_industry_cowork/IsaacSim-ros_workspaces/humble_ws/install/isaac_ros_navigation_goal:/home/ciderlab-server3/workspace/2026_industry_cowork/IsaacSim-ros_workspaces/humble_ws/install/isaac_moveit:/home/ciderlab-server3/workspace/2026_industry_cowork/IsaacSim-ros_workspaces/humble_ws/install/isaac_compressed_image_decoder:/home/ciderlab-server3/workspace/2026_industry_cowork/IsaacSim-ros_workspaces/humble_ws/install/h1_fullbody_controller:/home/ciderlab-server3/workspace/2026_industry_cowork/IsaacSim-ros_workspaces/humble_ws/install/cmdvel_to_ackermann:/home/ciderlab-server3/turtlebot3_ws/install/turtlebot3_teleop:/home/ciderlab-server3/turtlebot3_ws/install/turtlebot3_example:/home/ciderlab-server3/turtlebot3_ws/install/turtlebot3_dqn:/home/ciderlab-server3/turtlebot3_ws/install/turtlebot3_home_service_challenge_core:/home/ciderlab-server3/turtlebot3_ws/install/turtlebot3_home_service_challenge_aruco:/opt/ros/humble /usr/bin/cmake --build /home/ciderlab-server3/workspace/2026_industry_cowork/IsaacSim-ros_workspaces/humble_ws/build/turtlebot3_manipulation_description -- -j24 -l24
[0.333s] DEBUG:colcon.colcon_core.event_handler.log_command:Invoking command in '/home/ciderlab-server3/workspace/2026_industry_cowork/IsaacSim-ros_workspaces/humble_ws/build/turtlebot3_manipulation_cartographer': CMAKE_PREFIX_PATH=${CMAKE_PREFIX_PATH}:/home/ciderlab-server3/workspace/2026_industry_cowork/IsaacSim-ros_workspaces/humble_ws/install/isaacsim_bringup:/home/ciderlab-server3/workspace/2026_industry_cowork/IsaacSim-ros_workspaces/humble_ws/install/isaac_ros_navigation_goal:/home/ciderlab-server3/workspace/2026_industry_cowork/IsaacSim-ros_workspaces/humble_ws/install/isaac_moveit:/home/ciderlab-server3/workspace/2026_industry_cowork/IsaacSim-ros_workspaces/humble_ws/install/isaac_compressed_image_decoder:/home/ciderlab-server3/workspace/2026_industry_cowork/IsaacSim-ros_workspaces/humble_ws/install/h1_fullbody_controller:/home/ciderlab-server3/workspace/2026_industry_cowork/IsaacSim-ros_workspaces/humble_ws/install/cmdvel_to_ackermann:/home/ciderlab-server3/turtlebot3_ws/install/turtlebot3_teleop:/home/ciderlab-server3/turtlebot3_ws/install/turtlebot3_example:/home/ciderlab-server3/turtlebot3_ws/install/turtlebot3_dqn:/home/ciderlab-server3/turtlebot3_ws/install/turtlebot3_home_service_challenge_core:/home/ciderlab-server3/turtlebot3_ws/install/turtlebot3_home_service_challenge_aruco:/opt/ros/humble /usr/bin/cmake --build /home/ciderlab-server3/workspace/2026_industry_cowork/IsaacSim-ros_workspaces/humble_ws/build/turtlebot3_manipulation_cartographer -- -j24 -l24
[0.334s] DEBUG:colcon.colcon_core.event_handler.log_command:Invoking command in '/home/ciderlab-server3/workspace/2026_industry_cowork/IsaacSim-ros_workspaces/humble_ws/build/turtlebot3_manipulation_hardware': CMAKE_PREFIX_PATH=${CMAKE_PREFIX_PATH}:/home/ciderlab-server3/workspace/2026_industry_cowork/IsaacSim-ros_workspaces/humble_ws/install/isaacsim_bringup:/home/ciderlab-server3/workspace/2026_industry_cowork/IsaacSim-ros_workspaces/humble_ws/install/isaac_ros_navigation_goal:/home/ciderlab-server3/workspace/2026_industry_cowork/IsaacSim-ros_workspaces/humble_ws/install/isaac_moveit:/home/ciderlab-server3/workspace/2026_industry_cowork/IsaacSim-ros_workspaces/humble_ws/install/isaac_compressed_image_decoder:/home/ciderlab-server3/workspace/2026_industry_cowork/IsaacSim-ros_workspaces/humble_ws/install/h1_fullbody_controller:/home/ciderlab-server3/workspace/2026_industry_cowork/IsaacSim-ros_workspaces/humble_ws/install/cmdvel_to_ackermann:/home/ciderlab-server3/turtlebot3_ws/install/turtlebot3_teleop:/home/ciderlab-server3/turtlebot3_ws/install/turtlebot3_example:/home/ciderlab-server3/turtlebot3_ws/install/turtlebot3_dqn:/home/ciderlab-server3/turtlebot3_ws/install/turtlebot3_home_service_challenge_core:/home/ciderlab-server3/turtlebot3_ws/install/turtlebot3_home_service_challenge_aruco:/opt/ros/humble /usr/bin/cmake --build /home/ciderlab-server3/workspace/2026_industry_cowork/IsaacSim-ros_workspaces/humble_ws/build/turtlebot3_manipulation_hardware -- -j24 -l24
[0.335s] DEBUG:colcon.colcon_core.event_handler.log_command:Invoking command in '/home/ciderlab-server3/workspace/2026_industry_cowork/IsaacSim-ros_workspaces/humble_ws/build/turtlebot3_manipulation_navigation2': CMAKE_PREFIX_PATH=${CMAKE_PREFIX_PATH}:/home/ciderlab-server3/workspace/2026_industry_cowork/IsaacSim-ros_workspaces/humble_ws/install/isaacsim_bringup:/home/ciderlab-server3/workspace/2026_industry_cowork/IsaacSim-ros_workspaces/humble_ws/install/isaac_ros_navigation_goal:/home/ciderlab-server3/workspace/2026_industry_cowork/IsaacSim-ros_workspaces/humble_ws/install/isaac_moveit:/home/ciderlab-server3/workspace/2026_industry_cowork/IsaacSim-ros_workspaces/humble_ws/install/isaac_compressed_image_decoder:/home/ciderlab-server3/workspace/2026_industry_cowork/IsaacSim-ros_workspaces/humble_ws/install/h1_fullbody_controller:/home/ciderlab-server3/workspace/2026_industry_cowork/IsaacSim-ros_workspaces/humble_ws/install/cmdvel_to_ackermann:/home/ciderlab-server3/turtlebot3_ws/install/turtlebot3_teleop:/home/ciderlab-server3/turtlebot3_ws/install/turtlebot3_example:/home/ciderlab-server3/turtlebot3_ws/install/turtlebot3_dqn:/home/ciderlab-server3/turtlebot3_ws/install/turtlebot3_home_service_challenge_core:/home/ciderlab-server3/turtlebot3_ws/install/turtlebot3_home_service_challenge_aruco:/opt/ros/humble /usr/bin/cmake --build /home/ciderlab-server3/workspace/2026_industry_cowork/IsaacSim-ros_workspaces/humble_ws/build/turtlebot3_manipulation_navigation2 -- -j24 -l24
[0.336s] DEBUG:colcon.colcon_core.event_handler.log_command:Invoking command in '/home/ciderlab-server3/workspace/2026_industry_cowork/IsaacSim-ros_workspaces/humble_ws/build/carter_navigation': CMAKE_PREFIX_PATH=${CMAKE_PREFIX_PATH}:/home/ciderlab-server3/workspace/2026_industry_cowork/IsaacSim-ros_workspaces/humble_ws/install/isaacsim_bringup:/home/ciderlab-server3/workspace/2026_industry_cowork/IsaacSim-ros_workspaces/humble_ws/install/isaac_ros_navigation_goal:/home/ciderlab-server3/workspace/2026_industry_cowork/IsaacSim-ros_workspaces/humble_ws/install/isaac_moveit:/home/ciderlab-server3/workspace/2026_industry_cowork/IsaacSim-ros_workspaces/humble_ws/install/isaac_compressed_image_decoder:/home/ciderlab-server3/workspace/2026_industry_cowork/IsaacSim-ros_workspaces/humble_ws/install/h1_fullbody_controller:/home/ciderlab-server3/workspace/2026_industry_cowork/IsaacSim-ros_workspaces/humble_ws/install/cmdvel_to_ackermann:/home/ciderlab-server3/turtlebot3_ws/install/turtlebot3_teleop:/home/ciderlab-server3/turtlebot3_ws/install/turtlebot3_example:/home/ciderlab-server3/turtlebot3_ws/install/turtlebot3_dqn:/home/ciderlab-server3/turtlebot3_ws/install/turtlebot3_home_service_challenge_core:/home/ciderlab-server3/turtlebot3_ws/install/turtlebot3_home_service_challenge_aruco:/opt/ros/humble /usr/bin/cmake --build /home/ciderlab-server3/workspace/2026_industry_cowork/IsaacSim-ros_workspaces/humble_ws/build/carter_navigation -- -j24 -l24
[0.448s] INFO:colcon.colcon_core.task.python.build:Building Python package in '/home/ciderlab-server3/workspace/2026_industry_cowork/IsaacSim-ros_workspaces/humble_ws/src/ackermann_control/cmdvel_to_ackermann'
[0.448s] INFO:colcon.colcon_core.shell:Skip shell extension 'powershell' for command environment: Not usable outside of PowerShell
[0.448s] DEBUG:colcon.colcon_core.shell:Skip shell extension 'dsv' for command environment
[0.454s] DEBUG:colcon.colcon_core.event_handler.log_command:Invoking command in '/home/ciderlab-server3/workspace/2026_industry_cowork/IsaacSim-ros_workspaces/humble_ws/build/custom_message': CMAKE_PREFIX_PATH=${CMAKE_PREFIX_PATH}:/home/ciderlab-server3/workspace/2026_industry_cowork/IsaacSim-ros_workspaces/humble_ws/install/isaacsim_bringup:/home/ciderlab-server3/workspace/2026_industry_cowork/IsaacSim-ros_workspaces/humble_ws/install/isaac_ros_navigation_goal:/home/ciderlab-server3/workspace/2026_industry_cowork/IsaacSim-ros_workspaces/humble_ws/install/isaac_moveit:/home/ciderlab-server3/workspace/2026_industry_cowork/IsaacSim-ros_workspaces/humble_ws/install/isaac_compressed_image_decoder:/home/ciderlab-server3/workspace/2026_industry_cowork/IsaacSim-ros_workspaces/humble_ws/install/h1_fullbody_controller:/home/ciderlab-server3/workspace/2026_industry_cowork/IsaacSim-ros_workspaces/humble_ws/install/cmdvel_to_ackermann:/home/ciderlab-server3/turtlebot3_ws/install/turtlebot3_teleop:/home/ciderlab-server3/turtlebot3_ws/install/turtlebot3_example:/home/ciderlab-server3/turtlebot3_ws/install/turtlebot3_dqn:/home/ciderlab-server3/turtlebot3_ws/install/turtlebot3_home_service_challenge_core:/home/ciderlab-server3/turtlebot3_ws/install/turtlebot3_home_service_challenge_aruco:/opt/ros/humble /usr/bin/cmake --build /home/ciderlab-server3/workspace/2026_industry_cowork/IsaacSim-ros_workspaces/humble_ws/build/custom_message -- -j24 -l24
[0.457s] DEBUG:colcon.colcon_core.event_handler.log_command:Invoking command in '/home/ciderlab-server3/workspace/2026_industry_cowork/IsaacSim-ros_workspaces/humble_ws/build/custom_nav2_bt_plugins': CMAKE_PREFIX_PATH=${CMAKE_PREFIX_PATH}:/home/ciderlab-server3/workspace/2026_industry_cowork/IsaacSim-ros_workspaces/humble_ws/install/isaacsim_bringup:/home/ciderlab-server3/workspace/2026_industry_cowork/IsaacSim-ros_workspaces/humble_ws/install/isaac_ros_navigation_goal:/home/ciderlab-server3/workspace/2026_industry_cowork/IsaacSim-ros_workspaces/humble_ws/install/isaac_moveit:/home/ciderlab-server3/workspace/2026_industry_cowork/IsaacSim-ros_workspaces/humble_ws/install/isaac_compressed_image_decoder:/home/ciderlab-server3/workspace/2026_industry_cowork/IsaacSim-ros_workspaces/humble_ws/install/h1_fullbody_controller:/home/ciderlab-server3/workspace/2026_industry_cowork/IsaacSim-ros_workspaces/humble_ws/install/cmdvel_to_ackermann:/home/ciderlab-server3/turtlebot3_ws/install/turtlebot3_teleop:/home/ciderlab-server3/turtlebot3_ws/install/turtlebot3_example:/home/ciderlab-server3/turtlebot3_ws/install/turtlebot3_dqn:/home/ciderlab-server3/turtlebot3_ws/install/turtlebot3_home_service_challenge_core:/home/ciderlab-server3/turtlebot3_ws/install/turtlebot3_home_service_challenge_aruco:/opt/ros/humble /usr/bin/cmake /home/ciderlab-server3/workspace/2026_industry_cowork/IsaacSim-ros_workspaces/humble_ws/src/custom_nav2_bt_plugins -DCMAKE_INSTALL_PREFIX=/home/ciderlab-server3/workspace/2026_industry_cowork/IsaacSim-ros_workspaces/humble_ws/install/custom_nav2_bt_plugins
[0.577s] INFO:colcon.colcon_core.task.python.build:Building Python package in '/home/ciderlab-server3/workspace/2026_industry_cowork/IsaacSim-ros_workspaces/humble_ws/src/humanoid_locomotion_policy_example/h1_fullbody_controller'
[0.577s] INFO:colcon.colcon_core.shell:Skip shell extension 'powershell' for command environment: Not usable outside of PowerShell
[0.577s] DEBUG:colcon.colcon_core.shell:Skip shell extension 'dsv' for command environment
[0.694s] INFO:colcon.colcon_core.task.python.build:Building Python package in '/home/ciderlab-server3/workspace/2026_industry_cowork/IsaacSim-ros_workspaces/humble_ws/src/isaac_compressed_image_decoder'
[0.694s] INFO:colcon.colcon_core.shell:Skip shell extension 'powershell' for command environment: Not usable outside of PowerShell
[0.694s] DEBUG:colcon.colcon_core.shell:Skip shell extension 'dsv' for command environment
[0.812s] INFO:colcon.colcon_core.task.python.build:Building Python package in '/home/ciderlab-server3/workspace/2026_industry_cowork/IsaacSim-ros_workspaces/humble_ws/src/moveit/isaac_moveit'
[0.812s] INFO:colcon.colcon_core.shell:Skip shell extension 'powershell' for command environment: Not usable outside of PowerShell
[0.812s] DEBUG:colcon.colcon_core.shell:Skip shell extension 'dsv' for command environment
[0.818s] DEBUG:colcon.colcon_core.event_handler.log_command:Invoking command in '/home/ciderlab-server3/workspace/2026_industry_cowork/IsaacSim-ros_workspaces/humble_ws/build/isaac_ros2_messages': CMAKE_PREFIX_PATH=${CMAKE_PREFIX_PATH}:/home/ciderlab-server3/workspace/2026_industry_cowork/IsaacSim-ros_workspaces/humble_ws/install/isaacsim_bringup:/home/ciderlab-server3/workspace/2026_industry_cowork/IsaacSim-ros_workspaces/humble_ws/install/isaac_ros_navigation_goal:/home/ciderlab-server3/workspace/2026_industry_cowork/IsaacSim-ros_workspaces/humble_ws/install/isaac_moveit:/home/ciderlab-server3/workspace/2026_industry_cowork/IsaacSim-ros_workspaces/humble_ws/install/isaac_compressed_image_decoder:/home/ciderlab-server3/workspace/2026_industry_cowork/IsaacSim-ros_workspaces/humble_ws/install/h1_fullbody_controller:/home/ciderlab-server3/workspace/2026_industry_cowork/IsaacSim-ros_workspaces/humble_ws/install/cmdvel_to_ackermann:/home/ciderlab-server3/turtlebot3_ws/install/turtlebot3_teleop:/home/ciderlab-server3/turtlebot3_ws/install/turtlebot3_example:/home/ciderlab-server3/turtlebot3_ws/install/turtlebot3_dqn:/home/ciderlab-server3/turtlebot3_ws/install/turtlebot3_home_service_challenge_core:/home/ciderlab-server3/turtlebot3_ws/install/turtlebot3_home_service_challenge_aruco:/opt/ros/humble /usr/bin/cmake --build /home/ciderlab-server3/workspace/2026_industry_cowork/IsaacSim-ros_workspaces/humble_ws/build/isaac_ros2_messages -- -j24 -l24
[0.927s] INFO:colcon.colcon_core.task.python.build:Building Python package in '/home/ciderlab-server3/workspace/2026_industry_cowork/IsaacSim-ros_workspaces/humble_ws/src/navigation/isaac_ros_navigation_goal'
[0.927s] INFO:colcon.colcon_core.shell:Skip shell extension 'powershell' for command environment: Not usable outside of PowerShell
[0.927s] DEBUG:colcon.colcon_core.shell:Skip shell extension 'dsv' for command environment
[0.931s] DEBUG:colcon.colcon_core.event_handler.log_command:Invoking command in '/home/ciderlab-server3/workspace/2026_industry_cowork/IsaacSim-ros_workspaces/humble_ws/build/isaac_tutorials': CMAKE_PREFIX_PATH=${CMAKE_PREFIX_PATH}:/home/ciderlab-server3/workspace/2026_industry_cowork/IsaacSim-ros_workspaces/humble_ws/install/isaacsim_bringup:/home/ciderlab-server3/workspace/2026_industry_cowork/IsaacSim-ros_workspaces/humble_ws/install/isaac_ros_navigation_goal:/home/ciderlab-server3/workspace/2026_industry_cowork/IsaacSim-ros_workspaces/humble_ws/install/isaac_moveit:/home/ciderlab-server3/workspace/2026_industry_cowork/IsaacSim-ros_workspaces/humble_ws/install/isaac_compressed_image_decoder:/home/ciderlab-server3/workspace/2026_industry_cowork/IsaacSim-ros_workspaces/humble_ws/install/h1_fullbody_controller:/home/ciderlab-server3/workspace/2026_industry_cowork/IsaacSim-ros_workspaces/humble_ws/install/cmdvel_to_ackermann:/home/ciderlab-server3/turtlebot3_ws/install/turtlebot3_teleop:/home/ciderlab-server3/turtlebot3_ws/install/turtlebot3_example:/home/ciderlab-server3/turtlebot3_ws/install/turtlebot3_dqn:/home/ciderlab-server3/turtlebot3_ws/install/turtlebot3_home_service_challenge_core:/home/ciderlab-server3/turtlebot3_ws/install/turtlebot3_home_service_challenge_aruco:/opt/ros/humble /usr/bin/cmake --build /home/ciderlab-server3/workspace/2026_industry_cowork/IsaacSim-ros_workspaces/humble_ws/build/isaac_tutorials -- -j24 -l24
[1.042s] INFO:colcon.colcon_core.task.python.build:Building Python package in '/home/ciderlab-server3/workspace/2026_industry_cowork/IsaacSim-ros_workspaces/humble_ws/src/isaacsim_bringup'
[1.042s] INFO:colcon.colcon_core.shell:Skip shell extension 'powershell' for command environment: Not usable outside of PowerShell
[1.042s] DEBUG:colcon.colcon_core.shell:Skip shell extension 'dsv' for command environment
[1.047s] DEBUG:colcon.colcon_core.event_handler.log_command:Invoking command in '/home/ciderlab-server3/workspace/2026_industry_cowork/IsaacSim-ros_workspaces/humble_ws/build/isaacsim_clearpath_nav2': CMAKE_PREFIX_PATH=${CMAKE_PREFIX_PATH}:/home/ciderlab-server3/workspace/2026_industry_cowork/IsaacSim-ros_workspaces/humble_ws/install/isaacsim_bringup:/home/ciderlab-server3/workspace/2026_industry_cowork/IsaacSim-ros_workspaces/humble_ws/install/isaac_ros_navigation_goal:/home/ciderlab-server3/workspace/2026_industry_cowork/IsaacSim-ros_workspaces/humble_ws/install/isaac_moveit:/home/ciderlab-server3/workspace/2026_industry_cowork/IsaacSim-ros_workspaces/humble_ws/install/isaac_compressed_image_decoder:/home/ciderlab-server3/workspace/2026_industry_cowork/IsaacSim-ros_workspaces/humble_ws/install/h1_fullbody_controller:/home/ciderlab-server3/workspace/2026_industry_cowork/IsaacSim-ros_workspaces/humble_ws/install/cmdvel_to_ackermann:/home/ciderlab-server3/turtlebot3_ws/install/turtlebot3_teleop:/home/ciderlab-server3/turtlebot3_ws/install/turtlebot3_example:/home/ciderlab-server3/turtlebot3_ws/install/turtlebot3_dqn:/home/ciderlab-server3/turtlebot3_ws/install/turtlebot3_home_service_challenge_core:/home/ciderlab-server3/turtlebot3_ws/install/turtlebot3_home_service_challenge_aruco:/opt/ros/humble /usr/bin/cmake --build /home/ciderlab-server3/workspace/2026_industry_cowork/IsaacSim-ros_workspaces/humble_ws/build/isaacsim_clearpath_nav2 -- -j24 -l24
[1.064s] DEBUG:colcon.colcon_core.event_handler.log_command:Invoked command in '/home/ciderlab-server3/workspace/2026_industry_cowork/IsaacSim-ros_workspaces/humble_ws/build/turtlebot3_manipulation_navigation2' returned '0': CMAKE_PREFIX_PATH=${CMAKE_PREFIX_PATH}:/home/ciderlab-server3/workspace/2026_industry_cowork/IsaacSim-ros_workspaces/humble_ws/install/isaacsim_bringup:/home/ciderlab-server3/workspace/2026_industry_cowork/IsaacSim-ros_workspaces/humble_ws/install/isaac_ros_navigation_goal:/home/ciderlab-server3/workspace/2026_industry_cowork/IsaacSim-ros_workspaces/humble_ws/install/isaac_moveit:/home/ciderlab-server3/workspace/2026_industry_cowork/IsaacSim-ros_workspaces/humble_ws/install/isaac_compressed_image_decoder:/home/ciderlab-server3/workspace/2026_industry_cowork/IsaacSim-ros_workspaces/humble_ws/install/h1_fullbody_controller:/home/ciderlab-server3/workspace/2026_industry_cowork/IsaacSim-ros_workspaces/humble_ws/install/cmdvel_to_ackermann:/home/ciderlab-server3/turtlebot3_ws/install/turtlebot3_teleop:/home/ciderlab-server3/turtlebot3_ws/install/turtlebot3_example:/home/ciderlab-server3/turtlebot3_ws/install/turtlebot3_dqn:/home/ciderlab-server3/turtlebot3_ws/install/turtlebot3_home_service_challenge_core:/home/ciderlab-server3/turtlebot3_ws/install/turtlebot3_home_service_challenge_aruco:/opt/ros/humble /usr/bin/cmake --build /home/ciderlab-server3/workspace/2026_industry_cowork/IsaacSim-ros_workspaces/humble_ws/build/turtlebot3_manipulation_navigation2 -- -j24 -l24
[1.066s] DEBUG:colcon.colcon_core.event_handler.log_command:Invoking command in '/home/ciderlab-server3/workspace/2026_industry_cowork/IsaacSim-ros_workspaces/humble_ws/build/turtlebot3_manipulation_navigation2': CMAKE_PREFIX_PATH=${CMAKE_PREFIX_PATH}:/home/ciderlab-server3/workspace/2026_industry_cowork/IsaacSim-ros_workspaces/humble_ws/install/isaacsim_bringup:/home/ciderlab-server3/workspace/2026_industry_cowork/IsaacSim-ros_workspaces/humble_ws/install/isaac_ros_navigation_goal:/home/ciderlab-server3/workspace/2026_industry_cowork/IsaacSim-ros_workspaces/humble_ws/install/isaac_moveit:/home/ciderlab-server3/workspace/2026_industry_cowork/IsaacSim-ros_workspaces/humble_ws/install/isaac_compressed_image_decoder:/home/ciderlab-server3/workspace/2026_industry_cowork/IsaacSim-ros_workspaces/humble_ws/install/h1_fullbody_controller:/home/ciderlab-server3/workspace/2026_industry_cowork/IsaacSim-ros_workspaces/humble_ws/install/cmdvel_to_ackermann:/home/ciderlab-server3/turtlebot3_ws/install/turtlebot3_teleop:/home/ciderlab-server3/turtlebot3_ws/install/turtlebot3_example:/home/ciderlab-server3/turtlebot3_ws/install/turtlebot3_dqn:/home/ciderlab-server3/turtlebot3_ws/install/turtlebot3_home_service_challenge_core:/home/ciderlab-server3/turtlebot3_ws/install/turtlebot3_home_service_challenge_aruco:/opt/ros/humble /usr/bin/cmake --install /home/ciderlab-server3/workspace/2026_industry_cowork/IsaacSim-ros_workspaces/humble_ws/build/turtlebot3_manipulation_navigation2
[1.067s] DEBUG:colcon.colcon_core.event_handler.log_command:Invoked command in '/home/ciderlab-server3/workspace/2026_industry_cowork/IsaacSim-ros_workspaces/humble_ws/build/carter_navigation' returned '0': CMAKE_PREFIX_PATH=${CMAKE_PREFIX_PATH}:/home/ciderlab-server3/workspace/2026_industry_cowork/IsaacSim-ros_workspaces/humble_ws/install/isaacsim_bringup:/home/ciderlab-server3/workspace/2026_industry_cowork/IsaacSim-ros_workspaces/humble_ws/install/isaac_ros_navigation_goal:/home/ciderlab-server3/workspace/2026_industry_cowork/IsaacSim-ros_workspaces/humble_ws/install/isaac_moveit:/home/ciderlab-server3/workspace/2026_industry_cowork/IsaacSim-ros_workspaces/humble_ws/install/isaac_compressed_image_decoder:/home/ciderlab-server3/workspace/2026_industry_cowork/IsaacSim-ros_workspaces/humble_ws/install/h1_fullbody_controller:/home/ciderlab-server3/workspace/2026_industry_cowork/IsaacSim-ros_workspaces/humble_ws/install/cmdvel_to_ackermann:/home/ciderlab-server3/turtlebot3_ws/install/turtlebot3_teleop:/home/ciderlab-server3/turtlebot3_ws/install/turtlebot3_example:/home/ciderlab-server3/turtlebot3_ws/install/turtlebot3_dqn:/home/ciderlab-server3/turtlebot3_ws/install/turtlebot3_home_service_challenge_core:/home/ciderlab-server3/turtlebot3_ws/install/turtlebot3_home_service_challenge_aruco:/opt/ros/humble /usr/bin/cmake --build /home/ciderlab-server3/workspace/2026_industry_cowork/IsaacSim-ros_workspaces/humble_ws/build/carter_navigation -- -j24 -l24
[1.068s] DEBUG:colcon.colcon_core.event_handler.log_command:Invoking command in '/home/ciderlab-server3/workspace/2026_industry_cowork/IsaacSim-ros_workspaces/humble_ws/build/carter_navigation': CMAKE_PREFIX_PATH=${CMAKE_PREFIX_PATH}:/home/ciderlab-server3/workspace/2026_industry_cowork/IsaacSim-ros_workspaces/humble_ws/install/isaacsim_bringup:/home/ciderlab-server3/workspace/2026_industry_cowork/IsaacSim-ros_workspaces/humble_ws/install/isaac_ros_navigation_goal:/home/ciderlab-server3/workspace/2026_industry_cowork/IsaacSim-ros_workspaces/humble_ws/install/isaac_moveit:/home/ciderlab-server3/workspace/2026_industry_cowork/IsaacSim-ros_workspaces/humble_ws/install/isaac_compressed_image_decoder:/home/ciderlab-server3/workspace/2026_industry_cowork/IsaacSim-ros_workspaces/humble_ws/install/h1_fullbody_controller:/home/ciderlab-server3/workspace/2026_industry_cowork/IsaacSim-ros_workspaces/humble_ws/install/cmdvel_to_ackermann:/home/ciderlab-server3/turtlebot3_ws/install/turtlebot3_teleop:/home/ciderlab-server3/turtlebot3_ws/install/turtlebot3_example:/home/ciderlab-server3/turtlebot3_ws/install/turtlebot3_dqn:/home/ciderlab-server3/turtlebot3_ws/install/turtlebot3_home_service_challenge_core:/home/ciderlab-server3/turtlebot3_ws/install/turtlebot3_home_service_challenge_aruco:/opt/ros/humble /usr/bin/cmake --install /home/ciderlab-server3/workspace/2026_industry_cowork/IsaacSim-ros_workspaces/humble_ws/build/carter_navigation
[1.068s] DEBUG:colcon.colcon_core.event_handler.log_command:Invoked command in '/home/ciderlab-server3/workspace/2026_industry_cowork/IsaacSim-ros_workspaces/humble_ws/build/turtlebot3_manipulation_hardware' returned '0': CMAKE_PREFIX_PATH=${CMAKE_PREFIX_PATH}:/home/ciderlab-server3/workspace/2026_industry_cowork/IsaacSim-ros_workspaces/humble_ws/install/isaacsim_bringup:/home/ciderlab-server3/workspace/2026_industry_cowork/IsaacSim-ros_workspaces/humble_ws/install/isaac_ros_navigation_goal:/home/ciderlab-server3/workspace/2026_industry_cowork/IsaacSim-ros_workspaces/humble_ws/install/isaac_moveit:/home/ciderlab-server3/workspace/2026_industry_cowork/IsaacSim-ros_workspaces/humble_ws/install/isaac_compressed_image_decoder:/home/ciderlab-server3/workspace/2026_industry_cowork/IsaacSim-ros_workspaces/humble_ws/install/h1_fullbody_controller:/home/ciderlab-server3/workspace/2026_industry_cowork/IsaacSim-ros_workspaces/humble_ws/install/cmdvel_to_ackermann:/home/ciderlab-server3/turtlebot3_ws/install/turtlebot3_teleop:/home/ciderlab-server3/turtlebot3_ws/install/turtlebot3_example:/home/ciderlab-server3/turtlebot3_ws/install/turtlebot3_dqn:/home/ciderlab-server3/turtlebot3_ws/install/turtlebot3_home_service_challenge_core:/home/ciderlab-server3/turtlebot3_ws/install/turtlebot3_home_service_challenge_aruco:/opt/ros/humble /usr/bin/cmake --build /home/ciderlab-server3/workspace/2026_industry_cowork/IsaacSim-ros_workspaces/humble_ws/build/turtlebot3_manipulation_hardware -- -j24 -l24
[1.069s] DEBUG:colcon.colcon_core.event_handler.log_command:Invoking command in '/home/ciderlab-server3/workspace/2026_industry_cowork/IsaacSim-ros_workspaces/humble_ws/build/turtlebot3_manipulation_hardware': CMAKE_PREFIX_PATH=${CMAKE_PREFIX_PATH}:/home/ciderlab-server3/workspace/2026_industry_cowork/IsaacSim-ros_workspaces/humble_ws/install/isaacsim_bringup:/home/ciderlab-server3/workspace/2026_industry_cowork/IsaacSim-ros_workspaces/humble_ws/install/isaac_ros_navigation_goal:/home/ciderlab-server3/workspace/2026_industry_cowork/IsaacSim-ros_workspaces/humble_ws/install/isaac_moveit:/home/ciderlab-server3/workspace/2026_industry_cowork/IsaacSim-ros_workspaces/humble_ws/install/isaac_compressed_image_decoder:/home/ciderlab-server3/workspace/2026_industry_cowork/IsaacSim-ros_workspaces/humble_ws/install/h1_fullbody_controller:/home/ciderlab-server3/workspace/2026_industry_cowork/IsaacSim-ros_workspaces/humble_ws/install/cmdvel_to_ackermann:/home/ciderlab-server3/turtlebot3_ws/install/turtlebot3_teleop:/home/ciderlab-server3/turtlebot3_ws/install/turtlebot3_example:/home/ciderlab-server3/turtlebot3_ws/install/turtlebot3_dqn:/home/ciderlab-server3/turtlebot3_ws/install/turtlebot3_home_service_challenge_core:/home/ciderlab-server3/turtlebot3_ws/install/turtlebot3_home_service_challenge_aruco:/opt/ros/humble /usr/bin/cmake --install /home/ciderlab-server3/workspace/2026_industry_cowork/IsaacSim-ros_workspaces/humble_ws/build/turtlebot3_manipulation_hardware
[1.071s] DEBUG:colcon.colcon_core.event_handler.log_command:Invoking command in '/home/ciderlab-server3/workspace/2026_industry_cowork/IsaacSim-ros_workspaces/humble_ws/build/iw_hub_navigation': CMAKE_PREFIX_PATH=${CMAKE_PREFIX_PATH}:/home/ciderlab-server3/workspace/2026_industry_cowork/IsaacSim-ros_workspaces/humble_ws/install/isaacsim_bringup:/home/ciderlab-server3/workspace/2026_industry_cowork/IsaacSim-ros_workspaces/humble_ws/install/isaac_ros_navigation_goal:/home/ciderlab-server3/workspace/2026_industry_cowork/IsaacSim-ros_workspaces/humble_ws/install/isaac_moveit:/home/ciderlab-server3/workspace/2026_industry_cowork/IsaacSim-ros_workspaces/humble_ws/install/isaac_compressed_image_decoder:/home/ciderlab-server3/workspace/2026_industry_cowork/IsaacSim-ros_workspaces/humble_ws/install/h1_fullbody_controller:/home/ciderlab-server3/workspace/2026_industry_cowork/IsaacSim-ros_workspaces/humble_ws/install/cmdvel_to_ackermann:/home/ciderlab-server3/turtlebot3_ws/install/turtlebot3_teleop:/home/ciderlab-server3/turtlebot3_ws/install/turtlebot3_example:/home/ciderlab-server3/turtlebot3_ws/install/turtlebot3_dqn:/home/ciderlab-server3/turtlebot3_ws/install/turtlebot3_home_service_challenge_core:/home/ciderlab-server3/turtlebot3_ws/install/turtlebot3_home_service_challenge_aruco:/opt/ros/humble /usr/bin/cmake --build /home/ciderlab-server3/workspace/2026_industry_cowork/IsaacSim-ros_workspaces/humble_ws/build/iw_hub_navigation -- -j24 -l24
[1.071s] DEBUG:colcon.colcon_core.event_handler.log_command:Invoked command in '/home/ciderlab-server3/workspace/2026_industry_cowork/IsaacSim-ros_workspaces/humble_ws/build/turtlebot3_manipulation_cartographer' returned '0': CMAKE_PREFIX_PATH=${CMAKE_PREFIX_PATH}:/home/ciderlab-server3/workspace/2026_industry_cowork/IsaacSim-ros_workspaces/humble_ws/install/isaacsim_bringup:/home/ciderlab-server3/workspace/2026_industry_cowork/IsaacSim-ros_workspaces/humble_ws/install/isaac_ros_navigation_goal:/home/ciderlab-server3/workspace/2026_industry_cowork/IsaacSim-ros_workspaces/humble_ws/install/isaac_moveit:/home/ciderlab-server3/workspace/2026_industry_cowork/IsaacSim-ros_workspaces/humble_ws/install/isaac_compressed_image_decoder:/home/ciderlab-server3/workspace/2026_industry_cowork/IsaacSim-ros_workspaces/humble_ws/install/h1_fullbody_controller:/home/ciderlab-server3/workspace/2026_industry_cowork/IsaacSim-ros_workspaces/humble_ws/install/cmdvel_to_ackermann:/home/ciderlab-server3/turtlebot3_ws/install/turtlebot3_teleop:/home/ciderlab-server3/turtlebot3_ws/install/turtlebot3_example:/home/ciderlab-server3/turtlebot3_ws/install/turtlebot3_dqn:/home/ciderlab-server3/turtlebot3_ws/install/turtlebot3_home_service_challenge_core:/home/ciderlab-server3/turtlebot3_ws/install/turtlebot3_home_service_challenge_aruco:/opt/ros/humble /usr/bin/cmake --build /home/ciderlab-server3/workspace/2026_industry_cowork/IsaacSim-ros_workspaces/humble_ws/build/turtlebot3_manipulation_cartographer -- -j24 -l24
[1.072s] DEBUG:colcon.colcon_core.event_handler.log_command:Invoking command in '/home/ciderlab-server3/workspace/2026_industry_cowork/IsaacSim-ros_workspaces/humble_ws/build/turtlebot3_manipulation_cartographer': CMAKE_PREFIX_PATH=${CMAKE_PREFIX_PATH}:/home/ciderlab-server3/workspace/2026_industry_cowork/IsaacSim-ros_workspaces/humble_ws/install/isaacsim_bringup:/home/ciderlab-server3/workspace/2026_industry_cowork/IsaacSim-ros_workspaces/humble_ws/install/isaac_ros_navigation_goal:/home/ciderlab-server3/workspace/2026_industry_cowork/IsaacSim-ros_workspaces/humble_ws/install/isaac_moveit:/home/ciderlab-server3/workspace/2026_industry_cowork/IsaacSim-ros_workspaces/humble_ws/install/isaac_compressed_image_decoder:/home/ciderlab-server3/workspace/2026_industry_cowork/IsaacSim-ros_workspaces/humble_ws/install/h1_fullbody_controller:/home/ciderlab-server3/workspace/2026_industry_cowork/IsaacSim-ros_workspaces/humble_ws/install/cmdvel_to_ackermann:/home/ciderlab-server3/turtlebot3_ws/install/turtlebot3_teleop:/home/ciderlab-server3/turtlebot3_ws/install/turtlebot3_example:/home/ciderlab-server3/turtlebot3_ws/install/turtlebot3_dqn:/home/ciderlab-server3/turtlebot3_ws/install/turtlebot3_home_service_challenge_core:/home/ciderlab-server3/turtlebot3_ws/install/turtlebot3_home_service_challenge_aruco:/opt/ros/humble /usr/bin/cmake --install /home/ciderlab-server3/workspace/2026_industry_cowork/IsaacSim-ros_workspaces/humble_ws/build/turtlebot3_manipulation_cartographer
[1.072s] DEBUG:colcon.colcon_core.event_handler.log_command:Invoked command in '/home/ciderlab-server3/workspace/2026_industry_cowork/IsaacSim-ros_workspaces/humble_ws/build/custom_message' returned '0': CMAKE_PREFIX_PATH=${CMAKE_PREFIX_PATH}:/home/ciderlab-server3/workspace/2026_industry_cowork/IsaacSim-ros_workspaces/humble_ws/install/isaacsim_bringup:/home/ciderlab-server3/workspace/2026_industry_cowork/IsaacSim-ros_workspaces/humble_ws/install/isaac_ros_navigation_goal:/home/ciderlab-server3/workspace/2026_industry_cowork/IsaacSim-ros_workspaces/humble_ws/install/isaac_moveit:/home/ciderlab-server3/workspace/2026_industry_cowork/IsaacSim-ros_workspaces/humble_ws/install/isaac_compressed_image_decoder:/home/ciderlab-server3/workspace/2026_industry_cowork/IsaacSim-ros_workspaces/humble_ws/install/h1_fullbody_controller:/home/ciderlab-server3/workspace/2026_industry_cowork/IsaacSim-ros_workspaces/humble_ws/install/cmdvel_to_ackermann:/home/ciderlab-server3/turtlebot3_ws/install/turtlebot3_teleop:/home/ciderlab-server3/turtlebot3_ws/install/turtlebot3_example:/home/ciderlab-server3/turtlebot3_ws/install/turtlebot3_dqn:/home/ciderlab-server3/turtlebot3_ws/install/turtlebot3_home_service_challenge_core:/home/ciderlab-server3/turtlebot3_ws/install/turtlebot3_home_service_challenge_aruco:/opt/ros/humble /usr/bin/cmake --build /home/ciderlab-server3/workspace/2026_industry_cowork/IsaacSim-ros_workspaces/humble_ws/build/custom_message -- -j24 -l24
[1.073s] DEBUG:colcon.colcon_core.event_handler.log_command:Invoking command in '/home/ciderlab-server3/workspace/2026_industry_cowork/IsaacSim-ros_workspaces/humble_ws/build/custom_message': CMAKE_PREFIX_PATH=${CMAKE_PREFIX_PATH}:/home/ciderlab-server3/workspace/2026_industry_cowork/IsaacSim-ros_workspaces/humble_ws/install/isaacsim_bringup:/home/ciderlab-server3/workspace/2026_industry_cowork/IsaacSim-ros_workspaces/humble_ws/install/isaac_ros_navigation_goal:/home/ciderlab-server3/workspace/2026_industry_cowork/IsaacSim-ros_workspaces/humble_ws/install/isaac_moveit:/home/ciderlab-server3/workspace/2026_industry_cowork/IsaacSim-ros_workspaces/humble_ws/install/isaac_compressed_image_decoder:/home/ciderlab-server3/workspace/2026_industry_cowork/IsaacSim-ros_workspaces/humble_ws/install/h1_fullbody_controller:/home/ciderlab-server3/workspace/2026_industry_cowork/IsaacSim-ros_workspaces/humble_ws/install/cmdvel_to_ackermann:/home/ciderlab-server3/turtlebot3_ws/install/turtlebot3_teleop:/home/ciderlab-server3/turtlebot3_ws/install/turtlebot3_example:/home/ciderlab-server3/turtlebot3_ws/install/turtlebot3_dqn:/home/ciderlab-server3/turtlebot3_ws/install/turtlebot3_home_service_challenge_core:/home/ciderlab-server3/turtlebot3_ws/install/turtlebot3_home_service_challenge_aruco:/opt/ros/humble /usr/bin/cmake --install /home/ciderlab-server3/workspace/2026_industry_cowork/IsaacSim-ros_workspaces/humble_ws/build/custom_message
[1.073s] DEBUG:colcon.colcon_core.event_handler.log_command:Invoked command in '/home/ciderlab-server3/workspace/2026_industry_cowork/IsaacSim-ros_workspaces/humble_ws/build/isaac_ros2_messages' returned '0': CMAKE_PREFIX_PATH=${CMAKE_PREFIX_PATH}:/home/ciderlab-server3/workspace/2026_industry_cowork/IsaacSim-ros_workspaces/humble_ws/install/isaacsim_bringup:/home/ciderlab-server3/workspace/2026_industry_cowork/IsaacSim-ros_workspaces/humble_ws/install/isaac_ros_navigation_goal:/home/ciderlab-server3/workspace/2026_industry_cowork/IsaacSim-ros_workspaces/humble_ws/install/isaac_moveit:/home/ciderlab-server3/workspace/2026_industry_cowork/IsaacSim-ros_workspaces/humble_ws/install/isaac_compressed_image_decoder:/home/ciderlab-server3/workspace/2026_industry_cowork/IsaacSim-ros_workspaces/humble_ws/install/h1_fullbody_controller:/home/ciderlab-server3/workspace/2026_industry_cowork/IsaacSim-ros_workspaces/humble_ws/install/cmdvel_to_ackermann:/home/ciderlab-server3/turtlebot3_ws/install/turtlebot3_teleop:/home/ciderlab-server3/turtlebot3_ws/install/turtlebot3_example:/home/ciderlab-server3/turtlebot3_ws/install/turtlebot3_dqn:/home/ciderlab-server3/turtlebot3_ws/install/turtlebot3_home_service_challenge_core:/home/ciderlab-server3/turtlebot3_ws/install/turtlebot3_home_service_challenge_aruco:/opt/ros/humble /usr/bin/cmake --build /home/ciderlab-server3/workspace/2026_industry_cowork/IsaacSim-ros_workspaces/humble_ws/build/isaac_ros2_messages -- -j24 -l24
[1.075s] DEBUG:colcon.colcon_core.event_handler.log_command:Invoking command in '/home/ciderlab-server3/workspace/2026_industry_cowork/IsaacSim-ros_workspaces/humble_ws/build/isaac_ros2_messages': CMAKE_PREFIX_PATH=${CMAKE_PREFIX_PATH}:/home/ciderlab-server3/workspace/2026_industry_cowork/IsaacSim-ros_workspaces/humble_ws/install/isaacsim_bringup:/home/ciderlab-server3/workspace/2026_industry_cowork/IsaacSim-ros_workspaces/humble_ws/install/isaac_ros_navigation_goal:/home/ciderlab-server3/workspace/2026_industry_cowork/IsaacSim-ros_workspaces/humble_ws/install/isaac_moveit:/home/ciderlab-server3/workspace/2026_industry_cowork/IsaacSim-ros_workspaces/humble_ws/install/isaac_compressed_image_decoder:/home/ciderlab-server3/workspace/2026_industry_cowork/IsaacSim-ros_workspaces/humble_ws/install/h1_fullbody_controller:/home/ciderlab-server3/workspace/2026_industry_cowork/IsaacSim-ros_workspaces/humble_ws/install/cmdvel_to_ackermann:/home/ciderlab-server3/turtlebot3_ws/install/turtlebot3_teleop:/home/ciderlab-server3/turtlebot3_ws/install/turtlebot3_example:/home/ciderlab-server3/turtlebot3_ws/install/turtlebot3_dqn:/home/ciderlab-server3/turtlebot3_ws/install/turtlebot3_home_service_challenge_core:/home/ciderlab-server3/turtlebot3_ws/install/turtlebot3_home_service_challenge_aruco:/opt/ros/humble /usr/bin/cmake --install /home/ciderlab-server3/workspace/2026_industry_cowork/IsaacSim-ros_workspaces/humble_ws/build/isaac_ros2_messages
[1.076s] DEBUG:colcon.colcon_core.event_handler.log_command:Invoked command in '/home/ciderlab-server3/workspace/2026_industry_cowork/IsaacSim-ros_workspaces/humble_ws/build/turtlebot3_manipulation_description' returned '0': CMAKE_PREFIX_PATH=${CMAKE_PREFIX_PATH}:/home/ciderlab-server3/workspace/2026_industry_cowork/IsaacSim-ros_workspaces/humble_ws/install/isaacsim_bringup:/home/ciderlab-server3/workspace/2026_industry_cowork/IsaacSim-ros_workspaces/humble_ws/install/isaac_ros_navigation_goal:/home/ciderlab-server3/workspace/2026_industry_cowork/IsaacSim-ros_workspaces/humble_ws/install/isaac_moveit:/home/ciderlab-server3/workspace/2026_industry_cowork/IsaacSim-ros_workspaces/humble_ws/install/isaac_compressed_image_decoder:/home/ciderlab-server3/workspace/2026_industry_cowork/IsaacSim-ros_workspaces/humble_ws/install/h1_fullbody_controller:/home/ciderlab-server3/workspace/2026_industry_cowork/IsaacSim-ros_workspaces/humble_ws/install/cmdvel_to_ackermann:/home/ciderlab-server3/turtlebot3_ws/install/turtlebot3_teleop:/home/ciderlab-server3/turtlebot3_ws/install/turtlebot3_example:/home/ciderlab-server3/turtlebot3_ws/install/turtlebot3_dqn:/home/ciderlab-server3/turtlebot3_ws/install/turtlebot3_home_service_challenge_core:/home/ciderlab-server3/turtlebot3_ws/install/turtlebot3_home_service_challenge_aruco:/opt/ros/humble /usr/bin/cmake --build /home/ciderlab-server3/workspace/2026_industry_cowork/IsaacSim-ros_workspaces/humble_ws/build/turtlebot3_manipulation_description -- -j24 -l24
[1.078s] DEBUG:colcon.colcon_core.event_handler.log_command:Invoking command in '/home/ciderlab-server3/workspace/2026_industry_cowork/IsaacSim-ros_workspaces/humble_ws/build/turtlebot3_manipulation_description': CMAKE_PREFIX_PATH=${CMAKE_PREFIX_PATH}:/home/ciderlab-server3/workspace/2026_industry_cowork/IsaacSim-ros_workspaces/humble_ws/install/isaacsim_bringup:/home/ciderlab-server3/workspace/2026_industry_cowork/IsaacSim-ros_workspaces/humble_ws/install/isaac_ros_navigation_goal:/home/ciderlab-server3/workspace/2026_industry_cowork/IsaacSim-ros_workspaces/humble_ws/install/isaac_moveit:/home/ciderlab-server3/workspace/2026_industry_cowork/IsaacSim-ros_workspaces/humble_ws/install/isaac_compressed_image_decoder:/home/ciderlab-server3/workspace/2026_industry_cowork/IsaacSim-ros_workspaces/humble_ws/install/h1_fullbody_controller:/home/ciderlab-server3/workspace/2026_industry_cowork/IsaacSim-ros_workspaces/humble_ws/install/cmdvel_to_ackermann:/home/ciderlab-server3/turtlebot3_ws/install/turtlebot3_teleop:/home/ciderlab-server3/turtlebot3_ws/install/turtlebot3_example:/home/ciderlab-server3/turtlebot3_ws/install/turtlebot3_dqn:/home/ciderlab-server3/turtlebot3_ws/install/turtlebot3_home_service_challenge_core:/home/ciderlab-server3/turtlebot3_ws/install/turtlebot3_home_service_challenge_aruco:/opt/ros/humble /usr/bin/cmake --install /home/ciderlab-server3/workspace/2026_industry_cowork/IsaacSim-ros_workspaces/humble_ws/build/turtlebot3_manipulation_description
[1.078s] DEBUG:colcon.colcon_core.event_handler.log_command:Invoked command in '/home/ciderlab-server3/workspace/2026_industry_cowork/IsaacSim-ros_workspaces/humble_ws/build/isaac_tutorials' returned '0': CMAKE_PREFIX_PATH=${CMAKE_PREFIX_PATH}:/home/ciderlab-server3/workspace/2026_industry_cowork/IsaacSim-ros_workspaces/humble_ws/install/isaacsim_bringup:/home/ciderlab-server3/workspace/2026_industry_cowork/IsaacSim-ros_workspaces/humble_ws/install/isaac_ros_navigation_goal:/home/ciderlab-server3/workspace/2026_industry_cowork/IsaacSim-ros_workspaces/humble_ws/install/isaac_moveit:/home/ciderlab-server3/workspace/2026_industry_cowork/IsaacSim-ros_workspaces/humble_ws/install/isaac_compressed_image_decoder:/home/ciderlab-server3/workspace/2026_industry_cowork/IsaacSim-ros_workspaces/humble_ws/install/h1_fullbody_controller:/home/ciderlab-server3/workspace/2026_industry_cowork/IsaacSim-ros_workspaces/humble_ws/install/cmdvel_to_ackermann:/home/ciderlab-server3/turtlebot3_ws/install/turtlebot3_teleop:/home/ciderlab-server3/turtlebot3_ws/install/turtlebot3_example:/home/ciderlab-server3/turtlebot3_ws/install/turtlebot3_dqn:/home/ciderlab-server3/turtlebot3_ws/install/turtlebot3_home_service_challenge_core:/home/ciderlab-server3/turtlebot3_ws/install/turtlebot3_home_service_challenge_aruco:/opt/ros/humble /usr/bin/cmake --build /home/ciderlab-server3/workspace/2026_industry_cowork/IsaacSim-ros_workspaces/humble_ws/build/isaac_tutorials -- -j24 -l24
[1.080s] DEBUG:colcon.colcon_core.event_handler.log_command:Invoking command in '/home/ciderlab-server3/workspace/2026_industry_cowork/IsaacSim-ros_workspaces/humble_ws/build/isaac_tutorials': CMAKE_PREFIX_PATH=${CMAKE_PREFIX_PATH}:/home/ciderlab-server3/workspace/2026_industry_cowork/IsaacSim-ros_workspaces/humble_ws/install/isaacsim_bringup:/home/ciderlab-server3/workspace/2026_industry_cowork/IsaacSim-ros_workspaces/humble_ws/install/isaac_ros_navigation_goal:/home/ciderlab-server3/workspace/2026_industry_cowork/IsaacSim-ros_workspaces/humble_ws/install/isaac_moveit:/home/ciderlab-server3/workspace/2026_industry_cowork/IsaacSim-ros_workspaces/humble_ws/install/isaac_compressed_image_decoder:/home/ciderlab-server3/workspace/2026_industry_cowork/IsaacSim-ros_workspaces/humble_ws/install/h1_fullbody_controller:/home/ciderlab-server3/workspace/2026_industry_cowork/IsaacSim-ros_workspaces/humble_ws/install/cmdvel_to_ackermann:/home/ciderlab-server3/turtlebot3_ws/install/turtlebot3_teleop:/home/ciderlab-server3/turtlebot3_ws/install/turtlebot3_example:/home/ciderlab-server3/turtlebot3_ws/install/turtlebot3_dqn:/home/ciderlab-server3/turtlebot3_ws/install/turtlebot3_home_service_challenge_core:/home/ciderlab-server3/turtlebot3_ws/install/turtlebot3_home_service_challenge_aruco:/opt/ros/humble /usr/bin/cmake --install /home/ciderlab-server3/workspace/2026_industry_cowork/IsaacSim-ros_workspaces/humble_ws/build/isaac_tutorials
[1.089s] Level 1:colcon.colcon_core.environment:create_environment_scripts_only(turtlebot3_manipulation_hardware)
[1.093s] Level 1:colcon.colcon_core.environment:checking '/home/ciderlab-server3/workspace/2026_industry_cowork/IsaacSim-ros_workspaces/humble_ws/install/turtlebot3_manipulation_hardware' for CMake module files
[1.093s] Level 1:colcon.colcon_core.environment:checking '/home/ciderlab-server3/workspace/2026_industry_cowork/IsaacSim-ros_workspaces/humble_ws/install/turtlebot3_manipulation_hardware' for CMake config files
[1.093s] Level 1:colcon.colcon_core.shell:create_environment_hook('turtlebot3_manipulation_hardware', 'cmake_prefix_path')
[1.093s] INFO:colcon.colcon_core.shell:Creating environment hook '/home/ciderlab-server3/workspace/2026_industry_cowork/IsaacSim-ros_workspaces/humble_ws/install/turtlebot3_manipulation_hardware/share/turtlebot3_manipulation_hardware/hook/cmake_prefix_path.ps1'
[1.094s] INFO:colcon.colcon_core.shell:Creating environment descriptor '/home/ciderlab-server3/workspace/2026_industry_cowork/IsaacSim-ros_workspaces/humble_ws/install/turtlebot3_manipulation_hardware/share/turtlebot3_manipulation_hardware/hook/cmake_prefix_path.dsv'
[1.094s] INFO:colcon.colcon_core.shell:Creating environment hook '/home/ciderlab-server3/workspace/2026_industry_cowork/IsaacSim-ros_workspaces/humble_ws/install/turtlebot3_manipulation_hardware/share/turtlebot3_manipulation_hardware/hook/cmake_prefix_path.sh'
[1.095s] Level 1:colcon.colcon_core.environment:checking '/home/ciderlab-server3/workspace/2026_industry_cowork/IsaacSim-ros_workspaces/humble_ws/install/turtlebot3_manipulation_hardware/lib'
[1.095s] Level 1:colcon.colcon_core.shell:create_environment_hook('turtlebot3_manipulation_hardware', 'ld_library_path_lib')
[1.095s] INFO:colcon.colcon_core.shell:Creating environment hook '/home/ciderlab-server3/workspace/2026_industry_cowork/IsaacSim-ros_workspaces/humble_ws/install/turtlebot3_manipulation_hardware/share/turtlebot3_manipulation_hardware/hook/ld_library_path_lib.ps1'
[1.095s] INFO:colcon.colcon_core.shell:Creating environment descriptor '/home/ciderlab-server3/workspace/2026_industry_cowork/IsaacSim-ros_workspaces/humble_ws/install/turtlebot3_manipulation_hardware/share/turtlebot3_manipulation_hardware/hook/ld_library_path_lib.dsv'
[1.096s] INFO:colcon.colcon_core.shell:Creating environment hook '/home/ciderlab-server3/workspace/2026_industry_cowork/IsaacSim-ros_workspaces/humble_ws/install/turtlebot3_manipulation_hardware/share/turtlebot3_manipulation_hardware/hook/ld_library_path_lib.sh'
[1.096s] Level 1:colcon.colcon_core.environment:checking '/home/ciderlab-server3/workspace/2026_industry_cowork/IsaacSim-ros_workspaces/humble_ws/install/turtlebot3_manipulation_hardware/bin'
[1.096s] Level 1:colcon.colcon_core.environment:checking '/home/ciderlab-server3/workspace/2026_industry_cowork/IsaacSim-ros_workspaces/humble_ws/install/turtlebot3_manipulation_hardware/lib/pkgconfig/turtlebot3_manipulation_hardware.pc'
[1.096s] Level 1:colcon.colcon_core.environment:checking '/home/ciderlab-server3/workspace/2026_industry_cowork/IsaacSim-ros_workspaces/humble_ws/install/turtlebot3_manipulation_hardware/lib/python3.10/site-packages'
[1.097s] Level 1:colcon.colcon_core.environment:checking '/home/ciderlab-server3/workspace/2026_industry_cowork/IsaacSim-ros_workspaces/humble_ws/install/turtlebot3_manipulation_hardware/bin'
[1.097s] INFO:colcon.colcon_core.shell:Creating package script '/home/ciderlab-server3/workspace/2026_industry_cowork/IsaacSim-ros_workspaces/humble_ws/install/turtlebot3_manipulation_hardware/share/turtlebot3_manipulation_hardware/package.ps1'
[1.098s] INFO:colcon.colcon_core.shell:Creating package descriptor '/home/ciderlab-server3/workspace/2026_industry_cowork/IsaacSim-ros_workspaces/humble_ws/install/turtlebot3_manipulation_hardware/share/turtlebot3_manipulation_hardware/package.dsv'
[1.101s] INFO:colcon.colcon_core.shell:Creating package script '/home/ciderlab-server3/workspace/2026_industry_cowork/IsaacSim-ros_workspaces/humble_ws/install/turtlebot3_manipulation_hardware/share/turtlebot3_manipulation_hardware/package.sh'
[1.102s] INFO:colcon.colcon_core.shell:Creating package script '/home/ciderlab-server3/workspace/2026_industry_cowork/IsaacSim-ros_workspaces/humble_ws/install/turtlebot3_manipulation_hardware/share/turtlebot3_manipulation_hardware/package.bash'
[1.102s] DEBUG:colcon.colcon_core.event_handler.log_command:Invoked command in '/home/ciderlab-server3/workspace/2026_industry_cowork/IsaacSim-ros_workspaces/humble_ws/build/isaacsim_clearpath_nav2' returned '0': CMAKE_PREFIX_PATH=${CMAKE_PREFIX_PATH}:/home/ciderlab-server3/workspace/2026_industry_cowork/IsaacSim-ros_workspaces/humble_ws/install/isaacsim_bringup:/home/ciderlab-server3/workspace/2026_industry_cowork/IsaacSim-ros_workspaces/humble_ws/install/isaac_ros_navigation_goal:/home/ciderlab-server3/workspace/2026_industry_cowork/IsaacSim-ros_workspaces/humble_ws/install/isaac_moveit:/home/ciderlab-server3/workspace/2026_industry_cowork/IsaacSim-ros_workspaces/humble_ws/install/isaac_compressed_image_decoder:/home/ciderlab-server3/workspace/2026_industry_cowork/IsaacSim-ros_workspaces/humble_ws/install/h1_fullbody_controller:/home/ciderlab-server3/workspace/2026_industry_cowork/IsaacSim-ros_workspaces/humble_ws/install/cmdvel_to_ackermann:/home/ciderlab-server3/turtlebot3_ws/install/turtlebot3_teleop:/home/ciderlab-server3/turtlebot3_ws/install/turtlebot3_example:/home/ciderlab-server3/turtlebot3_ws/install/turtlebot3_dqn:/home/ciderlab-server3/turtlebot3_ws/install/turtlebot3_home_service_challenge_core:/home/ciderlab-server3/turtlebot3_ws/install/turtlebot3_home_service_challenge_aruco:/opt/ros/humble /usr/bin/cmake --build /home/ciderlab-server3/workspace/2026_industry_cowork/IsaacSim-ros_workspaces/humble_ws/build/isaacsim_clearpath_nav2 -- -j24 -l24
[1.102s] INFO:colcon.colcon_core.shell:Creating package script '/home/ciderlab-server3/workspace/2026_industry_cowork/IsaacSim-ros_workspaces/humble_ws/install/turtlebot3_manipulation_hardware/share/turtlebot3_manipulation_hardware/package.zsh'
[1.103s] Level 1:colcon.colcon_core.environment:create_file_with_runtime_dependencies(/home/ciderlab-server3/workspace/2026_industry_cowork/IsaacSim-ros_workspaces/humble_ws/install/turtlebot3_manipulation_hardware/share/colcon-core/packages/turtlebot3_manipulation_hardware)
[1.103s] Level 1:colcon.colcon_core.environment:create_environment_scripts_only(turtlebot3_manipulation_hardware)
[1.103s] Level 1:colcon.colcon_core.environment:checking '/home/ciderlab-server3/workspace/2026_industry_cowork/IsaacSim-ros_workspaces/humble_ws/install/turtlebot3_manipulation_hardware' for CMake module files
[1.106s] Level 1:colcon.colcon_core.environment:checking '/home/ciderlab-server3/workspace/2026_industry_cowork/IsaacSim-ros_workspaces/humble_ws/install/turtlebot3_manipulation_hardware' for CMake config files
[1.106s] Level 1:colcon.colcon_core.shell:create_environment_hook('turtlebot3_manipulation_hardware', 'cmake_prefix_path')
[1.106s] INFO:colcon.colcon_core.shell:Creating environment hook '/home/ciderlab-server3/workspace/2026_industry_cowork/IsaacSim-ros_workspaces/humble_ws/install/turtlebot3_manipulation_hardware/share/turtlebot3_manipulation_hardware/hook/cmake_prefix_path.ps1'
[1.107s] INFO:colcon.colcon_core.shell:Creating environment descriptor '/home/ciderlab-server3/workspace/2026_industry_cowork/IsaacSim-ros_workspaces/humble_ws/install/turtlebot3_manipulation_hardware/share/turtlebot3_manipulation_hardware/hook/cmake_prefix_path.dsv'
[1.107s] INFO:colcon.colcon_core.shell:Creating environment hook '/home/ciderlab-server3/workspace/2026_industry_cowork/IsaacSim-ros_workspaces/humble_ws/install/turtlebot3_manipulation_hardware/share/turtlebot3_manipulation_hardware/hook/cmake_prefix_path.sh'
[1.108s] Level 1:colcon.colcon_core.environment:checking '/home/ciderlab-server3/workspace/2026_industry_cowork/IsaacSim-ros_workspaces/humble_ws/install/turtlebot3_manipulation_hardware/lib'
[1.108s] Level 1:colcon.colcon_core.shell:create_environment_hook('turtlebot3_manipulation_hardware', 'ld_library_path_lib')
[1.108s] INFO:colcon.colcon_core.shell:Creating environment hook '/home/ciderlab-server3/workspace/2026_industry_cowork/IsaacSim-ros_workspaces/humble_ws/install/turtlebot3_manipulation_hardware/share/turtlebot3_manipulation_hardware/hook/ld_library_path_lib.ps1'
[1.108s] INFO:colcon.colcon_core.shell:Creating environment descriptor '/home/ciderlab-server3/workspace/2026_industry_cowork/IsaacSim-ros_workspaces/humble_ws/install/turtlebot3_manipulation_hardware/share/turtlebot3_manipulation_hardware/hook/ld_library_path_lib.dsv'
[1.109s] INFO:colcon.colcon_core.shell:Creating environment hook '/home/ciderlab-server3/workspace/2026_industry_cowork/IsaacSim-ros_workspaces/humble_ws/install/turtlebot3_manipulation_hardware/share/turtlebot3_manipulation_hardware/hook/ld_library_path_lib.sh'
[1.109s] Level 1:colcon.colcon_core.environment:checking '/home/ciderlab-server3/workspace/2026_industry_cowork/IsaacSim-ros_workspaces/humble_ws/install/turtlebot3_manipulation_hardware/bin'
[1.110s] Level 1:colcon.colcon_core.environment:checking '/home/ciderlab-server3/workspace/2026_industry_cowork/IsaacSim-ros_workspaces/humble_ws/install/turtlebot3_manipulation_hardware/lib/pkgconfig/turtlebot3_manipulation_hardware.pc'
[1.110s] Level 1:colcon.colcon_core.environment:checking '/home/ciderlab-server3/workspace/2026_industry_cowork/IsaacSim-ros_workspaces/humble_ws/install/turtlebot3_manipulation_hardware/lib/python3.10/site-packages'
[1.110s] Level 1:colcon.colcon_core.environment:checking '/home/ciderlab-server3/workspace/2026_industry_cowork/IsaacSim-ros_workspaces/humble_ws/install/turtlebot3_manipulation_hardware/bin'
[1.110s] INFO:colcon.colcon_core.shell:Creating package script '/home/ciderlab-server3/workspace/2026_industry_cowork/IsaacSim-ros_workspaces/humble_ws/install/turtlebot3_manipulation_hardware/share/turtlebot3_manipulation_hardware/package.ps1'
[1.111s] INFO:colcon.colcon_core.shell:Creating package descriptor '/home/ciderlab-server3/workspace/2026_industry_cowork/IsaacSim-ros_workspaces/humble_ws/install/turtlebot3_manipulation_hardware/share/turtlebot3_manipulation_hardware/package.dsv'
[1.112s] INFO:colcon.colcon_core.shell:Creating package script '/home/ciderlab-server3/workspace/2026_industry_cowork/IsaacSim-ros_workspaces/humble_ws/install/turtlebot3_manipulation_hardware/share/turtlebot3_manipulation_hardware/package.sh'
[1.112s] INFO:colcon.colcon_core.shell:Creating package script '/home/ciderlab-server3/workspace/2026_industry_cowork/IsaacSim-ros_workspaces/humble_ws/install/turtlebot3_manipulation_hardware/share/turtlebot3_manipulation_hardware/package.bash'
[1.112s] INFO:colcon.colcon_core.shell:Creating package script '/home/ciderlab-server3/workspace/2026_industry_cowork/IsaacSim-ros_workspaces/humble_ws/install/turtlebot3_manipulation_hardware/share/turtlebot3_manipulation_hardware/package.zsh'
[1.112s] Level 1:colcon.colcon_core.environment:create_file_with_runtime_dependencies(/home/ciderlab-server3/workspace/2026_industry_cowork/IsaacSim-ros_workspaces/humble_ws/install/turtlebot3_manipulation_hardware/share/colcon-core/packages/turtlebot3_manipulation_hardware)
[1.113s] Level 1:colcon.colcon_core.environment:create_environment_scripts_only(turtlebot3_manipulation_cartographer)
[1.113s] Level 1:colcon.colcon_core.environment:checking '/home/ciderlab-server3/workspace/2026_industry_cowork/IsaacSim-ros_workspaces/humble_ws/install/turtlebot3_manipulation_cartographer' for CMake module files
[1.114s] Level 1:colcon.colcon_core.environment:checking '/home/ciderlab-server3/workspace/2026_industry_cowork/IsaacSim-ros_workspaces/humble_ws/install/turtlebot3_manipulation_cartographer' for CMake config files
[1.114s] Level 1:colcon.colcon_core.shell:create_environment_hook('turtlebot3_manipulation_cartographer', 'cmake_prefix_path')
[1.114s] INFO:colcon.colcon_core.shell:Creating environment hook '/home/ciderlab-server3/workspace/2026_industry_cowork/IsaacSim-ros_workspaces/humble_ws/install/turtlebot3_manipulation_cartographer/share/turtlebot3_manipulation_cartographer/hook/cmake_prefix_path.ps1'
[1.115s] INFO:colcon.colcon_core.shell:Creating environment descriptor '/home/ciderlab-server3/workspace/2026_industry_cowork/IsaacSim-ros_workspaces/humble_ws/install/turtlebot3_manipulation_cartographer/share/turtlebot3_manipulation_cartographer/hook/cmake_prefix_path.dsv'
[1.116s] INFO:colcon.colcon_core.shell:Creating environment hook '/home/ciderlab-server3/workspace/2026_industry_cowork/IsaacSim-ros_workspaces/humble_ws/install/turtlebot3_manipulation_cartographer/share/turtlebot3_manipulation_cartographer/hook/cmake_prefix_path.sh'
[1.116s] DEBUG:colcon.colcon_core.event_handler.log_command:Invoking command in '/home/ciderlab-server3/workspace/2026_industry_cowork/IsaacSim-ros_workspaces/humble_ws/build/isaacsim_clearpath_nav2': CMAKE_PREFIX_PATH=${CMAKE_PREFIX_PATH}:/home/ciderlab-server3/workspace/2026_industry_cowork/IsaacSim-ros_workspaces/humble_ws/install/isaacsim_bringup:/home/ciderlab-server3/workspace/2026_industry_cowork/IsaacSim-ros_workspaces/humble_ws/install/isaac_ros_navigation_goal:/home/ciderlab-server3/workspace/2026_industry_cowork/IsaacSim-ros_workspaces/humble_ws/install/isaac_moveit:/home/ciderlab-server3/workspace/2026_industry_cowork/IsaacSim-ros_workspaces/humble_ws/install/isaac_compressed_image_decoder:/home/ciderlab-server3/workspace/2026_industry_cowork/IsaacSim-ros_workspaces/humble_ws/install/h1_fullbody_controller:/home/ciderlab-server3/workspace/2026_industry_cowork/IsaacSim-ros_workspaces/humble_ws/install/cmdvel_to_ackermann:/home/ciderlab-server3/turtlebot3_ws/install/turtlebot3_teleop:/home/ciderlab-server3/turtlebot3_ws/install/turtlebot3_example:/home/ciderlab-server3/turtlebot3_ws/install/turtlebot3_dqn:/home/ciderlab-server3/turtlebot3_ws/install/turtlebot3_home_service_challenge_core:/home/ciderlab-server3/turtlebot3_ws/install/turtlebot3_home_service_challenge_aruco:/opt/ros/humble /usr/bin/cmake --install /home/ciderlab-server3/workspace/2026_industry_cowork/IsaacSim-ros_workspaces/humble_ws/build/isaacsim_clearpath_nav2
[1.117s] Level 1:colcon.colcon_core.environment:checking '/home/ciderlab-server3/workspace/2026_industry_cowork/IsaacSim-ros_workspaces/humble_ws/install/turtlebot3_manipulation_cartographer/bin'
[1.117s] Level 1:colcon.colcon_core.environment:checking '/home/ciderlab-server3/workspace/2026_industry_cowork/IsaacSim-ros_workspaces/humble_ws/install/turtlebot3_manipulation_cartographer/lib/pkgconfig/turtlebot3_manipulation_cartographer.pc'
[1.118s] Level 1:colcon.colcon_core.environment:checking '/home/ciderlab-server3/workspace/2026_industry_cowork/IsaacSim-ros_workspaces/humble_ws/install/turtlebot3_manipulation_cartographer/lib/python3.10/site-packages'
[1.118s] Level 1:colcon.colcon_core.environment:checking '/home/ciderlab-server3/workspace/2026_industry_cowork/IsaacSim-ros_workspaces/humble_ws/install/turtlebot3_manipulation_cartographer/bin'
[1.118s] INFO:colcon.colcon_core.shell:Creating package script '/home/ciderlab-server3/workspace/2026_industry_cowork/IsaacSim-ros_workspaces/humble_ws/install/turtlebot3_manipulation_cartographer/share/turtlebot3_manipulation_cartographer/package.ps1'
[1.119s] INFO:colcon.colcon_core.shell:Creating package descriptor '/home/ciderlab-server3/workspace/2026_industry_cowork/IsaacSim-ros_workspaces/humble_ws/install/turtlebot3_manipulation_cartographer/share/turtlebot3_manipulation_cartographer/package.dsv'
[1.119s] DEBUG:colcon.colcon_core.event_handler.log_command:Invoked command in '/home/ciderlab-server3/workspace/2026_industry_cowork/IsaacSim-ros_workspaces/humble_ws/build/turtlebot3_manipulation_hardware' returned '0': CMAKE_PREFIX_PATH=${CMAKE_PREFIX_PATH}:/home/ciderlab-server3/workspace/2026_industry_cowork/IsaacSim-ros_workspaces/humble_ws/install/isaacsim_bringup:/home/ciderlab-server3/workspace/2026_industry_cowork/IsaacSim-ros_workspaces/humble_ws/install/isaac_ros_navigation_goal:/home/ciderlab-server3/workspace/2026_industry_cowork/IsaacSim-ros_workspaces/humble_ws/install/isaac_moveit:/home/ciderlab-server3/workspace/2026_industry_cowork/IsaacSim-ros_workspaces/humble_ws/install/isaac_compressed_image_decoder:/home/ciderlab-server3/workspace/2026_industry_cowork/IsaacSim-ros_workspaces/humble_ws/install/h1_fullbody_controller:/home/ciderlab-server3/workspace/2026_industry_cowork/IsaacSim-ros_workspaces/humble_ws/install/cmdvel_to_ackermann:/home/ciderlab-server3/turtlebot3_ws/install/turtlebot3_teleop:/home/ciderlab-server3/turtlebot3_ws/install/turtlebot3_example:/home/ciderlab-server3/turtlebot3_ws/install/turtlebot3_dqn:/home/ciderlab-server3/turtlebot3_ws/install/turtlebot3_home_service_challenge_core:/home/ciderlab-server3/turtlebot3_ws/install/turtlebot3_home_service_challenge_aruco:/opt/ros/humble /usr/bin/cmake --install /home/ciderlab-server3/workspace/2026_industry_cowork/IsaacSim-ros_workspaces/humble_ws/build/turtlebot3_manipulation_hardware
[1.120s] INFO:colcon.colcon_core.shell:Creating package script '/home/ciderlab-server3/workspace/2026_industry_cowork/IsaacSim-ros_workspaces/humble_ws/install/turtlebot3_manipulation_cartographer/share/turtlebot3_manipulation_cartographer/package.sh'
[1.120s] INFO:colcon.colcon_core.shell:Creating package script '/home/ciderlab-server3/workspace/2026_industry_cowork/IsaacSim-ros_workspaces/humble_ws/install/turtlebot3_manipulation_cartographer/share/turtlebot3_manipulation_cartographer/package.bash'
[1.120s] INFO:colcon.colcon_core.shell:Creating package script '/home/ciderlab-server3/workspace/2026_industry_cowork/IsaacSim-ros_workspaces/humble_ws/install/turtlebot3_manipulation_cartographer/share/turtlebot3_manipulation_cartographer/package.zsh'
[1.121s] Level 1:colcon.colcon_core.environment:create_file_with_runtime_dependencies(/home/ciderlab-server3/workspace/2026_industry_cowork/IsaacSim-ros_workspaces/humble_ws/install/turtlebot3_manipulation_cartographer/share/colcon-core/packages/turtlebot3_manipulation_cartographer)
[1.121s] Level 1:colcon.colcon_core.environment:create_environment_scripts_only(turtlebot3_manipulation_cartographer)
[1.121s] Level 1:colcon.colcon_core.environment:checking '/home/ciderlab-server3/workspace/2026_industry_cowork/IsaacSim-ros_workspaces/humble_ws/install/turtlebot3_manipulation_cartographer' for CMake module files
[1.122s] DEBUG:colcon.colcon_core.event_handler.log_command:Invoked command in '/home/ciderlab-server3/workspace/2026_industry_cowork/IsaacSim-ros_workspaces/humble_ws/build/turtlebot3_manipulation_cartographer' returned '0': CMAKE_PREFIX_PATH=${CMAKE_PREFIX_PATH}:/home/ciderlab-server3/workspace/2026_industry_cowork/IsaacSim-ros_workspaces/humble_ws/install/isaacsim_bringup:/home/ciderlab-server3/workspace/2026_industry_cowork/IsaacSim-ros_workspaces/humble_ws/install/isaac_ros_navigation_goal:/home/ciderlab-server3/workspace/2026_industry_cowork/IsaacSim-ros_workspaces/humble_ws/install/isaac_moveit:/home/ciderlab-server3/workspace/2026_industry_cowork/IsaacSim-ros_workspaces/humble_ws/install/isaac_compressed_image_decoder:/home/ciderlab-server3/workspace/2026_industry_cowork/IsaacSim-ros_workspaces/humble_ws/install/h1_fullbody_controller:/home/ciderlab-server3/workspace/2026_industry_cowork/IsaacSim-ros_workspaces/humble_ws/install/cmdvel_to_ackermann:/home/ciderlab-server3/turtlebot3_ws/install/turtlebot3_teleop:/home/ciderlab-server3/turtlebot3_ws/install/turtlebot3_example:/home/ciderlab-server3/turtlebot3_ws/install/turtlebot3_dqn:/home/ciderlab-server3/turtlebot3_ws/install/turtlebot3_home_service_challenge_core:/home/ciderlab-server3/turtlebot3_ws/install/turtlebot3_home_service_challenge_aruco:/opt/ros/humble /usr/bin/cmake --install /home/ciderlab-server3/workspace/2026_industry_cowork/IsaacSim-ros_workspaces/humble_ws/build/turtlebot3_manipulation_cartographer
[1.122s] Level 1:colcon.colcon_core.environment:checking '/home/ciderlab-server3/workspace/2026_industry_cowork/IsaacSim-ros_workspaces/humble_ws/install/turtlebot3_manipulation_cartographer' for CMake config files
[1.122s] Level 1:colcon.colcon_core.shell:create_environment_hook('turtlebot3_manipulation_cartographer', 'cmake_prefix_path')
[1.123s] INFO:colcon.colcon_core.shell:Creating environment hook '/home/ciderlab-server3/workspace/2026_industry_cowork/IsaacSim-ros_workspaces/humble_ws/install/turtlebot3_manipulation_cartographer/share/turtlebot3_manipulation_cartographer/hook/cmake_prefix_path.ps1'
[1.123s] INFO:colcon.colcon_core.shell:Creating environment descriptor '/home/ciderlab-server3/workspace/2026_industry_cowork/IsaacSim-ros_workspaces/humble_ws/install/turtlebot3_manipulation_cartographer/share/turtlebot3_manipulation_cartographer/hook/cmake_prefix_path.dsv'
[1.123s] INFO:colcon.colcon_core.shell:Creating environment hook '/home/ciderlab-server3/workspace/2026_industry_cowork/IsaacSim-ros_workspaces/humble_ws/install/turtlebot3_manipulation_cartographer/share/turtlebot3_manipulation_cartographer/hook/cmake_prefix_path.sh'
[1.124s] Level 1:colcon.colcon_core.environment:checking '/home/ciderlab-server3/workspace/2026_industry_cowork/IsaacSim-ros_workspaces/humble_ws/install/turtlebot3_manipulation_cartographer/bin'
[1.124s] Level 1:colcon.colcon_core.environment:checking '/home/ciderlab-server3/workspace/2026_industry_cowork/IsaacSim-ros_workspaces/humble_ws/install/turtlebot3_manipulation_cartographer/lib/pkgconfig/turtlebot3_manipulation_cartographer.pc'
[1.124s] Level 1:colcon.colcon_core.environment:checking '/home/ciderlab-server3/workspace/2026_industry_cowork/IsaacSim-ros_workspaces/humble_ws/install/turtlebot3_manipulation_cartographer/lib/python3.10/site-packages'
[1.124s] Level 1:colcon.colcon_core.environment:checking '/home/ciderlab-server3/workspace/2026_industry_cowork/IsaacSim-ros_workspaces/humble_ws/install/turtlebot3_manipulation_cartographer/bin'
[1.124s] INFO:colcon.colcon_core.shell:Creating package script '/home/ciderlab-server3/workspace/2026_industry_cowork/IsaacSim-ros_workspaces/humble_ws/install/turtlebot3_manipulation_cartographer/share/turtlebot3_manipulation_cartographer/package.ps1'
[1.125s] INFO:colcon.colcon_core.shell:Creating package descriptor '/home/ciderlab-server3/workspace/2026_industry_cowork/IsaacSim-ros_workspaces/humble_ws/install/turtlebot3_manipulation_cartographer/share/turtlebot3_manipulation_cartographer/package.dsv'
[1.125s] INFO:colcon.colcon_core.shell:Creating package script '/home/ciderlab-server3/workspace/2026_industry_cowork/IsaacSim-ros_workspaces/humble_ws/install/turtlebot3_manipulation_cartographer/share/turtlebot3_manipulation_cartographer/package.sh'
[1.126s] INFO:colcon.colcon_core.shell:Creating package script '/home/ciderlab-server3/workspace/2026_industry_cowork/IsaacSim-ros_workspaces/humble_ws/install/turtlebot3_manipulation_cartographer/share/turtlebot3_manipulation_cartographer/package.bash'
[1.126s] INFO:colcon.colcon_core.shell:Creating package script '/home/ciderlab-server3/workspace/2026_industry_cowork/IsaacSim-ros_workspaces/humble_ws/install/turtlebot3_manipulation_cartographer/share/turtlebot3_manipulation_cartographer/package.zsh'
[1.127s] Level 1:colcon.colcon_core.environment:create_file_with_runtime_dependencies(/home/ciderlab-server3/workspace/2026_industry_cowork/IsaacSim-ros_workspaces/humble_ws/install/turtlebot3_manipulation_cartographer/share/colcon-core/packages/turtlebot3_manipulation_cartographer)
[1.127s] Level 1:colcon.colcon_core.environment:create_environment_scripts_only(turtlebot3_manipulation_navigation2)
[1.127s] Level 1:colcon.colcon_core.environment:checking '/home/ciderlab-server3/workspace/2026_industry_cowork/IsaacSim-ros_workspaces/humble_ws/install/turtlebot3_manipulation_navigation2' for CMake module files
[1.128s] Level 1:colcon.colcon_core.environment:checking '/home/ciderlab-server3/workspace/2026_industry_cowork/IsaacSim-ros_workspaces/humble_ws/install/turtlebot3_manipulation_navigation2' for CMake config files
[1.128s] Level 1:colcon.colcon_core.shell:create_environment_hook('turtlebot3_manipulation_navigation2', 'cmake_prefix_path')
[1.128s] INFO:colcon.colcon_core.shell:Creating environment hook '/home/ciderlab-server3/workspace/2026_industry_cowork/IsaacSim-ros_workspaces/humble_ws/install/turtlebot3_manipulation_navigation2/share/turtlebot3_manipulation_navigation2/hook/cmake_prefix_path.ps1'
[1.129s] INFO:colcon.colcon_core.shell:Creating environment descriptor '/home/ciderlab-server3/workspace/2026_industry_cowork/IsaacSim-ros_workspaces/humble_ws/install/turtlebot3_manipulation_navigation2/share/turtlebot3_manipulation_navigation2/hook/cmake_prefix_path.dsv'
[1.129s] INFO:colcon.colcon_core.shell:Creating environment hook '/home/ciderlab-server3/workspace/2026_industry_cowork/IsaacSim-ros_workspaces/humble_ws/install/turtlebot3_manipulation_navigation2/share/turtlebot3_manipulation_navigation2/hook/cmake_prefix_path.sh'
[1.130s] Level 1:colcon.colcon_core.environment:checking '/home/ciderlab-server3/workspace/2026_industry_cowork/IsaacSim-ros_workspaces/humble_ws/install/turtlebot3_manipulation_navigation2/bin'
[1.130s] Level 1:colcon.colcon_core.environment:checking '/home/ciderlab-server3/workspace/2026_industry_cowork/IsaacSim-ros_workspaces/humble_ws/install/turtlebot3_manipulation_navigation2/lib/pkgconfig/turtlebot3_manipulation_navigation2.pc'
[1.130s] Level 1:colcon.colcon_core.environment:checking '/home/ciderlab-server3/workspace/2026_industry_cowork/IsaacSim-ros_workspaces/humble_ws/install/turtlebot3_manipulation_navigation2/lib/python3.10/site-packages'
[1.130s] Level 1:colcon.colcon_core.environment:checking '/home/ciderlab-server3/workspace/2026_industry_cowork/IsaacSim-ros_workspaces/humble_ws/install/turtlebot3_manipulation_navigation2/bin'
[1.130s] INFO:colcon.colcon_core.shell:Creating package script '/home/ciderlab-server3/workspace/2026_industry_cowork/IsaacSim-ros_workspaces/humble_ws/install/turtlebot3_manipulation_navigation2/share/turtlebot3_manipulation_navigation2/package.ps1'
[1.130s] INFO:colcon.colcon_core.shell:Creating package descriptor '/home/ciderlab-server3/workspace/2026_industry_cowork/IsaacSim-ros_workspaces/humble_ws/install/turtlebot3_manipulation_navigation2/share/turtlebot3_manipulation_navigation2/package.dsv'
[1.131s] INFO:colcon.colcon_core.shell:Creating package script '/home/ciderlab-server3/workspace/2026_industry_cowork/IsaacSim-ros_workspaces/humble_ws/install/turtlebot3_manipulation_navigation2/share/turtlebot3_manipulation_navigation2/package.sh'
[1.131s] INFO:colcon.colcon_core.shell:Creating package script '/home/ciderlab-server3/workspace/2026_industry_cowork/IsaacSim-ros_workspaces/humble_ws/install/turtlebot3_manipulation_navigation2/share/turtlebot3_manipulation_navigation2/package.bash'
[1.131s] INFO:colcon.colcon_core.shell:Creating package script '/home/ciderlab-server3/workspace/2026_industry_cowork/IsaacSim-ros_workspaces/humble_ws/install/turtlebot3_manipulation_navigation2/share/turtlebot3_manipulation_navigation2/package.zsh'
[1.131s] Level 1:colcon.colcon_core.environment:create_file_with_runtime_dependencies(/home/ciderlab-server3/workspace/2026_industry_cowork/IsaacSim-ros_workspaces/humble_ws/install/turtlebot3_manipulation_navigation2/share/colcon-core/packages/turtlebot3_manipulation_navigation2)
[1.132s] Level 1:colcon.colcon_core.environment:create_environment_scripts_only(turtlebot3_manipulation_navigation2)
[1.132s] Level 1:colcon.colcon_core.environment:checking '/home/ciderlab-server3/workspace/2026_industry_cowork/IsaacSim-ros_workspaces/humble_ws/install/turtlebot3_manipulation_navigation2' for CMake module files
[1.134s] Level 1:colcon.colcon_core.environment:checking '/home/ciderlab-server3/workspace/2026_industry_cowork/IsaacSim-ros_workspaces/humble_ws/install/turtlebot3_manipulation_navigation2' for CMake config files
[1.134s] DEBUG:colcon.colcon_core.event_handler.log_command:Invoked command in '/home/ciderlab-server3/workspace/2026_industry_cowork/IsaacSim-ros_workspaces/humble_ws/build/turtlebot3_manipulation_navigation2' returned '0': CMAKE_PREFIX_PATH=${CMAKE_PREFIX_PATH}:/home/ciderlab-server3/workspace/2026_industry_cowork/IsaacSim-ros_workspaces/humble_ws/install/isaacsim_bringup:/home/ciderlab-server3/workspace/2026_industry_cowork/IsaacSim-ros_workspaces/humble_ws/install/isaac_ros_navigation_goal:/home/ciderlab-server3/workspace/2026_industry_cowork/IsaacSim-ros_workspaces/humble_ws/install/isaac_moveit:/home/ciderlab-server3/workspace/2026_industry_cowork/IsaacSim-ros_workspaces/humble_ws/install/isaac_compressed_image_decoder:/home/ciderlab-server3/workspace/2026_industry_cowork/IsaacSim-ros_workspaces/humble_ws/install/h1_fullbody_controller:/home/ciderlab-server3/workspace/2026_industry_cowork/IsaacSim-ros_workspaces/humble_ws/install/cmdvel_to_ackermann:/home/ciderlab-server3/turtlebot3_ws/install/turtlebot3_teleop:/home/ciderlab-server3/turtlebot3_ws/install/turtlebot3_example:/home/ciderlab-server3/turtlebot3_ws/install/turtlebot3_dqn:/home/ciderlab-server3/turtlebot3_ws/install/turtlebot3_home_service_challenge_core:/home/ciderlab-server3/turtlebot3_ws/install/turtlebot3_home_service_challenge_aruco:/opt/ros/humble /usr/bin/cmake --install /home/ciderlab-server3/workspace/2026_industry_cowork/IsaacSim-ros_workspaces/humble_ws/build/turtlebot3_manipulation_navigation2
[1.134s] Level 1:colcon.colcon_core.shell:create_environment_hook('turtlebot3_manipulation_navigation2', 'cmake_prefix_path')
[1.134s] INFO:colcon.colcon_core.shell:Creating environment hook '/home/ciderlab-server3/workspace/2026_industry_cowork/IsaacSim-ros_workspaces/humble_ws/install/turtlebot3_manipulation_navigation2/share/turtlebot3_manipulation_navigation2/hook/cmake_prefix_path.ps1'
[1.135s] INFO:colcon.colcon_core.shell:Creating environment descriptor '/home/ciderlab-server3/workspace/2026_industry_cowork/IsaacSim-ros_workspaces/humble_ws/install/turtlebot3_manipulation_navigation2/share/turtlebot3_manipulation_navigation2/hook/cmake_prefix_path.dsv'
[1.135s] INFO:colcon.colcon_core.shell:Creating environment hook '/home/ciderlab-server3/workspace/2026_industry_cowork/IsaacSim-ros_workspaces/humble_ws/install/turtlebot3_manipulation_navigation2/share/turtlebot3_manipulation_navigation2/hook/cmake_prefix_path.sh'
[1.135s] Level 1:colcon.colcon_core.environment:checking '/home/ciderlab-server3/workspace/2026_industry_cowork/IsaacSim-ros_workspaces/humble_ws/install/turtlebot3_manipulation_navigation2/bin'
[1.135s] Level 1:colcon.colcon_core.environment:checking '/home/ciderlab-server3/workspace/2026_industry_cowork/IsaacSim-ros_workspaces/humble_ws/install/turtlebot3_manipulation_navigation2/lib/pkgconfig/turtlebot3_manipulation_navigation2.pc'
[1.135s] Level 1:colcon.colcon_core.environment:checking '/home/ciderlab-server3/workspace/2026_industry_cowork/IsaacSim-ros_workspaces/humble_ws/install/turtlebot3_manipulation_navigation2/lib/python3.10/site-packages'
[1.136s] Level 1:colcon.colcon_core.environment:checking '/home/ciderlab-server3/workspace/2026_industry_cowork/IsaacSim-ros_workspaces/humble_ws/install/turtlebot3_manipulation_navigation2/bin'
[1.136s] INFO:colcon.colcon_core.shell:Creating package script '/home/ciderlab-server3/workspace/2026_industry_cowork/IsaacSim-ros_workspaces/humble_ws/install/turtlebot3_manipulation_navigation2/share/turtlebot3_manipulation_navigation2/package.ps1'
[1.136s] INFO:colcon.colcon_core.shell:Creating package descriptor '/home/ciderlab-server3/workspace/2026_industry_cowork/IsaacSim-ros_workspaces/humble_ws/install/turtlebot3_manipulation_navigation2/share/turtlebot3_manipulation_navigation2/package.dsv'
[1.137s] INFO:colcon.colcon_core.shell:Creating package script '/home/ciderlab-server3/workspace/2026_industry_cowork/IsaacSim-ros_workspaces/humble_ws/install/turtlebot3_manipulation_navigation2/share/turtlebot3_manipulation_navigation2/package.sh'
[1.137s] INFO:colcon.colcon_core.shell:Creating package script '/home/ciderlab-server3/workspace/2026_industry_cowork/IsaacSim-ros_workspaces/humble_ws/install/turtlebot3_manipulation_navigation2/share/turtlebot3_manipulation_navigation2/package.bash'
[1.137s] INFO:colcon.colcon_core.shell:Creating package script '/home/ciderlab-server3/workspace/2026_industry_cowork/IsaacSim-ros_workspaces/humble_ws/install/turtlebot3_manipulation_navigation2/share/turtlebot3_manipulation_navigation2/package.zsh'
[1.138s] Level 1:colcon.colcon_core.environment:create_file_with_runtime_dependencies(/home/ciderlab-server3/workspace/2026_industry_cowork/IsaacSim-ros_workspaces/humble_ws/install/turtlebot3_manipulation_navigation2/share/colcon-core/packages/turtlebot3_manipulation_navigation2)
[1.138s] Level 1:colcon.colcon_core.environment:create_environment_scripts_only(carter_navigation)
[1.139s] Level 1:colcon.colcon_core.environment:checking '/home/ciderlab-server3/workspace/2026_industry_cowork/IsaacSim-ros_workspaces/humble_ws/install/carter_navigation' for CMake module files
[1.139s] DEBUG:colcon.colcon_core.event_handler.log_command:Invoked command in '/home/ciderlab-server3/workspace/2026_industry_cowork/IsaacSim-ros_workspaces/humble_ws/build/carter_navigation' returned '0': CMAKE_PREFIX_PATH=${CMAKE_PREFIX_PATH}:/home/ciderlab-server3/workspace/2026_industry_cowork/IsaacSim-ros_workspaces/humble_ws/install/isaacsim_bringup:/home/ciderlab-server3/workspace/2026_industry_cowork/IsaacSim-ros_workspaces/humble_ws/install/isaac_ros_navigation_goal:/home/ciderlab-server3/workspace/2026_industry_cowork/IsaacSim-ros_workspaces/humble_ws/install/isaac_moveit:/home/ciderlab-server3/workspace/2026_industry_cowork/IsaacSim-ros_workspaces/humble_ws/install/isaac_compressed_image_decoder:/home/ciderlab-server3/workspace/2026_industry_cowork/IsaacSim-ros_workspaces/humble_ws/install/h1_fullbody_controller:/home/ciderlab-server3/workspace/2026_industry_cowork/IsaacSim-ros_workspaces/humble_ws/install/cmdvel_to_ackermann:/home/ciderlab-server3/turtlebot3_ws/install/turtlebot3_teleop:/home/ciderlab-server3/turtlebot3_ws/install/turtlebot3_example:/home/ciderlab-server3/turtlebot3_ws/install/turtlebot3_dqn:/home/ciderlab-server3/turtlebot3_ws/install/turtlebot3_home_service_challenge_core:/home/ciderlab-server3/turtlebot3_ws/install/turtlebot3_home_service_challenge_aruco:/opt/ros/humble /usr/bin/cmake --install /home/ciderlab-server3/workspace/2026_industry_cowork/IsaacSim-ros_workspaces/humble_ws/build/carter_navigation
[1.139s] Level 1:colcon.colcon_core.environment:checking '/home/ciderlab-server3/workspace/2026_industry_cowork/IsaacSim-ros_workspaces/humble_ws/install/carter_navigation' for CMake config files
[1.139s] Level 1:colcon.colcon_core.shell:create_environment_hook('carter_navigation', 'cmake_prefix_path')
[1.139s] INFO:colcon.colcon_core.shell:Creating environment hook '/home/ciderlab-server3/workspace/2026_industry_cowork/IsaacSim-ros_workspaces/humble_ws/install/carter_navigation/share/carter_navigation/hook/cmake_prefix_path.ps1'
[1.140s] INFO:colcon.colcon_core.shell:Creating environment descriptor '/home/ciderlab-server3/workspace/2026_industry_cowork/IsaacSim-ros_workspaces/humble_ws/install/carter_navigation/share/carter_navigation/hook/cmake_prefix_path.dsv'
[1.140s] INFO:colcon.colcon_core.shell:Creating environment hook '/home/ciderlab-server3/workspace/2026_industry_cowork/IsaacSim-ros_workspaces/humble_ws/install/carter_navigation/share/carter_navigation/hook/cmake_prefix_path.sh'
[1.140s] Level 1:colcon.colcon_core.environment:checking '/home/ciderlab-server3/workspace/2026_industry_cowork/IsaacSim-ros_workspaces/humble_ws/install/carter_navigation/bin'
[1.140s] Level 1:colcon.colcon_core.environment:checking '/home/ciderlab-server3/workspace/2026_industry_cowork/IsaacSim-ros_workspaces/humble_ws/install/carter_navigation/lib/pkgconfig/carter_navigation.pc'
[1.140s] Level 1:colcon.colcon_core.environment:checking '/home/ciderlab-server3/workspace/2026_industry_cowork/IsaacSim-ros_workspaces/humble_ws/install/carter_navigation/lib/python3.10/site-packages'
[1.140s] Level 1:colcon.colcon_core.environment:checking '/home/ciderlab-server3/workspace/2026_industry_cowork/IsaacSim-ros_workspaces/humble_ws/install/carter_navigation/bin'
[1.140s] INFO:colcon.colcon_core.shell:Creating package script '/home/ciderlab-server3/workspace/2026_industry_cowork/IsaacSim-ros_workspaces/humble_ws/install/carter_navigation/share/carter_navigation/package.ps1'
[1.141s] INFO:colcon.colcon_core.shell:Creating package descriptor '/home/ciderlab-server3/workspace/2026_industry_cowork/IsaacSim-ros_workspaces/humble_ws/install/carter_navigation/share/carter_navigation/package.dsv'
[1.141s] INFO:colcon.colcon_core.shell:Creating package script '/home/ciderlab-server3/workspace/2026_industry_cowork/IsaacSim-ros_workspaces/humble_ws/install/carter_navigation/share/carter_navigation/package.sh'
[1.141s] INFO:colcon.colcon_core.shell:Creating package script '/home/ciderlab-server3/workspace/2026_industry_cowork/IsaacSim-ros_workspaces/humble_ws/install/carter_navigation/share/carter_navigation/package.bash'
[1.141s] INFO:colcon.colcon_core.shell:Creating package script '/home/ciderlab-server3/workspace/2026_industry_cowork/IsaacSim-ros_workspaces/humble_ws/install/carter_navigation/share/carter_navigation/package.zsh'
[1.141s] Level 1:colcon.colcon_core.environment:create_file_with_runtime_dependencies(/home/ciderlab-server3/workspace/2026_industry_cowork/IsaacSim-ros_workspaces/humble_ws/install/carter_navigation/share/colcon-core/packages/carter_navigation)
[1.142s] Level 1:colcon.colcon_core.environment:create_environment_scripts_only(carter_navigation)
[1.142s] Level 1:colcon.colcon_core.environment:checking '/home/ciderlab-server3/workspace/2026_industry_cowork/IsaacSim-ros_workspaces/humble_ws/install/carter_navigation' for CMake module files
[1.142s] Level 1:colcon.colcon_core.environment:checking '/home/ciderlab-server3/workspace/2026_industry_cowork/IsaacSim-ros_workspaces/humble_ws/install/carter_navigation' for CMake config files
[1.142s] Level 1:colcon.colcon_core.shell:create_environment_hook('carter_navigation', 'cmake_prefix_path')
[1.142s] INFO:colcon.colcon_core.shell:Creating environment hook '/home/ciderlab-server3/workspace/2026_industry_cowork/IsaacSim-ros_workspaces/humble_ws/install/carter_navigation/share/carter_navigation/hook/cmake_prefix_path.ps1'
[1.142s] INFO:colcon.colcon_core.shell:Creating environment descriptor '/home/ciderlab-server3/workspace/2026_industry_cowork/IsaacSim-ros_workspaces/humble_ws/install/carter_navigation/share/carter_navigation/hook/cmake_prefix_path.dsv'
[1.143s] INFO:colcon.colcon_core.shell:Creating environment hook '/home/ciderlab-server3/workspace/2026_industry_cowork/IsaacSim-ros_workspaces/humble_ws/install/carter_navigation/share/carter_navigation/hook/cmake_prefix_path.sh'
[1.143s] Level 1:colcon.colcon_core.environment:checking '/home/ciderlab-server3/workspace/2026_industry_cowork/IsaacSim-ros_workspaces/humble_ws/install/carter_navigation/bin'
[1.143s] Level 1:colcon.colcon_core.environment:checking '/home/ciderlab-server3/workspace/2026_industry_cowork/IsaacSim-ros_workspaces/humble_ws/install/carter_navigation/lib/pkgconfig/carter_navigation.pc'
[1.143s] Level 1:colcon.colcon_core.environment:checking '/home/ciderlab-server3/workspace/2026_industry_cowork/IsaacSim-ros_workspaces/humble_ws/install/carter_navigation/lib/python3.10/site-packages'
[1.143s] Level 1:colcon.colcon_core.environment:checking '/home/ciderlab-server3/workspace/2026_industry_cowork/IsaacSim-ros_workspaces/humble_ws/install/carter_navigation/bin'
[1.143s] INFO:colcon.colcon_core.shell:Creating package script '/home/ciderlab-server3/workspace/2026_industry_cowork/IsaacSim-ros_workspaces/humble_ws/install/carter_navigation/share/carter_navigation/package.ps1'
[1.144s] INFO:colcon.colcon_core.shell:Creating package descriptor '/home/ciderlab-server3/workspace/2026_industry_cowork/IsaacSim-ros_workspaces/humble_ws/install/carter_navigation/share/carter_navigation/package.dsv'
[1.144s] INFO:colcon.colcon_core.shell:Creating package script '/home/ciderlab-server3/workspace/2026_industry_cowork/IsaacSim-ros_workspaces/humble_ws/install/carter_navigation/share/carter_navigation/package.sh'
[1.144s] INFO:colcon.colcon_core.shell:Creating package script '/home/ciderlab-server3/workspace/2026_industry_cowork/IsaacSim-ros_workspaces/humble_ws/install/carter_navigation/share/carter_navigation/package.bash'
[1.145s] INFO:colcon.colcon_core.shell:Creating package script '/home/ciderlab-server3/workspace/2026_industry_cowork/IsaacSim-ros_workspaces/humble_ws/install/carter_navigation/share/carter_navigation/package.zsh'
[1.145s] Level 1:colcon.colcon_core.environment:create_file_with_runtime_dependencies(/home/ciderlab-server3/workspace/2026_industry_cowork/IsaacSim-ros_workspaces/humble_ws/install/carter_navigation/share/colcon-core/packages/carter_navigation)
[1.145s] Level 1:colcon.colcon_core.environment:create_environment_scripts_only(turtlebot3_manipulation_description)
[1.145s] Level 1:colcon.colcon_core.environment:checking '/home/ciderlab-server3/workspace/2026_industry_cowork/IsaacSim-ros_workspaces/humble_ws/install/turtlebot3_manipulation_description' for CMake module files
[1.146s] DEBUG:colcon.colcon_core.event_handler.log_command:Invoked command in '/home/ciderlab-server3/workspace/2026_industry_cowork/IsaacSim-ros_workspaces/humble_ws/build/turtlebot3_manipulation_description' returned '0': CMAKE_PREFIX_PATH=${CMAKE_PREFIX_PATH}:/home/ciderlab-server3/workspace/2026_industry_cowork/IsaacSim-ros_workspaces/humble_ws/install/isaacsim_bringup:/home/ciderlab-server3/workspace/2026_industry_cowork/IsaacSim-ros_workspaces/humble_ws/install/isaac_ros_navigation_goal:/home/ciderlab-server3/workspace/2026_industry_cowork/IsaacSim-ros_workspaces/humble_ws/install/isaac_moveit:/home/ciderlab-server3/workspace/2026_industry_cowork/IsaacSim-ros_workspaces/humble_ws/install/isaac_compressed_image_decoder:/home/ciderlab-server3/workspace/2026_industry_cowork/IsaacSim-ros_workspaces/humble_ws/install/h1_fullbody_controller:/home/ciderlab-server3/workspace/2026_industry_cowork/IsaacSim-ros_workspaces/humble_ws/install/cmdvel_to_ackermann:/home/ciderlab-server3/turtlebot3_ws/install/turtlebot3_teleop:/home/ciderlab-server3/turtlebot3_ws/install/turtlebot3_example:/home/ciderlab-server3/turtlebot3_ws/install/turtlebot3_dqn:/home/ciderlab-server3/turtlebot3_ws/install/turtlebot3_home_service_challenge_core:/home/ciderlab-server3/turtlebot3_ws/install/turtlebot3_home_service_challenge_aruco:/opt/ros/humble /usr/bin/cmake --install /home/ciderlab-server3/workspace/2026_industry_cowork/IsaacSim-ros_workspaces/humble_ws/build/turtlebot3_manipulation_description
[1.146s] Level 1:colcon.colcon_core.environment:checking '/home/ciderlab-server3/workspace/2026_industry_cowork/IsaacSim-ros_workspaces/humble_ws/install/turtlebot3_manipulation_description' for CMake config files
[1.146s] Level 1:colcon.colcon_core.shell:create_environment_hook('turtlebot3_manipulation_description', 'cmake_prefix_path')
[1.146s] INFO:colcon.colcon_core.shell:Creating environment hook '/home/ciderlab-server3/workspace/2026_industry_cowork/IsaacSim-ros_workspaces/humble_ws/install/turtlebot3_manipulation_description/share/turtlebot3_manipulation_description/hook/cmake_prefix_path.ps1'
[1.146s] INFO:colcon.colcon_core.shell:Creating environment descriptor '/home/ciderlab-server3/workspace/2026_industry_cowork/IsaacSim-ros_workspaces/humble_ws/install/turtlebot3_manipulation_description/share/turtlebot3_manipulation_description/hook/cmake_prefix_path.dsv'
[1.146s] INFO:colcon.colcon_core.shell:Creating environment hook '/home/ciderlab-server3/workspace/2026_industry_cowork/IsaacSim-ros_workspaces/humble_ws/install/turtlebot3_manipulation_description/share/turtlebot3_manipulation_description/hook/cmake_prefix_path.sh'
[1.147s] Level 1:colcon.colcon_core.environment:checking '/home/ciderlab-server3/workspace/2026_industry_cowork/IsaacSim-ros_workspaces/humble_ws/install/turtlebot3_manipulation_description/bin'
[1.147s] Level 1:colcon.colcon_core.environment:checking '/home/ciderlab-server3/workspace/2026_industry_cowork/IsaacSim-ros_workspaces/humble_ws/install/turtlebot3_manipulation_description/lib/pkgconfig/turtlebot3_manipulation_description.pc'
[1.147s] Level 1:colcon.colcon_core.environment:checking '/home/ciderlab-server3/workspace/2026_industry_cowork/IsaacSim-ros_workspaces/humble_ws/install/turtlebot3_manipulation_description/lib/python3.10/site-packages'
[1.147s] Level 1:colcon.colcon_core.environment:checking '/home/ciderlab-server3/workspace/2026_industry_cowork/IsaacSim-ros_workspaces/humble_ws/install/turtlebot3_manipulation_description/bin'
[1.147s] INFO:colcon.colcon_core.shell:Creating package script '/home/ciderlab-server3/workspace/2026_industry_cowork/IsaacSim-ros_workspaces/humble_ws/install/turtlebot3_manipulation_description/share/turtlebot3_manipulation_description/package.ps1'
[1.147s] INFO:colcon.colcon_core.shell:Creating package descriptor '/home/ciderlab-server3/workspace/2026_industry_cowork/IsaacSim-ros_workspaces/humble_ws/install/turtlebot3_manipulation_description/share/turtlebot3_manipulation_description/package.dsv'
[1.148s] INFO:colcon.colcon_core.shell:Creating package script '/home/ciderlab-server3/workspace/2026_industry_cowork/IsaacSim-ros_workspaces/humble_ws/install/turtlebot3_manipulation_description/share/turtlebot3_manipulation_description/package.sh'
[1.148s] INFO:colcon.colcon_core.shell:Creating package script '/home/ciderlab-server3/workspace/2026_industry_cowork/IsaacSim-ros_workspaces/humble_ws/install/turtlebot3_manipulation_description/share/turtlebot3_manipulation_description/package.bash'
[1.148s] INFO:colcon.colcon_core.shell:Creating package script '/home/ciderlab-server3/workspace/2026_industry_cowork/IsaacSim-ros_workspaces/humble_ws/install/turtlebot3_manipulation_description/share/turtlebot3_manipulation_description/package.zsh'
[1.148s] Level 1:colcon.colcon_core.environment:create_file_with_runtime_dependencies(/home/ciderlab-server3/workspace/2026_industry_cowork/IsaacSim-ros_workspaces/humble_ws/install/turtlebot3_manipulation_description/share/colcon-core/packages/turtlebot3_manipulation_description)
[1.148s] Level 1:colcon.colcon_core.environment:create_environment_scripts_only(turtlebot3_manipulation_description)
[1.148s] Level 1:colcon.colcon_core.environment:checking '/home/ciderlab-server3/workspace/2026_industry_cowork/IsaacSim-ros_workspaces/humble_ws/install/turtlebot3_manipulation_description' for CMake module files
[1.149s] Level 1:colcon.colcon_core.environment:checking '/home/ciderlab-server3/workspace/2026_industry_cowork/IsaacSim-ros_workspaces/humble_ws/install/turtlebot3_manipulation_description' for CMake config files
[1.149s] Level 1:colcon.colcon_core.shell:create_environment_hook('turtlebot3_manipulation_description', 'cmake_prefix_path')
[1.149s] INFO:colcon.colcon_core.shell:Creating environment hook '/home/ciderlab-server3/workspace/2026_industry_cowork/IsaacSim-ros_workspaces/humble_ws/install/turtlebot3_manipulation_description/share/turtlebot3_manipulation_description/hook/cmake_prefix_path.ps1'
[1.149s] INFO:colcon.colcon_core.shell:Creating environment descriptor '/home/ciderlab-server3/workspace/2026_industry_cowork/IsaacSim-ros_workspaces/humble_ws/install/turtlebot3_manipulation_description/share/turtlebot3_manipulation_description/hook/cmake_prefix_path.dsv'
[1.149s] INFO:colcon.colcon_core.shell:Creating environment hook '/home/ciderlab-server3/workspace/2026_industry_cowork/IsaacSim-ros_workspaces/humble_ws/install/turtlebot3_manipulation_description/share/turtlebot3_manipulation_description/hook/cmake_prefix_path.sh'
[1.149s] Level 1:colcon.colcon_core.environment:checking '/home/ciderlab-server3/workspace/2026_industry_cowork/IsaacSim-ros_workspaces/humble_ws/install/turtlebot3_manipulation_description/bin'
[1.149s] Level 1:colcon.colcon_core.environment:checking '/home/ciderlab-server3/workspace/2026_industry_cowork/IsaacSim-ros_workspaces/humble_ws/install/turtlebot3_manipulation_description/lib/pkgconfig/turtlebot3_manipulation_description.pc'
[1.149s] Level 1:colcon.colcon_core.environment:checking '/home/ciderlab-server3/workspace/2026_industry_cowork/IsaacSim-ros_workspaces/humble_ws/install/turtlebot3_manipulation_description/lib/python3.10/site-packages'
[1.149s] Level 1:colcon.colcon_core.environment:checking '/home/ciderlab-server3/workspace/2026_industry_cowork/IsaacSim-ros_workspaces/humble_ws/install/turtlebot3_manipulation_description/bin'
[1.150s] INFO:colcon.colcon_core.shell:Creating package script '/home/ciderlab-server3/workspace/2026_industry_cowork/IsaacSim-ros_workspaces/humble_ws/install/turtlebot3_manipulation_description/share/turtlebot3_manipulation_description/package.ps1'
[1.150s] INFO:colcon.colcon_core.shell:Creating package descriptor '/home/ciderlab-server3/workspace/2026_industry_cowork/IsaacSim-ros_workspaces/humble_ws/install/turtlebot3_manipulation_description/share/turtlebot3_manipulation_description/package.dsv'
[1.150s] INFO:colcon.colcon_core.shell:Creating package script '/home/ciderlab-server3/workspace/2026_industry_cowork/IsaacSim-ros_workspaces/humble_ws/install/turtlebot3_manipulation_description/share/turtlebot3_manipulation_description/package.sh'
[1.150s] INFO:colcon.colcon_core.shell:Creating package script '/home/ciderlab-server3/workspace/2026_industry_cowork/IsaacSim-ros_workspaces/humble_ws/install/turtlebot3_manipulation_description/share/turtlebot3_manipulation_description/package.bash'
[1.150s] INFO:colcon.colcon_core.shell:Creating package script '/home/ciderlab-server3/workspace/2026_industry_cowork/IsaacSim-ros_workspaces/humble_ws/install/turtlebot3_manipulation_description/share/turtlebot3_manipulation_description/package.zsh'
[1.150s] Level 1:colcon.colcon_core.environment:create_file_with_runtime_dependencies(/home/ciderlab-server3/workspace/2026_industry_cowork/IsaacSim-ros_workspaces/humble_ws/install/turtlebot3_manipulation_description/share/colcon-core/packages/turtlebot3_manipulation_description)
[1.150s] Level 1:colcon.colcon_core.environment:create_environment_scripts_only(isaac_tutorials)
[1.151s] Level 1:colcon.colcon_core.environment:checking '/home/ciderlab-server3/workspace/2026_industry_cowork/IsaacSim-ros_workspaces/humble_ws/install/isaac_tutorials' for CMake module files
[1.151s] Level 1:colcon.colcon_core.environment:checking '/home/ciderlab-server3/workspace/2026_industry_cowork/IsaacSim-ros_workspaces/humble_ws/install/isaac_tutorials' for CMake config files
[1.151s] DEBUG:colcon.colcon_core.event_handler.log_command:Invoked command in '/home/ciderlab-server3/workspace/2026_industry_cowork/IsaacSim-ros_workspaces/humble_ws/build/isaac_tutorials' returned '0': CMAKE_PREFIX_PATH=${CMAKE_PREFIX_PATH}:/home/ciderlab-server3/workspace/2026_industry_cowork/IsaacSim-ros_workspaces/humble_ws/install/isaacsim_bringup:/home/ciderlab-server3/workspace/2026_industry_cowork/IsaacSim-ros_workspaces/humble_ws/install/isaac_ros_navigation_goal:/home/ciderlab-server3/workspace/2026_industry_cowork/IsaacSim-ros_workspaces/humble_ws/install/isaac_moveit:/home/ciderlab-server3/workspace/2026_industry_cowork/IsaacSim-ros_workspaces/humble_ws/install/isaac_compressed_image_decoder:/home/ciderlab-server3/workspace/2026_industry_cowork/IsaacSim-ros_workspaces/humble_ws/install/h1_fullbody_controller:/home/ciderlab-server3/workspace/2026_industry_cowork/IsaacSim-ros_workspaces/humble_ws/install/cmdvel_to_ackermann:/home/ciderlab-server3/turtlebot3_ws/install/turtlebot3_teleop:/home/ciderlab-server3/turtlebot3_ws/install/turtlebot3_example:/home/ciderlab-server3/turtlebot3_ws/install/turtlebot3_dqn:/home/ciderlab-server3/turtlebot3_ws/install/turtlebot3_home_service_challenge_core:/home/ciderlab-server3/turtlebot3_ws/install/turtlebot3_home_service_challenge_aruco:/opt/ros/humble /usr/bin/cmake --install /home/ciderlab-server3/workspace/2026_industry_cowork/IsaacSim-ros_workspaces/humble_ws/build/isaac_tutorials
[1.151s] Level 1:colcon.colcon_core.shell:create_environment_hook('isaac_tutorials', 'cmake_prefix_path')
[1.151s] INFO:colcon.colcon_core.shell:Creating environment hook '/home/ciderlab-server3/workspace/2026_industry_cowork/IsaacSim-ros_workspaces/humble_ws/install/isaac_tutorials/share/isaac_tutorials/hook/cmake_prefix_path.ps1'
[1.152s] INFO:colcon.colcon_core.shell:Creating environment descriptor '/home/ciderlab-server3/workspace/2026_industry_cowork/IsaacSim-ros_workspaces/humble_ws/install/isaac_tutorials/share/isaac_tutorials/hook/cmake_prefix_path.dsv'
[1.152s] INFO:colcon.colcon_core.shell:Creating environment hook '/home/ciderlab-server3/workspace/2026_industry_cowork/IsaacSim-ros_workspaces/humble_ws/install/isaac_tutorials/share/isaac_tutorials/hook/cmake_prefix_path.sh'
[1.152s] Level 1:colcon.colcon_core.environment:checking '/home/ciderlab-server3/workspace/2026_industry_cowork/IsaacSim-ros_workspaces/humble_ws/install/isaac_tutorials/lib'
[1.152s] Level 1:colcon.colcon_core.environment:checking '/home/ciderlab-server3/workspace/2026_industry_cowork/IsaacSim-ros_workspaces/humble_ws/install/isaac_tutorials/bin'
[1.152s] Level 1:colcon.colcon_core.environment:checking '/home/ciderlab-server3/workspace/2026_industry_cowork/IsaacSim-ros_workspaces/humble_ws/install/isaac_tutorials/lib/pkgconfig/isaac_tutorials.pc'
[1.152s] Level 1:colcon.colcon_core.environment:checking '/home/ciderlab-server3/workspace/2026_industry_cowork/IsaacSim-ros_workspaces/humble_ws/install/isaac_tutorials/lib/python3.10/site-packages'
[1.152s] Level 1:colcon.colcon_core.environment:checking '/home/ciderlab-server3/workspace/2026_industry_cowork/IsaacSim-ros_workspaces/humble_ws/install/isaac_tutorials/bin'
[1.152s] INFO:colcon.colcon_core.shell:Creating package script '/home/ciderlab-server3/workspace/2026_industry_cowork/IsaacSim-ros_workspaces/humble_ws/install/isaac_tutorials/share/isaac_tutorials/package.ps1'
[1.153s] INFO:colcon.colcon_core.shell:Creating package descriptor '/home/ciderlab-server3/workspace/2026_industry_cowork/IsaacSim-ros_workspaces/humble_ws/install/isaac_tutorials/share/isaac_tutorials/package.dsv'
[1.153s] INFO:colcon.colcon_core.shell:Creating package script '/home/ciderlab-server3/workspace/2026_industry_cowork/IsaacSim-ros_workspaces/humble_ws/install/isaac_tutorials/share/isaac_tutorials/package.sh'
[1.153s] INFO:colcon.colcon_core.shell:Creating package script '/home/ciderlab-server3/workspace/2026_industry_cowork/IsaacSim-ros_workspaces/humble_ws/install/isaac_tutorials/share/isaac_tutorials/package.bash'
[1.153s] INFO:colcon.colcon_core.shell:Creating package script '/home/ciderlab-server3/workspace/2026_industry_cowork/IsaacSim-ros_workspaces/humble_ws/install/isaac_tutorials/share/isaac_tutorials/package.zsh'
[1.153s] Level 1:colcon.colcon_core.environment:create_file_with_runtime_dependencies(/home/ciderlab-server3/workspace/2026_industry_cowork/IsaacSim-ros_workspaces/humble_ws/install/isaac_tutorials/share/colcon-core/packages/isaac_tutorials)
[1.154s] Level 1:colcon.colcon_core.environment:create_environment_scripts_only(isaac_tutorials)
[1.154s] Level 1:colcon.colcon_core.environment:checking '/home/ciderlab-server3/workspace/2026_industry_cowork/IsaacSim-ros_workspaces/humble_ws/install/isaac_tutorials' for CMake module files
[1.154s] Level 1:colcon.colcon_core.environment:checking '/home/ciderlab-server3/workspace/2026_industry_cowork/IsaacSim-ros_workspaces/humble_ws/install/isaac_tutorials' for CMake config files
[1.154s] Level 1:colcon.colcon_core.shell:create_environment_hook('isaac_tutorials', 'cmake_prefix_path')
[1.154s] INFO:colcon.colcon_core.shell:Creating environment hook '/home/ciderlab-server3/workspace/2026_industry_cowork/IsaacSim-ros_workspaces/humble_ws/install/isaac_tutorials/share/isaac_tutorials/hook/cmake_prefix_path.ps1'
[1.155s] INFO:colcon.colcon_core.shell:Creating environment descriptor '/home/ciderlab-server3/workspace/2026_industry_cowork/IsaacSim-ros_workspaces/humble_ws/install/isaac_tutorials/share/isaac_tutorials/hook/cmake_prefix_path.dsv'
[1.155s] INFO:colcon.colcon_core.shell:Creating environment hook '/home/ciderlab-server3/workspace/2026_industry_cowork/IsaacSim-ros_workspaces/humble_ws/install/isaac_tutorials/share/isaac_tutorials/hook/cmake_prefix_path.sh'
[1.155s] Level 1:colcon.colcon_core.environment:checking '/home/ciderlab-server3/workspace/2026_industry_cowork/IsaacSim-ros_workspaces/humble_ws/install/isaac_tutorials/lib'
[1.155s] Level 1:colcon.colcon_core.environment:checking '/home/ciderlab-server3/workspace/2026_industry_cowork/IsaacSim-ros_workspaces/humble_ws/install/isaac_tutorials/bin'
[1.155s] Level 1:colcon.colcon_core.environment:checking '/home/ciderlab-server3/workspace/2026_industry_cowork/IsaacSim-ros_workspaces/humble_ws/install/isaac_tutorials/lib/pkgconfig/isaac_tutorials.pc'
[1.155s] Level 1:colcon.colcon_core.environment:checking '/home/ciderlab-server3/workspace/2026_industry_cowork/IsaacSim-ros_workspaces/humble_ws/install/isaac_tutorials/lib/python3.10/site-packages'
[1.155s] Level 1:colcon.colcon_core.environment:checking '/home/ciderlab-server3/workspace/2026_industry_cowork/IsaacSim-ros_workspaces/humble_ws/install/isaac_tutorials/bin'
[1.155s] INFO:colcon.colcon_core.shell:Creating package script '/home/ciderlab-server3/workspace/2026_industry_cowork/IsaacSim-ros_workspaces/humble_ws/install/isaac_tutorials/share/isaac_tutorials/package.ps1'
[1.155s] INFO:colcon.colcon_core.shell:Creating package descriptor '/home/ciderlab-server3/workspace/2026_industry_cowork/IsaacSim-ros_workspaces/humble_ws/install/isaac_tutorials/share/isaac_tutorials/package.dsv'
[1.156s] INFO:colcon.colcon_core.shell:Creating package script '/home/ciderlab-server3/workspace/2026_industry_cowork/IsaacSim-ros_workspaces/humble_ws/install/isaac_tutorials/share/isaac_tutorials/package.sh'
[1.156s] INFO:colcon.colcon_core.shell:Creating package script '/home/ciderlab-server3/workspace/2026_industry_cowork/IsaacSim-ros_workspaces/humble_ws/install/isaac_tutorials/share/isaac_tutorials/package.bash'
[1.156s] INFO:colcon.colcon_core.shell:Creating package script '/home/ciderlab-server3/workspace/2026_industry_cowork/IsaacSim-ros_workspaces/humble_ws/install/isaac_tutorials/share/isaac_tutorials/package.zsh'
[1.156s] Level 1:colcon.colcon_core.environment:create_file_with_runtime_dependencies(/home/ciderlab-server3/workspace/2026_industry_cowork/IsaacSim-ros_workspaces/humble_ws/install/isaac_tutorials/share/colcon-core/packages/isaac_tutorials)
[1.156s] INFO:colcon.colcon_ros.task.ament_cmake.build:Building ROS package in '/home/ciderlab-server3/workspace/2026_industry_cowork/IsaacSim-ros_workspaces/humble_ws/src/turtlebot3_manipulation/turtlebot3_manipulation_bringup' with build type 'ament_cmake'
[1.157s] INFO:colcon.colcon_cmake.task.cmake.build:Building CMake package in '/home/ciderlab-server3/workspace/2026_industry_cowork/IsaacSim-ros_workspaces/humble_ws/src/turtlebot3_manipulation/turtlebot3_manipulation_bringup'
[1.157s] INFO:colcon.colcon_core.shell:Skip shell extension 'powershell' for command environment: Not usable outside of PowerShell
[1.157s] DEBUG:colcon.colcon_core.shell:Skip shell extension 'dsv' for command environment
[1.160s] INFO:colcon.colcon_ros.task.ament_cmake.build:Building ROS package in '/home/ciderlab-server3/workspace/2026_industry_cowork/IsaacSim-ros_workspaces/humble_ws/src/turtlebot3_manipulation/turtlebot3_manipulation_moveit_config' with build type 'ament_cmake'
[1.160s] INFO:colcon.colcon_cmake.task.cmake.build:Building CMake package in '/home/ciderlab-server3/workspace/2026_industry_cowork/IsaacSim-ros_workspaces/humble_ws/src/turtlebot3_manipulation/turtlebot3_manipulation_moveit_config'
[1.160s] INFO:colcon.colcon_core.shell:Skip shell extension 'powershell' for command environment: Not usable outside of PowerShell
[1.160s] DEBUG:colcon.colcon_core.shell:Skip shell extension 'dsv' for command environment
[1.163s] Level 1:colcon.colcon_core.environment:create_environment_scripts_only(isaacsim_clearpath_nav2)
[1.163s] Level 1:colcon.colcon_core.environment:checking '/home/ciderlab-server3/workspace/2026_industry_cowork/IsaacSim-ros_workspaces/humble_ws/install/isaacsim_clearpath_nav2' for CMake module files
[1.164s] DEBUG:colcon.colcon_core.event_handler.log_command:Invoked command in '/home/ciderlab-server3/workspace/2026_industry_cowork/IsaacSim-ros_workspaces/humble_ws/build/isaacsim_clearpath_nav2' returned '0': CMAKE_PREFIX_PATH=${CMAKE_PREFIX_PATH}:/home/ciderlab-server3/workspace/2026_industry_cowork/IsaacSim-ros_workspaces/humble_ws/install/isaacsim_bringup:/home/ciderlab-server3/workspace/2026_industry_cowork/IsaacSim-ros_workspaces/humble_ws/install/isaac_ros_navigation_goal:/home/ciderlab-server3/workspace/2026_industry_cowork/IsaacSim-ros_workspaces/humble_ws/install/isaac_moveit:/home/ciderlab-server3/workspace/2026_industry_cowork/IsaacSim-ros_workspaces/humble_ws/install/isaac_compressed_image_decoder:/home/ciderlab-server3/workspace/2026_industry_cowork/IsaacSim-ros_workspaces/humble_ws/install/h1_fullbody_controller:/home/ciderlab-server3/workspace/2026_industry_cowork/IsaacSim-ros_workspaces/humble_ws/install/cmdvel_to_ackermann:/home/ciderlab-server3/turtlebot3_ws/install/turtlebot3_teleop:/home/ciderlab-server3/turtlebot3_ws/install/turtlebot3_example:/home/ciderlab-server3/turtlebot3_ws/install/turtlebot3_dqn:/home/ciderlab-server3/turtlebot3_ws/install/turtlebot3_home_service_challenge_core:/home/ciderlab-server3/turtlebot3_ws/install/turtlebot3_home_service_challenge_aruco:/opt/ros/humble /usr/bin/cmake --install /home/ciderlab-server3/workspace/2026_industry_cowork/IsaacSim-ros_workspaces/humble_ws/build/isaacsim_clearpath_nav2
[1.164s] Level 1:colcon.colcon_core.environment:checking '/home/ciderlab-server3/workspace/2026_industry_cowork/IsaacSim-ros_workspaces/humble_ws/install/isaacsim_clearpath_nav2' for CMake config files
[1.164s] Level 1:colcon.colcon_core.shell:create_environment_hook('isaacsim_clearpath_nav2', 'cmake_prefix_path')
[1.164s] INFO:colcon.colcon_core.shell:Creating environment hook '/home/ciderlab-server3/workspace/2026_industry_cowork/IsaacSim-ros_workspaces/humble_ws/install/isaacsim_clearpath_nav2/share/isaacsim_clearpath_nav2/hook/cmake_prefix_path.ps1'
[1.164s] INFO:colcon.colcon_core.shell:Creating environment descriptor '/home/ciderlab-server3/workspace/2026_industry_cowork/IsaacSim-ros_workspaces/humble_ws/install/isaacsim_clearpath_nav2/share/isaacsim_clearpath_nav2/hook/cmake_prefix_path.dsv'
[1.164s] INFO:colcon.colcon_core.shell:Creating environment hook '/home/ciderlab-server3/workspace/2026_industry_cowork/IsaacSim-ros_workspaces/humble_ws/install/isaacsim_clearpath_nav2/share/isaacsim_clearpath_nav2/hook/cmake_prefix_path.sh'
[1.165s] Level 1:colcon.colcon_core.environment:checking '/home/ciderlab-server3/workspace/2026_industry_cowork/IsaacSim-ros_workspaces/humble_ws/install/isaacsim_clearpath_nav2/bin'
[1.165s] Level 1:colcon.colcon_core.environment:checking '/home/ciderlab-server3/workspace/2026_industry_cowork/IsaacSim-ros_workspaces/humble_ws/install/isaacsim_clearpath_nav2/lib/pkgconfig/isaacsim_clearpath_nav2.pc'
[1.165s] Level 1:colcon.colcon_core.environment:checking '/home/ciderlab-server3/workspace/2026_industry_cowork/IsaacSim-ros_workspaces/humble_ws/install/isaacsim_clearpath_nav2/lib/python3.10/site-packages'
[1.165s] Level 1:colcon.colcon_core.environment:checking '/home/ciderlab-server3/workspace/2026_industry_cowork/IsaacSim-ros_workspaces/humble_ws/install/isaacsim_clearpath_nav2/bin'
[1.165s] INFO:colcon.colcon_core.shell:Creating package script '/home/ciderlab-server3/workspace/2026_industry_cowork/IsaacSim-ros_workspaces/humble_ws/install/isaacsim_clearpath_nav2/share/isaacsim_clearpath_nav2/package.ps1'
[1.165s] INFO:colcon.colcon_core.shell:Creating package descriptor '/home/ciderlab-server3/workspace/2026_industry_cowork/IsaacSim-ros_workspaces/humble_ws/install/isaacsim_clearpath_nav2/share/isaacsim_clearpath_nav2/package.dsv'
[1.165s] INFO:colcon.colcon_core.shell:Creating package script '/home/ciderlab-server3/workspace/2026_industry_cowork/IsaacSim-ros_workspaces/humble_ws/install/isaacsim_clearpath_nav2/share/isaacsim_clearpath_nav2/package.sh'
[1.165s] INFO:colcon.colcon_core.shell:Creating package script '/home/ciderlab-server3/workspace/2026_industry_cowork/IsaacSim-ros_workspaces/humble_ws/install/isaacsim_clearpath_nav2/share/isaacsim_clearpath_nav2/package.bash'
[1.166s] INFO:colcon.colcon_core.shell:Creating package script '/home/ciderlab-server3/workspace/2026_industry_cowork/IsaacSim-ros_workspaces/humble_ws/install/isaacsim_clearpath_nav2/share/isaacsim_clearpath_nav2/package.zsh'
[1.166s] Level 1:colcon.colcon_core.environment:create_file_with_runtime_dependencies(/home/ciderlab-server3/workspace/2026_industry_cowork/IsaacSim-ros_workspaces/humble_ws/install/isaacsim_clearpath_nav2/share/colcon-core/packages/isaacsim_clearpath_nav2)
[1.166s] Level 1:colcon.colcon_core.environment:create_environment_scripts_only(isaacsim_clearpath_nav2)
[1.166s] Level 1:colcon.colcon_core.environment:checking '/home/ciderlab-server3/workspace/2026_industry_cowork/IsaacSim-ros_workspaces/humble_ws/install/isaacsim_clearpath_nav2' for CMake module files
[1.166s] Level 1:colcon.colcon_core.environment:checking '/home/ciderlab-server3/workspace/2026_industry_cowork/IsaacSim-ros_workspaces/humble_ws/install/isaacsim_clearpath_nav2' for CMake config files
[1.166s] Level 1:colcon.colcon_core.shell:create_environment_hook('isaacsim_clearpath_nav2', 'cmake_prefix_path')
[1.166s] INFO:colcon.colcon_core.shell:Creating environment hook '/home/ciderlab-server3/workspace/2026_industry_cowork/IsaacSim-ros_workspaces/humble_ws/install/isaacsim_clearpath_nav2/share/isaacsim_clearpath_nav2/hook/cmake_prefix_path.ps1'
[1.166s] INFO:colcon.colcon_core.shell:Creating environment descriptor '/home/ciderlab-server3/workspace/2026_industry_cowork/IsaacSim-ros_workspaces/humble_ws/install/isaacsim_clearpath_nav2/share/isaacsim_clearpath_nav2/hook/cmake_prefix_path.dsv'
[1.166s] INFO:colcon.colcon_core.shell:Creating environment hook '/home/ciderlab-server3/workspace/2026_industry_cowork/IsaacSim-ros_workspaces/humble_ws/install/isaacsim_clearpath_nav2/share/isaacsim_clearpath_nav2/hook/cmake_prefix_path.sh'
[1.167s] Level 1:colcon.colcon_core.environment:checking '/home/ciderlab-server3/workspace/2026_industry_cowork/IsaacSim-ros_workspaces/humble_ws/install/isaacsim_clearpath_nav2/bin'
[1.167s] Level 1:colcon.colcon_core.environment:checking '/home/ciderlab-server3/workspace/2026_industry_cowork/IsaacSim-ros_workspaces/humble_ws/install/isaacsim_clearpath_nav2/lib/pkgconfig/isaacsim_clearpath_nav2.pc'
[1.167s] Level 1:colcon.colcon_core.environment:checking '/home/ciderlab-server3/workspace/2026_industry_cowork/IsaacSim-ros_workspaces/humble_ws/install/isaacsim_clearpath_nav2/lib/python3.10/site-packages'
[1.167s] Level 1:colcon.colcon_core.environment:checking '/home/ciderlab-server3/workspace/2026_industry_cowork/IsaacSim-ros_workspaces/humble_ws/install/isaacsim_clearpath_nav2/bin'
[1.167s] INFO:colcon.colcon_core.shell:Creating package script '/home/ciderlab-server3/workspace/2026_industry_cowork/IsaacSim-ros_workspaces/humble_ws/install/isaacsim_clearpath_nav2/share/isaacsim_clearpath_nav2/package.ps1'
[1.167s] INFO:colcon.colcon_core.shell:Creating package descriptor '/home/ciderlab-server3/workspace/2026_industry_cowork/IsaacSim-ros_workspaces/humble_ws/install/isaacsim_clearpath_nav2/share/isaacsim_clearpath_nav2/package.dsv'
[1.168s] INFO:colcon.colcon_core.shell:Creating package script '/home/ciderlab-server3/workspace/2026_industry_cowork/IsaacSim-ros_workspaces/humble_ws/install/isaacsim_clearpath_nav2/share/isaacsim_clearpath_nav2/package.sh'
[1.168s] INFO:colcon.colcon_core.shell:Creating package script '/home/ciderlab-server3/workspace/2026_industry_cowork/IsaacSim-ros_workspaces/humble_ws/install/isaacsim_clearpath_nav2/share/isaacsim_clearpath_nav2/package.bash'
[1.168s] INFO:colcon.colcon_core.shell:Creating package script '/home/ciderlab-server3/workspace/2026_industry_cowork/IsaacSim-ros_workspaces/humble_ws/install/isaacsim_clearpath_nav2/share/isaacsim_clearpath_nav2/package.zsh'
[1.168s] Level 1:colcon.colcon_core.environment:create_file_with_runtime_dependencies(/home/ciderlab-server3/workspace/2026_industry_cowork/IsaacSim-ros_workspaces/humble_ws/install/isaacsim_clearpath_nav2/share/colcon-core/packages/isaacsim_clearpath_nav2)
[1.169s] DEBUG:colcon.colcon_core.event_handler.log_command:Invoked command in '/home/ciderlab-server3/workspace/2026_industry_cowork/IsaacSim-ros_workspaces/humble_ws/build/iw_hub_navigation' returned '0': CMAKE_PREFIX_PATH=${CMAKE_PREFIX_PATH}:/home/ciderlab-server3/workspace/2026_industry_cowork/IsaacSim-ros_workspaces/humble_ws/install/isaacsim_bringup:/home/ciderlab-server3/workspace/2026_industry_cowork/IsaacSim-ros_workspaces/humble_ws/install/isaac_ros_navigation_goal:/home/ciderlab-server3/workspace/2026_industry_cowork/IsaacSim-ros_workspaces/humble_ws/install/isaac_moveit:/home/ciderlab-server3/workspace/2026_industry_cowork/IsaacSim-ros_workspaces/humble_ws/install/isaac_compressed_image_decoder:/home/ciderlab-server3/workspace/2026_industry_cowork/IsaacSim-ros_workspaces/humble_ws/install/h1_fullbody_controller:/home/ciderlab-server3/workspace/2026_industry_cowork/IsaacSim-ros_workspaces/humble_ws/install/cmdvel_to_ackermann:/home/ciderlab-server3/turtlebot3_ws/install/turtlebot3_teleop:/home/ciderlab-server3/turtlebot3_ws/install/turtlebot3_example:/home/ciderlab-server3/turtlebot3_ws/install/turtlebot3_dqn:/home/ciderlab-server3/turtlebot3_ws/install/turtlebot3_home_service_challenge_core:/home/ciderlab-server3/turtlebot3_ws/install/turtlebot3_home_service_challenge_aruco:/opt/ros/humble /usr/bin/cmake --build /home/ciderlab-server3/workspace/2026_industry_cowork/IsaacSim-ros_workspaces/humble_ws/build/iw_hub_navigation -- -j24 -l24
[1.169s] Level 1:colcon.colcon_core.environment:create_environment_scripts_only(custom_message)
[1.169s] DEBUG:colcon.colcon_core.event_handler.log_command:Invoking command in '/home/ciderlab-server3/workspace/2026_industry_cowork/IsaacSim-ros_workspaces/humble_ws/build/iw_hub_navigation': CMAKE_PREFIX_PATH=${CMAKE_PREFIX_PATH}:/home/ciderlab-server3/workspace/2026_industry_cowork/IsaacSim-ros_workspaces/humble_ws/install/isaacsim_bringup:/home/ciderlab-server3/workspace/2026_industry_cowork/IsaacSim-ros_workspaces/humble_ws/install/isaac_ros_navigation_goal:/home/ciderlab-server3/workspace/2026_industry_cowork/IsaacSim-ros_workspaces/humble_ws/install/isaac_moveit:/home/ciderlab-server3/workspace/2026_industry_cowork/IsaacSim-ros_workspaces/humble_ws/install/isaac_compressed_image_decoder:/home/ciderlab-server3/workspace/2026_industry_cowork/IsaacSim-ros_workspaces/humble_ws/install/h1_fullbody_controller:/home/ciderlab-server3/workspace/2026_industry_cowork/IsaacSim-ros_workspaces/humble_ws/install/cmdvel_to_ackermann:/home/ciderlab-server3/turtlebot3_ws/install/turtlebot3_teleop:/home/ciderlab-server3/turtlebot3_ws/install/turtlebot3_example:/home/ciderlab-server3/turtlebot3_ws/install/turtlebot3_dqn:/home/ciderlab-server3/turtlebot3_ws/install/turtlebot3_home_service_challenge_core:/home/ciderlab-server3/turtlebot3_ws/install/turtlebot3_home_service_challenge_aruco:/opt/ros/humble /usr/bin/cmake --install /home/ciderlab-server3/workspace/2026_industry_cowork/IsaacSim-ros_workspaces/humble_ws/build/iw_hub_navigation
[1.169s] Level 1:colcon.colcon_core.environment:checking '/home/ciderlab-server3/workspace/2026_industry_cowork/IsaacSim-ros_workspaces/humble_ws/install/custom_message' for CMake module files
[1.170s] DEBUG:colcon.colcon_core.event_handler.log_command:Invoked command in '/home/ciderlab-server3/workspace/2026_industry_cowork/IsaacSim-ros_workspaces/humble_ws/build/custom_message' returned '0': CMAKE_PREFIX_PATH=${CMAKE_PREFIX_PATH}:/home/ciderlab-server3/workspace/2026_industry_cowork/IsaacSim-ros_workspaces/humble_ws/install/isaacsim_bringup:/home/ciderlab-server3/workspace/2026_industry_cowork/IsaacSim-ros_workspaces/humble_ws/install/isaac_ros_navigation_goal:/home/ciderlab-server3/workspace/2026_industry_cowork/IsaacSim-ros_workspaces/humble_ws/install/isaac_moveit:/home/ciderlab-server3/workspace/2026_industry_cowork/IsaacSim-ros_workspaces/humble_ws/install/isaac_compressed_image_decoder:/home/ciderlab-server3/workspace/2026_industry_cowork/IsaacSim-ros_workspaces/humble_ws/install/h1_fullbody_controller:/home/ciderlab-server3/workspace/2026_industry_cowork/IsaacSim-ros_workspaces/humble_ws/install/cmdvel_to_ackermann:/home/ciderlab-server3/turtlebot3_ws/install/turtlebot3_teleop:/home/ciderlab-server3/turtlebot3_ws/install/turtlebot3_example:/home/ciderlab-server3/turtlebot3_ws/install/turtlebot3_dqn:/home/ciderlab-server3/turtlebot3_ws/install/turtlebot3_home_service_challenge_core:/home/ciderlab-server3/turtlebot3_ws/install/turtlebot3_home_service_challenge_aruco:/opt/ros/humble /usr/bin/cmake --install /home/ciderlab-server3/workspace/2026_industry_cowork/IsaacSim-ros_workspaces/humble_ws/build/custom_message
[1.170s] Level 1:colcon.colcon_core.environment:checking '/home/ciderlab-server3/workspace/2026_industry_cowork/IsaacSim-ros_workspaces/humble_ws/install/custom_message' for CMake config files
[1.170s] Level 1:colcon.colcon_core.shell:create_environment_hook('custom_message', 'cmake_prefix_path')
[1.170s] INFO:colcon.colcon_core.shell:Creating environment hook '/home/ciderlab-server3/workspace/2026_industry_cowork/IsaacSim-ros_workspaces/humble_ws/install/custom_message/share/custom_message/hook/cmake_prefix_path.ps1'
[1.170s] INFO:colcon.colcon_core.shell:Creating environment descriptor '/home/ciderlab-server3/workspace/2026_industry_cowork/IsaacSim-ros_workspaces/humble_ws/install/custom_message/share/custom_message/hook/cmake_prefix_path.dsv'
[1.170s] INFO:colcon.colcon_core.shell:Creating environment hook '/home/ciderlab-server3/workspace/2026_industry_cowork/IsaacSim-ros_workspaces/humble_ws/install/custom_message/share/custom_message/hook/cmake_prefix_path.sh'
[1.171s] Level 1:colcon.colcon_core.environment:checking '/home/ciderlab-server3/workspace/2026_industry_cowork/IsaacSim-ros_workspaces/humble_ws/install/custom_message/lib'
[1.171s] Level 1:colcon.colcon_core.shell:create_environment_hook('custom_message', 'ld_library_path_lib')
[1.171s] INFO:colcon.colcon_core.shell:Creating environment hook '/home/ciderlab-server3/workspace/2026_industry_cowork/IsaacSim-ros_workspaces/humble_ws/install/custom_message/share/custom_message/hook/ld_library_path_lib.ps1'
[1.171s] INFO:colcon.colcon_core.shell:Creating environment descriptor '/home/ciderlab-server3/workspace/2026_industry_cowork/IsaacSim-ros_workspaces/humble_ws/install/custom_message/share/custom_message/hook/ld_library_path_lib.dsv'
[1.171s] INFO:colcon.colcon_core.shell:Creating environment hook '/home/ciderlab-server3/workspace/2026_industry_cowork/IsaacSim-ros_workspaces/humble_ws/install/custom_message/share/custom_message/hook/ld_library_path_lib.sh'
[1.171s] Level 1:colcon.colcon_core.environment:checking '/home/ciderlab-server3/workspace/2026_industry_cowork/IsaacSim-ros_workspaces/humble_ws/install/custom_message/bin'
[1.171s] Level 1:colcon.colcon_core.environment:checking '/home/ciderlab-server3/workspace/2026_industry_cowork/IsaacSim-ros_workspaces/humble_ws/install/custom_message/lib/pkgconfig/custom_message.pc'
[1.171s] Level 1:colcon.colcon_core.environment:checking '/home/ciderlab-server3/workspace/2026_industry_cowork/IsaacSim-ros_workspaces/humble_ws/install/custom_message/lib/python3.10/site-packages'
[1.171s] Level 1:colcon.colcon_core.environment:checking '/home/ciderlab-server3/workspace/2026_industry_cowork/IsaacSim-ros_workspaces/humble_ws/install/custom_message/bin'
[1.171s] INFO:colcon.colcon_core.shell:Creating package script '/home/ciderlab-server3/workspace/2026_industry_cowork/IsaacSim-ros_workspaces/humble_ws/install/custom_message/share/custom_message/package.ps1'
[1.172s] INFO:colcon.colcon_core.shell:Creating package descriptor '/home/ciderlab-server3/workspace/2026_industry_cowork/IsaacSim-ros_workspaces/humble_ws/install/custom_message/share/custom_message/package.dsv'
[1.172s] INFO:colcon.colcon_core.shell:Creating package script '/home/ciderlab-server3/workspace/2026_industry_cowork/IsaacSim-ros_workspaces/humble_ws/install/custom_message/share/custom_message/package.sh'
[1.172s] INFO:colcon.colcon_core.shell:Creating package script '/home/ciderlab-server3/workspace/2026_industry_cowork/IsaacSim-ros_workspaces/humble_ws/install/custom_message/share/custom_message/package.bash'
[1.172s] INFO:colcon.colcon_core.shell:Creating package script '/home/ciderlab-server3/workspace/2026_industry_cowork/IsaacSim-ros_workspaces/humble_ws/install/custom_message/share/custom_message/package.zsh'
[1.172s] Level 1:colcon.colcon_core.environment:create_file_with_runtime_dependencies(/home/ciderlab-server3/workspace/2026_industry_cowork/IsaacSim-ros_workspaces/humble_ws/install/custom_message/share/colcon-core/packages/custom_message)
[1.172s] Level 1:colcon.colcon_core.environment:create_environment_scripts_only(custom_message)
[1.172s] Level 1:colcon.colcon_core.environment:checking '/home/ciderlab-server3/workspace/2026_industry_cowork/IsaacSim-ros_workspaces/humble_ws/install/custom_message' for CMake module files
[1.173s] Level 1:colcon.colcon_core.environment:checking '/home/ciderlab-server3/workspace/2026_industry_cowork/IsaacSim-ros_workspaces/humble_ws/install/custom_message' for CMake config files
[1.173s] Level 1:colcon.colcon_core.shell:create_environment_hook('custom_message', 'cmake_prefix_path')
[1.173s] INFO:colcon.colcon_core.shell:Creating environment hook '/home/ciderlab-server3/workspace/2026_industry_cowork/IsaacSim-ros_workspaces/humble_ws/install/custom_message/share/custom_message/hook/cmake_prefix_path.ps1'
[1.173s] INFO:colcon.colcon_core.shell:Creating environment descriptor '/home/ciderlab-server3/workspace/2026_industry_cowork/IsaacSim-ros_workspaces/humble_ws/install/custom_message/share/custom_message/hook/cmake_prefix_path.dsv'
[1.173s] INFO:colcon.colcon_core.shell:Creating environment hook '/home/ciderlab-server3/workspace/2026_industry_cowork/IsaacSim-ros_workspaces/humble_ws/install/custom_message/share/custom_message/hook/cmake_prefix_path.sh'
[1.173s] Level 1:colcon.colcon_core.environment:checking '/home/ciderlab-server3/workspace/2026_industry_cowork/IsaacSim-ros_workspaces/humble_ws/install/custom_message/lib'
[1.173s] Level 1:colcon.colcon_core.shell:create_environment_hook('custom_message', 'ld_library_path_lib')
[1.174s] INFO:colcon.colcon_core.shell:Creating environment hook '/home/ciderlab-server3/workspace/2026_industry_cowork/IsaacSim-ros_workspaces/humble_ws/install/custom_message/share/custom_message/hook/ld_library_path_lib.ps1'
[1.174s] INFO:colcon.colcon_core.shell:Creating environment descriptor '/home/ciderlab-server3/workspace/2026_industry_cowork/IsaacSim-ros_workspaces/humble_ws/install/custom_message/share/custom_message/hook/ld_library_path_lib.dsv'
[1.174s] INFO:colcon.colcon_core.shell:Creating environment hook '/home/ciderlab-server3/workspace/2026_industry_cowork/IsaacSim-ros_workspaces/humble_ws/install/custom_message/share/custom_message/hook/ld_library_path_lib.sh'
[1.174s] Level 1:colcon.colcon_core.environment:checking '/home/ciderlab-server3/workspace/2026_industry_cowork/IsaacSim-ros_workspaces/humble_ws/install/custom_message/bin'
[1.174s] Level 1:colcon.colcon_core.environment:checking '/home/ciderlab-server3/workspace/2026_industry_cowork/IsaacSim-ros_workspaces/humble_ws/install/custom_message/lib/pkgconfig/custom_message.pc'
[1.174s] Level 1:colcon.colcon_core.environment:checking '/home/ciderlab-server3/workspace/2026_industry_cowork/IsaacSim-ros_workspaces/humble_ws/install/custom_message/lib/python3.10/site-packages'
[1.174s] Level 1:colcon.colcon_core.environment:checking '/home/ciderlab-server3/workspace/2026_industry_cowork/IsaacSim-ros_workspaces/humble_ws/install/custom_message/bin'
[1.174s] INFO:colcon.colcon_core.shell:Creating package script '/home/ciderlab-server3/workspace/2026_industry_cowork/IsaacSim-ros_workspaces/humble_ws/install/custom_message/share/custom_message/package.ps1'
[1.175s] INFO:colcon.colcon_core.shell:Creating package descriptor '/home/ciderlab-server3/workspace/2026_industry_cowork/IsaacSim-ros_workspaces/humble_ws/install/custom_message/share/custom_message/package.dsv'
[1.175s] INFO:colcon.colcon_core.shell:Creating package script '/home/ciderlab-server3/workspace/2026_industry_cowork/IsaacSim-ros_workspaces/humble_ws/install/custom_message/share/custom_message/package.sh'
[1.175s] INFO:colcon.colcon_core.shell:Creating package script '/home/ciderlab-server3/workspace/2026_industry_cowork/IsaacSim-ros_workspaces/humble_ws/install/custom_message/share/custom_message/package.bash'
[1.175s] INFO:colcon.colcon_core.shell:Creating package script '/home/ciderlab-server3/workspace/2026_industry_cowork/IsaacSim-ros_workspaces/humble_ws/install/custom_message/share/custom_message/package.zsh'
[1.175s] Level 1:colcon.colcon_core.environment:create_file_with_runtime_dependencies(/home/ciderlab-server3/workspace/2026_industry_cowork/IsaacSim-ros_workspaces/humble_ws/install/custom_message/share/colcon-core/packages/custom_message)
[1.176s] Level 1:colcon.colcon_core.environment:create_environment_scripts_only(isaac_ros2_messages)
[1.176s] Level 1:colcon.colcon_core.environment:checking '/home/ciderlab-server3/workspace/2026_industry_cowork/IsaacSim-ros_workspaces/humble_ws/install/isaac_ros2_messages' for CMake module files
[1.176s] DEBUG:colcon.colcon_core.event_handler.log_command:Invoked command in '/home/ciderlab-server3/workspace/2026_industry_cowork/IsaacSim-ros_workspaces/humble_ws/build/isaac_ros2_messages' returned '0': CMAKE_PREFIX_PATH=${CMAKE_PREFIX_PATH}:/home/ciderlab-server3/workspace/2026_industry_cowork/IsaacSim-ros_workspaces/humble_ws/install/isaacsim_bringup:/home/ciderlab-server3/workspace/2026_industry_cowork/IsaacSim-ros_workspaces/humble_ws/install/isaac_ros_navigation_goal:/home/ciderlab-server3/workspace/2026_industry_cowork/IsaacSim-ros_workspaces/humble_ws/install/isaac_moveit:/home/ciderlab-server3/workspace/2026_industry_cowork/IsaacSim-ros_workspaces/humble_ws/install/isaac_compressed_image_decoder:/home/ciderlab-server3/workspace/2026_industry_cowork/IsaacSim-ros_workspaces/humble_ws/install/h1_fullbody_controller:/home/ciderlab-server3/workspace/2026_industry_cowork/IsaacSim-ros_workspaces/humble_ws/install/cmdvel_to_ackermann:/home/ciderlab-server3/turtlebot3_ws/install/turtlebot3_teleop:/home/ciderlab-server3/turtlebot3_ws/install/turtlebot3_example:/home/ciderlab-server3/turtlebot3_ws/install/turtlebot3_dqn:/home/ciderlab-server3/turtlebot3_ws/install/turtlebot3_home_service_challenge_core:/home/ciderlab-server3/turtlebot3_ws/install/turtlebot3_home_service_challenge_aruco:/opt/ros/humble /usr/bin/cmake --install /home/ciderlab-server3/workspace/2026_industry_cowork/IsaacSim-ros_workspaces/humble_ws/build/isaac_ros2_messages
[1.177s] Level 1:colcon.colcon_core.environment:checking '/home/ciderlab-server3/workspace/2026_industry_cowork/IsaacSim-ros_workspaces/humble_ws/install/isaac_ros2_messages' for CMake config files
[1.177s] Level 1:colcon.colcon_core.shell:create_environment_hook('isaac_ros2_messages', 'cmake_prefix_path')
[1.177s] INFO:colcon.colcon_core.shell:Creating environment hook '/home/ciderlab-server3/workspace/2026_industry_cowork/IsaacSim-ros_workspaces/humble_ws/install/isaac_ros2_messages/share/isaac_ros2_messages/hook/cmake_prefix_path.ps1'
[1.177s] INFO:colcon.colcon_core.shell:Creating environment descriptor '/home/ciderlab-server3/workspace/2026_industry_cowork/IsaacSim-ros_workspaces/humble_ws/install/isaac_ros2_messages/share/isaac_ros2_messages/hook/cmake_prefix_path.dsv'
[1.178s] INFO:colcon.colcon_core.shell:Creating environment hook '/home/ciderlab-server3/workspace/2026_industry_cowork/IsaacSim-ros_workspaces/humble_ws/install/isaac_ros2_messages/share/isaac_ros2_messages/hook/cmake_prefix_path.sh'
[1.178s] Level 1:colcon.colcon_core.environment:checking '/home/ciderlab-server3/workspace/2026_industry_cowork/IsaacSim-ros_workspaces/humble_ws/install/isaac_ros2_messages/lib'
[1.178s] Level 1:colcon.colcon_core.shell:create_environment_hook('isaac_ros2_messages', 'ld_library_path_lib')
[1.178s] INFO:colcon.colcon_core.shell:Creating environment hook '/home/ciderlab-server3/workspace/2026_industry_cowork/IsaacSim-ros_workspaces/humble_ws/install/isaac_ros2_messages/share/isaac_ros2_messages/hook/ld_library_path_lib.ps1'
[1.178s] INFO:colcon.colcon_core.shell:Creating environment descriptor '/home/ciderlab-server3/workspace/2026_industry_cowork/IsaacSim-ros_workspaces/humble_ws/install/isaac_ros2_messages/share/isaac_ros2_messages/hook/ld_library_path_lib.dsv'
[1.178s] INFO:colcon.colcon_core.shell:Creating environment hook '/home/ciderlab-server3/workspace/2026_industry_cowork/IsaacSim-ros_workspaces/humble_ws/install/isaac_ros2_messages/share/isaac_ros2_messages/hook/ld_library_path_lib.sh'
[1.179s] Level 1:colcon.colcon_core.environment:checking '/home/ciderlab-server3/workspace/2026_industry_cowork/IsaacSim-ros_workspaces/humble_ws/install/isaac_ros2_messages/bin'
[1.179s] Level 1:colcon.colcon_core.environment:checking '/home/ciderlab-server3/workspace/2026_industry_cowork/IsaacSim-ros_workspaces/humble_ws/install/isaac_ros2_messages/lib/pkgconfig/isaac_ros2_messages.pc'
[1.179s] Level 1:colcon.colcon_core.environment:checking '/home/ciderlab-server3/workspace/2026_industry_cowork/IsaacSim-ros_workspaces/humble_ws/install/isaac_ros2_messages/lib/python3.10/site-packages'
[1.179s] Level 1:colcon.colcon_core.environment:checking '/home/ciderlab-server3/workspace/2026_industry_cowork/IsaacSim-ros_workspaces/humble_ws/install/isaac_ros2_messages/bin'
[1.179s] INFO:colcon.colcon_core.shell:Creating package script '/home/ciderlab-server3/workspace/2026_industry_cowork/IsaacSim-ros_workspaces/humble_ws/install/isaac_ros2_messages/share/isaac_ros2_messages/package.ps1'
[1.180s] INFO:colcon.colcon_core.shell:Creating package descriptor '/home/ciderlab-server3/workspace/2026_industry_cowork/IsaacSim-ros_workspaces/humble_ws/install/isaac_ros2_messages/share/isaac_ros2_messages/package.dsv'
[1.180s] INFO:colcon.colcon_core.shell:Creating package script '/home/ciderlab-server3/workspace/2026_industry_cowork/IsaacSim-ros_workspaces/humble_ws/install/isaac_ros2_messages/share/isaac_ros2_messages/package.sh'
[1.180s] INFO:colcon.colcon_core.shell:Creating package script '/home/ciderlab-server3/workspace/2026_industry_cowork/IsaacSim-ros_workspaces/humble_ws/install/isaac_ros2_messages/share/isaac_ros2_messages/package.bash'
[1.180s] INFO:colcon.colcon_core.shell:Creating package script '/home/ciderlab-server3/workspace/2026_industry_cowork/IsaacSim-ros_workspaces/humble_ws/install/isaac_ros2_messages/share/isaac_ros2_messages/package.zsh'
[1.180s] Level 1:colcon.colcon_core.environment:create_file_with_runtime_dependencies(/home/ciderlab-server3/workspace/2026_industry_cowork/IsaacSim-ros_workspaces/humble_ws/install/isaac_ros2_messages/share/colcon-core/packages/isaac_ros2_messages)
[1.181s] Level 1:colcon.colcon_core.environment:create_environment_scripts_only(isaac_ros2_messages)
[1.181s] Level 1:colcon.colcon_core.environment:checking '/home/ciderlab-server3/workspace/2026_industry_cowork/IsaacSim-ros_workspaces/humble_ws/install/isaac_ros2_messages' for CMake module files
[1.181s] Level 1:colcon.colcon_core.environment:checking '/home/ciderlab-server3/workspace/2026_industry_cowork/IsaacSim-ros_workspaces/humble_ws/install/isaac_ros2_messages' for CMake config files
[1.181s] Level 1:colcon.colcon_core.shell:create_environment_hook('isaac_ros2_messages', 'cmake_prefix_path')
[1.181s] INFO:colcon.colcon_core.shell:Creating environment hook '/home/ciderlab-server3/workspace/2026_industry_cowork/IsaacSim-ros_workspaces/humble_ws/install/isaac_ros2_messages/share/isaac_ros2_messages/hook/cmake_prefix_path.ps1'
[1.181s] INFO:colcon.colcon_core.shell:Creating environment descriptor '/home/ciderlab-server3/workspace/2026_industry_cowork/IsaacSim-ros_workspaces/humble_ws/install/isaac_ros2_messages/share/isaac_ros2_messages/hook/cmake_prefix_path.dsv'
[1.181s] INFO:colcon.colcon_core.shell:Creating environment hook '/home/ciderlab-server3/workspace/2026_industry_cowork/IsaacSim-ros_workspaces/humble_ws/install/isaac_ros2_messages/share/isaac_ros2_messages/hook/cmake_prefix_path.sh'
[1.182s] Level 1:colcon.colcon_core.environment:checking '/home/ciderlab-server3/workspace/2026_industry_cowork/IsaacSim-ros_workspaces/humble_ws/install/isaac_ros2_messages/lib'
[1.182s] Level 1:colcon.colcon_core.shell:create_environment_hook('isaac_ros2_messages', 'ld_library_path_lib')
[1.182s] INFO:colcon.colcon_core.shell:Creating environment hook '/home/ciderlab-server3/workspace/2026_industry_cowork/IsaacSim-ros_workspaces/humble_ws/install/isaac_ros2_messages/share/isaac_ros2_messages/hook/ld_library_path_lib.ps1'
[1.182s] INFO:colcon.colcon_core.shell:Creating environment descriptor '/home/ciderlab-server3/workspace/2026_industry_cowork/IsaacSim-ros_workspaces/humble_ws/install/isaac_ros2_messages/share/isaac_ros2_messages/hook/ld_library_path_lib.dsv'
[1.182s] INFO:colcon.colcon_core.shell:Creating environment hook '/home/ciderlab-server3/workspace/2026_industry_cowork/IsaacSim-ros_workspaces/humble_ws/install/isaac_ros2_messages/share/isaac_ros2_messages/hook/ld_library_path_lib.sh'
[1.182s] Level 1:colcon.colcon_core.environment:checking '/home/ciderlab-server3/workspace/2026_industry_cowork/IsaacSim-ros_workspaces/humble_ws/install/isaac_ros2_messages/bin'
[1.182s] Level 1:colcon.colcon_core.environment:checking '/home/ciderlab-server3/workspace/2026_industry_cowork/IsaacSim-ros_workspaces/humble_ws/install/isaac_ros2_messages/lib/pkgconfig/isaac_ros2_messages.pc'
[1.182s] Level 1:colcon.colcon_core.environment:checking '/home/ciderlab-server3/workspace/2026_industry_cowork/IsaacSim-ros_workspaces/humble_ws/install/isaac_ros2_messages/lib/python3.10/site-packages'
[1.182s] Level 1:colcon.colcon_core.environment:checking '/home/ciderlab-server3/workspace/2026_industry_cowork/IsaacSim-ros_workspaces/humble_ws/install/isaac_ros2_messages/bin'
[1.182s] INFO:colcon.colcon_core.shell:Creating package script '/home/ciderlab-server3/workspace/2026_industry_cowork/IsaacSim-ros_workspaces/humble_ws/install/isaac_ros2_messages/share/isaac_ros2_messages/package.ps1'
[1.183s] INFO:colcon.colcon_core.shell:Creating package descriptor '/home/ciderlab-server3/workspace/2026_industry_cowork/IsaacSim-ros_workspaces/humble_ws/install/isaac_ros2_messages/share/isaac_ros2_messages/package.dsv'
[1.183s] INFO:colcon.colcon_core.shell:Creating package script '/home/ciderlab-server3/workspace/2026_industry_cowork/IsaacSim-ros_workspaces/humble_ws/install/isaac_ros2_messages/share/isaac_ros2_messages/package.sh'
[1.183s] INFO:colcon.colcon_core.shell:Creating package script '/home/ciderlab-server3/workspace/2026_industry_cowork/IsaacSim-ros_workspaces/humble_ws/install/isaac_ros2_messages/share/isaac_ros2_messages/package.bash'
[1.183s] INFO:colcon.colcon_core.shell:Creating package script '/home/ciderlab-server3/workspace/2026_industry_cowork/IsaacSim-ros_workspaces/humble_ws/install/isaac_ros2_messages/share/isaac_ros2_messages/package.zsh'
[1.183s] Level 1:colcon.colcon_core.environment:create_file_with_runtime_dependencies(/home/ciderlab-server3/workspace/2026_industry_cowork/IsaacSim-ros_workspaces/humble_ws/install/isaac_ros2_messages/share/colcon-core/packages/isaac_ros2_messages)
[1.186s] Level 1:colcon.colcon_core.environment:create_environment_scripts_only(iw_hub_navigation)
[1.186s] Level 1:colcon.colcon_core.environment:checking '/home/ciderlab-server3/workspace/2026_industry_cowork/IsaacSim-ros_workspaces/humble_ws/install/iw_hub_navigation' for CMake module files
[1.187s] Level 1:colcon.colcon_core.environment:checking '/home/ciderlab-server3/workspace/2026_industry_cowork/IsaacSim-ros_workspaces/humble_ws/install/iw_hub_navigation' for CMake config files
[1.187s] Level 1:colcon.colcon_core.shell:create_environment_hook('iw_hub_navigation', 'cmake_prefix_path')
[1.187s] INFO:colcon.colcon_core.shell:Creating environment hook '/home/ciderlab-server3/workspace/2026_industry_cowork/IsaacSim-ros_workspaces/humble_ws/install/iw_hub_navigation/share/iw_hub_navigation/hook/cmake_prefix_path.ps1'
[1.187s] INFO:colcon.colcon_core.shell:Creating environment descriptor '/home/ciderlab-server3/workspace/2026_industry_cowork/IsaacSim-ros_workspaces/humble_ws/install/iw_hub_navigation/share/iw_hub_navigation/hook/cmake_prefix_path.dsv'
[1.188s] DEBUG:colcon.colcon_core.event_handler.log_command:Invoking command in '/home/ciderlab-server3/workspace/2026_industry_cowork/IsaacSim-ros_workspaces/humble_ws/build/turtlebot3_manipulation_bringup': CMAKE_PREFIX_PATH=/home/ciderlab-server3/workspace/2026_industry_cowork/IsaacSim-ros_workspaces/humble_ws/install/turtlebot3_manipulation_description:/home/ciderlab-server3/workspace/2026_industry_cowork/IsaacSim-ros_workspaces/humble_ws/install/turtlebot3_manipulation:/home/ciderlab-server3/workspace/2026_industry_cowork/IsaacSim-ros_workspaces/humble_ws/install/turtlebot3_manipulation_teleop:/home/ciderlab-server3/workspace/2026_industry_cowork/IsaacSim-ros_workspaces/humble_ws/install/turtlebot3_manipulation_navigation2:/home/ciderlab-server3/workspace/2026_industry_cowork/IsaacSim-ros_workspaces/humble_ws/install/turtlebot3_manipulation_moveit_config:/home/ciderlab-server3/workspace/2026_industry_cowork/IsaacSim-ros_workspaces/humble_ws/install/turtlebot3_manipulation_hardware:/home/ciderlab-server3/workspace/2026_industry_cowork/IsaacSim-ros_workspaces/humble_ws/install/turtlebot3_manipulation_bringup:/home/ciderlab-server3/workspace/2026_industry_cowork/IsaacSim-ros_workspaces/humble_ws/install/turtlebot3_manipulation_cartographer:/home/ciderlab-server3/workspace/2026_industry_cowork/IsaacSim-ros_workspaces/humble_ws/install/iw_hub_navigation:/home/ciderlab-server3/workspace/2026_industry_cowork/IsaacSim-ros_workspaces/humble_ws/install/isaacsim_clearpath_nav2:/home/ciderlab-server3/workspace/2026_industry_cowork/IsaacSim-ros_workspaces/humble_ws/install/isaac_tutorials:/home/ciderlab-server3/workspace/2026_industry_cowork/IsaacSim-ros_workspaces/humble_ws/install/isaac_ros2_messages:/home/ciderlab-server3/workspace/2026_industry_cowork/IsaacSim-ros_workspaces/humble_ws/install/custom_message:/home/ciderlab-server3/workspace/2026_industry_cowork/IsaacSim-ros_workspaces/humble_ws/install/carter_navigation:/home/ciderlab-server3/turtlebot3_ws/install/turtlebot3:/home/ciderlab-server3/turtlebot3_ws/install/turtlebot3_simulations:/home/ciderlab-server3/turtlebot3_ws/install/turtlebot3_bringup:/home/ciderlab-server3/turtlebot3_ws/install/turtlebot3_node:/home/ciderlab-server3/turtlebot3_ws/install/turtlebot3_navigation2:/home/ciderlab-server3/turtlebot3_ws/install/turtlebot3_machine_learning:/home/ciderlab-server3/turtlebot3_ws/install/turtlebot3_fake_node:/home/ciderlab-server3/turtlebot3_ws/install/turtlebot3_msgs:/home/ciderlab-server3/turtlebot3_ws/install/turtlebot3_manipulation:/home/ciderlab-server3/turtlebot3_ws/install/turtlebot3_manipulation_teleop:/home/ciderlab-server3/turtlebot3_ws/install/turtlebot3_home_service_challenge:/home/ciderlab-server3/turtlebot3_ws/install/turtlebot3_home_service_challenge_manipulator:/home/ciderlab-server3/turtlebot3_ws/install/turtlebot3_home_service_challenge_tools:/home/ciderlab-server3/turtlebot3_ws/install/turtlebot3_manipulation_navigation2:/home/ciderlab-server3/turtlebot3_ws/install/turtlebot3_manipulation_moveit_config:/home/ciderlab-server3/turtlebot3_ws/install/turtlebot3_manipulation_hardware:/home/ciderlab-server3/turtlebot3_ws/install/turtlebot3_manipulation_gazebo:/home/ciderlab-server3/turtlebot3_ws/install/turtlebot3_manipulation_bringup:/home/ciderlab-server3/turtlebot3_ws/install/turtlebot3_manipulation_description:/home/ciderlab-server3/turtlebot3_ws/install/turtlebot3_manipulation_cartographer:/home/ciderlab-server3/turtlebot3_ws/install/turtlebot3_gazebo:/home/ciderlab-server3/turtlebot3_ws/install/turtlebot3_description:/home/ciderlab-server3/turtlebot3_ws/install/turtlebot3_cartographer:/home/ciderlab-server3/turtlebot3_ws/install/dynamixel_sdk_examples:/home/ciderlab-server3/turtlebot3_ws/install/dynamixel_sdk_custom_interfaces:/home/ciderlab-server3/turtlebot3_ws/install/dynamixel_sdk:/home/ciderlab-server3/workspace/2026_industry_cowork/IsaacSim-ros_workspaces/humble_ws/install/isaacsim_bringup:/home/ciderlab-server3/workspace/2026_industry_cowork/IsaacSim-ros_workspaces/humble_ws/install/isaac_ros_navigation_goal:/home/ciderlab-server3/workspace/2026_industry_cowork/IsaacSim-ros_workspaces/humble_ws/install/isaac_moveit:/home/ciderlab-server3/workspace/2026_industry_cowork/IsaacSim-ros_workspaces/humble_ws/install/isaac_compressed_image_decoder:/home/ciderlab-server3/workspace/2026_industry_cowork/IsaacSim-ros_workspaces/humble_ws/install/h1_fullbody_controller:/home/ciderlab-server3/workspace/2026_industry_cowork/IsaacSim-ros_workspaces/humble_ws/install/cmdvel_to_ackermann:/home/ciderlab-server3/turtlebot3_ws/install/turtlebot3_teleop:/home/ciderlab-server3/turtlebot3_ws/install/turtlebot3_example:/home/ciderlab-server3/turtlebot3_ws/install/turtlebot3_dqn:/home/ciderlab-server3/turtlebot3_ws/install/turtlebot3_home_service_challenge_core:/home/ciderlab-server3/turtlebot3_ws/install/turtlebot3_home_service_challenge_aruco:/opt/ros/humble /usr/bin/cmake --build /home/ciderlab-server3/workspace/2026_industry_cowork/IsaacSim-ros_workspaces/humble_ws/build/turtlebot3_manipulation_bringup -- -j24 -l24
[1.188s] INFO:colcon.colcon_core.shell:Creating environment hook '/home/ciderlab-server3/workspace/2026_industry_cowork/IsaacSim-ros_workspaces/humble_ws/install/iw_hub_navigation/share/iw_hub_navigation/hook/cmake_prefix_path.sh'
[1.188s] Level 1:colcon.colcon_core.environment:checking '/home/ciderlab-server3/workspace/2026_industry_cowork/IsaacSim-ros_workspaces/humble_ws/install/iw_hub_navigation/bin'
[1.188s] Level 1:colcon.colcon_core.environment:checking '/home/ciderlab-server3/workspace/2026_industry_cowork/IsaacSim-ros_workspaces/humble_ws/install/iw_hub_navigation/lib/pkgconfig/iw_hub_navigation.pc'
[1.188s] Level 1:colcon.colcon_core.environment:checking '/home/ciderlab-server3/workspace/2026_industry_cowork/IsaacSim-ros_workspaces/humble_ws/install/iw_hub_navigation/lib/python3.10/site-packages'
[1.188s] Level 1:colcon.colcon_core.environment:checking '/home/ciderlab-server3/workspace/2026_industry_cowork/IsaacSim-ros_workspaces/humble_ws/install/iw_hub_navigation/bin'
[1.188s] INFO:colcon.colcon_core.shell:Creating package script '/home/ciderlab-server3/workspace/2026_industry_cowork/IsaacSim-ros_workspaces/humble_ws/install/iw_hub_navigation/share/iw_hub_navigation/package.ps1'
[1.189s] DEBUG:colcon.colcon_core.event_handler.log_command:Invoking command in '/home/ciderlab-server3/workspace/2026_industry_cowork/IsaacSim-ros_workspaces/humble_ws/build/turtlebot3_manipulation_moveit_config': CMAKE_PREFIX_PATH=/home/ciderlab-server3/workspace/2026_industry_cowork/IsaacSim-ros_workspaces/humble_ws/install/turtlebot3_manipulation_description:/home/ciderlab-server3/workspace/2026_industry_cowork/IsaacSim-ros_workspaces/humble_ws/install/turtlebot3_manipulation:/home/ciderlab-server3/workspace/2026_industry_cowork/IsaacSim-ros_workspaces/humble_ws/install/turtlebot3_manipulation_teleop:/home/ciderlab-server3/workspace/2026_industry_cowork/IsaacSim-ros_workspaces/humble_ws/install/turtlebot3_manipulation_navigation2:/home/ciderlab-server3/workspace/2026_industry_cowork/IsaacSim-ros_workspaces/humble_ws/install/turtlebot3_manipulation_moveit_config:/home/ciderlab-server3/workspace/2026_industry_cowork/IsaacSim-ros_workspaces/humble_ws/install/turtlebot3_manipulation_hardware:/home/ciderlab-server3/workspace/2026_industry_cowork/IsaacSim-ros_workspaces/humble_ws/install/turtlebot3_manipulation_bringup:/home/ciderlab-server3/workspace/2026_industry_cowork/IsaacSim-ros_workspaces/humble_ws/install/turtlebot3_manipulation_cartographer:/home/ciderlab-server3/workspace/2026_industry_cowork/IsaacSim-ros_workspaces/humble_ws/install/iw_hub_navigation:/home/ciderlab-server3/workspace/2026_industry_cowork/IsaacSim-ros_workspaces/humble_ws/install/isaacsim_clearpath_nav2:/home/ciderlab-server3/workspace/2026_industry_cowork/IsaacSim-ros_workspaces/humble_ws/install/isaac_tutorials:/home/ciderlab-server3/workspace/2026_industry_cowork/IsaacSim-ros_workspaces/humble_ws/install/isaac_ros2_messages:/home/ciderlab-server3/workspace/2026_industry_cowork/IsaacSim-ros_workspaces/humble_ws/install/custom_message:/home/ciderlab-server3/workspace/2026_industry_cowork/IsaacSim-ros_workspaces/humble_ws/install/carter_navigation:/home/ciderlab-server3/turtlebot3_ws/install/turtlebot3:/home/ciderlab-server3/turtlebot3_ws/install/turtlebot3_simulations:/home/ciderlab-server3/turtlebot3_ws/install/turtlebot3_bringup:/home/ciderlab-server3/turtlebot3_ws/install/turtlebot3_node:/home/ciderlab-server3/turtlebot3_ws/install/turtlebot3_navigation2:/home/ciderlab-server3/turtlebot3_ws/install/turtlebot3_machine_learning:/home/ciderlab-server3/turtlebot3_ws/install/turtlebot3_fake_node:/home/ciderlab-server3/turtlebot3_ws/install/turtlebot3_msgs:/home/ciderlab-server3/turtlebot3_ws/install/turtlebot3_manipulation:/home/ciderlab-server3/turtlebot3_ws/install/turtlebot3_manipulation_teleop:/home/ciderlab-server3/turtlebot3_ws/install/turtlebot3_home_service_challenge:/home/ciderlab-server3/turtlebot3_ws/install/turtlebot3_home_service_challenge_manipulator:/home/ciderlab-server3/turtlebot3_ws/install/turtlebot3_home_service_challenge_tools:/home/ciderlab-server3/turtlebot3_ws/install/turtlebot3_manipulation_navigation2:/home/ciderlab-server3/turtlebot3_ws/install/turtlebot3_manipulation_moveit_config:/home/ciderlab-server3/turtlebot3_ws/install/turtlebot3_manipulation_hardware:/home/ciderlab-server3/turtlebot3_ws/install/turtlebot3_manipulation_gazebo:/home/ciderlab-server3/turtlebot3_ws/install/turtlebot3_manipulation_bringup:/home/ciderlab-server3/turtlebot3_ws/install/turtlebot3_manipulation_description:/home/ciderlab-server3/turtlebot3_ws/install/turtlebot3_manipulation_cartographer:/home/ciderlab-server3/turtlebot3_ws/install/turtlebot3_gazebo:/home/ciderlab-server3/turtlebot3_ws/install/turtlebot3_description:/home/ciderlab-server3/turtlebot3_ws/install/turtlebot3_cartographer:/home/ciderlab-server3/turtlebot3_ws/install/dynamixel_sdk_examples:/home/ciderlab-server3/turtlebot3_ws/install/dynamixel_sdk_custom_interfaces:/home/ciderlab-server3/turtlebot3_ws/install/dynamixel_sdk:/home/ciderlab-server3/workspace/2026_industry_cowork/IsaacSim-ros_workspaces/humble_ws/install/isaacsim_bringup:/home/ciderlab-server3/workspace/2026_industry_cowork/IsaacSim-ros_workspaces/humble_ws/install/isaac_ros_navigation_goal:/home/ciderlab-server3/workspace/2026_industry_cowork/IsaacSim-ros_workspaces/humble_ws/install/isaac_moveit:/home/ciderlab-server3/workspace/2026_industry_cowork/IsaacSim-ros_workspaces/humble_ws/install/isaac_compressed_image_decoder:/home/ciderlab-server3/workspace/2026_industry_cowork/IsaacSim-ros_workspaces/humble_ws/install/h1_fullbody_controller:/home/ciderlab-server3/workspace/2026_industry_cowork/IsaacSim-ros_workspaces/humble_ws/install/cmdvel_to_ackermann:/home/ciderlab-server3/turtlebot3_ws/install/turtlebot3_teleop:/home/ciderlab-server3/turtlebot3_ws/install/turtlebot3_example:/home/ciderlab-server3/turtlebot3_ws/install/turtlebot3_dqn:/home/ciderlab-server3/turtlebot3_ws/install/turtlebot3_home_service_challenge_core:/home/ciderlab-server3/turtlebot3_ws/install/turtlebot3_home_service_challenge_aruco:/opt/ros/humble /usr/bin/cmake --build /home/ciderlab-server3/workspace/2026_industry_cowork/IsaacSim-ros_workspaces/humble_ws/build/turtlebot3_manipulation_moveit_config -- -j24 -l24
[1.189s] INFO:colcon.colcon_core.shell:Creating package descriptor '/home/ciderlab-server3/workspace/2026_industry_cowork/IsaacSim-ros_workspaces/humble_ws/install/iw_hub_navigation/share/iw_hub_navigation/package.dsv'
[1.189s] DEBUG:colcon.colcon_core.event_handler.log_command:Invoked command in '/home/ciderlab-server3/workspace/2026_industry_cowork/IsaacSim-ros_workspaces/humble_ws/build/iw_hub_navigation' returned '0': CMAKE_PREFIX_PATH=${CMAKE_PREFIX_PATH}:/home/ciderlab-server3/workspace/2026_industry_cowork/IsaacSim-ros_workspaces/humble_ws/install/isaacsim_bringup:/home/ciderlab-server3/workspace/2026_industry_cowork/IsaacSim-ros_workspaces/humble_ws/install/isaac_ros_navigation_goal:/home/ciderlab-server3/workspace/2026_industry_cowork/IsaacSim-ros_workspaces/humble_ws/install/isaac_moveit:/home/ciderlab-server3/workspace/2026_industry_cowork/IsaacSim-ros_workspaces/humble_ws/install/isaac_compressed_image_decoder:/home/ciderlab-server3/workspace/2026_industry_cowork/IsaacSim-ros_workspaces/humble_ws/install/h1_fullbody_controller:/home/ciderlab-server3/workspace/2026_industry_cowork/IsaacSim-ros_workspaces/humble_ws/install/cmdvel_to_ackermann:/home/ciderlab-server3/turtlebot3_ws/install/turtlebot3_teleop:/home/ciderlab-server3/turtlebot3_ws/install/turtlebot3_example:/home/ciderlab-server3/turtlebot3_ws/install/turtlebot3_dqn:/home/ciderlab-server3/turtlebot3_ws/install/turtlebot3_home_service_challenge_core:/home/ciderlab-server3/turtlebot3_ws/install/turtlebot3_home_service_challenge_aruco:/opt/ros/humble /usr/bin/cmake --install /home/ciderlab-server3/workspace/2026_industry_cowork/IsaacSim-ros_workspaces/humble_ws/build/iw_hub_navigation
[1.189s] INFO:colcon.colcon_core.shell:Creating package script '/home/ciderlab-server3/workspace/2026_industry_cowork/IsaacSim-ros_workspaces/humble_ws/install/iw_hub_navigation/share/iw_hub_navigation/package.sh'
[1.189s] INFO:colcon.colcon_core.shell:Creating package script '/home/ciderlab-server3/workspace/2026_industry_cowork/IsaacSim-ros_workspaces/humble_ws/install/iw_hub_navigation/share/iw_hub_navigation/package.bash'
[1.189s] INFO:colcon.colcon_core.shell:Creating package script '/home/ciderlab-server3/workspace/2026_industry_cowork/IsaacSim-ros_workspaces/humble_ws/install/iw_hub_navigation/share/iw_hub_navigation/package.zsh'
[1.190s] Level 1:colcon.colcon_core.environment:create_file_with_runtime_dependencies(/home/ciderlab-server3/workspace/2026_industry_cowork/IsaacSim-ros_workspaces/humble_ws/install/iw_hub_navigation/share/colcon-core/packages/iw_hub_navigation)
[1.190s] Level 1:colcon.colcon_core.environment:create_environment_scripts_only(iw_hub_navigation)
[1.190s] Level 1:colcon.colcon_core.environment:checking '/home/ciderlab-server3/workspace/2026_industry_cowork/IsaacSim-ros_workspaces/humble_ws/install/iw_hub_navigation' for CMake module files
[1.190s] Level 1:colcon.colcon_core.environment:checking '/home/ciderlab-server3/workspace/2026_industry_cowork/IsaacSim-ros_workspaces/humble_ws/install/iw_hub_navigation' for CMake config files
[1.190s] Level 1:colcon.colcon_core.shell:create_environment_hook('iw_hub_navigation', 'cmake_prefix_path')
[1.190s] INFO:colcon.colcon_core.shell:Creating environment hook '/home/ciderlab-server3/workspace/2026_industry_cowork/IsaacSim-ros_workspaces/humble_ws/install/iw_hub_navigation/share/iw_hub_navigation/hook/cmake_prefix_path.ps1'
[1.190s] INFO:colcon.colcon_core.shell:Creating environment descriptor '/home/ciderlab-server3/workspace/2026_industry_cowork/IsaacSim-ros_workspaces/humble_ws/install/iw_hub_navigation/share/iw_hub_navigation/hook/cmake_prefix_path.dsv'
[1.190s] INFO:colcon.colcon_core.shell:Creating environment hook '/home/ciderlab-server3/workspace/2026_industry_cowork/IsaacSim-ros_workspaces/humble_ws/install/iw_hub_navigation/share/iw_hub_navigation/hook/cmake_prefix_path.sh'
[1.191s] Level 1:colcon.colcon_core.environment:checking '/home/ciderlab-server3/workspace/2026_industry_cowork/IsaacSim-ros_workspaces/humble_ws/install/iw_hub_navigation/bin'
[1.191s] Level 1:colcon.colcon_core.environment:checking '/home/ciderlab-server3/workspace/2026_industry_cowork/IsaacSim-ros_workspaces/humble_ws/install/iw_hub_navigation/lib/pkgconfig/iw_hub_navigation.pc'
[1.191s] Level 1:colcon.colcon_core.environment:checking '/home/ciderlab-server3/workspace/2026_industry_cowork/IsaacSim-ros_workspaces/humble_ws/install/iw_hub_navigation/lib/python3.10/site-packages'
[1.191s] Level 1:colcon.colcon_core.environment:checking '/home/ciderlab-server3/workspace/2026_industry_cowork/IsaacSim-ros_workspaces/humble_ws/install/iw_hub_navigation/bin'
[1.191s] INFO:colcon.colcon_core.shell:Creating package script '/home/ciderlab-server3/workspace/2026_industry_cowork/IsaacSim-ros_workspaces/humble_ws/install/iw_hub_navigation/share/iw_hub_navigation/package.ps1'
[1.191s] INFO:colcon.colcon_core.shell:Creating package descriptor '/home/ciderlab-server3/workspace/2026_industry_cowork/IsaacSim-ros_workspaces/humble_ws/install/iw_hub_navigation/share/iw_hub_navigation/package.dsv'
[1.191s] INFO:colcon.colcon_core.shell:Creating package script '/home/ciderlab-server3/workspace/2026_industry_cowork/IsaacSim-ros_workspaces/humble_ws/install/iw_hub_navigation/share/iw_hub_navigation/package.sh'
[1.192s] INFO:colcon.colcon_core.shell:Creating package script '/home/ciderlab-server3/workspace/2026_industry_cowork/IsaacSim-ros_workspaces/humble_ws/install/iw_hub_navigation/share/iw_hub_navigation/package.bash'
[1.192s] INFO:colcon.colcon_core.shell:Creating package script '/home/ciderlab-server3/workspace/2026_industry_cowork/IsaacSim-ros_workspaces/humble_ws/install/iw_hub_navigation/share/iw_hub_navigation/package.zsh'
[1.192s] Level 1:colcon.colcon_core.environment:create_file_with_runtime_dependencies(/home/ciderlab-server3/workspace/2026_industry_cowork/IsaacSim-ros_workspaces/humble_ws/install/iw_hub_navigation/share/colcon-core/packages/iw_hub_navigation)
[1.208s] DEBUG:colcon.colcon_core.event_handler.log_command:Invoked command in '/home/ciderlab-server3/workspace/2026_industry_cowork/IsaacSim-ros_workspaces/humble_ws/build/turtlebot3_manipulation_moveit_config' returned '0': CMAKE_PREFIX_PATH=/home/ciderlab-server3/workspace/2026_industry_cowork/IsaacSim-ros_workspaces/humble_ws/install/turtlebot3_manipulation_description:/home/ciderlab-server3/workspace/2026_industry_cowork/IsaacSim-ros_workspaces/humble_ws/install/turtlebot3_manipulation:/home/ciderlab-server3/workspace/2026_industry_cowork/IsaacSim-ros_workspaces/humble_ws/install/turtlebot3_manipulation_teleop:/home/ciderlab-server3/workspace/2026_industry_cowork/IsaacSim-ros_workspaces/humble_ws/install/turtlebot3_manipulation_navigation2:/home/ciderlab-server3/workspace/2026_industry_cowork/IsaacSim-ros_workspaces/humble_ws/install/turtlebot3_manipulation_moveit_config:/home/ciderlab-server3/workspace/2026_industry_cowork/IsaacSim-ros_workspaces/humble_ws/install/turtlebot3_manipulation_hardware:/home/ciderlab-server3/workspace/2026_industry_cowork/IsaacSim-ros_workspaces/humble_ws/install/turtlebot3_manipulation_bringup:/home/ciderlab-server3/workspace/2026_industry_cowork/IsaacSim-ros_workspaces/humble_ws/install/turtlebot3_manipulation_cartographer:/home/ciderlab-server3/workspace/2026_industry_cowork/IsaacSim-ros_workspaces/humble_ws/install/iw_hub_navigation:/home/ciderlab-server3/workspace/2026_industry_cowork/IsaacSim-ros_workspaces/humble_ws/install/isaacsim_clearpath_nav2:/home/ciderlab-server3/workspace/2026_industry_cowork/IsaacSim-ros_workspaces/humble_ws/install/isaac_tutorials:/home/ciderlab-server3/workspace/2026_industry_cowork/IsaacSim-ros_workspaces/humble_ws/install/isaac_ros2_messages:/home/ciderlab-server3/workspace/2026_industry_cowork/IsaacSim-ros_workspaces/humble_ws/install/custom_message:/home/ciderlab-server3/workspace/2026_industry_cowork/IsaacSim-ros_workspaces/humble_ws/install/carter_navigation:/home/ciderlab-server3/turtlebot3_ws/install/turtlebot3:/home/ciderlab-server3/turtlebot3_ws/install/turtlebot3_simulations:/home/ciderlab-server3/turtlebot3_ws/install/turtlebot3_bringup:/home/ciderlab-server3/turtlebot3_ws/install/turtlebot3_node:/home/ciderlab-server3/turtlebot3_ws/install/turtlebot3_navigation2:/home/ciderlab-server3/turtlebot3_ws/install/turtlebot3_machine_learning:/home/ciderlab-server3/turtlebot3_ws/install/turtlebot3_fake_node:/home/ciderlab-server3/turtlebot3_ws/install/turtlebot3_msgs:/home/ciderlab-server3/turtlebot3_ws/install/turtlebot3_manipulation:/home/ciderlab-server3/turtlebot3_ws/install/turtlebot3_manipulation_teleop:/home/ciderlab-server3/turtlebot3_ws/install/turtlebot3_home_service_challenge:/home/ciderlab-server3/turtlebot3_ws/install/turtlebot3_home_service_challenge_manipulator:/home/ciderlab-server3/turtlebot3_ws/install/turtlebot3_home_service_challenge_tools:/home/ciderlab-server3/turtlebot3_ws/install/turtlebot3_manipulation_navigation2:/home/ciderlab-server3/turtlebot3_ws/install/turtlebot3_manipulation_moveit_config:/home/ciderlab-server3/turtlebot3_ws/install/turtlebot3_manipulation_hardware:/home/ciderlab-server3/turtlebot3_ws/install/turtlebot3_manipulation_gazebo:/home/ciderlab-server3/turtlebot3_ws/install/turtlebot3_manipulation_bringup:/home/ciderlab-server3/turtlebot3_ws/install/turtlebot3_manipulation_description:/home/ciderlab-server3/turtlebot3_ws/install/turtlebot3_manipulation_cartographer:/home/ciderlab-server3/turtlebot3_ws/install/turtlebot3_gazebo:/home/ciderlab-server3/turtlebot3_ws/install/turtlebot3_description:/home/ciderlab-server3/turtlebot3_ws/install/turtlebot3_cartographer:/home/ciderlab-server3/turtlebot3_ws/install/dynamixel_sdk_examples:/home/ciderlab-server3/turtlebot3_ws/install/dynamixel_sdk_custom_interfaces:/home/ciderlab-server3/turtlebot3_ws/install/dynamixel_sdk:/home/ciderlab-server3/workspace/2026_industry_cowork/IsaacSim-ros_workspaces/humble_ws/install/isaacsim_bringup:/home/ciderlab-server3/workspace/2026_industry_cowork/IsaacSim-ros_workspaces/humble_ws/install/isaac_ros_navigation_goal:/home/ciderlab-server3/workspace/2026_industry_cowork/IsaacSim-ros_workspaces/humble_ws/install/isaac_moveit:/home/ciderlab-server3/workspace/2026_industry_cowork/IsaacSim-ros_workspaces/humble_ws/install/isaac_compressed_image_decoder:/home/ciderlab-server3/workspace/2026_industry_cowork/IsaacSim-ros_workspaces/humble_ws/install/h1_fullbody_controller:/home/ciderlab-server3/workspace/2026_industry_cowork/IsaacSim-ros_workspaces/humble_ws/install/cmdvel_to_ackermann:/home/ciderlab-server3/turtlebot3_ws/install/turtlebot3_teleop:/home/ciderlab-server3/turtlebot3_ws/install/turtlebot3_example:/home/ciderlab-server3/turtlebot3_ws/install/turtlebot3_dqn:/home/ciderlab-server3/turtlebot3_ws/install/turtlebot3_home_service_challenge_core:/home/ciderlab-server3/turtlebot3_ws/install/turtlebot3_home_service_challenge_aruco:/opt/ros/humble /usr/bin/cmake --build /home/ciderlab-server3/workspace/2026_industry_cowork/IsaacSim-ros_workspaces/humble_ws/build/turtlebot3_manipulation_moveit_config -- -j24 -l24
[1.209s] DEBUG:colcon.colcon_core.event_handler.log_command:Invoking command in '/home/ciderlab-server3/workspace/2026_industry_cowork/IsaacSim-ros_workspaces/humble_ws/build/turtlebot3_manipulation_moveit_config': CMAKE_PREFIX_PATH=/home/ciderlab-server3/workspace/2026_industry_cowork/IsaacSim-ros_workspaces/humble_ws/install/turtlebot3_manipulation_description:/home/ciderlab-server3/workspace/2026_industry_cowork/IsaacSim-ros_workspaces/humble_ws/install/turtlebot3_manipulation:/home/ciderlab-server3/workspace/2026_industry_cowork/IsaacSim-ros_workspaces/humble_ws/install/turtlebot3_manipulation_teleop:/home/ciderlab-server3/workspace/2026_industry_cowork/IsaacSim-ros_workspaces/humble_ws/install/turtlebot3_manipulation_navigation2:/home/ciderlab-server3/workspace/2026_industry_cowork/IsaacSim-ros_workspaces/humble_ws/install/turtlebot3_manipulation_moveit_config:/home/ciderlab-server3/workspace/2026_industry_cowork/IsaacSim-ros_workspaces/humble_ws/install/turtlebot3_manipulation_hardware:/home/ciderlab-server3/workspace/2026_industry_cowork/IsaacSim-ros_workspaces/humble_ws/install/turtlebot3_manipulation_bringup:/home/ciderlab-server3/workspace/2026_industry_cowork/IsaacSim-ros_workspaces/humble_ws/install/turtlebot3_manipulation_cartographer:/home/ciderlab-server3/workspace/2026_industry_cowork/IsaacSim-ros_workspaces/humble_ws/install/iw_hub_navigation:/home/ciderlab-server3/workspace/2026_industry_cowork/IsaacSim-ros_workspaces/humble_ws/install/isaacsim_clearpath_nav2:/home/ciderlab-server3/workspace/2026_industry_cowork/IsaacSim-ros_workspaces/humble_ws/install/isaac_tutorials:/home/ciderlab-server3/workspace/2026_industry_cowork/IsaacSim-ros_workspaces/humble_ws/install/isaac_ros2_messages:/home/ciderlab-server3/workspace/2026_industry_cowork/IsaacSim-ros_workspaces/humble_ws/install/custom_message:/home/ciderlab-server3/workspace/2026_industry_cowork/IsaacSim-ros_workspaces/humble_ws/install/carter_navigation:/home/ciderlab-server3/turtlebot3_ws/install/turtlebot3:/home/ciderlab-server3/turtlebot3_ws/install/turtlebot3_simulations:/home/ciderlab-server3/turtlebot3_ws/install/turtlebot3_bringup:/home/ciderlab-server3/turtlebot3_ws/install/turtlebot3_node:/home/ciderlab-server3/turtlebot3_ws/install/turtlebot3_navigation2:/home/ciderlab-server3/turtlebot3_ws/install/turtlebot3_machine_learning:/home/ciderlab-server3/turtlebot3_ws/install/turtlebot3_fake_node:/home/ciderlab-server3/turtlebot3_ws/install/turtlebot3_msgs:/home/ciderlab-server3/turtlebot3_ws/install/turtlebot3_manipulation:/home/ciderlab-server3/turtlebot3_ws/install/turtlebot3_manipulation_teleop:/home/ciderlab-server3/turtlebot3_ws/install/turtlebot3_home_service_challenge:/home/ciderlab-server3/turtlebot3_ws/install/turtlebot3_home_service_challenge_manipulator:/home/ciderlab-server3/turtlebot3_ws/install/turtlebot3_home_service_challenge_tools:/home/ciderlab-server3/turtlebot3_ws/install/turtlebot3_manipulation_navigation2:/home/ciderlab-server3/turtlebot3_ws/install/turtlebot3_manipulation_moveit_config:/home/ciderlab-server3/turtlebot3_ws/install/turtlebot3_manipulation_hardware:/home/ciderlab-server3/turtlebot3_ws/install/turtlebot3_manipulation_gazebo:/home/ciderlab-server3/turtlebot3_ws/install/turtlebot3_manipulation_bringup:/home/ciderlab-server3/turtlebot3_ws/install/turtlebot3_manipulation_description:/home/ciderlab-server3/turtlebot3_ws/install/turtlebot3_manipulation_cartographer:/home/ciderlab-server3/turtlebot3_ws/install/turtlebot3_gazebo:/home/ciderlab-server3/turtlebot3_ws/install/turtlebot3_description:/home/ciderlab-server3/turtlebot3_ws/install/turtlebot3_cartographer:/home/ciderlab-server3/turtlebot3_ws/install/dynamixel_sdk_examples:/home/ciderlab-server3/turtlebot3_ws/install/dynamixel_sdk_custom_interfaces:/home/ciderlab-server3/turtlebot3_ws/install/dynamixel_sdk:/home/ciderlab-server3/workspace/2026_industry_cowork/IsaacSim-ros_workspaces/humble_ws/install/isaacsim_bringup:/home/ciderlab-server3/workspace/2026_industry_cowork/IsaacSim-ros_workspaces/humble_ws/install/isaac_ros_navigation_goal:/home/ciderlab-server3/workspace/2026_industry_cowork/IsaacSim-ros_workspaces/humble_ws/install/isaac_moveit:/home/ciderlab-server3/workspace/2026_industry_cowork/IsaacSim-ros_workspaces/humble_ws/install/isaac_compressed_image_decoder:/home/ciderlab-server3/workspace/2026_industry_cowork/IsaacSim-ros_workspaces/humble_ws/install/h1_fullbody_controller:/home/ciderlab-server3/workspace/2026_industry_cowork/IsaacSim-ros_workspaces/humble_ws/install/cmdvel_to_ackermann:/home/ciderlab-server3/turtlebot3_ws/install/turtlebot3_teleop:/home/ciderlab-server3/turtlebot3_ws/install/turtlebot3_example:/home/ciderlab-server3/turtlebot3_ws/install/turtlebot3_dqn:/home/ciderlab-server3/turtlebot3_ws/install/turtlebot3_home_service_challenge_core:/home/ciderlab-server3/turtlebot3_ws/install/turtlebot3_home_service_challenge_aruco:/opt/ros/humble /usr/bin/cmake --install /home/ciderlab-server3/workspace/2026_industry_cowork/IsaacSim-ros_workspaces/humble_ws/build/turtlebot3_manipulation_moveit_config
[1.209s] DEBUG:colcon.colcon_core.event_handler.log_command:Invoked command in '/home/ciderlab-server3/workspace/2026_industry_cowork/IsaacSim-ros_workspaces/humble_ws/build/turtlebot3_manipulation_bringup' returned '0': CMAKE_PREFIX_PATH=/home/ciderlab-server3/workspace/2026_industry_cowork/IsaacSim-ros_workspaces/humble_ws/install/turtlebot3_manipulation_description:/home/ciderlab-server3/workspace/2026_industry_cowork/IsaacSim-ros_workspaces/humble_ws/install/turtlebot3_manipulation:/home/ciderlab-server3/workspace/2026_industry_cowork/IsaacSim-ros_workspaces/humble_ws/install/turtlebot3_manipulation_teleop:/home/ciderlab-server3/workspace/2026_industry_cowork/IsaacSim-ros_workspaces/humble_ws/install/turtlebot3_manipulation_navigation2:/home/ciderlab-server3/workspace/2026_industry_cowork/IsaacSim-ros_workspaces/humble_ws/install/turtlebot3_manipulation_moveit_config:/home/ciderlab-server3/workspace/2026_industry_cowork/IsaacSim-ros_workspaces/humble_ws/install/turtlebot3_manipulation_hardware:/home/ciderlab-server3/workspace/2026_industry_cowork/IsaacSim-ros_workspaces/humble_ws/install/turtlebot3_manipulation_bringup:/home/ciderlab-server3/workspace/2026_industry_cowork/IsaacSim-ros_workspaces/humble_ws/install/turtlebot3_manipulation_cartographer:/home/ciderlab-server3/workspace/2026_industry_cowork/IsaacSim-ros_workspaces/humble_ws/install/iw_hub_navigation:/home/ciderlab-server3/workspace/2026_industry_cowork/IsaacSim-ros_workspaces/humble_ws/install/isaacsim_clearpath_nav2:/home/ciderlab-server3/workspace/2026_industry_cowork/IsaacSim-ros_workspaces/humble_ws/install/isaac_tutorials:/home/ciderlab-server3/workspace/2026_industry_cowork/IsaacSim-ros_workspaces/humble_ws/install/isaac_ros2_messages:/home/ciderlab-server3/workspace/2026_industry_cowork/IsaacSim-ros_workspaces/humble_ws/install/custom_message:/home/ciderlab-server3/workspace/2026_industry_cowork/IsaacSim-ros_workspaces/humble_ws/install/carter_navigation:/home/ciderlab-server3/turtlebot3_ws/install/turtlebot3:/home/ciderlab-server3/turtlebot3_ws/install/turtlebot3_simulations:/home/ciderlab-server3/turtlebot3_ws/install/turtlebot3_bringup:/home/ciderlab-server3/turtlebot3_ws/install/turtlebot3_node:/home/ciderlab-server3/turtlebot3_ws/install/turtlebot3_navigation2:/home/ciderlab-server3/turtlebot3_ws/install/turtlebot3_machine_learning:/home/ciderlab-server3/turtlebot3_ws/install/turtlebot3_fake_node:/home/ciderlab-server3/turtlebot3_ws/install/turtlebot3_msgs:/home/ciderlab-server3/turtlebot3_ws/install/turtlebot3_manipulation:/home/ciderlab-server3/turtlebot3_ws/install/turtlebot3_manipulation_teleop:/home/ciderlab-server3/turtlebot3_ws/install/turtlebot3_home_service_challenge:/home/ciderlab-server3/turtlebot3_ws/install/turtlebot3_home_service_challenge_manipulator:/home/ciderlab-server3/turtlebot3_ws/install/turtlebot3_home_service_challenge_tools:/home/ciderlab-server3/turtlebot3_ws/install/turtlebot3_manipulation_navigation2:/home/ciderlab-server3/turtlebot3_ws/install/turtlebot3_manipulation_moveit_config:/home/ciderlab-server3/turtlebot3_ws/install/turtlebot3_manipulation_hardware:/home/ciderlab-server3/turtlebot3_ws/install/turtlebot3_manipulation_gazebo:/home/ciderlab-server3/turtlebot3_ws/install/turtlebot3_manipulation_bringup:/home/ciderlab-server3/turtlebot3_ws/install/turtlebot3_manipulation_description:/home/ciderlab-server3/turtlebot3_ws/install/turtlebot3_manipulation_cartographer:/home/ciderlab-server3/turtlebot3_ws/install/turtlebot3_gazebo:/home/ciderlab-server3/turtlebot3_ws/install/turtlebot3_description:/home/ciderlab-server3/turtlebot3_ws/install/turtlebot3_cartographer:/home/ciderlab-server3/turtlebot3_ws/install/dynamixel_sdk_examples:/home/ciderlab-server3/turtlebot3_ws/install/dynamixel_sdk_custom_interfaces:/home/ciderlab-server3/turtlebot3_ws/install/dynamixel_sdk:/home/ciderlab-server3/workspace/2026_industry_cowork/IsaacSim-ros_workspaces/humble_ws/install/isaacsim_bringup:/home/ciderlab-server3/workspace/2026_industry_cowork/IsaacSim-ros_workspaces/humble_ws/install/isaac_ros_navigation_goal:/home/ciderlab-server3/workspace/2026_industry_cowork/IsaacSim-ros_workspaces/humble_ws/install/isaac_moveit:/home/ciderlab-server3/workspace/2026_industry_cowork/IsaacSim-ros_workspaces/humble_ws/install/isaac_compressed_image_decoder:/home/ciderlab-server3/workspace/2026_industry_cowork/IsaacSim-ros_workspaces/humble_ws/install/h1_fullbody_controller:/home/ciderlab-server3/workspace/2026_industry_cowork/IsaacSim-ros_workspaces/humble_ws/install/cmdvel_to_ackermann:/home/ciderlab-server3/turtlebot3_ws/install/turtlebot3_teleop:/home/ciderlab-server3/turtlebot3_ws/install/turtlebot3_example:/home/ciderlab-server3/turtlebot3_ws/install/turtlebot3_dqn:/home/ciderlab-server3/turtlebot3_ws/install/turtlebot3_home_service_challenge_core:/home/ciderlab-server3/turtlebot3_ws/install/turtlebot3_home_service_challenge_aruco:/opt/ros/humble /usr/bin/cmake --build /home/ciderlab-server3/workspace/2026_industry_cowork/IsaacSim-ros_workspaces/humble_ws/build/turtlebot3_manipulation_bringup -- -j24 -l24
[1.210s] DEBUG:colcon.colcon_core.event_handler.log_command:Invoking command in '/home/ciderlab-server3/workspace/2026_industry_cowork/IsaacSim-ros_workspaces/humble_ws/build/turtlebot3_manipulation_bringup': CMAKE_PREFIX_PATH=/home/ciderlab-server3/workspace/2026_industry_cowork/IsaacSim-ros_workspaces/humble_ws/install/turtlebot3_manipulation_description:/home/ciderlab-server3/workspace/2026_industry_cowork/IsaacSim-ros_workspaces/humble_ws/install/turtlebot3_manipulation:/home/ciderlab-server3/workspace/2026_industry_cowork/IsaacSim-ros_workspaces/humble_ws/install/turtlebot3_manipulation_teleop:/home/ciderlab-server3/workspace/2026_industry_cowork/IsaacSim-ros_workspaces/humble_ws/install/turtlebot3_manipulation_navigation2:/home/ciderlab-server3/workspace/2026_industry_cowork/IsaacSim-ros_workspaces/humble_ws/install/turtlebot3_manipulation_moveit_config:/home/ciderlab-server3/workspace/2026_industry_cowork/IsaacSim-ros_workspaces/humble_ws/install/turtlebot3_manipulation_hardware:/home/ciderlab-server3/workspace/2026_industry_cowork/IsaacSim-ros_workspaces/humble_ws/install/turtlebot3_manipulation_bringup:/home/ciderlab-server3/workspace/2026_industry_cowork/IsaacSim-ros_workspaces/humble_ws/install/turtlebot3_manipulation_cartographer:/home/ciderlab-server3/workspace/2026_industry_cowork/IsaacSim-ros_workspaces/humble_ws/install/iw_hub_navigation:/home/ciderlab-server3/workspace/2026_industry_cowork/IsaacSim-ros_workspaces/humble_ws/install/isaacsim_clearpath_nav2:/home/ciderlab-server3/workspace/2026_industry_cowork/IsaacSim-ros_workspaces/humble_ws/install/isaac_tutorials:/home/ciderlab-server3/workspace/2026_industry_cowork/IsaacSim-ros_workspaces/humble_ws/install/isaac_ros2_messages:/home/ciderlab-server3/workspace/2026_industry_cowork/IsaacSim-ros_workspaces/humble_ws/install/custom_message:/home/ciderlab-server3/workspace/2026_industry_cowork/IsaacSim-ros_workspaces/humble_ws/install/carter_navigation:/home/ciderlab-server3/turtlebot3_ws/install/turtlebot3:/home/ciderlab-server3/turtlebot3_ws/install/turtlebot3_simulations:/home/ciderlab-server3/turtlebot3_ws/install/turtlebot3_bringup:/home/ciderlab-server3/turtlebot3_ws/install/turtlebot3_node:/home/ciderlab-server3/turtlebot3_ws/install/turtlebot3_navigation2:/home/ciderlab-server3/turtlebot3_ws/install/turtlebot3_machine_learning:/home/ciderlab-server3/turtlebot3_ws/install/turtlebot3_fake_node:/home/ciderlab-server3/turtlebot3_ws/install/turtlebot3_msgs:/home/ciderlab-server3/turtlebot3_ws/install/turtlebot3_manipulation:/home/ciderlab-server3/turtlebot3_ws/install/turtlebot3_manipulation_teleop:/home/ciderlab-server3/turtlebot3_ws/install/turtlebot3_home_service_challenge:/home/ciderlab-server3/turtlebot3_ws/install/turtlebot3_home_service_challenge_manipulator:/home/ciderlab-server3/turtlebot3_ws/install/turtlebot3_home_service_challenge_tools:/home/ciderlab-server3/turtlebot3_ws/install/turtlebot3_manipulation_navigation2:/home/ciderlab-server3/turtlebot3_ws/install/turtlebot3_manipulation_moveit_config:/home/ciderlab-server3/turtlebot3_ws/install/turtlebot3_manipulation_hardware:/home/ciderlab-server3/turtlebot3_ws/install/turtlebot3_manipulation_gazebo:/home/ciderlab-server3/turtlebot3_ws/install/turtlebot3_manipulation_bringup:/home/ciderlab-server3/turtlebot3_ws/install/turtlebot3_manipulation_description:/home/ciderlab-server3/turtlebot3_ws/install/turtlebot3_manipulation_cartographer:/home/ciderlab-server3/turtlebot3_ws/install/turtlebot3_gazebo:/home/ciderlab-server3/turtlebot3_ws/install/turtlebot3_description:/home/ciderlab-server3/turtlebot3_ws/install/turtlebot3_cartographer:/home/ciderlab-server3/turtlebot3_ws/install/dynamixel_sdk_examples:/home/ciderlab-server3/turtlebot3_ws/install/dynamixel_sdk_custom_interfaces:/home/ciderlab-server3/turtlebot3_ws/install/dynamixel_sdk:/home/ciderlab-server3/workspace/2026_industry_cowork/IsaacSim-ros_workspaces/humble_ws/install/isaacsim_bringup:/home/ciderlab-server3/workspace/2026_industry_cowork/IsaacSim-ros_workspaces/humble_ws/install/isaac_ros_navigation_goal:/home/ciderlab-server3/workspace/2026_industry_cowork/IsaacSim-ros_workspaces/humble_ws/install/isaac_moveit:/home/ciderlab-server3/workspace/2026_industry_cowork/IsaacSim-ros_workspaces/humble_ws/install/isaac_compressed_image_decoder:/home/ciderlab-server3/workspace/2026_industry_cowork/IsaacSim-ros_workspaces/humble_ws/install/h1_fullbody_controller:/home/ciderlab-server3/workspace/2026_industry_cowork/IsaacSim-ros_workspaces/humble_ws/install/cmdvel_to_ackermann:/home/ciderlab-server3/turtlebot3_ws/install/turtlebot3_teleop:/home/ciderlab-server3/turtlebot3_ws/install/turtlebot3_example:/home/ciderlab-server3/turtlebot3_ws/install/turtlebot3_dqn:/home/ciderlab-server3/turtlebot3_ws/install/turtlebot3_home_service_challenge_core:/home/ciderlab-server3/turtlebot3_ws/install/turtlebot3_home_service_challenge_aruco:/opt/ros/humble /usr/bin/cmake --install /home/ciderlab-server3/workspace/2026_industry_cowork/IsaacSim-ros_workspaces/humble_ws/build/turtlebot3_manipulation_bringup
[1.215s] Level 1:colcon.colcon_core.environment:create_environment_scripts_only(turtlebot3_manipulation_moveit_config)
[1.216s] Level 1:colcon.colcon_core.environment:checking '/home/ciderlab-server3/workspace/2026_industry_cowork/IsaacSim-ros_workspaces/humble_ws/install/turtlebot3_manipulation_moveit_config' for CMake module files
[1.216s] Level 1:colcon.colcon_core.environment:checking '/home/ciderlab-server3/workspace/2026_industry_cowork/IsaacSim-ros_workspaces/humble_ws/install/turtlebot3_manipulation_moveit_config' for CMake config files
[1.216s] DEBUG:colcon.colcon_core.event_handler.log_command:Invoked command in '/home/ciderlab-server3/workspace/2026_industry_cowork/IsaacSim-ros_workspaces/humble_ws/build/turtlebot3_manipulation_moveit_config' returned '0': CMAKE_PREFIX_PATH=/home/ciderlab-server3/workspace/2026_industry_cowork/IsaacSim-ros_workspaces/humble_ws/install/turtlebot3_manipulation_description:/home/ciderlab-server3/workspace/2026_industry_cowork/IsaacSim-ros_workspaces/humble_ws/install/turtlebot3_manipulation:/home/ciderlab-server3/workspace/2026_industry_cowork/IsaacSim-ros_workspaces/humble_ws/install/turtlebot3_manipulation_teleop:/home/ciderlab-server3/workspace/2026_industry_cowork/IsaacSim-ros_workspaces/humble_ws/install/turtlebot3_manipulation_navigation2:/home/ciderlab-server3/workspace/2026_industry_cowork/IsaacSim-ros_workspaces/humble_ws/install/turtlebot3_manipulation_moveit_config:/home/ciderlab-server3/workspace/2026_industry_cowork/IsaacSim-ros_workspaces/humble_ws/install/turtlebot3_manipulation_hardware:/home/ciderlab-server3/workspace/2026_industry_cowork/IsaacSim-ros_workspaces/humble_ws/install/turtlebot3_manipulation_bringup:/home/ciderlab-server3/workspace/2026_industry_cowork/IsaacSim-ros_workspaces/humble_ws/install/turtlebot3_manipulation_cartographer:/home/ciderlab-server3/workspace/2026_industry_cowork/IsaacSim-ros_workspaces/humble_ws/install/iw_hub_navigation:/home/ciderlab-server3/workspace/2026_industry_cowork/IsaacSim-ros_workspaces/humble_ws/install/isaacsim_clearpath_nav2:/home/ciderlab-server3/workspace/2026_industry_cowork/IsaacSim-ros_workspaces/humble_ws/install/isaac_tutorials:/home/ciderlab-server3/workspace/2026_industry_cowork/IsaacSim-ros_workspaces/humble_ws/install/isaac_ros2_messages:/home/ciderlab-server3/workspace/2026_industry_cowork/IsaacSim-ros_workspaces/humble_ws/install/custom_message:/home/ciderlab-server3/workspace/2026_industry_cowork/IsaacSim-ros_workspaces/humble_ws/install/carter_navigation:/home/ciderlab-server3/turtlebot3_ws/install/turtlebot3:/home/ciderlab-server3/turtlebot3_ws/install/turtlebot3_simulations:/home/ciderlab-server3/turtlebot3_ws/install/turtlebot3_bringup:/home/ciderlab-server3/turtlebot3_ws/install/turtlebot3_node:/home/ciderlab-server3/turtlebot3_ws/install/turtlebot3_navigation2:/home/ciderlab-server3/turtlebot3_ws/install/turtlebot3_machine_learning:/home/ciderlab-server3/turtlebot3_ws/install/turtlebot3_fake_node:/home/ciderlab-server3/turtlebot3_ws/install/turtlebot3_msgs:/home/ciderlab-server3/turtlebot3_ws/install/turtlebot3_manipulation:/home/ciderlab-server3/turtlebot3_ws/install/turtlebot3_manipulation_teleop:/home/ciderlab-server3/turtlebot3_ws/install/turtlebot3_home_service_challenge:/home/ciderlab-server3/turtlebot3_ws/install/turtlebot3_home_service_challenge_manipulator:/home/ciderlab-server3/turtlebot3_ws/install/turtlebot3_home_service_challenge_tools:/home/ciderlab-server3/turtlebot3_ws/install/turtlebot3_manipulation_navigation2:/home/ciderlab-server3/turtlebot3_ws/install/turtlebot3_manipulation_moveit_config:/home/ciderlab-server3/turtlebot3_ws/install/turtlebot3_manipulation_hardware:/home/ciderlab-server3/turtlebot3_ws/install/turtlebot3_manipulation_gazebo:/home/ciderlab-server3/turtlebot3_ws/install/turtlebot3_manipulation_bringup:/home/ciderlab-server3/turtlebot3_ws/install/turtlebot3_manipulation_description:/home/ciderlab-server3/turtlebot3_ws/install/turtlebot3_manipulation_cartographer:/home/ciderlab-server3/turtlebot3_ws/install/turtlebot3_gazebo:/home/ciderlab-server3/turtlebot3_ws/install/turtlebot3_description:/home/ciderlab-server3/turtlebot3_ws/install/turtlebot3_cartographer:/home/ciderlab-server3/turtlebot3_ws/install/dynamixel_sdk_examples:/home/ciderlab-server3/turtlebot3_ws/install/dynamixel_sdk_custom_interfaces:/home/ciderlab-server3/turtlebot3_ws/install/dynamixel_sdk:/home/ciderlab-server3/workspace/2026_industry_cowork/IsaacSim-ros_workspaces/humble_ws/install/isaacsim_bringup:/home/ciderlab-server3/workspace/2026_industry_cowork/IsaacSim-ros_workspaces/humble_ws/install/isaac_ros_navigation_goal:/home/ciderlab-server3/workspace/2026_industry_cowork/IsaacSim-ros_workspaces/humble_ws/install/isaac_moveit:/home/ciderlab-server3/workspace/2026_industry_cowork/IsaacSim-ros_workspaces/humble_ws/install/isaac_compressed_image_decoder:/home/ciderlab-server3/workspace/2026_industry_cowork/IsaacSim-ros_workspaces/humble_ws/install/h1_fullbody_controller:/home/ciderlab-server3/workspace/2026_industry_cowork/IsaacSim-ros_workspaces/humble_ws/install/cmdvel_to_ackermann:/home/ciderlab-server3/turtlebot3_ws/install/turtlebot3_teleop:/home/ciderlab-server3/turtlebot3_ws/install/turtlebot3_example:/home/ciderlab-server3/turtlebot3_ws/install/turtlebot3_dqn:/home/ciderlab-server3/turtlebot3_ws/install/turtlebot3_home_service_challenge_core:/home/ciderlab-server3/turtlebot3_ws/install/turtlebot3_home_service_challenge_aruco:/opt/ros/humble /usr/bin/cmake --install /home/ciderlab-server3/workspace/2026_industry_cowork/IsaacSim-ros_workspaces/humble_ws/build/turtlebot3_manipulation_moveit_config
[1.216s] Level 1:colcon.colcon_core.shell:create_environment_hook('turtlebot3_manipulation_moveit_config', 'cmake_prefix_path')
[1.217s] INFO:colcon.colcon_core.shell:Creating environment hook '/home/ciderlab-server3/workspace/2026_industry_cowork/IsaacSim-ros_workspaces/humble_ws/install/turtlebot3_manipulation_moveit_config/share/turtlebot3_manipulation_moveit_config/hook/cmake_prefix_path.ps1'
[1.217s] INFO:colcon.colcon_core.shell:Creating environment descriptor '/home/ciderlab-server3/workspace/2026_industry_cowork/IsaacSim-ros_workspaces/humble_ws/install/turtlebot3_manipulation_moveit_config/share/turtlebot3_manipulation_moveit_config/hook/cmake_prefix_path.dsv'
[1.217s] INFO:colcon.colcon_core.shell:Creating environment hook '/home/ciderlab-server3/workspace/2026_industry_cowork/IsaacSim-ros_workspaces/humble_ws/install/turtlebot3_manipulation_moveit_config/share/turtlebot3_manipulation_moveit_config/hook/cmake_prefix_path.sh'
[1.217s] Level 1:colcon.colcon_core.environment:checking '/home/ciderlab-server3/workspace/2026_industry_cowork/IsaacSim-ros_workspaces/humble_ws/install/turtlebot3_manipulation_moveit_config/bin'
[1.217s] Level 1:colcon.colcon_core.environment:checking '/home/ciderlab-server3/workspace/2026_industry_cowork/IsaacSim-ros_workspaces/humble_ws/install/turtlebot3_manipulation_moveit_config/lib/pkgconfig/turtlebot3_manipulation_moveit_config.pc'
[1.217s] Level 1:colcon.colcon_core.environment:checking '/home/ciderlab-server3/workspace/2026_industry_cowork/IsaacSim-ros_workspaces/humble_ws/install/turtlebot3_manipulation_moveit_config/lib/python3.10/site-packages'
[1.217s] Level 1:colcon.colcon_core.environment:checking '/home/ciderlab-server3/workspace/2026_industry_cowork/IsaacSim-ros_workspaces/humble_ws/install/turtlebot3_manipulation_moveit_config/bin'
[1.217s] INFO:colcon.colcon_core.shell:Creating package script '/home/ciderlab-server3/workspace/2026_industry_cowork/IsaacSim-ros_workspaces/humble_ws/install/turtlebot3_manipulation_moveit_config/share/turtlebot3_manipulation_moveit_config/package.ps1'
[1.218s] INFO:colcon.colcon_core.shell:Creating package descriptor '/home/ciderlab-server3/workspace/2026_industry_cowork/IsaacSim-ros_workspaces/humble_ws/install/turtlebot3_manipulation_moveit_config/share/turtlebot3_manipulation_moveit_config/package.dsv'
[1.218s] INFO:colcon.colcon_core.shell:Creating package script '/home/ciderlab-server3/workspace/2026_industry_cowork/IsaacSim-ros_workspaces/humble_ws/install/turtlebot3_manipulation_moveit_config/share/turtlebot3_manipulation_moveit_config/package.sh'
[1.218s] INFO:colcon.colcon_core.shell:Creating package script '/home/ciderlab-server3/workspace/2026_industry_cowork/IsaacSim-ros_workspaces/humble_ws/install/turtlebot3_manipulation_moveit_config/share/turtlebot3_manipulation_moveit_config/package.bash'
[1.218s] INFO:colcon.colcon_core.shell:Creating package script '/home/ciderlab-server3/workspace/2026_industry_cowork/IsaacSim-ros_workspaces/humble_ws/install/turtlebot3_manipulation_moveit_config/share/turtlebot3_manipulation_moveit_config/package.zsh'
[1.218s] Level 1:colcon.colcon_core.environment:create_file_with_runtime_dependencies(/home/ciderlab-server3/workspace/2026_industry_cowork/IsaacSim-ros_workspaces/humble_ws/install/turtlebot3_manipulation_moveit_config/share/colcon-core/packages/turtlebot3_manipulation_moveit_config)
[1.219s] Level 1:colcon.colcon_core.environment:create_environment_scripts_only(turtlebot3_manipulation_moveit_config)
[1.219s] Level 1:colcon.colcon_core.environment:checking '/home/ciderlab-server3/workspace/2026_industry_cowork/IsaacSim-ros_workspaces/humble_ws/install/turtlebot3_manipulation_moveit_config' for CMake module files
[1.219s] Level 1:colcon.colcon_core.environment:checking '/home/ciderlab-server3/workspace/2026_industry_cowork/IsaacSim-ros_workspaces/humble_ws/install/turtlebot3_manipulation_moveit_config' for CMake config files
[1.219s] Level 1:colcon.colcon_core.shell:create_environment_hook('turtlebot3_manipulation_moveit_config', 'cmake_prefix_path')
[1.219s] INFO:colcon.colcon_core.shell:Creating environment hook '/home/ciderlab-server3/workspace/2026_industry_cowork/IsaacSim-ros_workspaces/humble_ws/install/turtlebot3_manipulation_moveit_config/share/turtlebot3_manipulation_moveit_config/hook/cmake_prefix_path.ps1'
[1.219s] INFO:colcon.colcon_core.shell:Creating environment descriptor '/home/ciderlab-server3/workspace/2026_industry_cowork/IsaacSim-ros_workspaces/humble_ws/install/turtlebot3_manipulation_moveit_config/share/turtlebot3_manipulation_moveit_config/hook/cmake_prefix_path.dsv'
[1.219s] INFO:colcon.colcon_core.shell:Creating environment hook '/home/ciderlab-server3/workspace/2026_industry_cowork/IsaacSim-ros_workspaces/humble_ws/install/turtlebot3_manipulation_moveit_config/share/turtlebot3_manipulation_moveit_config/hook/cmake_prefix_path.sh'
[1.220s] Level 1:colcon.colcon_core.environment:checking '/home/ciderlab-server3/workspace/2026_industry_cowork/IsaacSim-ros_workspaces/humble_ws/install/turtlebot3_manipulation_moveit_config/bin'
[1.220s] Level 1:colcon.colcon_core.environment:checking '/home/ciderlab-server3/workspace/2026_industry_cowork/IsaacSim-ros_workspaces/humble_ws/install/turtlebot3_manipulation_moveit_config/lib/pkgconfig/turtlebot3_manipulation_moveit_config.pc'
[1.220s] Level 1:colcon.colcon_core.environment:checking '/home/ciderlab-server3/workspace/2026_industry_cowork/IsaacSim-ros_workspaces/humble_ws/install/turtlebot3_manipulation_moveit_config/lib/python3.10/site-packages'
[1.220s] Level 1:colcon.colcon_core.environment:checking '/home/ciderlab-server3/workspace/2026_industry_cowork/IsaacSim-ros_workspaces/humble_ws/install/turtlebot3_manipulation_moveit_config/bin'
[1.220s] INFO:colcon.colcon_core.shell:Creating package script '/home/ciderlab-server3/workspace/2026_industry_cowork/IsaacSim-ros_workspaces/humble_ws/install/turtlebot3_manipulation_moveit_config/share/turtlebot3_manipulation_moveit_config/package.ps1'
[1.220s] INFO:colcon.colcon_core.shell:Creating package descriptor '/home/ciderlab-server3/workspace/2026_industry_cowork/IsaacSim-ros_workspaces/humble_ws/install/turtlebot3_manipulation_moveit_config/share/turtlebot3_manipulation_moveit_config/package.dsv'
[1.220s] INFO:colcon.colcon_core.shell:Creating package script '/home/ciderlab-server3/workspace/2026_industry_cowork/IsaacSim-ros_workspaces/humble_ws/install/turtlebot3_manipulation_moveit_config/share/turtlebot3_manipulation_moveit_config/package.sh'
[1.220s] INFO:colcon.colcon_core.shell:Creating package script '/home/ciderlab-server3/workspace/2026_industry_cowork/IsaacSim-ros_workspaces/humble_ws/install/turtlebot3_manipulation_moveit_config/share/turtlebot3_manipulation_moveit_config/package.bash'
[1.221s] INFO:colcon.colcon_core.shell:Creating package script '/home/ciderlab-server3/workspace/2026_industry_cowork/IsaacSim-ros_workspaces/humble_ws/install/turtlebot3_manipulation_moveit_config/share/turtlebot3_manipulation_moveit_config/package.zsh'
[1.221s] Level 1:colcon.colcon_core.environment:create_file_with_runtime_dependencies(/home/ciderlab-server3/workspace/2026_industry_cowork/IsaacSim-ros_workspaces/humble_ws/install/turtlebot3_manipulation_moveit_config/share/colcon-core/packages/turtlebot3_manipulation_moveit_config)
[1.221s] Level 1:colcon.colcon_core.environment:create_environment_scripts_only(turtlebot3_manipulation_bringup)
[1.221s] Level 1:colcon.colcon_core.environment:checking '/home/ciderlab-server3/workspace/2026_industry_cowork/IsaacSim-ros_workspaces/humble_ws/install/turtlebot3_manipulation_bringup' for CMake module files
[1.221s] Level 1:colcon.colcon_core.environment:checking '/home/ciderlab-server3/workspace/2026_industry_cowork/IsaacSim-ros_workspaces/humble_ws/install/turtlebot3_manipulation_bringup' for CMake config files
[1.221s] Level 1:colcon.colcon_core.shell:create_environment_hook('turtlebot3_manipulation_bringup', 'cmake_prefix_path')
[1.222s] INFO:colcon.colcon_core.shell:Creating environment hook '/home/ciderlab-server3/workspace/2026_industry_cowork/IsaacSim-ros_workspaces/humble_ws/install/turtlebot3_manipulation_bringup/share/turtlebot3_manipulation_bringup/hook/cmake_prefix_path.ps1'
[1.222s] INFO:colcon.colcon_core.shell:Creating environment descriptor '/home/ciderlab-server3/workspace/2026_industry_cowork/IsaacSim-ros_workspaces/humble_ws/install/turtlebot3_manipulation_bringup/share/turtlebot3_manipulation_bringup/hook/cmake_prefix_path.dsv'
[1.222s] INFO:colcon.colcon_core.shell:Creating environment hook '/home/ciderlab-server3/workspace/2026_industry_cowork/IsaacSim-ros_workspaces/humble_ws/install/turtlebot3_manipulation_bringup/share/turtlebot3_manipulation_bringup/hook/cmake_prefix_path.sh'
[1.222s] Level 1:colcon.colcon_core.environment:checking '/home/ciderlab-server3/workspace/2026_industry_cowork/IsaacSim-ros_workspaces/humble_ws/install/turtlebot3_manipulation_bringup/bin'
[1.222s] Level 1:colcon.colcon_core.environment:checking '/home/ciderlab-server3/workspace/2026_industry_cowork/IsaacSim-ros_workspaces/humble_ws/install/turtlebot3_manipulation_bringup/lib/pkgconfig/turtlebot3_manipulation_bringup.pc'
[1.222s] Level 1:colcon.colcon_core.environment:checking '/home/ciderlab-server3/workspace/2026_industry_cowork/IsaacSim-ros_workspaces/humble_ws/install/turtlebot3_manipulation_bringup/lib/python3.10/site-packages'
[1.222s] Level 1:colcon.colcon_core.environment:checking '/home/ciderlab-server3/workspace/2026_industry_cowork/IsaacSim-ros_workspaces/humble_ws/install/turtlebot3_manipulation_bringup/bin'
[1.222s] INFO:colcon.colcon_core.shell:Creating package script '/home/ciderlab-server3/workspace/2026_industry_cowork/IsaacSim-ros_workspaces/humble_ws/install/turtlebot3_manipulation_bringup/share/turtlebot3_manipulation_bringup/package.ps1'
[1.223s] DEBUG:colcon.colcon_core.event_handler.log_command:Invoked command in '/home/ciderlab-server3/workspace/2026_industry_cowork/IsaacSim-ros_workspaces/humble_ws/build/turtlebot3_manipulation_bringup' returned '0': CMAKE_PREFIX_PATH=/home/ciderlab-server3/workspace/2026_industry_cowork/IsaacSim-ros_workspaces/humble_ws/install/turtlebot3_manipulation_description:/home/ciderlab-server3/workspace/2026_industry_cowork/IsaacSim-ros_workspaces/humble_ws/install/turtlebot3_manipulation:/home/ciderlab-server3/workspace/2026_industry_cowork/IsaacSim-ros_workspaces/humble_ws/install/turtlebot3_manipulation_teleop:/home/ciderlab-server3/workspace/2026_industry_cowork/IsaacSim-ros_workspaces/humble_ws/install/turtlebot3_manipulation_navigation2:/home/ciderlab-server3/workspace/2026_industry_cowork/IsaacSim-ros_workspaces/humble_ws/install/turtlebot3_manipulation_moveit_config:/home/ciderlab-server3/workspace/2026_industry_cowork/IsaacSim-ros_workspaces/humble_ws/install/turtlebot3_manipulation_hardware:/home/ciderlab-server3/workspace/2026_industry_cowork/IsaacSim-ros_workspaces/humble_ws/install/turtlebot3_manipulation_bringup:/home/ciderlab-server3/workspace/2026_industry_cowork/IsaacSim-ros_workspaces/humble_ws/install/turtlebot3_manipulation_cartographer:/home/ciderlab-server3/workspace/2026_industry_cowork/IsaacSim-ros_workspaces/humble_ws/install/iw_hub_navigation:/home/ciderlab-server3/workspace/2026_industry_cowork/IsaacSim-ros_workspaces/humble_ws/install/isaacsim_clearpath_nav2:/home/ciderlab-server3/workspace/2026_industry_cowork/IsaacSim-ros_workspaces/humble_ws/install/isaac_tutorials:/home/ciderlab-server3/workspace/2026_industry_cowork/IsaacSim-ros_workspaces/humble_ws/install/isaac_ros2_messages:/home/ciderlab-server3/workspace/2026_industry_cowork/IsaacSim-ros_workspaces/humble_ws/install/custom_message:/home/ciderlab-server3/workspace/2026_industry_cowork/IsaacSim-ros_workspaces/humble_ws/install/carter_navigation:/home/ciderlab-server3/turtlebot3_ws/install/turtlebot3:/home/ciderlab-server3/turtlebot3_ws/install/turtlebot3_simulations:/home/ciderlab-server3/turtlebot3_ws/install/turtlebot3_bringup:/home/ciderlab-server3/turtlebot3_ws/install/turtlebot3_node:/home/ciderlab-server3/turtlebot3_ws/install/turtlebot3_navigation2:/home/ciderlab-server3/turtlebot3_ws/install/turtlebot3_machine_learning:/home/ciderlab-server3/turtlebot3_ws/install/turtlebot3_fake_node:/home/ciderlab-server3/turtlebot3_ws/install/turtlebot3_msgs:/home/ciderlab-server3/turtlebot3_ws/install/turtlebot3_manipulation:/home/ciderlab-server3/turtlebot3_ws/install/turtlebot3_manipulation_teleop:/home/ciderlab-server3/turtlebot3_ws/install/turtlebot3_home_service_challenge:/home/ciderlab-server3/turtlebot3_ws/install/turtlebot3_home_service_challenge_manipulator:/home/ciderlab-server3/turtlebot3_ws/install/turtlebot3_home_service_challenge_tools:/home/ciderlab-server3/turtlebot3_ws/install/turtlebot3_manipulation_navigation2:/home/ciderlab-server3/turtlebot3_ws/install/turtlebot3_manipulation_moveit_config:/home/ciderlab-server3/turtlebot3_ws/install/turtlebot3_manipulation_hardware:/home/ciderlab-server3/turtlebot3_ws/install/turtlebot3_manipulation_gazebo:/home/ciderlab-server3/turtlebot3_ws/install/turtlebot3_manipulation_bringup:/home/ciderlab-server3/turtlebot3_ws/install/turtlebot3_manipulation_description:/home/ciderlab-server3/turtlebot3_ws/install/turtlebot3_manipulation_cartographer:/home/ciderlab-server3/turtlebot3_ws/install/turtlebot3_gazebo:/home/ciderlab-server3/turtlebot3_ws/install/turtlebot3_description:/home/ciderlab-server3/turtlebot3_ws/install/turtlebot3_cartographer:/home/ciderlab-server3/turtlebot3_ws/install/dynamixel_sdk_examples:/home/ciderlab-server3/turtlebot3_ws/install/dynamixel_sdk_custom_interfaces:/home/ciderlab-server3/turtlebot3_ws/install/dynamixel_sdk:/home/ciderlab-server3/workspace/2026_industry_cowork/IsaacSim-ros_workspaces/humble_ws/install/isaacsim_bringup:/home/ciderlab-server3/workspace/2026_industry_cowork/IsaacSim-ros_workspaces/humble_ws/install/isaac_ros_navigation_goal:/home/ciderlab-server3/workspace/2026_industry_cowork/IsaacSim-ros_workspaces/humble_ws/install/isaac_moveit:/home/ciderlab-server3/workspace/2026_industry_cowork/IsaacSim-ros_workspaces/humble_ws/install/isaac_compressed_image_decoder:/home/ciderlab-server3/workspace/2026_industry_cowork/IsaacSim-ros_workspaces/humble_ws/install/h1_fullbody_controller:/home/ciderlab-server3/workspace/2026_industry_cowork/IsaacSim-ros_workspaces/humble_ws/install/cmdvel_to_ackermann:/home/ciderlab-server3/turtlebot3_ws/install/turtlebot3_teleop:/home/ciderlab-server3/turtlebot3_ws/install/turtlebot3_example:/home/ciderlab-server3/turtlebot3_ws/install/turtlebot3_dqn:/home/ciderlab-server3/turtlebot3_ws/install/turtlebot3_home_service_challenge_core:/home/ciderlab-server3/turtlebot3_ws/install/turtlebot3_home_service_challenge_aruco:/opt/ros/humble /usr/bin/cmake --install /home/ciderlab-server3/workspace/2026_industry_cowork/IsaacSim-ros_workspaces/humble_ws/build/turtlebot3_manipulation_bringup
[1.223s] INFO:colcon.colcon_core.shell:Creating package descriptor '/home/ciderlab-server3/workspace/2026_industry_cowork/IsaacSim-ros_workspaces/humble_ws/install/turtlebot3_manipulation_bringup/share/turtlebot3_manipulation_bringup/package.dsv'
[1.223s] INFO:colcon.colcon_core.shell:Creating package script '/home/ciderlab-server3/workspace/2026_industry_cowork/IsaacSim-ros_workspaces/humble_ws/install/turtlebot3_manipulation_bringup/share/turtlebot3_manipulation_bringup/package.sh'
[1.223s] INFO:colcon.colcon_core.shell:Creating package script '/home/ciderlab-server3/workspace/2026_industry_cowork/IsaacSim-ros_workspaces/humble_ws/install/turtlebot3_manipulation_bringup/share/turtlebot3_manipulation_bringup/package.bash'
[1.223s] INFO:colcon.colcon_core.shell:Creating package script '/home/ciderlab-server3/workspace/2026_industry_cowork/IsaacSim-ros_workspaces/humble_ws/install/turtlebot3_manipulation_bringup/share/turtlebot3_manipulation_bringup/package.zsh'
[1.223s] Level 1:colcon.colcon_core.environment:create_file_with_runtime_dependencies(/home/ciderlab-server3/workspace/2026_industry_cowork/IsaacSim-ros_workspaces/humble_ws/install/turtlebot3_manipulation_bringup/share/colcon-core/packages/turtlebot3_manipulation_bringup)
[1.223s] Level 1:colcon.colcon_core.environment:create_environment_scripts_only(turtlebot3_manipulation_bringup)
[1.224s] Level 1:colcon.colcon_core.environment:checking '/home/ciderlab-server3/workspace/2026_industry_cowork/IsaacSim-ros_workspaces/humble_ws/install/turtlebot3_manipulation_bringup' for CMake module files
[1.224s] Level 1:colcon.colcon_core.environment:checking '/home/ciderlab-server3/workspace/2026_industry_cowork/IsaacSim-ros_workspaces/humble_ws/install/turtlebot3_manipulation_bringup' for CMake config files
[1.224s] Level 1:colcon.colcon_core.shell:create_environment_hook('turtlebot3_manipulation_bringup', 'cmake_prefix_path')
[1.224s] INFO:colcon.colcon_core.shell:Creating environment hook '/home/ciderlab-server3/workspace/2026_industry_cowork/IsaacSim-ros_workspaces/humble_ws/install/turtlebot3_manipulation_bringup/share/turtlebot3_manipulation_bringup/hook/cmake_prefix_path.ps1'
[1.224s] INFO:colcon.colcon_core.shell:Creating environment descriptor '/home/ciderlab-server3/workspace/2026_industry_cowork/IsaacSim-ros_workspaces/humble_ws/install/turtlebot3_manipulation_bringup/share/turtlebot3_manipulation_bringup/hook/cmake_prefix_path.dsv'
[1.224s] INFO:colcon.colcon_core.shell:Creating environment hook '/home/ciderlab-server3/workspace/2026_industry_cowork/IsaacSim-ros_workspaces/humble_ws/install/turtlebot3_manipulation_bringup/share/turtlebot3_manipulation_bringup/hook/cmake_prefix_path.sh'
[1.224s] Level 1:colcon.colcon_core.environment:checking '/home/ciderlab-server3/workspace/2026_industry_cowork/IsaacSim-ros_workspaces/humble_ws/install/turtlebot3_manipulation_bringup/bin'
[1.224s] Level 1:colcon.colcon_core.environment:checking '/home/ciderlab-server3/workspace/2026_industry_cowork/IsaacSim-ros_workspaces/humble_ws/install/turtlebot3_manipulation_bringup/lib/pkgconfig/turtlebot3_manipulation_bringup.pc'
[1.224s] Level 1:colcon.colcon_core.environment:checking '/home/ciderlab-server3/workspace/2026_industry_cowork/IsaacSim-ros_workspaces/humble_ws/install/turtlebot3_manipulation_bringup/lib/python3.10/site-packages'
[1.225s] Level 1:colcon.colcon_core.environment:checking '/home/ciderlab-server3/workspace/2026_industry_cowork/IsaacSim-ros_workspaces/humble_ws/install/turtlebot3_manipulation_bringup/bin'
[1.225s] INFO:colcon.colcon_core.shell:Creating package script '/home/ciderlab-server3/workspace/2026_industry_cowork/IsaacSim-ros_workspaces/humble_ws/install/turtlebot3_manipulation_bringup/share/turtlebot3_manipulation_bringup/package.ps1'
[1.225s] INFO:colcon.colcon_core.shell:Creating package descriptor '/home/ciderlab-server3/workspace/2026_industry_cowork/IsaacSim-ros_workspaces/humble_ws/install/turtlebot3_manipulation_bringup/share/turtlebot3_manipulation_bringup/package.dsv'
[1.225s] INFO:colcon.colcon_core.shell:Creating package script '/home/ciderlab-server3/workspace/2026_industry_cowork/IsaacSim-ros_workspaces/humble_ws/install/turtlebot3_manipulation_bringup/share/turtlebot3_manipulation_bringup/package.sh'
[1.225s] INFO:colcon.colcon_core.shell:Creating package script '/home/ciderlab-server3/workspace/2026_industry_cowork/IsaacSim-ros_workspaces/humble_ws/install/turtlebot3_manipulation_bringup/share/turtlebot3_manipulation_bringup/package.bash'
[1.225s] INFO:colcon.colcon_core.shell:Creating package script '/home/ciderlab-server3/workspace/2026_industry_cowork/IsaacSim-ros_workspaces/humble_ws/install/turtlebot3_manipulation_bringup/share/turtlebot3_manipulation_bringup/package.zsh'
[1.226s] Level 1:colcon.colcon_core.environment:create_file_with_runtime_dependencies(/home/ciderlab-server3/workspace/2026_industry_cowork/IsaacSim-ros_workspaces/humble_ws/install/turtlebot3_manipulation_bringup/share/colcon-core/packages/turtlebot3_manipulation_bringup)
[1.226s] INFO:colcon.colcon_ros.task.ament_cmake.build:Building ROS package in '/home/ciderlab-server3/workspace/2026_industry_cowork/IsaacSim-ros_workspaces/humble_ws/src/turtlebot3_manipulation/turtlebot3_manipulation_teleop' with build type 'ament_cmake'
[1.226s] INFO:colcon.colcon_cmake.task.cmake.build:Building CMake package in '/home/ciderlab-server3/workspace/2026_industry_cowork/IsaacSim-ros_workspaces/humble_ws/src/turtlebot3_manipulation/turtlebot3_manipulation_teleop'
[1.226s] INFO:colcon.colcon_core.shell:Skip shell extension 'powershell' for command environment: Not usable outside of PowerShell
[1.226s] DEBUG:colcon.colcon_core.shell:Skip shell extension 'dsv' for command environment
[1.234s] DEBUG:colcon.colcon_core.event_handler.log_command:Invoking command in '/home/ciderlab-server3/workspace/2026_industry_cowork/IsaacSim-ros_workspaces/humble_ws/build/turtlebot3_manipulation_teleop': CMAKE_PREFIX_PATH=/home/ciderlab-server3/workspace/2026_industry_cowork/IsaacSim-ros_workspaces/humble_ws/install/turtlebot3_manipulation_moveit_config:/home/ciderlab-server3/workspace/2026_industry_cowork/IsaacSim-ros_workspaces/humble_ws/install/turtlebot3_manipulation_bringup:/home/ciderlab-server3/workspace/2026_industry_cowork/IsaacSim-ros_workspaces/humble_ws/install/turtlebot3_manipulation_description:/home/ciderlab-server3/workspace/2026_industry_cowork/IsaacSim-ros_workspaces/humble_ws/install/turtlebot3_manipulation:/home/ciderlab-server3/workspace/2026_industry_cowork/IsaacSim-ros_workspaces/humble_ws/install/turtlebot3_manipulation_teleop:/home/ciderlab-server3/workspace/2026_industry_cowork/IsaacSim-ros_workspaces/humble_ws/install/turtlebot3_manipulation_navigation2:/home/ciderlab-server3/workspace/2026_industry_cowork/IsaacSim-ros_workspaces/humble_ws/install/turtlebot3_manipulation_hardware:/home/ciderlab-server3/workspace/2026_industry_cowork/IsaacSim-ros_workspaces/humble_ws/install/turtlebot3_manipulation_cartographer:/home/ciderlab-server3/workspace/2026_industry_cowork/IsaacSim-ros_workspaces/humble_ws/install/iw_hub_navigation:/home/ciderlab-server3/workspace/2026_industry_cowork/IsaacSim-ros_workspaces/humble_ws/install/isaacsim_clearpath_nav2:/home/ciderlab-server3/workspace/2026_industry_cowork/IsaacSim-ros_workspaces/humble_ws/install/isaac_tutorials:/home/ciderlab-server3/workspace/2026_industry_cowork/IsaacSim-ros_workspaces/humble_ws/install/isaac_ros2_messages:/home/ciderlab-server3/workspace/2026_industry_cowork/IsaacSim-ros_workspaces/humble_ws/install/custom_message:/home/ciderlab-server3/workspace/2026_industry_cowork/IsaacSim-ros_workspaces/humble_ws/install/carter_navigation:/home/ciderlab-server3/turtlebot3_ws/install/turtlebot3:/home/ciderlab-server3/turtlebot3_ws/install/turtlebot3_simulations:/home/ciderlab-server3/turtlebot3_ws/install/turtlebot3_bringup:/home/ciderlab-server3/turtlebot3_ws/install/turtlebot3_node:/home/ciderlab-server3/turtlebot3_ws/install/turtlebot3_navigation2:/home/ciderlab-server3/turtlebot3_ws/install/turtlebot3_machine_learning:/home/ciderlab-server3/turtlebot3_ws/install/turtlebot3_fake_node:/home/ciderlab-server3/turtlebot3_ws/install/turtlebot3_msgs:/home/ciderlab-server3/turtlebot3_ws/install/turtlebot3_manipulation:/home/ciderlab-server3/turtlebot3_ws/install/turtlebot3_manipulation_teleop:/home/ciderlab-server3/turtlebot3_ws/install/turtlebot3_home_service_challenge:/home/ciderlab-server3/turtlebot3_ws/install/turtlebot3_home_service_challenge_manipulator:/home/ciderlab-server3/turtlebot3_ws/install/turtlebot3_home_service_challenge_tools:/home/ciderlab-server3/turtlebot3_ws/install/turtlebot3_manipulation_navigation2:/home/ciderlab-server3/turtlebot3_ws/install/turtlebot3_manipulation_moveit_config:/home/ciderlab-server3/turtlebot3_ws/install/turtlebot3_manipulation_hardware:/home/ciderlab-server3/turtlebot3_ws/install/turtlebot3_manipulation_gazebo:/home/ciderlab-server3/turtlebot3_ws/install/turtlebot3_manipulation_bringup:/home/ciderlab-server3/turtlebot3_ws/install/turtlebot3_manipulation_description:/home/ciderlab-server3/turtlebot3_ws/install/turtlebot3_manipulation_cartographer:/home/ciderlab-server3/turtlebot3_ws/install/turtlebot3_gazebo:/home/ciderlab-server3/turtlebot3_ws/install/turtlebot3_description:/home/ciderlab-server3/turtlebot3_ws/install/turtlebot3_cartographer:/home/ciderlab-server3/turtlebot3_ws/install/dynamixel_sdk_examples:/home/ciderlab-server3/turtlebot3_ws/install/dynamixel_sdk_custom_interfaces:/home/ciderlab-server3/turtlebot3_ws/install/dynamixel_sdk:/home/ciderlab-server3/workspace/2026_industry_cowork/IsaacSim-ros_workspaces/humble_ws/install/isaacsim_bringup:/home/ciderlab-server3/workspace/2026_industry_cowork/IsaacSim-ros_workspaces/humble_ws/install/isaac_ros_navigation_goal:/home/ciderlab-server3/workspace/2026_industry_cowork/IsaacSim-ros_workspaces/humble_ws/install/isaac_moveit:/home/ciderlab-server3/workspace/2026_industry_cowork/IsaacSim-ros_workspaces/humble_ws/install/isaac_compressed_image_decoder:/home/ciderlab-server3/workspace/2026_industry_cowork/IsaacSim-ros_workspaces/humble_ws/install/h1_fullbody_controller:/home/ciderlab-server3/workspace/2026_industry_cowork/IsaacSim-ros_workspaces/humble_ws/install/cmdvel_to_ackermann:/home/ciderlab-server3/turtlebot3_ws/install/turtlebot3_teleop:/home/ciderlab-server3/turtlebot3_ws/install/turtlebot3_example:/home/ciderlab-server3/turtlebot3_ws/install/turtlebot3_dqn:/home/ciderlab-server3/turtlebot3_ws/install/turtlebot3_home_service_challenge_core:/home/ciderlab-server3/turtlebot3_ws/install/turtlebot3_home_service_challenge_aruco:/opt/ros/humble /usr/bin/cmake --build /home/ciderlab-server3/workspace/2026_industry_cowork/IsaacSim-ros_workspaces/humble_ws/build/turtlebot3_manipulation_teleop -- -j24 -l24
[1.280s] DEBUG:colcon.colcon_core.event_handler.log_command:Invoked command in '/home/ciderlab-server3/workspace/2026_industry_cowork/IsaacSim-ros_workspaces/humble_ws/build/turtlebot3_manipulation_teleop' returned '0': CMAKE_PREFIX_PATH=/home/ciderlab-server3/workspace/2026_industry_cowork/IsaacSim-ros_workspaces/humble_ws/install/turtlebot3_manipulation_moveit_config:/home/ciderlab-server3/workspace/2026_industry_cowork/IsaacSim-ros_workspaces/humble_ws/install/turtlebot3_manipulation_bringup:/home/ciderlab-server3/workspace/2026_industry_cowork/IsaacSim-ros_workspaces/humble_ws/install/turtlebot3_manipulation_description:/home/ciderlab-server3/workspace/2026_industry_cowork/IsaacSim-ros_workspaces/humble_ws/install/turtlebot3_manipulation:/home/ciderlab-server3/workspace/2026_industry_cowork/IsaacSim-ros_workspaces/humble_ws/install/turtlebot3_manipulation_teleop:/home/ciderlab-server3/workspace/2026_industry_cowork/IsaacSim-ros_workspaces/humble_ws/install/turtlebot3_manipulation_navigation2:/home/ciderlab-server3/workspace/2026_industry_cowork/IsaacSim-ros_workspaces/humble_ws/install/turtlebot3_manipulation_hardware:/home/ciderlab-server3/workspace/2026_industry_cowork/IsaacSim-ros_workspaces/humble_ws/install/turtlebot3_manipulation_cartographer:/home/ciderlab-server3/workspace/2026_industry_cowork/IsaacSim-ros_workspaces/humble_ws/install/iw_hub_navigation:/home/ciderlab-server3/workspace/2026_industry_cowork/IsaacSim-ros_workspaces/humble_ws/install/isaacsim_clearpath_nav2:/home/ciderlab-server3/workspace/2026_industry_cowork/IsaacSim-ros_workspaces/humble_ws/install/isaac_tutorials:/home/ciderlab-server3/workspace/2026_industry_cowork/IsaacSim-ros_workspaces/humble_ws/install/isaac_ros2_messages:/home/ciderlab-server3/workspace/2026_industry_cowork/IsaacSim-ros_workspaces/humble_ws/install/custom_message:/home/ciderlab-server3/workspace/2026_industry_cowork/IsaacSim-ros_workspaces/humble_ws/install/carter_navigation:/home/ciderlab-server3/turtlebot3_ws/install/turtlebot3:/home/ciderlab-server3/turtlebot3_ws/install/turtlebot3_simulations:/home/ciderlab-server3/turtlebot3_ws/install/turtlebot3_bringup:/home/ciderlab-server3/turtlebot3_ws/install/turtlebot3_node:/home/ciderlab-server3/turtlebot3_ws/install/turtlebot3_navigation2:/home/ciderlab-server3/turtlebot3_ws/install/turtlebot3_machine_learning:/home/ciderlab-server3/turtlebot3_ws/install/turtlebot3_fake_node:/home/ciderlab-server3/turtlebot3_ws/install/turtlebot3_msgs:/home/ciderlab-server3/turtlebot3_ws/install/turtlebot3_manipulation:/home/ciderlab-server3/turtlebot3_ws/install/turtlebot3_manipulation_teleop:/home/ciderlab-server3/turtlebot3_ws/install/turtlebot3_home_service_challenge:/home/ciderlab-server3/turtlebot3_ws/install/turtlebot3_home_service_challenge_manipulator:/home/ciderlab-server3/turtlebot3_ws/install/turtlebot3_home_service_challenge_tools:/home/ciderlab-server3/turtlebot3_ws/install/turtlebot3_manipulation_navigation2:/home/ciderlab-server3/turtlebot3_ws/install/turtlebot3_manipulation_moveit_config:/home/ciderlab-server3/turtlebot3_ws/install/turtlebot3_manipulation_hardware:/home/ciderlab-server3/turtlebot3_ws/install/turtlebot3_manipulation_gazebo:/home/ciderlab-server3/turtlebot3_ws/install/turtlebot3_manipulation_bringup:/home/ciderlab-server3/turtlebot3_ws/install/turtlebot3_manipulation_description:/home/ciderlab-server3/turtlebot3_ws/install/turtlebot3_manipulation_cartographer:/home/ciderlab-server3/turtlebot3_ws/install/turtlebot3_gazebo:/home/ciderlab-server3/turtlebot3_ws/install/turtlebot3_description:/home/ciderlab-server3/turtlebot3_ws/install/turtlebot3_cartographer:/home/ciderlab-server3/turtlebot3_ws/install/dynamixel_sdk_examples:/home/ciderlab-server3/turtlebot3_ws/install/dynamixel_sdk_custom_interfaces:/home/ciderlab-server3/turtlebot3_ws/install/dynamixel_sdk:/home/ciderlab-server3/workspace/2026_industry_cowork/IsaacSim-ros_workspaces/humble_ws/install/isaacsim_bringup:/home/ciderlab-server3/workspace/2026_industry_cowork/IsaacSim-ros_workspaces/humble_ws/install/isaac_ros_navigation_goal:/home/ciderlab-server3/workspace/2026_industry_cowork/IsaacSim-ros_workspaces/humble_ws/install/isaac_moveit:/home/ciderlab-server3/workspace/2026_industry_cowork/IsaacSim-ros_workspaces/humble_ws/install/isaac_compressed_image_decoder:/home/ciderlab-server3/workspace/2026_industry_cowork/IsaacSim-ros_workspaces/humble_ws/install/h1_fullbody_controller:/home/ciderlab-server3/workspace/2026_industry_cowork/IsaacSim-ros_workspaces/humble_ws/install/cmdvel_to_ackermann:/home/ciderlab-server3/turtlebot3_ws/install/turtlebot3_teleop:/home/ciderlab-server3/turtlebot3_ws/install/turtlebot3_example:/home/ciderlab-server3/turtlebot3_ws/install/turtlebot3_dqn:/home/ciderlab-server3/turtlebot3_ws/install/turtlebot3_home_service_challenge_core:/home/ciderlab-server3/turtlebot3_ws/install/turtlebot3_home_service_challenge_aruco:/opt/ros/humble /usr/bin/cmake --build /home/ciderlab-server3/workspace/2026_industry_cowork/IsaacSim-ros_workspaces/humble_ws/build/turtlebot3_manipulation_teleop -- -j24 -l24
[1.280s] DEBUG:colcon.colcon_core.event_handler.log_command:Invoking command in '/home/ciderlab-server3/workspace/2026_industry_cowork/IsaacSim-ros_workspaces/humble_ws/build/turtlebot3_manipulation_teleop': CMAKE_PREFIX_PATH=/home/ciderlab-server3/workspace/2026_industry_cowork/IsaacSim-ros_workspaces/humble_ws/install/turtlebot3_manipulation_moveit_config:/home/ciderlab-server3/workspace/2026_industry_cowork/IsaacSim-ros_workspaces/humble_ws/install/turtlebot3_manipulation_bringup:/home/ciderlab-server3/workspace/2026_industry_cowork/IsaacSim-ros_workspaces/humble_ws/install/turtlebot3_manipulation_description:/home/ciderlab-server3/workspace/2026_industry_cowork/IsaacSim-ros_workspaces/humble_ws/install/turtlebot3_manipulation:/home/ciderlab-server3/workspace/2026_industry_cowork/IsaacSim-ros_workspaces/humble_ws/install/turtlebot3_manipulation_teleop:/home/ciderlab-server3/workspace/2026_industry_cowork/IsaacSim-ros_workspaces/humble_ws/install/turtlebot3_manipulation_navigation2:/home/ciderlab-server3/workspace/2026_industry_cowork/IsaacSim-ros_workspaces/humble_ws/install/turtlebot3_manipulation_hardware:/home/ciderlab-server3/workspace/2026_industry_cowork/IsaacSim-ros_workspaces/humble_ws/install/turtlebot3_manipulation_cartographer:/home/ciderlab-server3/workspace/2026_industry_cowork/IsaacSim-ros_workspaces/humble_ws/install/iw_hub_navigation:/home/ciderlab-server3/workspace/2026_industry_cowork/IsaacSim-ros_workspaces/humble_ws/install/isaacsim_clearpath_nav2:/home/ciderlab-server3/workspace/2026_industry_cowork/IsaacSim-ros_workspaces/humble_ws/install/isaac_tutorials:/home/ciderlab-server3/workspace/2026_industry_cowork/IsaacSim-ros_workspaces/humble_ws/install/isaac_ros2_messages:/home/ciderlab-server3/workspace/2026_industry_cowork/IsaacSim-ros_workspaces/humble_ws/install/custom_message:/home/ciderlab-server3/workspace/2026_industry_cowork/IsaacSim-ros_workspaces/humble_ws/install/carter_navigation:/home/ciderlab-server3/turtlebot3_ws/install/turtlebot3:/home/ciderlab-server3/turtlebot3_ws/install/turtlebot3_simulations:/home/ciderlab-server3/turtlebot3_ws/install/turtlebot3_bringup:/home/ciderlab-server3/turtlebot3_ws/install/turtlebot3_node:/home/ciderlab-server3/turtlebot3_ws/install/turtlebot3_navigation2:/home/ciderlab-server3/turtlebot3_ws/install/turtlebot3_machine_learning:/home/ciderlab-server3/turtlebot3_ws/install/turtlebot3_fake_node:/home/ciderlab-server3/turtlebot3_ws/install/turtlebot3_msgs:/home/ciderlab-server3/turtlebot3_ws/install/turtlebot3_manipulation:/home/ciderlab-server3/turtlebot3_ws/install/turtlebot3_manipulation_teleop:/home/ciderlab-server3/turtlebot3_ws/install/turtlebot3_home_service_challenge:/home/ciderlab-server3/turtlebot3_ws/install/turtlebot3_home_service_challenge_manipulator:/home/ciderlab-server3/turtlebot3_ws/install/turtlebot3_home_service_challenge_tools:/home/ciderlab-server3/turtlebot3_ws/install/turtlebot3_manipulation_navigation2:/home/ciderlab-server3/turtlebot3_ws/install/turtlebot3_manipulation_moveit_config:/home/ciderlab-server3/turtlebot3_ws/install/turtlebot3_manipulation_hardware:/home/ciderlab-server3/turtlebot3_ws/install/turtlebot3_manipulation_gazebo:/home/ciderlab-server3/turtlebot3_ws/install/turtlebot3_manipulation_bringup:/home/ciderlab-server3/turtlebot3_ws/install/turtlebot3_manipulation_description:/home/ciderlab-server3/turtlebot3_ws/install/turtlebot3_manipulation_cartographer:/home/ciderlab-server3/turtlebot3_ws/install/turtlebot3_gazebo:/home/ciderlab-server3/turtlebot3_ws/install/turtlebot3_description:/home/ciderlab-server3/turtlebot3_ws/install/turtlebot3_cartographer:/home/ciderlab-server3/turtlebot3_ws/install/dynamixel_sdk_examples:/home/ciderlab-server3/turtlebot3_ws/install/dynamixel_sdk_custom_interfaces:/home/ciderlab-server3/turtlebot3_ws/install/dynamixel_sdk:/home/ciderlab-server3/workspace/2026_industry_cowork/IsaacSim-ros_workspaces/humble_ws/install/isaacsim_bringup:/home/ciderlab-server3/workspace/2026_industry_cowork/IsaacSim-ros_workspaces/humble_ws/install/isaac_ros_navigation_goal:/home/ciderlab-server3/workspace/2026_industry_cowork/IsaacSim-ros_workspaces/humble_ws/install/isaac_moveit:/home/ciderlab-server3/workspace/2026_industry_cowork/IsaacSim-ros_workspaces/humble_ws/install/isaac_compressed_image_decoder:/home/ciderlab-server3/workspace/2026_industry_cowork/IsaacSim-ros_workspaces/humble_ws/install/h1_fullbody_controller:/home/ciderlab-server3/workspace/2026_industry_cowork/IsaacSim-ros_workspaces/humble_ws/install/cmdvel_to_ackermann:/home/ciderlab-server3/turtlebot3_ws/install/turtlebot3_teleop:/home/ciderlab-server3/turtlebot3_ws/install/turtlebot3_example:/home/ciderlab-server3/turtlebot3_ws/install/turtlebot3_dqn:/home/ciderlab-server3/turtlebot3_ws/install/turtlebot3_home_service_challenge_core:/home/ciderlab-server3/turtlebot3_ws/install/turtlebot3_home_service_challenge_aruco:/opt/ros/humble /usr/bin/cmake --install /home/ciderlab-server3/workspace/2026_industry_cowork/IsaacSim-ros_workspaces/humble_ws/build/turtlebot3_manipulation_teleop
[1.288s] DEBUG:colcon.colcon_core.task.python.build:Available setuptools commands: install_headers, register, check, easy_install, bdist, setopt, bdist_dumb, extract_messages, bdist_egg, saveopts, test, develop, build_clib, alias, build_scripts, update_catalog, install, bdist_rpm, build_ext, install_data, upload, build_py, compile_catalog, build, install_scripts, clean, symlink_data, install_egg_info, sdist, egg_info, install_lib, bdist_wheel, rotate, init_catalog, dist_info, upload_docs
[1.289s] DEBUG:colcon.colcon_core.task.python.build:Available setuptools commands: install_headers, register, check, easy_install, bdist, setopt, bdist_dumb, extract_messages, bdist_egg, saveopts, test, develop, build_clib, alias, build_scripts, update_catalog, install, bdist_rpm, build_ext, install_data, upload, build_py, compile_catalog, build, install_scripts, clean, symlink_data, install_egg_info, sdist, egg_info, install_lib, bdist_wheel, rotate, init_catalog, dist_info, upload_docs
[1.293s] DEBUG:colcon.colcon_core.task.python.build:Available setuptools commands: install_headers, register, check, easy_install, bdist, setopt, bdist_dumb, extract_messages, bdist_egg, saveopts, test, develop, build_clib, alias, build_scripts, update_catalog, install, bdist_rpm, build_ext, install_data, upload, build_py, compile_catalog, build, install_scripts, clean, symlink_data, install_egg_info, sdist, egg_info, install_lib, bdist_wheel, rotate, init_catalog, dist_info, upload_docs
[1.293s] DEBUG:colcon.colcon_core.event_handler.log_command:Invoking command in '/home/ciderlab-server3/workspace/2026_industry_cowork/IsaacSim-ros_workspaces/humble_ws/src/ackermann_control/cmdvel_to_ackermann': PYTHONPATH=/home/ciderlab-server3/workspace/2026_industry_cowork/IsaacSim-ros_workspaces/humble_ws/build/cmdvel_to_ackermann/prefix_override:/usr/lib/python3/dist-packages/colcon_core/task/python/colcon_distutils_commands:/home/ciderlab-server3/workspace/2026_industry_cowork/IsaacSim-ros_workspaces/humble_ws/install/cmdvel_to_ackermann/lib/python3.10/site-packages:${PYTHONPATH} /usr/bin/python3 -W ignore:setup.py install is deprecated -W ignore:easy_install command is deprecated setup.py egg_info --egg-base ../../../build/cmdvel_to_ackermann build --build-base /home/ciderlab-server3/workspace/2026_industry_cowork/IsaacSim-ros_workspaces/humble_ws/build/cmdvel_to_ackermann/build install --record /home/ciderlab-server3/workspace/2026_industry_cowork/IsaacSim-ros_workspaces/humble_ws/build/cmdvel_to_ackermann/install.log --install-scripts $base/lib/cmdvel_to_ackermann --single-version-externally-managed install_data
[1.294s] DEBUG:colcon.colcon_core.event_handler.log_command:Invoking command in '/home/ciderlab-server3/workspace/2026_industry_cowork/IsaacSim-ros_workspaces/humble_ws/src/navigation/isaac_ros_navigation_goal': PYTHONPATH=/home/ciderlab-server3/workspace/2026_industry_cowork/IsaacSim-ros_workspaces/humble_ws/build/isaac_ros_navigation_goal/prefix_override:/usr/lib/python3/dist-packages/colcon_core/task/python/colcon_distutils_commands:/home/ciderlab-server3/workspace/2026_industry_cowork/IsaacSim-ros_workspaces/humble_ws/install/isaac_ros_navigation_goal/lib/python3.10/site-packages:${PYTHONPATH} /usr/bin/python3 -W ignore:setup.py install is deprecated -W ignore:easy_install command is deprecated setup.py egg_info --egg-base ../../../build/isaac_ros_navigation_goal build --build-base /home/ciderlab-server3/workspace/2026_industry_cowork/IsaacSim-ros_workspaces/humble_ws/build/isaac_ros_navigation_goal/build install --record /home/ciderlab-server3/workspace/2026_industry_cowork/IsaacSim-ros_workspaces/humble_ws/build/isaac_ros_navigation_goal/install.log --install-scripts $base/lib/isaac_ros_navigation_goal --single-version-externally-managed install_data
[1.296s] Level 1:colcon.colcon_core.environment:create_environment_scripts_only(turtlebot3_manipulation_teleop)
[1.297s] Level 1:colcon.colcon_core.environment:checking '/home/ciderlab-server3/workspace/2026_industry_cowork/IsaacSim-ros_workspaces/humble_ws/install/turtlebot3_manipulation_teleop' for CMake module files
[1.297s] DEBUG:colcon.colcon_core.event_handler.log_command:Invoking command in '/home/ciderlab-server3/workspace/2026_industry_cowork/IsaacSim-ros_workspaces/humble_ws/src/isaacsim_bringup': PYTHONPATH=/home/ciderlab-server3/workspace/2026_industry_cowork/IsaacSim-ros_workspaces/humble_ws/build/isaacsim_bringup/prefix_override:/usr/lib/python3/dist-packages/colcon_core/task/python/colcon_distutils_commands:/home/ciderlab-server3/workspace/2026_industry_cowork/IsaacSim-ros_workspaces/humble_ws/install/isaacsim_bringup/lib/python3.10/site-packages:${PYTHONPATH} /usr/bin/python3 -W ignore:setup.py install is deprecated -W ignore:easy_install command is deprecated setup.py egg_info --egg-base ../../build/isaacsim_bringup build --build-base /home/ciderlab-server3/workspace/2026_industry_cowork/IsaacSim-ros_workspaces/humble_ws/build/isaacsim_bringup/build install --record /home/ciderlab-server3/workspace/2026_industry_cowork/IsaacSim-ros_workspaces/humble_ws/build/isaacsim_bringup/install.log --install-scripts $base/lib/isaacsim_bringup --single-version-externally-managed install_data
[1.297s] DEBUG:colcon.colcon_core.event_handler.log_command:Invoked command in '/home/ciderlab-server3/workspace/2026_industry_cowork/IsaacSim-ros_workspaces/humble_ws/build/turtlebot3_manipulation_teleop' returned '0': CMAKE_PREFIX_PATH=/home/ciderlab-server3/workspace/2026_industry_cowork/IsaacSim-ros_workspaces/humble_ws/install/turtlebot3_manipulation_moveit_config:/home/ciderlab-server3/workspace/2026_industry_cowork/IsaacSim-ros_workspaces/humble_ws/install/turtlebot3_manipulation_bringup:/home/ciderlab-server3/workspace/2026_industry_cowork/IsaacSim-ros_workspaces/humble_ws/install/turtlebot3_manipulation_description:/home/ciderlab-server3/workspace/2026_industry_cowork/IsaacSim-ros_workspaces/humble_ws/install/turtlebot3_manipulation:/home/ciderlab-server3/workspace/2026_industry_cowork/IsaacSim-ros_workspaces/humble_ws/install/turtlebot3_manipulation_teleop:/home/ciderlab-server3/workspace/2026_industry_cowork/IsaacSim-ros_workspaces/humble_ws/install/turtlebot3_manipulation_navigation2:/home/ciderlab-server3/workspace/2026_industry_cowork/IsaacSim-ros_workspaces/humble_ws/install/turtlebot3_manipulation_hardware:/home/ciderlab-server3/workspace/2026_industry_cowork/IsaacSim-ros_workspaces/humble_ws/install/turtlebot3_manipulation_cartographer:/home/ciderlab-server3/workspace/2026_industry_cowork/IsaacSim-ros_workspaces/humble_ws/install/iw_hub_navigation:/home/ciderlab-server3/workspace/2026_industry_cowork/IsaacSim-ros_workspaces/humble_ws/install/isaacsim_clearpath_nav2:/home/ciderlab-server3/workspace/2026_industry_cowork/IsaacSim-ros_workspaces/humble_ws/install/isaac_tutorials:/home/ciderlab-server3/workspace/2026_industry_cowork/IsaacSim-ros_workspaces/humble_ws/install/isaac_ros2_messages:/home/ciderlab-server3/workspace/2026_industry_cowork/IsaacSim-ros_workspaces/humble_ws/install/custom_message:/home/ciderlab-server3/workspace/2026_industry_cowork/IsaacSim-ros_workspaces/humble_ws/install/carter_navigation:/home/ciderlab-server3/turtlebot3_ws/install/turtlebot3:/home/ciderlab-server3/turtlebot3_ws/install/turtlebot3_simulations:/home/ciderlab-server3/turtlebot3_ws/install/turtlebot3_bringup:/home/ciderlab-server3/turtlebot3_ws/install/turtlebot3_node:/home/ciderlab-server3/turtlebot3_ws/install/turtlebot3_navigation2:/home/ciderlab-server3/turtlebot3_ws/install/turtlebot3_machine_learning:/home/ciderlab-server3/turtlebot3_ws/install/turtlebot3_fake_node:/home/ciderlab-server3/turtlebot3_ws/install/turtlebot3_msgs:/home/ciderlab-server3/turtlebot3_ws/install/turtlebot3_manipulation:/home/ciderlab-server3/turtlebot3_ws/install/turtlebot3_manipulation_teleop:/home/ciderlab-server3/turtlebot3_ws/install/turtlebot3_home_service_challenge:/home/ciderlab-server3/turtlebot3_ws/install/turtlebot3_home_service_challenge_manipulator:/home/ciderlab-server3/turtlebot3_ws/install/turtlebot3_home_service_challenge_tools:/home/ciderlab-server3/turtlebot3_ws/install/turtlebot3_manipulation_navigation2:/home/ciderlab-server3/turtlebot3_ws/install/turtlebot3_manipulation_moveit_config:/home/ciderlab-server3/turtlebot3_ws/install/turtlebot3_manipulation_hardware:/home/ciderlab-server3/turtlebot3_ws/install/turtlebot3_manipulation_gazebo:/home/ciderlab-server3/turtlebot3_ws/install/turtlebot3_manipulation_bringup:/home/ciderlab-server3/turtlebot3_ws/install/turtlebot3_manipulation_description:/home/ciderlab-server3/turtlebot3_ws/install/turtlebot3_manipulation_cartographer:/home/ciderlab-server3/turtlebot3_ws/install/turtlebot3_gazebo:/home/ciderlab-server3/turtlebot3_ws/install/turtlebot3_description:/home/ciderlab-server3/turtlebot3_ws/install/turtlebot3_cartographer:/home/ciderlab-server3/turtlebot3_ws/install/dynamixel_sdk_examples:/home/ciderlab-server3/turtlebot3_ws/install/dynamixel_sdk_custom_interfaces:/home/ciderlab-server3/turtlebot3_ws/install/dynamixel_sdk:/home/ciderlab-server3/workspace/2026_industry_cowork/IsaacSim-ros_workspaces/humble_ws/install/isaacsim_bringup:/home/ciderlab-server3/workspace/2026_industry_cowork/IsaacSim-ros_workspaces/humble_ws/install/isaac_ros_navigation_goal:/home/ciderlab-server3/workspace/2026_industry_cowork/IsaacSim-ros_workspaces/humble_ws/install/isaac_moveit:/home/ciderlab-server3/workspace/2026_industry_cowork/IsaacSim-ros_workspaces/humble_ws/install/isaac_compressed_image_decoder:/home/ciderlab-server3/workspace/2026_industry_cowork/IsaacSim-ros_workspaces/humble_ws/install/h1_fullbody_controller:/home/ciderlab-server3/workspace/2026_industry_cowork/IsaacSim-ros_workspaces/humble_ws/install/cmdvel_to_ackermann:/home/ciderlab-server3/turtlebot3_ws/install/turtlebot3_teleop:/home/ciderlab-server3/turtlebot3_ws/install/turtlebot3_example:/home/ciderlab-server3/turtlebot3_ws/install/turtlebot3_dqn:/home/ciderlab-server3/turtlebot3_ws/install/turtlebot3_home_service_challenge_core:/home/ciderlab-server3/turtlebot3_ws/install/turtlebot3_home_service_challenge_aruco:/opt/ros/humble /usr/bin/cmake --install /home/ciderlab-server3/workspace/2026_industry_cowork/IsaacSim-ros_workspaces/humble_ws/build/turtlebot3_manipulation_teleop
[1.297s] Level 1:colcon.colcon_core.environment:checking '/home/ciderlab-server3/workspace/2026_industry_cowork/IsaacSim-ros_workspaces/humble_ws/install/turtlebot3_manipulation_teleop' for CMake config files
[1.298s] Level 1:colcon.colcon_core.shell:create_environment_hook('turtlebot3_manipulation_teleop', 'cmake_prefix_path')
[1.298s] INFO:colcon.colcon_core.shell:Creating environment hook '/home/ciderlab-server3/workspace/2026_industry_cowork/IsaacSim-ros_workspaces/humble_ws/install/turtlebot3_manipulation_teleop/share/turtlebot3_manipulation_teleop/hook/cmake_prefix_path.ps1'
[1.298s] INFO:colcon.colcon_core.shell:Creating environment descriptor '/home/ciderlab-server3/workspace/2026_industry_cowork/IsaacSim-ros_workspaces/humble_ws/install/turtlebot3_manipulation_teleop/share/turtlebot3_manipulation_teleop/hook/cmake_prefix_path.dsv'
[1.298s] INFO:colcon.colcon_core.shell:Creating environment hook '/home/ciderlab-server3/workspace/2026_industry_cowork/IsaacSim-ros_workspaces/humble_ws/install/turtlebot3_manipulation_teleop/share/turtlebot3_manipulation_teleop/hook/cmake_prefix_path.sh'
[1.299s] Level 1:colcon.colcon_core.environment:checking '/home/ciderlab-server3/workspace/2026_industry_cowork/IsaacSim-ros_workspaces/humble_ws/install/turtlebot3_manipulation_teleop/lib'
[1.299s] Level 1:colcon.colcon_core.environment:checking '/home/ciderlab-server3/workspace/2026_industry_cowork/IsaacSim-ros_workspaces/humble_ws/install/turtlebot3_manipulation_teleop/bin'
[1.299s] Level 1:colcon.colcon_core.environment:checking '/home/ciderlab-server3/workspace/2026_industry_cowork/IsaacSim-ros_workspaces/humble_ws/install/turtlebot3_manipulation_teleop/lib/pkgconfig/turtlebot3_manipulation_teleop.pc'
[1.299s] Level 1:colcon.colcon_core.environment:checking '/home/ciderlab-server3/workspace/2026_industry_cowork/IsaacSim-ros_workspaces/humble_ws/install/turtlebot3_manipulation_teleop/lib/python3.10/site-packages'
[1.299s] Level 1:colcon.colcon_core.environment:checking '/home/ciderlab-server3/workspace/2026_industry_cowork/IsaacSim-ros_workspaces/humble_ws/install/turtlebot3_manipulation_teleop/bin'
[1.299s] INFO:colcon.colcon_core.shell:Creating package script '/home/ciderlab-server3/workspace/2026_industry_cowork/IsaacSim-ros_workspaces/humble_ws/install/turtlebot3_manipulation_teleop/share/turtlebot3_manipulation_teleop/package.ps1'
[1.299s] INFO:colcon.colcon_core.shell:Creating package descriptor '/home/ciderlab-server3/workspace/2026_industry_cowork/IsaacSim-ros_workspaces/humble_ws/install/turtlebot3_manipulation_teleop/share/turtlebot3_manipulation_teleop/package.dsv'
[1.299s] INFO:colcon.colcon_core.shell:Creating package script '/home/ciderlab-server3/workspace/2026_industry_cowork/IsaacSim-ros_workspaces/humble_ws/install/turtlebot3_manipulation_teleop/share/turtlebot3_manipulation_teleop/package.sh'
[1.300s] INFO:colcon.colcon_core.shell:Creating package script '/home/ciderlab-server3/workspace/2026_industry_cowork/IsaacSim-ros_workspaces/humble_ws/install/turtlebot3_manipulation_teleop/share/turtlebot3_manipulation_teleop/package.bash'
[1.300s] INFO:colcon.colcon_core.shell:Creating package script '/home/ciderlab-server3/workspace/2026_industry_cowork/IsaacSim-ros_workspaces/humble_ws/install/turtlebot3_manipulation_teleop/share/turtlebot3_manipulation_teleop/package.zsh'
[1.300s] Level 1:colcon.colcon_core.environment:create_file_with_runtime_dependencies(/home/ciderlab-server3/workspace/2026_industry_cowork/IsaacSim-ros_workspaces/humble_ws/install/turtlebot3_manipulation_teleop/share/colcon-core/packages/turtlebot3_manipulation_teleop)
[1.300s] Level 1:colcon.colcon_core.environment:create_environment_scripts_only(turtlebot3_manipulation_teleop)
[1.300s] Level 1:colcon.colcon_core.environment:checking '/home/ciderlab-server3/workspace/2026_industry_cowork/IsaacSim-ros_workspaces/humble_ws/install/turtlebot3_manipulation_teleop' for CMake module files
[1.300s] Level 1:colcon.colcon_core.environment:checking '/home/ciderlab-server3/workspace/2026_industry_cowork/IsaacSim-ros_workspaces/humble_ws/install/turtlebot3_manipulation_teleop' for CMake config files
[1.301s] Level 1:colcon.colcon_core.shell:create_environment_hook('turtlebot3_manipulation_teleop', 'cmake_prefix_path')
[1.301s] INFO:colcon.colcon_core.shell:Creating environment hook '/home/ciderlab-server3/workspace/2026_industry_cowork/IsaacSim-ros_workspaces/humble_ws/install/turtlebot3_manipulation_teleop/share/turtlebot3_manipulation_teleop/hook/cmake_prefix_path.ps1'
[1.301s] INFO:colcon.colcon_core.shell:Creating environment descriptor '/home/ciderlab-server3/workspace/2026_industry_cowork/IsaacSim-ros_workspaces/humble_ws/install/turtlebot3_manipulation_teleop/share/turtlebot3_manipulation_teleop/hook/cmake_prefix_path.dsv'
[1.301s] INFO:colcon.colcon_core.shell:Creating environment hook '/home/ciderlab-server3/workspace/2026_industry_cowork/IsaacSim-ros_workspaces/humble_ws/install/turtlebot3_manipulation_teleop/share/turtlebot3_manipulation_teleop/hook/cmake_prefix_path.sh'
[1.301s] Level 1:colcon.colcon_core.environment:checking '/home/ciderlab-server3/workspace/2026_industry_cowork/IsaacSim-ros_workspaces/humble_ws/install/turtlebot3_manipulation_teleop/lib'
[1.301s] Level 1:colcon.colcon_core.environment:checking '/home/ciderlab-server3/workspace/2026_industry_cowork/IsaacSim-ros_workspaces/humble_ws/install/turtlebot3_manipulation_teleop/bin'
[1.301s] Level 1:colcon.colcon_core.environment:checking '/home/ciderlab-server3/workspace/2026_industry_cowork/IsaacSim-ros_workspaces/humble_ws/install/turtlebot3_manipulation_teleop/lib/pkgconfig/turtlebot3_manipulation_teleop.pc'
[1.301s] Level 1:colcon.colcon_core.environment:checking '/home/ciderlab-server3/workspace/2026_industry_cowork/IsaacSim-ros_workspaces/humble_ws/install/turtlebot3_manipulation_teleop/lib/python3.10/site-packages'
[1.302s] Level 1:colcon.colcon_core.environment:checking '/home/ciderlab-server3/workspace/2026_industry_cowork/IsaacSim-ros_workspaces/humble_ws/install/turtlebot3_manipulation_teleop/bin'
[1.302s] INFO:colcon.colcon_core.shell:Creating package script '/home/ciderlab-server3/workspace/2026_industry_cowork/IsaacSim-ros_workspaces/humble_ws/install/turtlebot3_manipulation_teleop/share/turtlebot3_manipulation_teleop/package.ps1'
[1.302s] INFO:colcon.colcon_core.shell:Creating package descriptor '/home/ciderlab-server3/workspace/2026_industry_cowork/IsaacSim-ros_workspaces/humble_ws/install/turtlebot3_manipulation_teleop/share/turtlebot3_manipulation_teleop/package.dsv'
[1.302s] INFO:colcon.colcon_core.shell:Creating package script '/home/ciderlab-server3/workspace/2026_industry_cowork/IsaacSim-ros_workspaces/humble_ws/install/turtlebot3_manipulation_teleop/share/turtlebot3_manipulation_teleop/package.sh'
[1.302s] INFO:colcon.colcon_core.shell:Creating package script '/home/ciderlab-server3/workspace/2026_industry_cowork/IsaacSim-ros_workspaces/humble_ws/install/turtlebot3_manipulation_teleop/share/turtlebot3_manipulation_teleop/package.bash'
[1.303s] INFO:colcon.colcon_core.shell:Creating package script '/home/ciderlab-server3/workspace/2026_industry_cowork/IsaacSim-ros_workspaces/humble_ws/install/turtlebot3_manipulation_teleop/share/turtlebot3_manipulation_teleop/package.zsh'
[1.303s] Level 1:colcon.colcon_core.environment:create_file_with_runtime_dependencies(/home/ciderlab-server3/workspace/2026_industry_cowork/IsaacSim-ros_workspaces/humble_ws/install/turtlebot3_manipulation_teleop/share/colcon-core/packages/turtlebot3_manipulation_teleop)
[1.303s] INFO:colcon.colcon_ros.task.ament_cmake.build:Building ROS package in '/home/ciderlab-server3/workspace/2026_industry_cowork/IsaacSim-ros_workspaces/humble_ws/src/turtlebot3_manipulation/turtlebot3_manipulation' with build type 'ament_cmake'
[1.303s] INFO:colcon.colcon_cmake.task.cmake.build:Building CMake package in '/home/ciderlab-server3/workspace/2026_industry_cowork/IsaacSim-ros_workspaces/humble_ws/src/turtlebot3_manipulation/turtlebot3_manipulation'
[1.304s] INFO:colcon.colcon_core.shell:Skip shell extension 'powershell' for command environment: Not usable outside of PowerShell
[1.304s] DEBUG:colcon.colcon_core.shell:Skip shell extension 'dsv' for command environment
[1.307s] DEBUG:colcon.colcon_core.task.python.build:Available setuptools commands: install_headers, register, check, easy_install, bdist, setopt, bdist_dumb, extract_messages, bdist_egg, saveopts, test, develop, build_clib, alias, build_scripts, update_catalog, install, bdist_rpm, build_ext, install_data, upload, build_py, compile_catalog, build, install_scripts, clean, symlink_data, install_egg_info, sdist, egg_info, install_lib, bdist_wheel, rotate, init_catalog, dist_info, upload_docs
[1.308s] DEBUG:colcon.colcon_core.event_handler.log_command:Invoking command in '/home/ciderlab-server3/workspace/2026_industry_cowork/IsaacSim-ros_workspaces/humble_ws/src/isaac_compressed_image_decoder': PYTHONPATH=/home/ciderlab-server3/workspace/2026_industry_cowork/IsaacSim-ros_workspaces/humble_ws/build/isaac_compressed_image_decoder/prefix_override:/usr/lib/python3/dist-packages/colcon_core/task/python/colcon_distutils_commands:/home/ciderlab-server3/workspace/2026_industry_cowork/IsaacSim-ros_workspaces/humble_ws/install/isaac_compressed_image_decoder/lib/python3.10/site-packages:${PYTHONPATH} /usr/bin/python3 -W ignore:setup.py install is deprecated -W ignore:easy_install command is deprecated setup.py egg_info --egg-base ../../build/isaac_compressed_image_decoder build --build-base /home/ciderlab-server3/workspace/2026_industry_cowork/IsaacSim-ros_workspaces/humble_ws/build/isaac_compressed_image_decoder/build install --record /home/ciderlab-server3/workspace/2026_industry_cowork/IsaacSim-ros_workspaces/humble_ws/build/isaac_compressed_image_decoder/install.log --install-scripts $base/lib/isaac_compressed_image_decoder --single-version-externally-managed install_data
[1.309s] DEBUG:colcon.colcon_core.task.python.build:Available setuptools commands: install_headers, register, check, easy_install, bdist, setopt, bdist_dumb, extract_messages, bdist_egg, saveopts, test, develop, build_clib, alias, build_scripts, update_catalog, install, bdist_rpm, build_ext, install_data, upload, build_py, compile_catalog, build, install_scripts, clean, symlink_data, install_egg_info, sdist, egg_info, install_lib, bdist_wheel, rotate, init_catalog, dist_info, upload_docs
[1.310s] DEBUG:colcon.colcon_core.event_handler.log_command:Invoking command in '/home/ciderlab-server3/workspace/2026_industry_cowork/IsaacSim-ros_workspaces/humble_ws/src/humanoid_locomotion_policy_example/h1_fullbody_controller': PYTHONPATH=/home/ciderlab-server3/workspace/2026_industry_cowork/IsaacSim-ros_workspaces/humble_ws/build/h1_fullbody_controller/prefix_override:/usr/lib/python3/dist-packages/colcon_core/task/python/colcon_distutils_commands:/home/ciderlab-server3/workspace/2026_industry_cowork/IsaacSim-ros_workspaces/humble_ws/install/h1_fullbody_controller/lib/python3.10/site-packages:${PYTHONPATH} /usr/bin/python3 -W ignore:setup.py install is deprecated -W ignore:easy_install command is deprecated setup.py egg_info --egg-base ../../../build/h1_fullbody_controller build --build-base /home/ciderlab-server3/workspace/2026_industry_cowork/IsaacSim-ros_workspaces/humble_ws/build/h1_fullbody_controller/build install --record /home/ciderlab-server3/workspace/2026_industry_cowork/IsaacSim-ros_workspaces/humble_ws/build/h1_fullbody_controller/install.log --install-scripts $base/lib/h1_fullbody_controller --single-version-externally-managed install_data
[1.310s] DEBUG:colcon.colcon_core.task.python.build:Available setuptools commands: install_headers, register, check, easy_install, bdist, setopt, bdist_dumb, extract_messages, bdist_egg, saveopts, test, develop, build_clib, alias, build_scripts, update_catalog, install, bdist_rpm, build_ext, install_data, upload, build_py, compile_catalog, build, install_scripts, clean, symlink_data, install_egg_info, sdist, egg_info, install_lib, bdist_wheel, rotate, init_catalog, dist_info, upload_docs
[1.314s] DEBUG:colcon.colcon_core.event_handler.log_command:Invoking command in '/home/ciderlab-server3/workspace/2026_industry_cowork/IsaacSim-ros_workspaces/humble_ws/src/moveit/isaac_moveit': PYTHONPATH=/home/ciderlab-server3/workspace/2026_industry_cowork/IsaacSim-ros_workspaces/humble_ws/build/isaac_moveit/prefix_override:/usr/lib/python3/dist-packages/colcon_core/task/python/colcon_distutils_commands:/home/ciderlab-server3/workspace/2026_industry_cowork/IsaacSim-ros_workspaces/humble_ws/install/isaac_moveit/lib/python3.10/site-packages:${PYTHONPATH} /usr/bin/python3 -W ignore:setup.py install is deprecated -W ignore:easy_install command is deprecated setup.py egg_info --egg-base ../../../build/isaac_moveit build --build-base /home/ciderlab-server3/workspace/2026_industry_cowork/IsaacSim-ros_workspaces/humble_ws/build/isaac_moveit/build install --record /home/ciderlab-server3/workspace/2026_industry_cowork/IsaacSim-ros_workspaces/humble_ws/build/isaac_moveit/install.log --install-scripts $base/lib/isaac_moveit --single-version-externally-managed install_data
[1.316s] DEBUG:colcon.colcon_core.event_handler.log_command:Invoking command in '/home/ciderlab-server3/workspace/2026_industry_cowork/IsaacSim-ros_workspaces/humble_ws/build/turtlebot3_manipulation': CMAKE_PREFIX_PATH=/home/ciderlab-server3/workspace/2026_industry_cowork/IsaacSim-ros_workspaces/humble_ws/install/turtlebot3_manipulation_teleop:/home/ciderlab-server3/workspace/2026_industry_cowork/IsaacSim-ros_workspaces/humble_ws/install/turtlebot3_manipulation_moveit_config:/home/ciderlab-server3/workspace/2026_industry_cowork/IsaacSim-ros_workspaces/humble_ws/install/turtlebot3_manipulation_bringup:/home/ciderlab-server3/workspace/2026_industry_cowork/IsaacSim-ros_workspaces/humble_ws/install/turtlebot3_manipulation_navigation2:/home/ciderlab-server3/workspace/2026_industry_cowork/IsaacSim-ros_workspaces/humble_ws/install/turtlebot3_manipulation_hardware:/home/ciderlab-server3/workspace/2026_industry_cowork/IsaacSim-ros_workspaces/humble_ws/install/turtlebot3_manipulation_description:/home/ciderlab-server3/workspace/2026_industry_cowork/IsaacSim-ros_workspaces/humble_ws/install/turtlebot3_manipulation_cartographer:/home/ciderlab-server3/workspace/2026_industry_cowork/IsaacSim-ros_workspaces/humble_ws/install/turtlebot3_manipulation:/home/ciderlab-server3/workspace/2026_industry_cowork/IsaacSim-ros_workspaces/humble_ws/install/iw_hub_navigation:/home/ciderlab-server3/workspace/2026_industry_cowork/IsaacSim-ros_workspaces/humble_ws/install/isaacsim_clearpath_nav2:/home/ciderlab-server3/workspace/2026_industry_cowork/IsaacSim-ros_workspaces/humble_ws/install/isaac_tutorials:/home/ciderlab-server3/workspace/2026_industry_cowork/IsaacSim-ros_workspaces/humble_ws/install/isaac_ros2_messages:/home/ciderlab-server3/workspace/2026_industry_cowork/IsaacSim-ros_workspaces/humble_ws/install/custom_message:/home/ciderlab-server3/workspace/2026_industry_cowork/IsaacSim-ros_workspaces/humble_ws/install/carter_navigation:/home/ciderlab-server3/turtlebot3_ws/install/turtlebot3:/home/ciderlab-server3/turtlebot3_ws/install/turtlebot3_simulations:/home/ciderlab-server3/turtlebot3_ws/install/turtlebot3_bringup:/home/ciderlab-server3/turtlebot3_ws/install/turtlebot3_node:/home/ciderlab-server3/turtlebot3_ws/install/turtlebot3_navigation2:/home/ciderlab-server3/turtlebot3_ws/install/turtlebot3_machine_learning:/home/ciderlab-server3/turtlebot3_ws/install/turtlebot3_fake_node:/home/ciderlab-server3/turtlebot3_ws/install/turtlebot3_msgs:/home/ciderlab-server3/turtlebot3_ws/install/turtlebot3_manipulation:/home/ciderlab-server3/turtlebot3_ws/install/turtlebot3_manipulation_teleop:/home/ciderlab-server3/turtlebot3_ws/install/turtlebot3_home_service_challenge:/home/ciderlab-server3/turtlebot3_ws/install/turtlebot3_home_service_challenge_manipulator:/home/ciderlab-server3/turtlebot3_ws/install/turtlebot3_home_service_challenge_tools:/home/ciderlab-server3/turtlebot3_ws/install/turtlebot3_manipulation_navigation2:/home/ciderlab-server3/turtlebot3_ws/install/turtlebot3_manipulation_moveit_config:/home/ciderlab-server3/turtlebot3_ws/install/turtlebot3_manipulation_hardware:/home/ciderlab-server3/turtlebot3_ws/install/turtlebot3_manipulation_gazebo:/home/ciderlab-server3/turtlebot3_ws/install/turtlebot3_manipulation_bringup:/home/ciderlab-server3/turtlebot3_ws/install/turtlebot3_manipulation_description:/home/ciderlab-server3/turtlebot3_ws/install/turtlebot3_manipulation_cartographer:/home/ciderlab-server3/turtlebot3_ws/install/turtlebot3_gazebo:/home/ciderlab-server3/turtlebot3_ws/install/turtlebot3_description:/home/ciderlab-server3/turtlebot3_ws/install/turtlebot3_cartographer:/home/ciderlab-server3/turtlebot3_ws/install/dynamixel_sdk_examples:/home/ciderlab-server3/turtlebot3_ws/install/dynamixel_sdk_custom_interfaces:/home/ciderlab-server3/turtlebot3_ws/install/dynamixel_sdk:/home/ciderlab-server3/workspace/2026_industry_cowork/IsaacSim-ros_workspaces/humble_ws/install/isaacsim_bringup:/home/ciderlab-server3/workspace/2026_industry_cowork/IsaacSim-ros_workspaces/humble_ws/install/isaac_ros_navigation_goal:/home/ciderlab-server3/workspace/2026_industry_cowork/IsaacSim-ros_workspaces/humble_ws/install/isaac_moveit:/home/ciderlab-server3/workspace/2026_industry_cowork/IsaacSim-ros_workspaces/humble_ws/install/isaac_compressed_image_decoder:/home/ciderlab-server3/workspace/2026_industry_cowork/IsaacSim-ros_workspaces/humble_ws/install/h1_fullbody_controller:/home/ciderlab-server3/workspace/2026_industry_cowork/IsaacSim-ros_workspaces/humble_ws/install/cmdvel_to_ackermann:/home/ciderlab-server3/turtlebot3_ws/install/turtlebot3_teleop:/home/ciderlab-server3/turtlebot3_ws/install/turtlebot3_example:/home/ciderlab-server3/turtlebot3_ws/install/turtlebot3_dqn:/home/ciderlab-server3/turtlebot3_ws/install/turtlebot3_home_service_challenge_core:/home/ciderlab-server3/turtlebot3_ws/install/turtlebot3_home_service_challenge_aruco:/opt/ros/humble /usr/bin/cmake --build /home/ciderlab-server3/workspace/2026_industry_cowork/IsaacSim-ros_workspaces/humble_ws/build/turtlebot3_manipulation -- -j24 -l24
[1.338s] DEBUG:colcon.colcon_core.event_handler.log_command:Invoked command in '/home/ciderlab-server3/workspace/2026_industry_cowork/IsaacSim-ros_workspaces/humble_ws/build/turtlebot3_manipulation' returned '0': CMAKE_PREFIX_PATH=/home/ciderlab-server3/workspace/2026_industry_cowork/IsaacSim-ros_workspaces/humble_ws/install/turtlebot3_manipulation_teleop:/home/ciderlab-server3/workspace/2026_industry_cowork/IsaacSim-ros_workspaces/humble_ws/install/turtlebot3_manipulation_moveit_config:/home/ciderlab-server3/workspace/2026_industry_cowork/IsaacSim-ros_workspaces/humble_ws/install/turtlebot3_manipulation_bringup:/home/ciderlab-server3/workspace/2026_industry_cowork/IsaacSim-ros_workspaces/humble_ws/install/turtlebot3_manipulation_navigation2:/home/ciderlab-server3/workspace/2026_industry_cowork/IsaacSim-ros_workspaces/humble_ws/install/turtlebot3_manipulation_hardware:/home/ciderlab-server3/workspace/2026_industry_cowork/IsaacSim-ros_workspaces/humble_ws/install/turtlebot3_manipulation_description:/home/ciderlab-server3/workspace/2026_industry_cowork/IsaacSim-ros_workspaces/humble_ws/install/turtlebot3_manipulation_cartographer:/home/ciderlab-server3/workspace/2026_industry_cowork/IsaacSim-ros_workspaces/humble_ws/install/turtlebot3_manipulation:/home/ciderlab-server3/workspace/2026_industry_cowork/IsaacSim-ros_workspaces/humble_ws/install/iw_hub_navigation:/home/ciderlab-server3/workspace/2026_industry_cowork/IsaacSim-ros_workspaces/humble_ws/install/isaacsim_clearpath_nav2:/home/ciderlab-server3/workspace/2026_industry_cowork/IsaacSim-ros_workspaces/humble_ws/install/isaac_tutorials:/home/ciderlab-server3/workspace/2026_industry_cowork/IsaacSim-ros_workspaces/humble_ws/install/isaac_ros2_messages:/home/ciderlab-server3/workspace/2026_industry_cowork/IsaacSim-ros_workspaces/humble_ws/install/custom_message:/home/ciderlab-server3/workspace/2026_industry_cowork/IsaacSim-ros_workspaces/humble_ws/install/carter_navigation:/home/ciderlab-server3/turtlebot3_ws/install/turtlebot3:/home/ciderlab-server3/turtlebot3_ws/install/turtlebot3_simulations:/home/ciderlab-server3/turtlebot3_ws/install/turtlebot3_bringup:/home/ciderlab-server3/turtlebot3_ws/install/turtlebot3_node:/home/ciderlab-server3/turtlebot3_ws/install/turtlebot3_navigation2:/home/ciderlab-server3/turtlebot3_ws/install/turtlebot3_machine_learning:/home/ciderlab-server3/turtlebot3_ws/install/turtlebot3_fake_node:/home/ciderlab-server3/turtlebot3_ws/install/turtlebot3_msgs:/home/ciderlab-server3/turtlebot3_ws/install/turtlebot3_manipulation:/home/ciderlab-server3/turtlebot3_ws/install/turtlebot3_manipulation_teleop:/home/ciderlab-server3/turtlebot3_ws/install/turtlebot3_home_service_challenge:/home/ciderlab-server3/turtlebot3_ws/install/turtlebot3_home_service_challenge_manipulator:/home/ciderlab-server3/turtlebot3_ws/install/turtlebot3_home_service_challenge_tools:/home/ciderlab-server3/turtlebot3_ws/install/turtlebot3_manipulation_navigation2:/home/ciderlab-server3/turtlebot3_ws/install/turtlebot3_manipulation_moveit_config:/home/ciderlab-server3/turtlebot3_ws/install/turtlebot3_manipulation_hardware:/home/ciderlab-server3/turtlebot3_ws/install/turtlebot3_manipulation_gazebo:/home/ciderlab-server3/turtlebot3_ws/install/turtlebot3_manipulation_bringup:/home/ciderlab-server3/turtlebot3_ws/install/turtlebot3_manipulation_description:/home/ciderlab-server3/turtlebot3_ws/install/turtlebot3_manipulation_cartographer:/home/ciderlab-server3/turtlebot3_ws/install/turtlebot3_gazebo:/home/ciderlab-server3/turtlebot3_ws/install/turtlebot3_description:/home/ciderlab-server3/turtlebot3_ws/install/turtlebot3_cartographer:/home/ciderlab-server3/turtlebot3_ws/install/dynamixel_sdk_examples:/home/ciderlab-server3/turtlebot3_ws/install/dynamixel_sdk_custom_interfaces:/home/ciderlab-server3/turtlebot3_ws/install/dynamixel_sdk:/home/ciderlab-server3/workspace/2026_industry_cowork/IsaacSim-ros_workspaces/humble_ws/install/isaacsim_bringup:/home/ciderlab-server3/workspace/2026_industry_cowork/IsaacSim-ros_workspaces/humble_ws/install/isaac_ros_navigation_goal:/home/ciderlab-server3/workspace/2026_industry_cowork/IsaacSim-ros_workspaces/humble_ws/install/isaac_moveit:/home/ciderlab-server3/workspace/2026_industry_cowork/IsaacSim-ros_workspaces/humble_ws/install/isaac_compressed_image_decoder:/home/ciderlab-server3/workspace/2026_industry_cowork/IsaacSim-ros_workspaces/humble_ws/install/h1_fullbody_controller:/home/ciderlab-server3/workspace/2026_industry_cowork/IsaacSim-ros_workspaces/humble_ws/install/cmdvel_to_ackermann:/home/ciderlab-server3/turtlebot3_ws/install/turtlebot3_teleop:/home/ciderlab-server3/turtlebot3_ws/install/turtlebot3_example:/home/ciderlab-server3/turtlebot3_ws/install/turtlebot3_dqn:/home/ciderlab-server3/turtlebot3_ws/install/turtlebot3_home_service_challenge_core:/home/ciderlab-server3/turtlebot3_ws/install/turtlebot3_home_service_challenge_aruco:/opt/ros/humble /usr/bin/cmake --build /home/ciderlab-server3/workspace/2026_industry_cowork/IsaacSim-ros_workspaces/humble_ws/build/turtlebot3_manipulation -- -j24 -l24
[1.340s] DEBUG:colcon.colcon_core.event_handler.log_command:Invoking command in '/home/ciderlab-server3/workspace/2026_industry_cowork/IsaacSim-ros_workspaces/humble_ws/build/turtlebot3_manipulation': CMAKE_PREFIX_PATH=/home/ciderlab-server3/workspace/2026_industry_cowork/IsaacSim-ros_workspaces/humble_ws/install/turtlebot3_manipulation_teleop:/home/ciderlab-server3/workspace/2026_industry_cowork/IsaacSim-ros_workspaces/humble_ws/install/turtlebot3_manipulation_moveit_config:/home/ciderlab-server3/workspace/2026_industry_cowork/IsaacSim-ros_workspaces/humble_ws/install/turtlebot3_manipulation_bringup:/home/ciderlab-server3/workspace/2026_industry_cowork/IsaacSim-ros_workspaces/humble_ws/install/turtlebot3_manipulation_navigation2:/home/ciderlab-server3/workspace/2026_industry_cowork/IsaacSim-ros_workspaces/humble_ws/install/turtlebot3_manipulation_hardware:/home/ciderlab-server3/workspace/2026_industry_cowork/IsaacSim-ros_workspaces/humble_ws/install/turtlebot3_manipulation_description:/home/ciderlab-server3/workspace/2026_industry_cowork/IsaacSim-ros_workspaces/humble_ws/install/turtlebot3_manipulation_cartographer:/home/ciderlab-server3/workspace/2026_industry_cowork/IsaacSim-ros_workspaces/humble_ws/install/turtlebot3_manipulation:/home/ciderlab-server3/workspace/2026_industry_cowork/IsaacSim-ros_workspaces/humble_ws/install/iw_hub_navigation:/home/ciderlab-server3/workspace/2026_industry_cowork/IsaacSim-ros_workspaces/humble_ws/install/isaacsim_clearpath_nav2:/home/ciderlab-server3/workspace/2026_industry_cowork/IsaacSim-ros_workspaces/humble_ws/install/isaac_tutorials:/home/ciderlab-server3/workspace/2026_industry_cowork/IsaacSim-ros_workspaces/humble_ws/install/isaac_ros2_messages:/home/ciderlab-server3/workspace/2026_industry_cowork/IsaacSim-ros_workspaces/humble_ws/install/custom_message:/home/ciderlab-server3/workspace/2026_industry_cowork/IsaacSim-ros_workspaces/humble_ws/install/carter_navigation:/home/ciderlab-server3/turtlebot3_ws/install/turtlebot3:/home/ciderlab-server3/turtlebot3_ws/install/turtlebot3_simulations:/home/ciderlab-server3/turtlebot3_ws/install/turtlebot3_bringup:/home/ciderlab-server3/turtlebot3_ws/install/turtlebot3_node:/home/ciderlab-server3/turtlebot3_ws/install/turtlebot3_navigation2:/home/ciderlab-server3/turtlebot3_ws/install/turtlebot3_machine_learning:/home/ciderlab-server3/turtlebot3_ws/install/turtlebot3_fake_node:/home/ciderlab-server3/turtlebot3_ws/install/turtlebot3_msgs:/home/ciderlab-server3/turtlebot3_ws/install/turtlebot3_manipulation:/home/ciderlab-server3/turtlebot3_ws/install/turtlebot3_manipulation_teleop:/home/ciderlab-server3/turtlebot3_ws/install/turtlebot3_home_service_challenge:/home/ciderlab-server3/turtlebot3_ws/install/turtlebot3_home_service_challenge_manipulator:/home/ciderlab-server3/turtlebot3_ws/install/turtlebot3_home_service_challenge_tools:/home/ciderlab-server3/turtlebot3_ws/install/turtlebot3_manipulation_navigation2:/home/ciderlab-server3/turtlebot3_ws/install/turtlebot3_manipulation_moveit_config:/home/ciderlab-server3/turtlebot3_ws/install/turtlebot3_manipulation_hardware:/home/ciderlab-server3/turtlebot3_ws/install/turtlebot3_manipulation_gazebo:/home/ciderlab-server3/turtlebot3_ws/install/turtlebot3_manipulation_bringup:/home/ciderlab-server3/turtlebot3_ws/install/turtlebot3_manipulation_description:/home/ciderlab-server3/turtlebot3_ws/install/turtlebot3_manipulation_cartographer:/home/ciderlab-server3/turtlebot3_ws/install/turtlebot3_gazebo:/home/ciderlab-server3/turtlebot3_ws/install/turtlebot3_description:/home/ciderlab-server3/turtlebot3_ws/install/turtlebot3_cartographer:/home/ciderlab-server3/turtlebot3_ws/install/dynamixel_sdk_examples:/home/ciderlab-server3/turtlebot3_ws/install/dynamixel_sdk_custom_interfaces:/home/ciderlab-server3/turtlebot3_ws/install/dynamixel_sdk:/home/ciderlab-server3/workspace/2026_industry_cowork/IsaacSim-ros_workspaces/humble_ws/install/isaacsim_bringup:/home/ciderlab-server3/workspace/2026_industry_cowork/IsaacSim-ros_workspaces/humble_ws/install/isaac_ros_navigation_goal:/home/ciderlab-server3/workspace/2026_industry_cowork/IsaacSim-ros_workspaces/humble_ws/install/isaac_moveit:/home/ciderlab-server3/workspace/2026_industry_cowork/IsaacSim-ros_workspaces/humble_ws/install/isaac_compressed_image_decoder:/home/ciderlab-server3/workspace/2026_industry_cowork/IsaacSim-ros_workspaces/humble_ws/install/h1_fullbody_controller:/home/ciderlab-server3/workspace/2026_industry_cowork/IsaacSim-ros_workspaces/humble_ws/install/cmdvel_to_ackermann:/home/ciderlab-server3/turtlebot3_ws/install/turtlebot3_teleop:/home/ciderlab-server3/turtlebot3_ws/install/turtlebot3_example:/home/ciderlab-server3/turtlebot3_ws/install/turtlebot3_dqn:/home/ciderlab-server3/turtlebot3_ws/install/turtlebot3_home_service_challenge_core:/home/ciderlab-server3/turtlebot3_ws/install/turtlebot3_home_service_challenge_aruco:/opt/ros/humble /usr/bin/cmake --install /home/ciderlab-server3/workspace/2026_industry_cowork/IsaacSim-ros_workspaces/humble_ws/build/turtlebot3_manipulation
[1.344s] Level 1:colcon.colcon_core.environment:create_environment_scripts_only(turtlebot3_manipulation)
[1.345s] Level 1:colcon.colcon_core.environment:checking '/home/ciderlab-server3/workspace/2026_industry_cowork/IsaacSim-ros_workspaces/humble_ws/install/turtlebot3_manipulation' for CMake module files
[1.345s] DEBUG:colcon.colcon_core.event_handler.log_command:Invoked command in '/home/ciderlab-server3/workspace/2026_industry_cowork/IsaacSim-ros_workspaces/humble_ws/build/turtlebot3_manipulation' returned '0': CMAKE_PREFIX_PATH=/home/ciderlab-server3/workspace/2026_industry_cowork/IsaacSim-ros_workspaces/humble_ws/install/turtlebot3_manipulation_teleop:/home/ciderlab-server3/workspace/2026_industry_cowork/IsaacSim-ros_workspaces/humble_ws/install/turtlebot3_manipulation_moveit_config:/home/ciderlab-server3/workspace/2026_industry_cowork/IsaacSim-ros_workspaces/humble_ws/install/turtlebot3_manipulation_bringup:/home/ciderlab-server3/workspace/2026_industry_cowork/IsaacSim-ros_workspaces/humble_ws/install/turtlebot3_manipulation_navigation2:/home/ciderlab-server3/workspace/2026_industry_cowork/IsaacSim-ros_workspaces/humble_ws/install/turtlebot3_manipulation_hardware:/home/ciderlab-server3/workspace/2026_industry_cowork/IsaacSim-ros_workspaces/humble_ws/install/turtlebot3_manipulation_description:/home/ciderlab-server3/workspace/2026_industry_cowork/IsaacSim-ros_workspaces/humble_ws/install/turtlebot3_manipulation_cartographer:/home/ciderlab-server3/workspace/2026_industry_cowork/IsaacSim-ros_workspaces/humble_ws/install/turtlebot3_manipulation:/home/ciderlab-server3/workspace/2026_industry_cowork/IsaacSim-ros_workspaces/humble_ws/install/iw_hub_navigation:/home/ciderlab-server3/workspace/2026_industry_cowork/IsaacSim-ros_workspaces/humble_ws/install/isaacsim_clearpath_nav2:/home/ciderlab-server3/workspace/2026_industry_cowork/IsaacSim-ros_workspaces/humble_ws/install/isaac_tutorials:/home/ciderlab-server3/workspace/2026_industry_cowork/IsaacSim-ros_workspaces/humble_ws/install/isaac_ros2_messages:/home/ciderlab-server3/workspace/2026_industry_cowork/IsaacSim-ros_workspaces/humble_ws/install/custom_message:/home/ciderlab-server3/workspace/2026_industry_cowork/IsaacSim-ros_workspaces/humble_ws/install/carter_navigation:/home/ciderlab-server3/turtlebot3_ws/install/turtlebot3:/home/ciderlab-server3/turtlebot3_ws/install/turtlebot3_simulations:/home/ciderlab-server3/turtlebot3_ws/install/turtlebot3_bringup:/home/ciderlab-server3/turtlebot3_ws/install/turtlebot3_node:/home/ciderlab-server3/turtlebot3_ws/install/turtlebot3_navigation2:/home/ciderlab-server3/turtlebot3_ws/install/turtlebot3_machine_learning:/home/ciderlab-server3/turtlebot3_ws/install/turtlebot3_fake_node:/home/ciderlab-server3/turtlebot3_ws/install/turtlebot3_msgs:/home/ciderlab-server3/turtlebot3_ws/install/turtlebot3_manipulation:/home/ciderlab-server3/turtlebot3_ws/install/turtlebot3_manipulation_teleop:/home/ciderlab-server3/turtlebot3_ws/install/turtlebot3_home_service_challenge:/home/ciderlab-server3/turtlebot3_ws/install/turtlebot3_home_service_challenge_manipulator:/home/ciderlab-server3/turtlebot3_ws/install/turtlebot3_home_service_challenge_tools:/home/ciderlab-server3/turtlebot3_ws/install/turtlebot3_manipulation_navigation2:/home/ciderlab-server3/turtlebot3_ws/install/turtlebot3_manipulation_moveit_config:/home/ciderlab-server3/turtlebot3_ws/install/turtlebot3_manipulation_hardware:/home/ciderlab-server3/turtlebot3_ws/install/turtlebot3_manipulation_gazebo:/home/ciderlab-server3/turtlebot3_ws/install/turtlebot3_manipulation_bringup:/home/ciderlab-server3/turtlebot3_ws/install/turtlebot3_manipulation_description:/home/ciderlab-server3/turtlebot3_ws/install/turtlebot3_manipulation_cartographer:/home/ciderlab-server3/turtlebot3_ws/install/turtlebot3_gazebo:/home/ciderlab-server3/turtlebot3_ws/install/turtlebot3_description:/home/ciderlab-server3/turtlebot3_ws/install/turtlebot3_cartographer:/home/ciderlab-server3/turtlebot3_ws/install/dynamixel_sdk_examples:/home/ciderlab-server3/turtlebot3_ws/install/dynamixel_sdk_custom_interfaces:/home/ciderlab-server3/turtlebot3_ws/install/dynamixel_sdk:/home/ciderlab-server3/workspace/2026_industry_cowork/IsaacSim-ros_workspaces/humble_ws/install/isaacsim_bringup:/home/ciderlab-server3/workspace/2026_industry_cowork/IsaacSim-ros_workspaces/humble_ws/install/isaac_ros_navigation_goal:/home/ciderlab-server3/workspace/2026_industry_cowork/IsaacSim-ros_workspaces/humble_ws/install/isaac_moveit:/home/ciderlab-server3/workspace/2026_industry_cowork/IsaacSim-ros_workspaces/humble_ws/install/isaac_compressed_image_decoder:/home/ciderlab-server3/workspace/2026_industry_cowork/IsaacSim-ros_workspaces/humble_ws/install/h1_fullbody_controller:/home/ciderlab-server3/workspace/2026_industry_cowork/IsaacSim-ros_workspaces/humble_ws/install/cmdvel_to_ackermann:/home/ciderlab-server3/turtlebot3_ws/install/turtlebot3_teleop:/home/ciderlab-server3/turtlebot3_ws/install/turtlebot3_example:/home/ciderlab-server3/turtlebot3_ws/install/turtlebot3_dqn:/home/ciderlab-server3/turtlebot3_ws/install/turtlebot3_home_service_challenge_core:/home/ciderlab-server3/turtlebot3_ws/install/turtlebot3_home_service_challenge_aruco:/opt/ros/humble /usr/bin/cmake --install /home/ciderlab-server3/workspace/2026_industry_cowork/IsaacSim-ros_workspaces/humble_ws/build/turtlebot3_manipulation
[1.345s] Level 1:colcon.colcon_core.environment:checking '/home/ciderlab-server3/workspace/2026_industry_cowork/IsaacSim-ros_workspaces/humble_ws/install/turtlebot3_manipulation' for CMake config files
[1.345s] Level 1:colcon.colcon_core.shell:create_environment_hook('turtlebot3_manipulation', 'cmake_prefix_path')
[1.345s] INFO:colcon.colcon_core.shell:Creating environment hook '/home/ciderlab-server3/workspace/2026_industry_cowork/IsaacSim-ros_workspaces/humble_ws/install/turtlebot3_manipulation/share/turtlebot3_manipulation/hook/cmake_prefix_path.ps1'
[1.345s] INFO:colcon.colcon_core.shell:Creating environment descriptor '/home/ciderlab-server3/workspace/2026_industry_cowork/IsaacSim-ros_workspaces/humble_ws/install/turtlebot3_manipulation/share/turtlebot3_manipulation/hook/cmake_prefix_path.dsv'
[1.346s] INFO:colcon.colcon_core.shell:Creating environment hook '/home/ciderlab-server3/workspace/2026_industry_cowork/IsaacSim-ros_workspaces/humble_ws/install/turtlebot3_manipulation/share/turtlebot3_manipulation/hook/cmake_prefix_path.sh'
[1.346s] Level 1:colcon.colcon_core.environment:checking '/home/ciderlab-server3/workspace/2026_industry_cowork/IsaacSim-ros_workspaces/humble_ws/install/turtlebot3_manipulation/bin'
[1.346s] Level 1:colcon.colcon_core.environment:checking '/home/ciderlab-server3/workspace/2026_industry_cowork/IsaacSim-ros_workspaces/humble_ws/install/turtlebot3_manipulation/lib/pkgconfig/turtlebot3_manipulation.pc'
[1.346s] Level 1:colcon.colcon_core.environment:checking '/home/ciderlab-server3/workspace/2026_industry_cowork/IsaacSim-ros_workspaces/humble_ws/install/turtlebot3_manipulation/lib/python3.10/site-packages'
[1.346s] Level 1:colcon.colcon_core.environment:checking '/home/ciderlab-server3/workspace/2026_industry_cowork/IsaacSim-ros_workspaces/humble_ws/install/turtlebot3_manipulation/bin'
[1.346s] INFO:colcon.colcon_core.shell:Creating package script '/home/ciderlab-server3/workspace/2026_industry_cowork/IsaacSim-ros_workspaces/humble_ws/install/turtlebot3_manipulation/share/turtlebot3_manipulation/package.ps1'
[1.347s] INFO:colcon.colcon_core.shell:Creating package descriptor '/home/ciderlab-server3/workspace/2026_industry_cowork/IsaacSim-ros_workspaces/humble_ws/install/turtlebot3_manipulation/share/turtlebot3_manipulation/package.dsv'
[1.347s] INFO:colcon.colcon_core.shell:Creating package script '/home/ciderlab-server3/workspace/2026_industry_cowork/IsaacSim-ros_workspaces/humble_ws/install/turtlebot3_manipulation/share/turtlebot3_manipulation/package.sh'
[1.347s] INFO:colcon.colcon_core.shell:Creating package script '/home/ciderlab-server3/workspace/2026_industry_cowork/IsaacSim-ros_workspaces/humble_ws/install/turtlebot3_manipulation/share/turtlebot3_manipulation/package.bash'
[1.347s] INFO:colcon.colcon_core.shell:Creating package script '/home/ciderlab-server3/workspace/2026_industry_cowork/IsaacSim-ros_workspaces/humble_ws/install/turtlebot3_manipulation/share/turtlebot3_manipulation/package.zsh'
[1.347s] Level 1:colcon.colcon_core.environment:create_file_with_runtime_dependencies(/home/ciderlab-server3/workspace/2026_industry_cowork/IsaacSim-ros_workspaces/humble_ws/install/turtlebot3_manipulation/share/colcon-core/packages/turtlebot3_manipulation)
[1.348s] Level 1:colcon.colcon_core.environment:create_environment_scripts_only(turtlebot3_manipulation)
[1.348s] Level 1:colcon.colcon_core.environment:checking '/home/ciderlab-server3/workspace/2026_industry_cowork/IsaacSim-ros_workspaces/humble_ws/install/turtlebot3_manipulation' for CMake module files
[1.348s] Level 1:colcon.colcon_core.environment:checking '/home/ciderlab-server3/workspace/2026_industry_cowork/IsaacSim-ros_workspaces/humble_ws/install/turtlebot3_manipulation' for CMake config files
[1.348s] Level 1:colcon.colcon_core.shell:create_environment_hook('turtlebot3_manipulation', 'cmake_prefix_path')
[1.348s] INFO:colcon.colcon_core.shell:Creating environment hook '/home/ciderlab-server3/workspace/2026_industry_cowork/IsaacSim-ros_workspaces/humble_ws/install/turtlebot3_manipulation/share/turtlebot3_manipulation/hook/cmake_prefix_path.ps1'
[1.348s] INFO:colcon.colcon_core.shell:Creating environment descriptor '/home/ciderlab-server3/workspace/2026_industry_cowork/IsaacSim-ros_workspaces/humble_ws/install/turtlebot3_manipulation/share/turtlebot3_manipulation/hook/cmake_prefix_path.dsv'
[1.348s] INFO:colcon.colcon_core.shell:Creating environment hook '/home/ciderlab-server3/workspace/2026_industry_cowork/IsaacSim-ros_workspaces/humble_ws/install/turtlebot3_manipulation/share/turtlebot3_manipulation/hook/cmake_prefix_path.sh'
[1.349s] Level 1:colcon.colcon_core.environment:checking '/home/ciderlab-server3/workspace/2026_industry_cowork/IsaacSim-ros_workspaces/humble_ws/install/turtlebot3_manipulation/bin'
[1.349s] Level 1:colcon.colcon_core.environment:checking '/home/ciderlab-server3/workspace/2026_industry_cowork/IsaacSim-ros_workspaces/humble_ws/install/turtlebot3_manipulation/lib/pkgconfig/turtlebot3_manipulation.pc'
[1.349s] Level 1:colcon.colcon_core.environment:checking '/home/ciderlab-server3/workspace/2026_industry_cowork/IsaacSim-ros_workspaces/humble_ws/install/turtlebot3_manipulation/lib/python3.10/site-packages'
[1.349s] Level 1:colcon.colcon_core.environment:checking '/home/ciderlab-server3/workspace/2026_industry_cowork/IsaacSim-ros_workspaces/humble_ws/install/turtlebot3_manipulation/bin'
[1.349s] INFO:colcon.colcon_core.shell:Creating package script '/home/ciderlab-server3/workspace/2026_industry_cowork/IsaacSim-ros_workspaces/humble_ws/install/turtlebot3_manipulation/share/turtlebot3_manipulation/package.ps1'
[1.349s] INFO:colcon.colcon_core.shell:Creating package descriptor '/home/ciderlab-server3/workspace/2026_industry_cowork/IsaacSim-ros_workspaces/humble_ws/install/turtlebot3_manipulation/share/turtlebot3_manipulation/package.dsv'
[1.350s] INFO:colcon.colcon_core.shell:Creating package script '/home/ciderlab-server3/workspace/2026_industry_cowork/IsaacSim-ros_workspaces/humble_ws/install/turtlebot3_manipulation/share/turtlebot3_manipulation/package.sh'
[1.350s] INFO:colcon.colcon_core.shell:Creating package script '/home/ciderlab-server3/workspace/2026_industry_cowork/IsaacSim-ros_workspaces/humble_ws/install/turtlebot3_manipulation/share/turtlebot3_manipulation/package.bash'
[1.350s] INFO:colcon.colcon_core.shell:Creating package script '/home/ciderlab-server3/workspace/2026_industry_cowork/IsaacSim-ros_workspaces/humble_ws/install/turtlebot3_manipulation/share/turtlebot3_manipulation/package.zsh'
[1.350s] Level 1:colcon.colcon_core.environment:create_file_with_runtime_dependencies(/home/ciderlab-server3/workspace/2026_industry_cowork/IsaacSim-ros_workspaces/humble_ws/install/turtlebot3_manipulation/share/colcon-core/packages/turtlebot3_manipulation)
[1.417s] Level 1:colcon.colcon_core.environment:checking '/home/ciderlab-server3/workspace/2026_industry_cowork/IsaacSim-ros_workspaces/humble_ws/install/isaac_ros_navigation_goal' for CMake module files
[1.417s] DEBUG:colcon.colcon_core.event_handler.log_command:Invoked command in '/home/ciderlab-server3/workspace/2026_industry_cowork/IsaacSim-ros_workspaces/humble_ws/src/navigation/isaac_ros_navigation_goal' returned '0': PYTHONPATH=/home/ciderlab-server3/workspace/2026_industry_cowork/IsaacSim-ros_workspaces/humble_ws/build/isaac_ros_navigation_goal/prefix_override:/usr/lib/python3/dist-packages/colcon_core/task/python/colcon_distutils_commands:/home/ciderlab-server3/workspace/2026_industry_cowork/IsaacSim-ros_workspaces/humble_ws/install/isaac_ros_navigation_goal/lib/python3.10/site-packages:${PYTHONPATH} /usr/bin/python3 -W ignore:setup.py install is deprecated -W ignore:easy_install command is deprecated setup.py egg_info --egg-base ../../../build/isaac_ros_navigation_goal build --build-base /home/ciderlab-server3/workspace/2026_industry_cowork/IsaacSim-ros_workspaces/humble_ws/build/isaac_ros_navigation_goal/build install --record /home/ciderlab-server3/workspace/2026_industry_cowork/IsaacSim-ros_workspaces/humble_ws/build/isaac_ros_navigation_goal/install.log --install-scripts $base/lib/isaac_ros_navigation_goal --single-version-externally-managed install_data
[1.418s] Level 1:colcon.colcon_core.environment:checking '/home/ciderlab-server3/workspace/2026_industry_cowork/IsaacSim-ros_workspaces/humble_ws/install/isaac_ros_navigation_goal' for CMake config files
[1.418s] Level 1:colcon.colcon_core.environment:checking '/home/ciderlab-server3/workspace/2026_industry_cowork/IsaacSim-ros_workspaces/humble_ws/install/isaac_ros_navigation_goal/lib'
[1.418s] Level 1:colcon.colcon_core.environment:checking '/home/ciderlab-server3/workspace/2026_industry_cowork/IsaacSim-ros_workspaces/humble_ws/install/isaac_ros_navigation_goal/bin'
[1.418s] Level 1:colcon.colcon_core.environment:checking '/home/ciderlab-server3/workspace/2026_industry_cowork/IsaacSim-ros_workspaces/humble_ws/install/isaac_ros_navigation_goal/lib/pkgconfig/isaac_ros_navigation_goal.pc'
[1.418s] Level 1:colcon.colcon_core.environment:checking '/home/ciderlab-server3/workspace/2026_industry_cowork/IsaacSim-ros_workspaces/humble_ws/install/isaac_ros_navigation_goal/lib/python3.10/site-packages'
[1.418s] Level 1:colcon.colcon_core.shell:create_environment_hook('isaac_ros_navigation_goal', 'pythonpath')
[1.419s] INFO:colcon.colcon_core.shell:Creating environment hook '/home/ciderlab-server3/workspace/2026_industry_cowork/IsaacSim-ros_workspaces/humble_ws/install/isaac_ros_navigation_goal/share/isaac_ros_navigation_goal/hook/pythonpath.ps1'
[1.421s] INFO:colcon.colcon_core.shell:Creating environment descriptor '/home/ciderlab-server3/workspace/2026_industry_cowork/IsaacSim-ros_workspaces/humble_ws/install/isaac_ros_navigation_goal/share/isaac_ros_navigation_goal/hook/pythonpath.dsv'
[1.421s] INFO:colcon.colcon_core.shell:Creating environment hook '/home/ciderlab-server3/workspace/2026_industry_cowork/IsaacSim-ros_workspaces/humble_ws/install/isaac_ros_navigation_goal/share/isaac_ros_navigation_goal/hook/pythonpath.sh'
[1.421s] Level 1:colcon.colcon_core.environment:checking '/home/ciderlab-server3/workspace/2026_industry_cowork/IsaacSim-ros_workspaces/humble_ws/install/isaac_ros_navigation_goal/bin'
[1.422s] Level 1:colcon.colcon_core.environment:create_environment_scripts_only(isaac_ros_navigation_goal)
[1.422s] INFO:colcon.colcon_core.shell:Creating package script '/home/ciderlab-server3/workspace/2026_industry_cowork/IsaacSim-ros_workspaces/humble_ws/install/isaac_ros_navigation_goal/share/isaac_ros_navigation_goal/package.ps1'
[1.423s] INFO:colcon.colcon_core.shell:Creating package descriptor '/home/ciderlab-server3/workspace/2026_industry_cowork/IsaacSim-ros_workspaces/humble_ws/install/isaac_ros_navigation_goal/share/isaac_ros_navigation_goal/package.dsv'
[1.424s] INFO:colcon.colcon_core.shell:Creating package script '/home/ciderlab-server3/workspace/2026_industry_cowork/IsaacSim-ros_workspaces/humble_ws/install/isaac_ros_navigation_goal/share/isaac_ros_navigation_goal/package.sh'
[1.424s] INFO:colcon.colcon_core.shell:Creating package script '/home/ciderlab-server3/workspace/2026_industry_cowork/IsaacSim-ros_workspaces/humble_ws/install/isaac_ros_navigation_goal/share/isaac_ros_navigation_goal/package.bash'
[1.425s] INFO:colcon.colcon_core.shell:Creating package script '/home/ciderlab-server3/workspace/2026_industry_cowork/IsaacSim-ros_workspaces/humble_ws/install/isaac_ros_navigation_goal/share/isaac_ros_navigation_goal/package.zsh'
[1.425s] Level 1:colcon.colcon_core.environment:create_file_with_runtime_dependencies(/home/ciderlab-server3/workspace/2026_industry_cowork/IsaacSim-ros_workspaces/humble_ws/install/isaac_ros_navigation_goal/share/colcon-core/packages/isaac_ros_navigation_goal)
[1.425s] Level 1:colcon.colcon_core.environment:checking '/home/ciderlab-server3/workspace/2026_industry_cowork/IsaacSim-ros_workspaces/humble_ws/install/cmdvel_to_ackermann' for CMake module files
[1.426s] DEBUG:colcon.colcon_core.event_handler.log_command:Invoked command in '/home/ciderlab-server3/workspace/2026_industry_cowork/IsaacSim-ros_workspaces/humble_ws/src/ackermann_control/cmdvel_to_ackermann' returned '0': PYTHONPATH=/home/ciderlab-server3/workspace/2026_industry_cowork/IsaacSim-ros_workspaces/humble_ws/build/cmdvel_to_ackermann/prefix_override:/usr/lib/python3/dist-packages/colcon_core/task/python/colcon_distutils_commands:/home/ciderlab-server3/workspace/2026_industry_cowork/IsaacSim-ros_workspaces/humble_ws/install/cmdvel_to_ackermann/lib/python3.10/site-packages:${PYTHONPATH} /usr/bin/python3 -W ignore:setup.py install is deprecated -W ignore:easy_install command is deprecated setup.py egg_info --egg-base ../../../build/cmdvel_to_ackermann build --build-base /home/ciderlab-server3/workspace/2026_industry_cowork/IsaacSim-ros_workspaces/humble_ws/build/cmdvel_to_ackermann/build install --record /home/ciderlab-server3/workspace/2026_industry_cowork/IsaacSim-ros_workspaces/humble_ws/build/cmdvel_to_ackermann/install.log --install-scripts $base/lib/cmdvel_to_ackermann --single-version-externally-managed install_data
[1.426s] Level 1:colcon.colcon_core.environment:checking '/home/ciderlab-server3/workspace/2026_industry_cowork/IsaacSim-ros_workspaces/humble_ws/install/cmdvel_to_ackermann' for CMake config files
[1.426s] Level 1:colcon.colcon_core.environment:checking '/home/ciderlab-server3/workspace/2026_industry_cowork/IsaacSim-ros_workspaces/humble_ws/install/cmdvel_to_ackermann/lib'
[1.426s] Level 1:colcon.colcon_core.environment:checking '/home/ciderlab-server3/workspace/2026_industry_cowork/IsaacSim-ros_workspaces/humble_ws/install/cmdvel_to_ackermann/bin'
[1.426s] Level 1:colcon.colcon_core.environment:checking '/home/ciderlab-server3/workspace/2026_industry_cowork/IsaacSim-ros_workspaces/humble_ws/install/cmdvel_to_ackermann/lib/pkgconfig/cmdvel_to_ackermann.pc'
[1.426s] Level 1:colcon.colcon_core.environment:checking '/home/ciderlab-server3/workspace/2026_industry_cowork/IsaacSim-ros_workspaces/humble_ws/install/cmdvel_to_ackermann/lib/python3.10/site-packages'
[1.426s] Level 1:colcon.colcon_core.shell:create_environment_hook('cmdvel_to_ackermann', 'pythonpath')
[1.426s] INFO:colcon.colcon_core.shell:Creating environment hook '/home/ciderlab-server3/workspace/2026_industry_cowork/IsaacSim-ros_workspaces/humble_ws/install/cmdvel_to_ackermann/share/cmdvel_to_ackermann/hook/pythonpath.ps1'
[1.427s] INFO:colcon.colcon_core.shell:Creating environment descriptor '/home/ciderlab-server3/workspace/2026_industry_cowork/IsaacSim-ros_workspaces/humble_ws/install/cmdvel_to_ackermann/share/cmdvel_to_ackermann/hook/pythonpath.dsv'
[1.427s] INFO:colcon.colcon_core.shell:Creating environment hook '/home/ciderlab-server3/workspace/2026_industry_cowork/IsaacSim-ros_workspaces/humble_ws/install/cmdvel_to_ackermann/share/cmdvel_to_ackermann/hook/pythonpath.sh'
[1.428s] Level 1:colcon.colcon_core.environment:checking '/home/ciderlab-server3/workspace/2026_industry_cowork/IsaacSim-ros_workspaces/humble_ws/install/cmdvel_to_ackermann/bin'
[1.428s] Level 1:colcon.colcon_core.environment:create_environment_scripts_only(cmdvel_to_ackermann)
[1.429s] INFO:colcon.colcon_core.shell:Creating package script '/home/ciderlab-server3/workspace/2026_industry_cowork/IsaacSim-ros_workspaces/humble_ws/install/cmdvel_to_ackermann/share/cmdvel_to_ackermann/package.ps1'
[1.429s] INFO:colcon.colcon_core.shell:Creating package descriptor '/home/ciderlab-server3/workspace/2026_industry_cowork/IsaacSim-ros_workspaces/humble_ws/install/cmdvel_to_ackermann/share/cmdvel_to_ackermann/package.dsv'
[1.430s] INFO:colcon.colcon_core.shell:Creating package script '/home/ciderlab-server3/workspace/2026_industry_cowork/IsaacSim-ros_workspaces/humble_ws/install/cmdvel_to_ackermann/share/cmdvel_to_ackermann/package.sh'
[1.431s] INFO:colcon.colcon_core.shell:Creating package script '/home/ciderlab-server3/workspace/2026_industry_cowork/IsaacSim-ros_workspaces/humble_ws/install/cmdvel_to_ackermann/share/cmdvel_to_ackermann/package.bash'
[1.431s] INFO:colcon.colcon_core.shell:Creating package script '/home/ciderlab-server3/workspace/2026_industry_cowork/IsaacSim-ros_workspaces/humble_ws/install/cmdvel_to_ackermann/share/cmdvel_to_ackermann/package.zsh'
[1.432s] Level 1:colcon.colcon_core.environment:create_file_with_runtime_dependencies(/home/ciderlab-server3/workspace/2026_industry_cowork/IsaacSim-ros_workspaces/humble_ws/install/cmdvel_to_ackermann/share/colcon-core/packages/cmdvel_to_ackermann)
[1.432s] Level 1:colcon.colcon_core.environment:checking '/home/ciderlab-server3/workspace/2026_industry_cowork/IsaacSim-ros_workspaces/humble_ws/install/isaacsim_bringup' for CMake module files
[1.432s] DEBUG:colcon.colcon_core.event_handler.log_command:Invoked command in '/home/ciderlab-server3/workspace/2026_industry_cowork/IsaacSim-ros_workspaces/humble_ws/src/isaacsim_bringup' returned '0': PYTHONPATH=/home/ciderlab-server3/workspace/2026_industry_cowork/IsaacSim-ros_workspaces/humble_ws/build/isaacsim_bringup/prefix_override:/usr/lib/python3/dist-packages/colcon_core/task/python/colcon_distutils_commands:/home/ciderlab-server3/workspace/2026_industry_cowork/IsaacSim-ros_workspaces/humble_ws/install/isaacsim_bringup/lib/python3.10/site-packages:${PYTHONPATH} /usr/bin/python3 -W ignore:setup.py install is deprecated -W ignore:easy_install command is deprecated setup.py egg_info --egg-base ../../build/isaacsim_bringup build --build-base /home/ciderlab-server3/workspace/2026_industry_cowork/IsaacSim-ros_workspaces/humble_ws/build/isaacsim_bringup/build install --record /home/ciderlab-server3/workspace/2026_industry_cowork/IsaacSim-ros_workspaces/humble_ws/build/isaacsim_bringup/install.log --install-scripts $base/lib/isaacsim_bringup --single-version-externally-managed install_data
[1.433s] Level 1:colcon.colcon_core.environment:checking '/home/ciderlab-server3/workspace/2026_industry_cowork/IsaacSim-ros_workspaces/humble_ws/install/isaacsim_bringup' for CMake config files
[1.433s] Level 1:colcon.colcon_core.environment:checking '/home/ciderlab-server3/workspace/2026_industry_cowork/IsaacSim-ros_workspaces/humble_ws/install/isaacsim_bringup/lib'
[1.433s] Level 1:colcon.colcon_core.environment:checking '/home/ciderlab-server3/workspace/2026_industry_cowork/IsaacSim-ros_workspaces/humble_ws/install/isaacsim_bringup/bin'
[1.433s] Level 1:colcon.colcon_core.environment:checking '/home/ciderlab-server3/workspace/2026_industry_cowork/IsaacSim-ros_workspaces/humble_ws/install/isaacsim_bringup/lib/pkgconfig/isaacsim_bringup.pc'
[1.433s] Level 1:colcon.colcon_core.environment:checking '/home/ciderlab-server3/workspace/2026_industry_cowork/IsaacSim-ros_workspaces/humble_ws/install/isaacsim_bringup/lib/python3.10/site-packages'
[1.433s] Level 1:colcon.colcon_core.shell:create_environment_hook('isaacsim_bringup', 'pythonpath')
[1.433s] INFO:colcon.colcon_core.shell:Creating environment hook '/home/ciderlab-server3/workspace/2026_industry_cowork/IsaacSim-ros_workspaces/humble_ws/install/isaacsim_bringup/share/isaacsim_bringup/hook/pythonpath.ps1'
[1.434s] INFO:colcon.colcon_core.shell:Creating environment descriptor '/home/ciderlab-server3/workspace/2026_industry_cowork/IsaacSim-ros_workspaces/humble_ws/install/isaacsim_bringup/share/isaacsim_bringup/hook/pythonpath.dsv'
[1.434s] INFO:colcon.colcon_core.shell:Creating environment hook '/home/ciderlab-server3/workspace/2026_industry_cowork/IsaacSim-ros_workspaces/humble_ws/install/isaacsim_bringup/share/isaacsim_bringup/hook/pythonpath.sh'
[1.434s] Level 1:colcon.colcon_core.environment:checking '/home/ciderlab-server3/workspace/2026_industry_cowork/IsaacSim-ros_workspaces/humble_ws/install/isaacsim_bringup/bin'
[1.434s] Level 1:colcon.colcon_core.environment:create_environment_scripts_only(isaacsim_bringup)
[1.434s] INFO:colcon.colcon_core.shell:Creating package script '/home/ciderlab-server3/workspace/2026_industry_cowork/IsaacSim-ros_workspaces/humble_ws/install/isaacsim_bringup/share/isaacsim_bringup/package.ps1'
[1.435s] INFO:colcon.colcon_core.shell:Creating package descriptor '/home/ciderlab-server3/workspace/2026_industry_cowork/IsaacSim-ros_workspaces/humble_ws/install/isaacsim_bringup/share/isaacsim_bringup/package.dsv'
[1.435s] INFO:colcon.colcon_core.shell:Creating package script '/home/ciderlab-server3/workspace/2026_industry_cowork/IsaacSim-ros_workspaces/humble_ws/install/isaacsim_bringup/share/isaacsim_bringup/package.sh'
[1.435s] INFO:colcon.colcon_core.shell:Creating package script '/home/ciderlab-server3/workspace/2026_industry_cowork/IsaacSim-ros_workspaces/humble_ws/install/isaacsim_bringup/share/isaacsim_bringup/package.bash'
[1.436s] INFO:colcon.colcon_core.shell:Creating package script '/home/ciderlab-server3/workspace/2026_industry_cowork/IsaacSim-ros_workspaces/humble_ws/install/isaacsim_bringup/share/isaacsim_bringup/package.zsh'
[1.436s] Level 1:colcon.colcon_core.environment:create_file_with_runtime_dependencies(/home/ciderlab-server3/workspace/2026_industry_cowork/IsaacSim-ros_workspaces/humble_ws/install/isaacsim_bringup/share/colcon-core/packages/isaacsim_bringup)
[1.439s] Level 1:colcon.colcon_core.environment:checking '/home/ciderlab-server3/workspace/2026_industry_cowork/IsaacSim-ros_workspaces/humble_ws/install/h1_fullbody_controller' for CMake module files
[1.439s] DEBUG:colcon.colcon_core.event_handler.log_command:Invoked command in '/home/ciderlab-server3/workspace/2026_industry_cowork/IsaacSim-ros_workspaces/humble_ws/src/humanoid_locomotion_policy_example/h1_fullbody_controller' returned '0': PYTHONPATH=/home/ciderlab-server3/workspace/2026_industry_cowork/IsaacSim-ros_workspaces/humble_ws/build/h1_fullbody_controller/prefix_override:/usr/lib/python3/dist-packages/colcon_core/task/python/colcon_distutils_commands:/home/ciderlab-server3/workspace/2026_industry_cowork/IsaacSim-ros_workspaces/humble_ws/install/h1_fullbody_controller/lib/python3.10/site-packages:${PYTHONPATH} /usr/bin/python3 -W ignore:setup.py install is deprecated -W ignore:easy_install command is deprecated setup.py egg_info --egg-base ../../../build/h1_fullbody_controller build --build-base /home/ciderlab-server3/workspace/2026_industry_cowork/IsaacSim-ros_workspaces/humble_ws/build/h1_fullbody_controller/build install --record /home/ciderlab-server3/workspace/2026_industry_cowork/IsaacSim-ros_workspaces/humble_ws/build/h1_fullbody_controller/install.log --install-scripts $base/lib/h1_fullbody_controller --single-version-externally-managed install_data
[1.440s] Level 1:colcon.colcon_core.environment:checking '/home/ciderlab-server3/workspace/2026_industry_cowork/IsaacSim-ros_workspaces/humble_ws/install/h1_fullbody_controller' for CMake config files
[1.440s] Level 1:colcon.colcon_core.environment:checking '/home/ciderlab-server3/workspace/2026_industry_cowork/IsaacSim-ros_workspaces/humble_ws/install/h1_fullbody_controller/lib'
[1.440s] Level 1:colcon.colcon_core.environment:checking '/home/ciderlab-server3/workspace/2026_industry_cowork/IsaacSim-ros_workspaces/humble_ws/install/h1_fullbody_controller/bin'
[1.440s] Level 1:colcon.colcon_core.environment:checking '/home/ciderlab-server3/workspace/2026_industry_cowork/IsaacSim-ros_workspaces/humble_ws/install/h1_fullbody_controller/lib/pkgconfig/h1_fullbody_controller.pc'
[1.440s] Level 1:colcon.colcon_core.environment:checking '/home/ciderlab-server3/workspace/2026_industry_cowork/IsaacSim-ros_workspaces/humble_ws/install/h1_fullbody_controller/lib/python3.10/site-packages'
[1.440s] Level 1:colcon.colcon_core.shell:create_environment_hook('h1_fullbody_controller', 'pythonpath')
[1.441s] INFO:colcon.colcon_core.shell:Creating environment hook '/home/ciderlab-server3/workspace/2026_industry_cowork/IsaacSim-ros_workspaces/humble_ws/install/h1_fullbody_controller/share/h1_fullbody_controller/hook/pythonpath.ps1'
[1.441s] INFO:colcon.colcon_core.shell:Creating environment descriptor '/home/ciderlab-server3/workspace/2026_industry_cowork/IsaacSim-ros_workspaces/humble_ws/install/h1_fullbody_controller/share/h1_fullbody_controller/hook/pythonpath.dsv'
[1.441s] INFO:colcon.colcon_core.shell:Creating environment hook '/home/ciderlab-server3/workspace/2026_industry_cowork/IsaacSim-ros_workspaces/humble_ws/install/h1_fullbody_controller/share/h1_fullbody_controller/hook/pythonpath.sh'
[1.441s] Level 1:colcon.colcon_core.environment:checking '/home/ciderlab-server3/workspace/2026_industry_cowork/IsaacSim-ros_workspaces/humble_ws/install/h1_fullbody_controller/bin'
[1.441s] Level 1:colcon.colcon_core.environment:create_environment_scripts_only(h1_fullbody_controller)
[1.441s] INFO:colcon.colcon_core.shell:Creating package script '/home/ciderlab-server3/workspace/2026_industry_cowork/IsaacSim-ros_workspaces/humble_ws/install/h1_fullbody_controller/share/h1_fullbody_controller/package.ps1'
[1.442s] INFO:colcon.colcon_core.shell:Creating package descriptor '/home/ciderlab-server3/workspace/2026_industry_cowork/IsaacSim-ros_workspaces/humble_ws/install/h1_fullbody_controller/share/h1_fullbody_controller/package.dsv'
[1.442s] INFO:colcon.colcon_core.shell:Creating package script '/home/ciderlab-server3/workspace/2026_industry_cowork/IsaacSim-ros_workspaces/humble_ws/install/h1_fullbody_controller/share/h1_fullbody_controller/package.sh'
[1.442s] INFO:colcon.colcon_core.shell:Creating package script '/home/ciderlab-server3/workspace/2026_industry_cowork/IsaacSim-ros_workspaces/humble_ws/install/h1_fullbody_controller/share/h1_fullbody_controller/package.bash'
[1.442s] INFO:colcon.colcon_core.shell:Creating package script '/home/ciderlab-server3/workspace/2026_industry_cowork/IsaacSim-ros_workspaces/humble_ws/install/h1_fullbody_controller/share/h1_fullbody_controller/package.zsh'
[1.442s] Level 1:colcon.colcon_core.environment:create_file_with_runtime_dependencies(/home/ciderlab-server3/workspace/2026_industry_cowork/IsaacSim-ros_workspaces/humble_ws/install/h1_fullbody_controller/share/colcon-core/packages/h1_fullbody_controller)
[1.443s] Level 1:colcon.colcon_core.environment:checking '/home/ciderlab-server3/workspace/2026_industry_cowork/IsaacSim-ros_workspaces/humble_ws/install/isaac_moveit' for CMake module files
[1.445s] DEBUG:colcon.colcon_core.event_handler.log_command:Invoked command in '/home/ciderlab-server3/workspace/2026_industry_cowork/IsaacSim-ros_workspaces/humble_ws/src/moveit/isaac_moveit' returned '0': PYTHONPATH=/home/ciderlab-server3/workspace/2026_industry_cowork/IsaacSim-ros_workspaces/humble_ws/build/isaac_moveit/prefix_override:/usr/lib/python3/dist-packages/colcon_core/task/python/colcon_distutils_commands:/home/ciderlab-server3/workspace/2026_industry_cowork/IsaacSim-ros_workspaces/humble_ws/install/isaac_moveit/lib/python3.10/site-packages:${PYTHONPATH} /usr/bin/python3 -W ignore:setup.py install is deprecated -W ignore:easy_install command is deprecated setup.py egg_info --egg-base ../../../build/isaac_moveit build --build-base /home/ciderlab-server3/workspace/2026_industry_cowork/IsaacSim-ros_workspaces/humble_ws/build/isaac_moveit/build install --record /home/ciderlab-server3/workspace/2026_industry_cowork/IsaacSim-ros_workspaces/humble_ws/build/isaac_moveit/install.log --install-scripts $base/lib/isaac_moveit --single-version-externally-managed install_data
[1.445s] Level 1:colcon.colcon_core.environment:checking '/home/ciderlab-server3/workspace/2026_industry_cowork/IsaacSim-ros_workspaces/humble_ws/install/isaac_moveit' for CMake config files
[1.445s] Level 1:colcon.colcon_core.environment:checking '/home/ciderlab-server3/workspace/2026_industry_cowork/IsaacSim-ros_workspaces/humble_ws/install/isaac_moveit/lib'
[1.445s] Level 1:colcon.colcon_core.environment:checking '/home/ciderlab-server3/workspace/2026_industry_cowork/IsaacSim-ros_workspaces/humble_ws/install/isaac_moveit/bin'
[1.445s] Level 1:colcon.colcon_core.environment:checking '/home/ciderlab-server3/workspace/2026_industry_cowork/IsaacSim-ros_workspaces/humble_ws/install/isaac_moveit/lib/pkgconfig/isaac_moveit.pc'
[1.445s] Level 1:colcon.colcon_core.environment:checking '/home/ciderlab-server3/workspace/2026_industry_cowork/IsaacSim-ros_workspaces/humble_ws/install/isaac_moveit/lib/python3.10/site-packages'
[1.445s] Level 1:colcon.colcon_core.shell:create_environment_hook('isaac_moveit', 'pythonpath')
[1.445s] INFO:colcon.colcon_core.shell:Creating environment hook '/home/ciderlab-server3/workspace/2026_industry_cowork/IsaacSim-ros_workspaces/humble_ws/install/isaac_moveit/share/isaac_moveit/hook/pythonpath.ps1'
[1.445s] INFO:colcon.colcon_core.shell:Creating environment descriptor '/home/ciderlab-server3/workspace/2026_industry_cowork/IsaacSim-ros_workspaces/humble_ws/install/isaac_moveit/share/isaac_moveit/hook/pythonpath.dsv'
[1.446s] INFO:colcon.colcon_core.shell:Creating environment hook '/home/ciderlab-server3/workspace/2026_industry_cowork/IsaacSim-ros_workspaces/humble_ws/install/isaac_moveit/share/isaac_moveit/hook/pythonpath.sh'
[1.446s] Level 1:colcon.colcon_core.environment:checking '/home/ciderlab-server3/workspace/2026_industry_cowork/IsaacSim-ros_workspaces/humble_ws/install/isaac_moveit/bin'
[1.446s] Level 1:colcon.colcon_core.environment:create_environment_scripts_only(isaac_moveit)
[1.446s] INFO:colcon.colcon_core.shell:Creating package script '/home/ciderlab-server3/workspace/2026_industry_cowork/IsaacSim-ros_workspaces/humble_ws/install/isaac_moveit/share/isaac_moveit/package.ps1'
[1.446s] INFO:colcon.colcon_core.shell:Creating package descriptor '/home/ciderlab-server3/workspace/2026_industry_cowork/IsaacSim-ros_workspaces/humble_ws/install/isaac_moveit/share/isaac_moveit/package.dsv'
[1.446s] INFO:colcon.colcon_core.shell:Creating package script '/home/ciderlab-server3/workspace/2026_industry_cowork/IsaacSim-ros_workspaces/humble_ws/install/isaac_moveit/share/isaac_moveit/package.sh'
[1.447s] INFO:colcon.colcon_core.shell:Creating package script '/home/ciderlab-server3/workspace/2026_industry_cowork/IsaacSim-ros_workspaces/humble_ws/install/isaac_moveit/share/isaac_moveit/package.bash'
[1.447s] INFO:colcon.colcon_core.shell:Creating package script '/home/ciderlab-server3/workspace/2026_industry_cowork/IsaacSim-ros_workspaces/humble_ws/install/isaac_moveit/share/isaac_moveit/package.zsh'
[1.447s] Level 1:colcon.colcon_core.environment:create_file_with_runtime_dependencies(/home/ciderlab-server3/workspace/2026_industry_cowork/IsaacSim-ros_workspaces/humble_ws/install/isaac_moveit/share/colcon-core/packages/isaac_moveit)
[1.455s] Level 1:colcon.colcon_core.environment:checking '/home/ciderlab-server3/workspace/2026_industry_cowork/IsaacSim-ros_workspaces/humble_ws/install/isaac_compressed_image_decoder' for CMake module files
[1.455s] DEBUG:colcon.colcon_core.event_handler.log_command:Invoked command in '/home/ciderlab-server3/workspace/2026_industry_cowork/IsaacSim-ros_workspaces/humble_ws/src/isaac_compressed_image_decoder' returned '0': PYTHONPATH=/home/ciderlab-server3/workspace/2026_industry_cowork/IsaacSim-ros_workspaces/humble_ws/build/isaac_compressed_image_decoder/prefix_override:/usr/lib/python3/dist-packages/colcon_core/task/python/colcon_distutils_commands:/home/ciderlab-server3/workspace/2026_industry_cowork/IsaacSim-ros_workspaces/humble_ws/install/isaac_compressed_image_decoder/lib/python3.10/site-packages:${PYTHONPATH} /usr/bin/python3 -W ignore:setup.py install is deprecated -W ignore:easy_install command is deprecated setup.py egg_info --egg-base ../../build/isaac_compressed_image_decoder build --build-base /home/ciderlab-server3/workspace/2026_industry_cowork/IsaacSim-ros_workspaces/humble_ws/build/isaac_compressed_image_decoder/build install --record /home/ciderlab-server3/workspace/2026_industry_cowork/IsaacSim-ros_workspaces/humble_ws/build/isaac_compressed_image_decoder/install.log --install-scripts $base/lib/isaac_compressed_image_decoder --single-version-externally-managed install_data
[1.456s] Level 1:colcon.colcon_core.environment:checking '/home/ciderlab-server3/workspace/2026_industry_cowork/IsaacSim-ros_workspaces/humble_ws/install/isaac_compressed_image_decoder' for CMake config files
[1.456s] Level 1:colcon.colcon_core.environment:checking '/home/ciderlab-server3/workspace/2026_industry_cowork/IsaacSim-ros_workspaces/humble_ws/install/isaac_compressed_image_decoder/lib'
[1.456s] Level 1:colcon.colcon_core.environment:checking '/home/ciderlab-server3/workspace/2026_industry_cowork/IsaacSim-ros_workspaces/humble_ws/install/isaac_compressed_image_decoder/bin'
[1.456s] Level 1:colcon.colcon_core.environment:checking '/home/ciderlab-server3/workspace/2026_industry_cowork/IsaacSim-ros_workspaces/humble_ws/install/isaac_compressed_image_decoder/lib/pkgconfig/isaac_compressed_image_decoder.pc'
[1.456s] Level 1:colcon.colcon_core.environment:checking '/home/ciderlab-server3/workspace/2026_industry_cowork/IsaacSim-ros_workspaces/humble_ws/install/isaac_compressed_image_decoder/lib/python3.10/site-packages'
[1.456s] Level 1:colcon.colcon_core.shell:create_environment_hook('isaac_compressed_image_decoder', 'pythonpath')
[1.456s] INFO:colcon.colcon_core.shell:Creating environment hook '/home/ciderlab-server3/workspace/2026_industry_cowork/IsaacSim-ros_workspaces/humble_ws/install/isaac_compressed_image_decoder/share/isaac_compressed_image_decoder/hook/pythonpath.ps1'
[1.457s] INFO:colcon.colcon_core.shell:Creating environment descriptor '/home/ciderlab-server3/workspace/2026_industry_cowork/IsaacSim-ros_workspaces/humble_ws/install/isaac_compressed_image_decoder/share/isaac_compressed_image_decoder/hook/pythonpath.dsv'
[1.457s] INFO:colcon.colcon_core.shell:Creating environment hook '/home/ciderlab-server3/workspace/2026_industry_cowork/IsaacSim-ros_workspaces/humble_ws/install/isaac_compressed_image_decoder/share/isaac_compressed_image_decoder/hook/pythonpath.sh'
[1.457s] Level 1:colcon.colcon_core.environment:checking '/home/ciderlab-server3/workspace/2026_industry_cowork/IsaacSim-ros_workspaces/humble_ws/install/isaac_compressed_image_decoder/bin'
[1.457s] Level 1:colcon.colcon_core.environment:create_environment_scripts_only(isaac_compressed_image_decoder)
[1.457s] INFO:colcon.colcon_core.shell:Creating package script '/home/ciderlab-server3/workspace/2026_industry_cowork/IsaacSim-ros_workspaces/humble_ws/install/isaac_compressed_image_decoder/share/isaac_compressed_image_decoder/package.ps1'
[1.457s] INFO:colcon.colcon_core.shell:Creating package descriptor '/home/ciderlab-server3/workspace/2026_industry_cowork/IsaacSim-ros_workspaces/humble_ws/install/isaac_compressed_image_decoder/share/isaac_compressed_image_decoder/package.dsv'
[1.457s] INFO:colcon.colcon_core.shell:Creating package script '/home/ciderlab-server3/workspace/2026_industry_cowork/IsaacSim-ros_workspaces/humble_ws/install/isaac_compressed_image_decoder/share/isaac_compressed_image_decoder/package.sh'
[1.458s] INFO:colcon.colcon_core.shell:Creating package script '/home/ciderlab-server3/workspace/2026_industry_cowork/IsaacSim-ros_workspaces/humble_ws/install/isaac_compressed_image_decoder/share/isaac_compressed_image_decoder/package.bash'
[1.458s] INFO:colcon.colcon_core.shell:Creating package script '/home/ciderlab-server3/workspace/2026_industry_cowork/IsaacSim-ros_workspaces/humble_ws/install/isaac_compressed_image_decoder/share/isaac_compressed_image_decoder/package.zsh'
[1.458s] Level 1:colcon.colcon_core.environment:create_file_with_runtime_dependencies(/home/ciderlab-server3/workspace/2026_industry_cowork/IsaacSim-ros_workspaces/humble_ws/install/isaac_compressed_image_decoder/share/colcon-core/packages/isaac_compressed_image_decoder)
[1.706s] DEBUG:colcon.colcon_core.event_handler.log_command:Invoked command in '/home/ciderlab-server3/workspace/2026_industry_cowork/IsaacSim-ros_workspaces/humble_ws/build/custom_nav2_bt_plugins' returned '0': CMAKE_PREFIX_PATH=${CMAKE_PREFIX_PATH}:/home/ciderlab-server3/workspace/2026_industry_cowork/IsaacSim-ros_workspaces/humble_ws/install/isaacsim_bringup:/home/ciderlab-server3/workspace/2026_industry_cowork/IsaacSim-ros_workspaces/humble_ws/install/isaac_ros_navigation_goal:/home/ciderlab-server3/workspace/2026_industry_cowork/IsaacSim-ros_workspaces/humble_ws/install/isaac_moveit:/home/ciderlab-server3/workspace/2026_industry_cowork/IsaacSim-ros_workspaces/humble_ws/install/isaac_compressed_image_decoder:/home/ciderlab-server3/workspace/2026_industry_cowork/IsaacSim-ros_workspaces/humble_ws/install/h1_fullbody_controller:/home/ciderlab-server3/workspace/2026_industry_cowork/IsaacSim-ros_workspaces/humble_ws/install/cmdvel_to_ackermann:/home/ciderlab-server3/turtlebot3_ws/install/turtlebot3_teleop:/home/ciderlab-server3/turtlebot3_ws/install/turtlebot3_example:/home/ciderlab-server3/turtlebot3_ws/install/turtlebot3_dqn:/home/ciderlab-server3/turtlebot3_ws/install/turtlebot3_home_service_challenge_core:/home/ciderlab-server3/turtlebot3_ws/install/turtlebot3_home_service_challenge_aruco:/opt/ros/humble /usr/bin/cmake /home/ciderlab-server3/workspace/2026_industry_cowork/IsaacSim-ros_workspaces/humble_ws/src/custom_nav2_bt_plugins -DCMAKE_INSTALL_PREFIX=/home/ciderlab-server3/workspace/2026_industry_cowork/IsaacSim-ros_workspaces/humble_ws/install/custom_nav2_bt_plugins
[1.707s] DEBUG:colcon.colcon_core.event_handler.log_command:Invoking command in '/home/ciderlab-server3/workspace/2026_industry_cowork/IsaacSim-ros_workspaces/humble_ws/build/custom_nav2_bt_plugins': CMAKE_PREFIX_PATH=${CMAKE_PREFIX_PATH}:/home/ciderlab-server3/workspace/2026_industry_cowork/IsaacSim-ros_workspaces/humble_ws/install/isaacsim_bringup:/home/ciderlab-server3/workspace/2026_industry_cowork/IsaacSim-ros_workspaces/humble_ws/install/isaac_ros_navigation_goal:/home/ciderlab-server3/workspace/2026_industry_cowork/IsaacSim-ros_workspaces/humble_ws/install/isaac_moveit:/home/ciderlab-server3/workspace/2026_industry_cowork/IsaacSim-ros_workspaces/humble_ws/install/isaac_compressed_image_decoder:/home/ciderlab-server3/workspace/2026_industry_cowork/IsaacSim-ros_workspaces/humble_ws/install/h1_fullbody_controller:/home/ciderlab-server3/workspace/2026_industry_cowork/IsaacSim-ros_workspaces/humble_ws/install/cmdvel_to_ackermann:/home/ciderlab-server3/turtlebot3_ws/install/turtlebot3_teleop:/home/ciderlab-server3/turtlebot3_ws/install/turtlebot3_example:/home/ciderlab-server3/turtlebot3_ws/install/turtlebot3_dqn:/home/ciderlab-server3/turtlebot3_ws/install/turtlebot3_home_service_challenge_core:/home/ciderlab-server3/turtlebot3_ws/install/turtlebot3_home_service_challenge_aruco:/opt/ros/humble /usr/bin/cmake --build /home/ciderlab-server3/workspace/2026_industry_cowork/IsaacSim-ros_workspaces/humble_ws/build/custom_nav2_bt_plugins -- -j24 -l24
[6.054s] DEBUG:colcon.colcon_core.event_handler.log_command:Invoked command in '/home/ciderlab-server3/workspace/2026_industry_cowork/IsaacSim-ros_workspaces/humble_ws/build/custom_nav2_bt_plugins' returned '0': CMAKE_PREFIX_PATH=${CMAKE_PREFIX_PATH}:/home/ciderlab-server3/workspace/2026_industry_cowork/IsaacSim-ros_workspaces/humble_ws/install/isaacsim_bringup:/home/ciderlab-server3/workspace/2026_industry_cowork/IsaacSim-ros_workspaces/humble_ws/install/isaac_ros_navigation_goal:/home/ciderlab-server3/workspace/2026_industry_cowork/IsaacSim-ros_workspaces/humble_ws/install/isaac_moveit:/home/ciderlab-server3/workspace/2026_industry_cowork/IsaacSim-ros_workspaces/humble_ws/install/isaac_compressed_image_decoder:/home/ciderlab-server3/workspace/2026_industry_cowork/IsaacSim-ros_workspaces/humble_ws/install/h1_fullbody_controller:/home/ciderlab-server3/workspace/2026_industry_cowork/IsaacSim-ros_workspaces/humble_ws/install/cmdvel_to_ackermann:/home/ciderlab-server3/turtlebot3_ws/install/turtlebot3_teleop:/home/ciderlab-server3/turtlebot3_ws/install/turtlebot3_example:/home/ciderlab-server3/turtlebot3_ws/install/turtlebot3_dqn:/home/ciderlab-server3/turtlebot3_ws/install/turtlebot3_home_service_challenge_core:/home/ciderlab-server3/turtlebot3_ws/install/turtlebot3_home_service_challenge_aruco:/opt/ros/humble /usr/bin/cmake --build /home/ciderlab-server3/workspace/2026_industry_cowork/IsaacSim-ros_workspaces/humble_ws/build/custom_nav2_bt_plugins -- -j24 -l24
[6.055s] DEBUG:colcon.colcon_core.event_handler.log_command:Invoking command in '/home/ciderlab-server3/workspace/2026_industry_cowork/IsaacSim-ros_workspaces/humble_ws/build/custom_nav2_bt_plugins': CMAKE_PREFIX_PATH=${CMAKE_PREFIX_PATH}:/home/ciderlab-server3/workspace/2026_industry_cowork/IsaacSim-ros_workspaces/humble_ws/install/isaacsim_bringup:/home/ciderlab-server3/workspace/2026_industry_cowork/IsaacSim-ros_workspaces/humble_ws/install/isaac_ros_navigation_goal:/home/ciderlab-server3/workspace/2026_industry_cowork/IsaacSim-ros_workspaces/humble_ws/install/isaac_moveit:/home/ciderlab-server3/workspace/2026_industry_cowork/IsaacSim-ros_workspaces/humble_ws/install/isaac_compressed_image_decoder:/home/ciderlab-server3/workspace/2026_industry_cowork/IsaacSim-ros_workspaces/humble_ws/install/h1_fullbody_controller:/home/ciderlab-server3/workspace/2026_industry_cowork/IsaacSim-ros_workspaces/humble_ws/install/cmdvel_to_ackermann:/home/ciderlab-server3/turtlebot3_ws/install/turtlebot3_teleop:/home/ciderlab-server3/turtlebot3_ws/install/turtlebot3_example:/home/ciderlab-server3/turtlebot3_ws/install/turtlebot3_dqn:/home/ciderlab-server3/turtlebot3_ws/install/turtlebot3_home_service_challenge_core:/home/ciderlab-server3/turtlebot3_ws/install/turtlebot3_home_service_challenge_aruco:/opt/ros/humble /usr/bin/cmake --install /home/ciderlab-server3/workspace/2026_industry_cowork/IsaacSim-ros_workspaces/humble_ws/build/custom_nav2_bt_plugins
[6.068s] Level 1:colcon.colcon_core.environment:create_environment_scripts_only(custom_nav2_bt_plugins)
[6.068s] Level 1:colcon.colcon_core.environment:checking '/home/ciderlab-server3/workspace/2026_industry_cowork/IsaacSim-ros_workspaces/humble_ws/install/custom_nav2_bt_plugins' for CMake module files
[6.068s] DEBUG:colcon.colcon_core.event_handler.log_command:Invoked command in '/home/ciderlab-server3/workspace/2026_industry_cowork/IsaacSim-ros_workspaces/humble_ws/build/custom_nav2_bt_plugins' returned '0': CMAKE_PREFIX_PATH=${CMAKE_PREFIX_PATH}:/home/ciderlab-server3/workspace/2026_industry_cowork/IsaacSim-ros_workspaces/humble_ws/install/isaacsim_bringup:/home/ciderlab-server3/workspace/2026_industry_cowork/IsaacSim-ros_workspaces/humble_ws/install/isaac_ros_navigation_goal:/home/ciderlab-server3/workspace/2026_industry_cowork/IsaacSim-ros_workspaces/humble_ws/install/isaac_moveit:/home/ciderlab-server3/workspace/2026_industry_cowork/IsaacSim-ros_workspaces/humble_ws/install/isaac_compressed_image_decoder:/home/ciderlab-server3/workspace/2026_industry_cowork/IsaacSim-ros_workspaces/humble_ws/install/h1_fullbody_controller:/home/ciderlab-server3/workspace/2026_industry_cowork/IsaacSim-ros_workspaces/humble_ws/install/cmdvel_to_ackermann:/home/ciderlab-server3/turtlebot3_ws/install/turtlebot3_teleop:/home/ciderlab-server3/turtlebot3_ws/install/turtlebot3_example:/home/ciderlab-server3/turtlebot3_ws/install/turtlebot3_dqn:/home/ciderlab-server3/turtlebot3_ws/install/turtlebot3_home_service_challenge_core:/home/ciderlab-server3/turtlebot3_ws/install/turtlebot3_home_service_challenge_aruco:/opt/ros/humble /usr/bin/cmake --install /home/ciderlab-server3/workspace/2026_industry_cowork/IsaacSim-ros_workspaces/humble_ws/build/custom_nav2_bt_plugins
[6.068s] Level 1:colcon.colcon_core.environment:checking '/home/ciderlab-server3/workspace/2026_industry_cowork/IsaacSim-ros_workspaces/humble_ws/install/custom_nav2_bt_plugins' for CMake config files
[6.068s] Level 1:colcon.colcon_core.shell:create_environment_hook('custom_nav2_bt_plugins', 'cmake_prefix_path')
[6.068s] INFO:colcon.colcon_core.shell:Creating environment hook '/home/ciderlab-server3/workspace/2026_industry_cowork/IsaacSim-ros_workspaces/humble_ws/install/custom_nav2_bt_plugins/share/custom_nav2_bt_plugins/hook/cmake_prefix_path.ps1'
[6.068s] INFO:colcon.colcon_core.shell:Creating environment descriptor '/home/ciderlab-server3/workspace/2026_industry_cowork/IsaacSim-ros_workspaces/humble_ws/install/custom_nav2_bt_plugins/share/custom_nav2_bt_plugins/hook/cmake_prefix_path.dsv'
[6.069s] INFO:colcon.colcon_core.shell:Creating environment hook '/home/ciderlab-server3/workspace/2026_industry_cowork/IsaacSim-ros_workspaces/humble_ws/install/custom_nav2_bt_plugins/share/custom_nav2_bt_plugins/hook/cmake_prefix_path.sh'
[6.069s] Level 1:colcon.colcon_core.environment:checking '/home/ciderlab-server3/workspace/2026_industry_cowork/IsaacSim-ros_workspaces/humble_ws/install/custom_nav2_bt_plugins/lib'
[6.069s] Level 1:colcon.colcon_core.shell:create_environment_hook('custom_nav2_bt_plugins', 'ld_library_path_lib')
[6.069s] INFO:colcon.colcon_core.shell:Creating environment hook '/home/ciderlab-server3/workspace/2026_industry_cowork/IsaacSim-ros_workspaces/humble_ws/install/custom_nav2_bt_plugins/share/custom_nav2_bt_plugins/hook/ld_library_path_lib.ps1'
[6.069s] INFO:colcon.colcon_core.shell:Creating environment descriptor '/home/ciderlab-server3/workspace/2026_industry_cowork/IsaacSim-ros_workspaces/humble_ws/install/custom_nav2_bt_plugins/share/custom_nav2_bt_plugins/hook/ld_library_path_lib.dsv'
[6.069s] INFO:colcon.colcon_core.shell:Creating environment hook '/home/ciderlab-server3/workspace/2026_industry_cowork/IsaacSim-ros_workspaces/humble_ws/install/custom_nav2_bt_plugins/share/custom_nav2_bt_plugins/hook/ld_library_path_lib.sh'
[6.069s] Level 1:colcon.colcon_core.environment:checking '/home/ciderlab-server3/workspace/2026_industry_cowork/IsaacSim-ros_workspaces/humble_ws/install/custom_nav2_bt_plugins/bin'
[6.069s] Level 1:colcon.colcon_core.environment:checking '/home/ciderlab-server3/workspace/2026_industry_cowork/IsaacSim-ros_workspaces/humble_ws/install/custom_nav2_bt_plugins/lib/pkgconfig/custom_nav2_bt_plugins.pc'
[6.069s] Level 1:colcon.colcon_core.environment:checking '/home/ciderlab-server3/workspace/2026_industry_cowork/IsaacSim-ros_workspaces/humble_ws/install/custom_nav2_bt_plugins/lib/python3.10/site-packages'
[6.069s] Level 1:colcon.colcon_core.environment:checking '/home/ciderlab-server3/workspace/2026_industry_cowork/IsaacSim-ros_workspaces/humble_ws/install/custom_nav2_bt_plugins/bin'
[6.070s] INFO:colcon.colcon_core.shell:Creating package script '/home/ciderlab-server3/workspace/2026_industry_cowork/IsaacSim-ros_workspaces/humble_ws/install/custom_nav2_bt_plugins/share/custom_nav2_bt_plugins/package.ps1'
[6.070s] INFO:colcon.colcon_core.shell:Creating package descriptor '/home/ciderlab-server3/workspace/2026_industry_cowork/IsaacSim-ros_workspaces/humble_ws/install/custom_nav2_bt_plugins/share/custom_nav2_bt_plugins/package.dsv'
[6.070s] INFO:colcon.colcon_core.shell:Creating package script '/home/ciderlab-server3/workspace/2026_industry_cowork/IsaacSim-ros_workspaces/humble_ws/install/custom_nav2_bt_plugins/share/custom_nav2_bt_plugins/package.sh'
[6.070s] INFO:colcon.colcon_core.shell:Creating package script '/home/ciderlab-server3/workspace/2026_industry_cowork/IsaacSim-ros_workspaces/humble_ws/install/custom_nav2_bt_plugins/share/custom_nav2_bt_plugins/package.bash'
[6.070s] INFO:colcon.colcon_core.shell:Creating package script '/home/ciderlab-server3/workspace/2026_industry_cowork/IsaacSim-ros_workspaces/humble_ws/install/custom_nav2_bt_plugins/share/custom_nav2_bt_plugins/package.zsh'
[6.070s] Level 1:colcon.colcon_core.environment:create_file_with_runtime_dependencies(/home/ciderlab-server3/workspace/2026_industry_cowork/IsaacSim-ros_workspaces/humble_ws/install/custom_nav2_bt_plugins/share/colcon-core/packages/custom_nav2_bt_plugins)
[6.071s] Level 1:colcon.colcon_core.environment:create_environment_scripts_only(custom_nav2_bt_plugins)
[6.071s] Level 1:colcon.colcon_core.environment:checking '/home/ciderlab-server3/workspace/2026_industry_cowork/IsaacSim-ros_workspaces/humble_ws/install/custom_nav2_bt_plugins' for CMake module files
[6.071s] Level 1:colcon.colcon_core.environment:checking '/home/ciderlab-server3/workspace/2026_industry_cowork/IsaacSim-ros_workspaces/humble_ws/install/custom_nav2_bt_plugins' for CMake config files
[6.071s] Level 1:colcon.colcon_core.shell:create_environment_hook('custom_nav2_bt_plugins', 'cmake_prefix_path')
[6.071s] INFO:colcon.colcon_core.shell:Creating environment hook '/home/ciderlab-server3/workspace/2026_industry_cowork/IsaacSim-ros_workspaces/humble_ws/install/custom_nav2_bt_plugins/share/custom_nav2_bt_plugins/hook/cmake_prefix_path.ps1'
[6.071s] INFO:colcon.colcon_core.shell:Creating environment descriptor '/home/ciderlab-server3/workspace/2026_industry_cowork/IsaacSim-ros_workspaces/humble_ws/install/custom_nav2_bt_plugins/share/custom_nav2_bt_plugins/hook/cmake_prefix_path.dsv'
[6.071s] INFO:colcon.colcon_core.shell:Creating environment hook '/home/ciderlab-server3/workspace/2026_industry_cowork/IsaacSim-ros_workspaces/humble_ws/install/custom_nav2_bt_plugins/share/custom_nav2_bt_plugins/hook/cmake_prefix_path.sh'
[6.071s] Level 1:colcon.colcon_core.environment:checking '/home/ciderlab-server3/workspace/2026_industry_cowork/IsaacSim-ros_workspaces/humble_ws/install/custom_nav2_bt_plugins/lib'
[6.071s] Level 1:colcon.colcon_core.shell:create_environment_hook('custom_nav2_bt_plugins', 'ld_library_path_lib')
[6.071s] INFO:colcon.colcon_core.shell:Creating environment hook '/home/ciderlab-server3/workspace/2026_industry_cowork/IsaacSim-ros_workspaces/humble_ws/install/custom_nav2_bt_plugins/share/custom_nav2_bt_plugins/hook/ld_library_path_lib.ps1'
[6.072s] INFO:colcon.colcon_core.shell:Creating environment descriptor '/home/ciderlab-server3/workspace/2026_industry_cowork/IsaacSim-ros_workspaces/humble_ws/install/custom_nav2_bt_plugins/share/custom_nav2_bt_plugins/hook/ld_library_path_lib.dsv'
[6.072s] INFO:colcon.colcon_core.shell:Creating environment hook '/home/ciderlab-server3/workspace/2026_industry_cowork/IsaacSim-ros_workspaces/humble_ws/install/custom_nav2_bt_plugins/share/custom_nav2_bt_plugins/hook/ld_library_path_lib.sh'
[6.072s] Level 1:colcon.colcon_core.environment:checking '/home/ciderlab-server3/workspace/2026_industry_cowork/IsaacSim-ros_workspaces/humble_ws/install/custom_nav2_bt_plugins/bin'
[6.072s] Level 1:colcon.colcon_core.environment:checking '/home/ciderlab-server3/workspace/2026_industry_cowork/IsaacSim-ros_workspaces/humble_ws/install/custom_nav2_bt_plugins/lib/pkgconfig/custom_nav2_bt_plugins.pc'
[6.072s] Level 1:colcon.colcon_core.environment:checking '/home/ciderlab-server3/workspace/2026_industry_cowork/IsaacSim-ros_workspaces/humble_ws/install/custom_nav2_bt_plugins/lib/python3.10/site-packages'
[6.072s] Level 1:colcon.colcon_core.environment:checking '/home/ciderlab-server3/workspace/2026_industry_cowork/IsaacSim-ros_workspaces/humble_ws/install/custom_nav2_bt_plugins/bin'
[6.072s] INFO:colcon.colcon_core.shell:Creating package script '/home/ciderlab-server3/workspace/2026_industry_cowork/IsaacSim-ros_workspaces/humble_ws/install/custom_nav2_bt_plugins/share/custom_nav2_bt_plugins/package.ps1'
[6.072s] INFO:colcon.colcon_core.shell:Creating package descriptor '/home/ciderlab-server3/workspace/2026_industry_cowork/IsaacSim-ros_workspaces/humble_ws/install/custom_nav2_bt_plugins/share/custom_nav2_bt_plugins/package.dsv'
[6.073s] INFO:colcon.colcon_core.shell:Creating package script '/home/ciderlab-server3/workspace/2026_industry_cowork/IsaacSim-ros_workspaces/humble_ws/install/custom_nav2_bt_plugins/share/custom_nav2_bt_plugins/package.sh'
[6.073s] INFO:colcon.colcon_core.shell:Creating package script '/home/ciderlab-server3/workspace/2026_industry_cowork/IsaacSim-ros_workspaces/humble_ws/install/custom_nav2_bt_plugins/share/custom_nav2_bt_plugins/package.bash'
[6.073s] INFO:colcon.colcon_core.shell:Creating package script '/home/ciderlab-server3/workspace/2026_industry_cowork/IsaacSim-ros_workspaces/humble_ws/install/custom_nav2_bt_plugins/share/custom_nav2_bt_plugins/package.zsh'
[6.073s] Level 1:colcon.colcon_core.environment:create_file_with_runtime_dependencies(/home/ciderlab-server3/workspace/2026_industry_cowork/IsaacSim-ros_workspaces/humble_ws/install/custom_nav2_bt_plugins/share/colcon-core/packages/custom_nav2_bt_plugins)
[6.073s] DEBUG:colcon.colcon_parallel_executor.executor.parallel:closing loop
[6.073s] DEBUG:colcon.colcon_parallel_executor.executor.parallel:loop closed
[6.073s] DEBUG:colcon.colcon_parallel_executor.executor.parallel:run_until_complete finished with '0'
[6.073s] DEBUG:colcon.colcon_core.event_reactor:joining thread
[6.077s] INFO:colcon.colcon_core.plugin_system:Skipping extension 'colcon_notification.desktop_notification.terminal_notifier': Not used on non-Darwin systems
[6.077s] INFO:colcon.colcon_core.plugin_system:Skipping extension 'colcon_notification.desktop_notification.win32': Not used on non-Windows systems
[6.077s] INFO:colcon.colcon_notification.desktop_notification:Sending desktop notification using 'notify2'
[6.090s] DEBUG:colcon.colcon_core.event_reactor:joined thread
[6.091s] INFO:colcon.colcon_core.shell:Creating prefix script '/home/ciderlab-server3/workspace/2026_industry_cowork/IsaacSim-ros_workspaces/humble_ws/install/local_setup.ps1'
[6.091s] INFO:colcon.colcon_core.shell:Creating prefix util module '/home/ciderlab-server3/workspace/2026_industry_cowork/IsaacSim-ros_workspaces/humble_ws/install/_local_setup_util_ps1.py'
[6.092s] INFO:colcon.colcon_core.shell:Creating prefix chain script '/home/ciderlab-server3/workspace/2026_industry_cowork/IsaacSim-ros_workspaces/humble_ws/install/setup.ps1'
[6.093s] INFO:colcon.colcon_core.shell:Creating prefix script '/home/ciderlab-server3/workspace/2026_industry_cowork/IsaacSim-ros_workspaces/humble_ws/install/local_setup.sh'
[6.093s] INFO:colcon.colcon_core.shell:Creating prefix util module '/home/ciderlab-server3/workspace/2026_industry_cowork/IsaacSim-ros_workspaces/humble_ws/install/_local_setup_util_sh.py'
[6.093s] INFO:colcon.colcon_core.shell:Creating prefix chain script '/home/ciderlab-server3/workspace/2026_industry_cowork/IsaacSim-ros_workspaces/humble_ws/install/setup.sh'
[6.094s] INFO:colcon.colcon_core.shell:Creating prefix script '/home/ciderlab-server3/workspace/2026_industry_cowork/IsaacSim-ros_workspaces/humble_ws/install/local_setup.bash'
[6.095s] INFO:colcon.colcon_core.shell:Creating prefix chain script '/home/ciderlab-server3/workspace/2026_industry_cowork/IsaacSim-ros_workspaces/humble_ws/install/setup.bash'
[6.096s] INFO:colcon.colcon_core.shell:Creating prefix script '/home/ciderlab-server3/workspace/2026_industry_cowork/IsaacSim-ros_workspaces/humble_ws/install/local_setup.zsh'
[6.096s] INFO:colcon.colcon_core.shell:Creating prefix chain script '/home/ciderlab-server3/workspace/2026_industry_cowork/IsaacSim-ros_workspaces/humble_ws/install/setup.zsh'
