[0.044s] DEBUG:colcon:Command line arguments: ['/usr/bin/colcon', 'build']
[0.044s] DEBUG:colcon:Parsed command line arguments: Namespace(log_base=None, log_level=None, verb_name='build', build_base='build', install_base='install', merge_install=False, symlink_install=False, test_result_base=None, continue_on_error=False, executor='parallel', parallel_workers=24, event_handlers=None, ignore_user_meta=False, metas=['./colcon.meta'], base_paths=['.'], packages_ignore=None, packages_ignore_regex=None, paths=None, packages_up_to=None, packages_up_to_regex=None, packages_above=None, packages_above_and_dependencies=None, packages_above_depth=None, packages_select_by_dep=None, packages_skip_by_dep=None, packages_skip_up_to=None, packages_select_build_failed=False, packages_skip_build_finished=False, packages_select_test_failures=False, packages_skip_test_passed=False, packages_select=None, packages_skip=None, packages_select_regex=None, packages_skip_regex=None, packages_start=None, packages_end=None, allow_overriding=[], cmake_args=None, cmake_target=None, cmake_target_skip_unavailable=False, cmake_clean_cache=False, cmake_clean_first=False, cmake_force_configure=False, ament_cmake_args=None, catkin_cmake_args=None, catkin_skip_building_tests=False, mixin_files=None, mixin=None, verb_parser=<colcon_mixin.mixin.mixin_argument.MixinArgumentDecorator object at 0x70b2b2e18d00>, verb_extension=<colcon_core.verb.build.BuildVerb object at 0x70b2b2f85e10>, main=<bound method BuildVerb.main of <colcon_core.verb.build.BuildVerb object at 0x70b2b2f85e10>>, mixin_verb=('build',))
[0.112s] Level 1:colcon.colcon_core.package_discovery:discover_packages(colcon_meta) check parameters
[0.112s] Level 1:colcon.colcon_core.package_discovery:discover_packages(recursive) check parameters
[0.112s] Level 1:colcon.colcon_core.package_discovery:discover_packages(ignore) check parameters
[0.112s] Level 1:colcon.colcon_core.package_discovery:discover_packages(path) check parameters
[0.112s] Level 1:colcon.colcon_core.package_discovery:discover_packages(colcon_meta) discover
[0.112s] Level 1:colcon.colcon_core.package_discovery:discover_packages(recursive) discover
[0.112s] INFO:colcon.colcon_core.package_discovery:Crawling recursively for packages in '/home/ciderlab-server3/workspace/2026_industry_cowork/IsaacSim-ros_workspaces/humble_ws'
[0.112s] Level 1:colcon.colcon_core.package_identification:_identify(.) by extensions ['ignore', 'ignore_ament_install']
[0.112s] Level 1:colcon.colcon_core.package_identification:_identify(.) by extension 'ignore'
[0.112s] Level 1:colcon.colcon_core.package_identification:_identify(.) by extension 'ignore_ament_install'
[0.112s] Level 1:colcon.colcon_core.package_identification:_identify(.) by extensions ['colcon_pkg']
[0.112s] Level 1:colcon.colcon_core.package_identification:_identify(.) by extension 'colcon_pkg'
[0.112s] Level 1:colcon.colcon_core.package_identification:_identify(.) by extensions ['colcon_meta']
[0.112s] Level 1:colcon.colcon_core.package_identification:_identify(.) by extension 'colcon_meta'
[0.112s] Level 1:colcon.colcon_core.package_identification:_identify(.) by extensions ['ros']
[0.112s] Level 1:colcon.colcon_core.package_identification:_identify(.) by extension 'ros'
[0.118s] Level 1:colcon.colcon_core.package_identification:_identify(.) by extensions ['cmake', 'python']
[0.118s] Level 1:colcon.colcon_core.package_identification:_identify(.) by extension 'cmake'
[0.118s] Level 1:colcon.colcon_core.package_identification:_identify(.) by extension 'python'
[0.118s] Level 1:colcon.colcon_core.package_identification:_identify(.) by extensions ['python_setup_py']
[0.118s] Level 1:colcon.colcon_core.package_identification:_identify(.) by extension 'python_setup_py'
[0.118s] Level 1:colcon.colcon_core.package_identification:_identify(build) by extensions ['ignore', 'ignore_ament_install']
[0.118s] Level 1:colcon.colcon_core.package_identification:_identify(build) by extension 'ignore'
[0.118s] Level 1:colcon.colcon_core.package_identification:_identify(build) ignored
[0.118s] Level 1:colcon.colcon_core.package_identification:_identify(install) by extensions ['ignore', 'ignore_ament_install']
[0.118s] Level 1:colcon.colcon_core.package_identification:_identify(install) by extension 'ignore'
[0.118s] Level 1:colcon.colcon_core.package_identification:_identify(install) ignored
[0.118s] Level 1:colcon.colcon_core.package_identification:_identify(log) by extensions ['ignore', 'ignore_ament_install']
[0.118s] Level 1:colcon.colcon_core.package_identification:_identify(log) by extension 'ignore'
[0.118s] Level 1:colcon.colcon_core.package_identification:_identify(log) ignored
[0.118s] Level 1:colcon.colcon_core.package_identification:_identify(src) by extensions ['ignore', 'ignore_ament_install']
[0.118s] Level 1:colcon.colcon_core.package_identification:_identify(src) by extension 'ignore'
[0.118s] Level 1:colcon.colcon_core.package_identification:_identify(src) by extension 'ignore_ament_install'
[0.118s] Level 1:colcon.colcon_core.package_identification:_identify(src) by extensions ['colcon_pkg']
[0.118s] Level 1:colcon.colcon_core.package_identification:_identify(src) by extension 'colcon_pkg'
[0.118s] Level 1:colcon.colcon_core.package_identification:_identify(src) by extensions ['colcon_meta']
[0.118s] Level 1:colcon.colcon_core.package_identification:_identify(src) by extension 'colcon_meta'
[0.118s] Level 1:colcon.colcon_core.package_identification:_identify(src) by extensions ['ros']
[0.118s] Level 1:colcon.colcon_core.package_identification:_identify(src) by extension 'ros'
[0.118s] Level 1:colcon.colcon_core.package_identification:_identify(src) by extensions ['cmake', 'python']
[0.118s] Level 1:colcon.colcon_core.package_identification:_identify(src) by extension 'cmake'
[0.118s] Level 1:colcon.colcon_core.package_identification:_identify(src) by extension 'python'
[0.118s] Level 1:colcon.colcon_core.package_identification:_identify(src) by extensions ['python_setup_py']
[0.118s] Level 1:colcon.colcon_core.package_identification:_identify(src) by extension 'python_setup_py'
[0.118s] Level 1:colcon.colcon_core.package_identification:_identify(src/ackermann_control) by extensions ['ignore', 'ignore_ament_install']
[0.118s] Level 1:colcon.colcon_core.package_identification:_identify(src/ackermann_control) by extension 'ignore'
[0.118s] Level 1:colcon.colcon_core.package_identification:_identify(src/ackermann_control) by extension 'ignore_ament_install'
[0.118s] Level 1:colcon.colcon_core.package_identification:_identify(src/ackermann_control) by extensions ['colcon_pkg']
[0.119s] Level 1:colcon.colcon_core.package_identification:_identify(src/ackermann_control) by extension 'colcon_pkg'
[0.119s] Level 1:colcon.colcon_core.package_identification:_identify(src/ackermann_control) by extensions ['colcon_meta']
[0.119s] Level 1:colcon.colcon_core.package_identification:_identify(src/ackermann_control) by extension 'colcon_meta'
[0.119s] Level 1:colcon.colcon_core.package_identification:_identify(src/ackermann_control) by extensions ['ros']
[0.119s] Level 1:colcon.colcon_core.package_identification:_identify(src/ackermann_control) by extension 'ros'
[0.119s] Level 1:colcon.colcon_core.package_identification:_identify(src/ackermann_control) by extensions ['cmake', 'python']
[0.119s] Level 1:colcon.colcon_core.package_identification:_identify(src/ackermann_control) by extension 'cmake'
[0.119s] Level 1:colcon.colcon_core.package_identification:_identify(src/ackermann_control) by extension 'python'
[0.119s] Level 1:colcon.colcon_core.package_identification:_identify(src/ackermann_control) by extensions ['python_setup_py']
[0.119s] Level 1:colcon.colcon_core.package_identification:_identify(src/ackermann_control) by extension 'python_setup_py'
[0.119s] Level 1:colcon.colcon_core.package_identification:_identify(src/ackermann_control/cmdvel_to_ackermann) by extensions ['ignore', 'ignore_ament_install']
[0.119s] Level 1:colcon.colcon_core.package_identification:_identify(src/ackermann_control/cmdvel_to_ackermann) by extension 'ignore'
[0.119s] Level 1:colcon.colcon_core.package_identification:_identify(src/ackermann_control/cmdvel_to_ackermann) by extension 'ignore_ament_install'
[0.119s] Level 1:colcon.colcon_core.package_identification:_identify(src/ackermann_control/cmdvel_to_ackermann) by extensions ['colcon_pkg']
[0.119s] Level 1:colcon.colcon_core.package_identification:_identify(src/ackermann_control/cmdvel_to_ackermann) by extension 'colcon_pkg'
[0.119s] Level 1:colcon.colcon_core.package_identification:_identify(src/ackermann_control/cmdvel_to_ackermann) by extensions ['colcon_meta']
[0.119s] Level 1:colcon.colcon_core.package_identification:_identify(src/ackermann_control/cmdvel_to_ackermann) by extension 'colcon_meta'
[0.119s] Level 1:colcon.colcon_core.package_identification:_identify(src/ackermann_control/cmdvel_to_ackermann) by extensions ['ros']
[0.119s] Level 1:colcon.colcon_core.package_identification:_identify(src/ackermann_control/cmdvel_to_ackermann) by extension 'ros'
[0.120s] DEBUG:colcon.colcon_core.package_identification:Package 'src/ackermann_control/cmdvel_to_ackermann' with type 'ros.ament_python' and name 'cmdvel_to_ackermann'
[0.120s] Level 1:colcon.colcon_core.package_identification:_identify(src/custom_message) by extensions ['ignore', 'ignore_ament_install']
[0.120s] Level 1:colcon.colcon_core.package_identification:_identify(src/custom_message) by extension 'ignore'
[0.120s] Level 1:colcon.colcon_core.package_identification:_identify(src/custom_message) by extension 'ignore_ament_install'
[0.120s] Level 1:colcon.colcon_core.package_identification:_identify(src/custom_message) by extensions ['colcon_pkg']
[0.120s] Level 1:colcon.colcon_core.package_identification:_identify(src/custom_message) by extension 'colcon_pkg'
[0.120s] Level 1:colcon.colcon_core.package_identification:_identify(src/custom_message) by extensions ['colcon_meta']
[0.120s] Level 1:colcon.colcon_core.package_identification:_identify(src/custom_message) by extension 'colcon_meta'
[0.120s] Level 1:colcon.colcon_core.package_identification:_identify(src/custom_message) by extensions ['ros']
[0.120s] Level 1:colcon.colcon_core.package_identification:_identify(src/custom_message) by extension 'ros'
[0.120s] DEBUG:colcon.colcon_core.package_identification:Package 'src/custom_message' with type 'ros.ament_cmake' and name 'custom_message'
[0.120s] Level 1:colcon.colcon_core.package_identification:_identify(src/humanoid_locomotion_policy_example) by extensions ['ignore', 'ignore_ament_install']
[0.120s] Level 1:colcon.colcon_core.package_identification:_identify(src/humanoid_locomotion_policy_example) by extension 'ignore'
[0.120s] Level 1:colcon.colcon_core.package_identification:_identify(src/humanoid_locomotion_policy_example) by extension 'ignore_ament_install'
[0.120s] Level 1:colcon.colcon_core.package_identification:_identify(src/humanoid_locomotion_policy_example) by extensions ['colcon_pkg']
[0.120s] Level 1:colcon.colcon_core.package_identification:_identify(src/humanoid_locomotion_policy_example) by extension 'colcon_pkg'
[0.120s] Level 1:colcon.colcon_core.package_identification:_identify(src/humanoid_locomotion_policy_example) by extensions ['colcon_meta']
[0.120s] Level 1:colcon.colcon_core.package_identification:_identify(src/humanoid_locomotion_policy_example) by extension 'colcon_meta'
[0.120s] Level 1:colcon.colcon_core.package_identification:_identify(src/humanoid_locomotion_policy_example) by extensions ['ros']
[0.121s] Level 1:colcon.colcon_core.package_identification:_identify(src/humanoid_locomotion_policy_example) by extension 'ros'
[0.121s] Level 1:colcon.colcon_core.package_identification:_identify(src/humanoid_locomotion_policy_example) by extensions ['cmake', 'python']
[0.121s] Level 1:colcon.colcon_core.package_identification:_identify(src/humanoid_locomotion_policy_example) by extension 'cmake'
[0.121s] Level 1:colcon.colcon_core.package_identification:_identify(src/humanoid_locomotion_policy_example) by extension 'python'
[0.121s] Level 1:colcon.colcon_core.package_identification:_identify(src/humanoid_locomotion_policy_example) by extensions ['python_setup_py']
[0.121s] Level 1:colcon.colcon_core.package_identification:_identify(src/humanoid_locomotion_policy_example) by extension 'python_setup_py'
[0.121s] Level 1:colcon.colcon_core.package_identification:_identify(src/humanoid_locomotion_policy_example/h1_fullbody_controller) by extensions ['ignore', 'ignore_ament_install']
[0.121s] Level 1:colcon.colcon_core.package_identification:_identify(src/humanoid_locomotion_policy_example/h1_fullbody_controller) by extension 'ignore'
[0.121s] Level 1:colcon.colcon_core.package_identification:_identify(src/humanoid_locomotion_policy_example/h1_fullbody_controller) by extension 'ignore_ament_install'
[0.121s] Level 1:colcon.colcon_core.package_identification:_identify(src/humanoid_locomotion_policy_example/h1_fullbody_controller) by extensions ['colcon_pkg']
[0.121s] Level 1:colcon.colcon_core.package_identification:_identify(src/humanoid_locomotion_policy_example/h1_fullbody_controller) by extension 'colcon_pkg'
[0.121s] Level 1:colcon.colcon_core.package_identification:_identify(src/humanoid_locomotion_policy_example/h1_fullbody_controller) by extensions ['colcon_meta']
[0.121s] Level 1:colcon.colcon_core.package_identification:_identify(src/humanoid_locomotion_policy_example/h1_fullbody_controller) by extension 'colcon_meta'
[0.121s] Level 1:colcon.colcon_core.package_identification:_identify(src/humanoid_locomotion_policy_example/h1_fullbody_controller) by extensions ['ros']
[0.121s] Level 1:colcon.colcon_core.package_identification:_identify(src/humanoid_locomotion_policy_example/h1_fullbody_controller) by extension 'ros'
[0.121s] DEBUG:colcon.colcon_core.package_identification:Package 'src/humanoid_locomotion_policy_example/h1_fullbody_controller' with type 'ros.ament_python' and name 'h1_fullbody_controller'
[0.121s] Level 1:colcon.colcon_core.package_identification:_identify(src/isaac_compressed_image_decoder) by extensions ['ignore', 'ignore_ament_install']
[0.121s] Level 1:colcon.colcon_core.package_identification:_identify(src/isaac_compressed_image_decoder) by extension 'ignore'
[0.121s] Level 1:colcon.colcon_core.package_identification:_identify(src/isaac_compressed_image_decoder) by extension 'ignore_ament_install'
[0.121s] Level 1:colcon.colcon_core.package_identification:_identify(src/isaac_compressed_image_decoder) by extensions ['colcon_pkg']
[0.121s] Level 1:colcon.colcon_core.package_identification:_identify(src/isaac_compressed_image_decoder) by extension 'colcon_pkg'
[0.121s] Level 1:colcon.colcon_core.package_identification:_identify(src/isaac_compressed_image_decoder) by extensions ['colcon_meta']
[0.121s] Level 1:colcon.colcon_core.package_identification:_identify(src/isaac_compressed_image_decoder) by extension 'colcon_meta'
[0.121s] Level 1:colcon.colcon_core.package_identification:_identify(src/isaac_compressed_image_decoder) by extensions ['ros']
[0.121s] Level 1:colcon.colcon_core.package_identification:_identify(src/isaac_compressed_image_decoder) by extension 'ros'
[0.122s] DEBUG:colcon.colcon_core.package_identification:Package 'src/isaac_compressed_image_decoder' with type 'ros.ament_python' and name 'isaac_compressed_image_decoder'
[0.122s] Level 1:colcon.colcon_core.package_identification:_identify(src/isaac_ros2_messages) by extensions ['ignore', 'ignore_ament_install']
[0.122s] Level 1:colcon.colcon_core.package_identification:_identify(src/isaac_ros2_messages) by extension 'ignore'
[0.122s] Level 1:colcon.colcon_core.package_identification:_identify(src/isaac_ros2_messages) by extension 'ignore_ament_install'
[0.122s] Level 1:colcon.colcon_core.package_identification:_identify(src/isaac_ros2_messages) by extensions ['colcon_pkg']
[0.122s] Level 1:colcon.colcon_core.package_identification:_identify(src/isaac_ros2_messages) by extension 'colcon_pkg'
[0.122s] Level 1:colcon.colcon_core.package_identification:_identify(src/isaac_ros2_messages) by extensions ['colcon_meta']
[0.122s] Level 1:colcon.colcon_core.package_identification:_identify(src/isaac_ros2_messages) by extension 'colcon_meta'
[0.122s] Level 1:colcon.colcon_core.package_identification:_identify(src/isaac_ros2_messages) by extensions ['ros']
[0.122s] Level 1:colcon.colcon_core.package_identification:_identify(src/isaac_ros2_messages) by extension 'ros'
[0.122s] DEBUG:colcon.colcon_core.package_identification:Package 'src/isaac_ros2_messages' with type 'ros.ament_cmake' and name 'isaac_ros2_messages'
[0.122s] Level 1:colcon.colcon_core.package_identification:_identify(src/isaac_tutorials) by extensions ['ignore', 'ignore_ament_install']
[0.122s] Level 1:colcon.colcon_core.package_identification:_identify(src/isaac_tutorials) by extension 'ignore'
[0.122s] Level 1:colcon.colcon_core.package_identification:_identify(src/isaac_tutorials) by extension 'ignore_ament_install'
[0.122s] Level 1:colcon.colcon_core.package_identification:_identify(src/isaac_tutorials) by extensions ['colcon_pkg']
[0.122s] Level 1:colcon.colcon_core.package_identification:_identify(src/isaac_tutorials) by extension 'colcon_pkg'
[0.122s] Level 1:colcon.colcon_core.package_identification:_identify(src/isaac_tutorials) by extensions ['colcon_meta']
[0.123s] Level 1:colcon.colcon_core.package_identification:_identify(src/isaac_tutorials) by extension 'colcon_meta'
[0.123s] Level 1:colcon.colcon_core.package_identification:_identify(src/isaac_tutorials) by extensions ['ros']
[0.123s] Level 1:colcon.colcon_core.package_identification:_identify(src/isaac_tutorials) by extension 'ros'
[0.123s] DEBUG:colcon.colcon_core.package_identification:Package 'src/isaac_tutorials' with type 'ros.ament_cmake' and name 'isaac_tutorials'
[0.123s] Level 1:colcon.colcon_core.package_identification:_identify(src/isaacsim_bringup) by extensions ['ignore', 'ignore_ament_install']
[0.123s] Level 1:colcon.colcon_core.package_identification:_identify(src/isaacsim_bringup) by extension 'ignore'
[0.123s] Level 1:colcon.colcon_core.package_identification:_identify(src/isaacsim_bringup) by extension 'ignore_ament_install'
[0.123s] Level 1:colcon.colcon_core.package_identification:_identify(src/isaacsim_bringup) by extensions ['colcon_pkg']
[0.123s] Level 1:colcon.colcon_core.package_identification:_identify(src/isaacsim_bringup) by extension 'colcon_pkg'
[0.123s] Level 1:colcon.colcon_core.package_identification:_identify(src/isaacsim_bringup) by extensions ['colcon_meta']
[0.123s] Level 1:colcon.colcon_core.package_identification:_identify(src/isaacsim_bringup) by extension 'colcon_meta'
[0.123s] Level 1:colcon.colcon_core.package_identification:_identify(src/isaacsim_bringup) by extensions ['ros']
[0.123s] Level 1:colcon.colcon_core.package_identification:_identify(src/isaacsim_bringup) by extension 'ros'
[0.123s] DEBUG:colcon.colcon_core.package_identification:Package 'src/isaacsim_bringup' with type 'ros.ament_python' and name 'isaacsim_bringup'
[0.123s] Level 1:colcon.colcon_core.package_identification:_identify(src/moveit) by extensions ['ignore', 'ignore_ament_install']
[0.123s] Level 1:colcon.colcon_core.package_identification:_identify(src/moveit) by extension 'ignore'
[0.123s] Level 1:colcon.colcon_core.package_identification:_identify(src/moveit) by extension 'ignore_ament_install'
[0.123s] Level 1:colcon.colcon_core.package_identification:_identify(src/moveit) by extensions ['colcon_pkg']
[0.123s] Level 1:colcon.colcon_core.package_identification:_identify(src/moveit) by extension 'colcon_pkg'
[0.123s] Level 1:colcon.colcon_core.package_identification:_identify(src/moveit) by extensions ['colcon_meta']
[0.123s] Level 1:colcon.colcon_core.package_identification:_identify(src/moveit) by extension 'colcon_meta'
[0.123s] Level 1:colcon.colcon_core.package_identification:_identify(src/moveit) by extensions ['ros']
[0.123s] Level 1:colcon.colcon_core.package_identification:_identify(src/moveit) by extension 'ros'
[0.123s] Level 1:colcon.colcon_core.package_identification:_identify(src/moveit) by extensions ['cmake', 'python']
[0.123s] Level 1:colcon.colcon_core.package_identification:_identify(src/moveit) by extension 'cmake'
[0.123s] Level 1:colcon.colcon_core.package_identification:_identify(src/moveit) by extension 'python'
[0.123s] Level 1:colcon.colcon_core.package_identification:_identify(src/moveit) by extensions ['python_setup_py']
[0.123s] Level 1:colcon.colcon_core.package_identification:_identify(src/moveit) by extension 'python_setup_py'
[0.123s] Level 1:colcon.colcon_core.package_identification:_identify(src/moveit/isaac_moveit) by extensions ['ignore', 'ignore_ament_install']
[0.123s] Level 1:colcon.colcon_core.package_identification:_identify(src/moveit/isaac_moveit) by extension 'ignore'
[0.123s] Level 1:colcon.colcon_core.package_identification:_identify(src/moveit/isaac_moveit) by extension 'ignore_ament_install'
[0.123s] Level 1:colcon.colcon_core.package_identification:_identify(src/moveit/isaac_moveit) by extensions ['colcon_pkg']
[0.123s] Level 1:colcon.colcon_core.package_identification:_identify(src/moveit/isaac_moveit) by extension 'colcon_pkg'
[0.123s] Level 1:colcon.colcon_core.package_identification:_identify(src/moveit/isaac_moveit) by extensions ['colcon_meta']
[0.123s] Level 1:colcon.colcon_core.package_identification:_identify(src/moveit/isaac_moveit) by extension 'colcon_meta'
[0.123s] Level 1:colcon.colcon_core.package_identification:_identify(src/moveit/isaac_moveit) by extensions ['ros']
[0.123s] Level 1:colcon.colcon_core.package_identification:_identify(src/moveit/isaac_moveit) by extension 'ros'
[0.124s] DEBUG:colcon.colcon_core.package_identification:Package 'src/moveit/isaac_moveit' with type 'ros.ament_python' and name 'isaac_moveit'
[0.124s] Level 1:colcon.colcon_core.package_identification:_identify(src/moveit/moveit_resources) by extensions ['ignore', 'ignore_ament_install']
[0.124s] Level 1:colcon.colcon_core.package_identification:_identify(src/moveit/moveit_resources) by extension 'ignore'
[0.124s] Level 1:colcon.colcon_core.package_identification:_identify(src/moveit/moveit_resources) by extension 'ignore_ament_install'
[0.124s] Level 1:colcon.colcon_core.package_identification:_identify(src/moveit/moveit_resources) by extensions ['colcon_pkg']
[0.124s] Level 1:colcon.colcon_core.package_identification:_identify(src/moveit/moveit_resources) by extension 'colcon_pkg'
[0.124s] Level 1:colcon.colcon_core.package_identification:_identify(src/moveit/moveit_resources) by extensions ['colcon_meta']
[0.124s] Level 1:colcon.colcon_core.package_identification:_identify(src/moveit/moveit_resources) by extension 'colcon_meta'
[0.124s] Level 1:colcon.colcon_core.package_identification:_identify(src/moveit/moveit_resources) by extensions ['ros']
[0.124s] Level 1:colcon.colcon_core.package_identification:_identify(src/moveit/moveit_resources) by extension 'ros'
[0.124s] Level 1:colcon.colcon_core.package_identification:_identify(src/moveit/moveit_resources) by extensions ['cmake', 'python']
[0.124s] Level 1:colcon.colcon_core.package_identification:_identify(src/moveit/moveit_resources) by extension 'cmake'
[0.124s] Level 1:colcon.colcon_core.package_identification:_identify(src/moveit/moveit_resources) by extension 'python'
[0.124s] Level 1:colcon.colcon_core.package_identification:_identify(src/moveit/moveit_resources) by extensions ['python_setup_py']
[0.124s] Level 1:colcon.colcon_core.package_identification:_identify(src/moveit/moveit_resources) by extension 'python_setup_py'
[0.124s] Level 1:colcon.colcon_core.package_identification:_identify(src/navigation) by extensions ['ignore', 'ignore_ament_install']
[0.124s] Level 1:colcon.colcon_core.package_identification:_identify(src/navigation) by extension 'ignore'
[0.124s] Level 1:colcon.colcon_core.package_identification:_identify(src/navigation) by extension 'ignore_ament_install'
[0.124s] Level 1:colcon.colcon_core.package_identification:_identify(src/navigation) by extensions ['colcon_pkg']
[0.124s] Level 1:colcon.colcon_core.package_identification:_identify(src/navigation) by extension 'colcon_pkg'
[0.124s] Level 1:colcon.colcon_core.package_identification:_identify(src/navigation) by extensions ['colcon_meta']
[0.124s] Level 1:colcon.colcon_core.package_identification:_identify(src/navigation) by extension 'colcon_meta'
[0.124s] Level 1:colcon.colcon_core.package_identification:_identify(src/navigation) by extensions ['ros']
[0.124s] Level 1:colcon.colcon_core.package_identification:_identify(src/navigation) by extension 'ros'
[0.124s] Level 1:colcon.colcon_core.package_identification:_identify(src/navigation) by extensions ['cmake', 'python']
[0.124s] Level 1:colcon.colcon_core.package_identification:_identify(src/navigation) by extension 'cmake'
[0.124s] Level 1:colcon.colcon_core.package_identification:_identify(src/navigation) by extension 'python'
[0.124s] Level 1:colcon.colcon_core.package_identification:_identify(src/navigation) by extensions ['python_setup_py']
[0.124s] Level 1:colcon.colcon_core.package_identification:_identify(src/navigation) by extension 'python_setup_py'
[0.124s] Level 1:colcon.colcon_core.package_identification:_identify(src/navigation/carter_navigation) by extensions ['ignore', 'ignore_ament_install']
[0.124s] Level 1:colcon.colcon_core.package_identification:_identify(src/navigation/carter_navigation) by extension 'ignore'
[0.124s] Level 1:colcon.colcon_core.package_identification:_identify(src/navigation/carter_navigation) by extension 'ignore_ament_install'
[0.125s] Level 1:colcon.colcon_core.package_identification:_identify(src/navigation/carter_navigation) by extensions ['colcon_pkg']
[0.125s] Level 1:colcon.colcon_core.package_identification:_identify(src/navigation/carter_navigation) by extension 'colcon_pkg'
[0.125s] Level 1:colcon.colcon_core.package_identification:_identify(src/navigation/carter_navigation) by extensions ['colcon_meta']
[0.125s] Level 1:colcon.colcon_core.package_identification:_identify(src/navigation/carter_navigation) by extension 'colcon_meta'
[0.125s] Level 1:colcon.colcon_core.package_identification:_identify(src/navigation/carter_navigation) by extensions ['ros']
[0.125s] Level 1:colcon.colcon_core.package_identification:_identify(src/navigation/carter_navigation) by extension 'ros'
[0.129s] DEBUG:colcon.colcon_core.package_identification:Package 'src/navigation/carter_navigation' with type 'ros.ament_cmake' and name 'carter_navigation'
[0.129s] Level 1:colcon.colcon_core.package_identification:_identify(src/navigation/isaac_ros_navigation_goal) by extensions ['ignore', 'ignore_ament_install']
[0.129s] Level 1:colcon.colcon_core.package_identification:_identify(src/navigation/isaac_ros_navigation_goal) by extension 'ignore'
[0.129s] Level 1:colcon.colcon_core.package_identification:_identify(src/navigation/isaac_ros_navigation_goal) by extension 'ignore_ament_install'
[0.129s] Level 1:colcon.colcon_core.package_identification:_identify(src/navigation/isaac_ros_navigation_goal) by extensions ['colcon_pkg']
[0.129s] Level 1:colcon.colcon_core.package_identification:_identify(src/navigation/isaac_ros_navigation_goal) by extension 'colcon_pkg'
[0.129s] Level 1:colcon.colcon_core.package_identification:_identify(src/navigation/isaac_ros_navigation_goal) by extensions ['colcon_meta']
[0.129s] Level 1:colcon.colcon_core.package_identification:_identify(src/navigation/isaac_ros_navigation_goal) by extension 'colcon_meta'
[0.129s] Level 1:colcon.colcon_core.package_identification:_identify(src/navigation/isaac_ros_navigation_goal) by extensions ['ros']
[0.129s] Level 1:colcon.colcon_core.package_identification:_identify(src/navigation/isaac_ros_navigation_goal) by extension 'ros'
[0.130s] DEBUG:colcon.colcon_core.package_identification:Package 'src/navigation/isaac_ros_navigation_goal' with type 'ros.ament_python' and name 'isaac_ros_navigation_goal'
[0.130s] Level 1:colcon.colcon_core.package_identification:_identify(src/navigation/isaacsim_clearpath_nav2) by extensions ['ignore', 'ignore_ament_install']
[0.130s] Level 1:colcon.colcon_core.package_identification:_identify(src/navigation/isaacsim_clearpath_nav2) by extension 'ignore'
[0.130s] Level 1:colcon.colcon_core.package_identification:_identify(src/navigation/isaacsim_clearpath_nav2) by extension 'ignore_ament_install'
[0.130s] Level 1:colcon.colcon_core.package_identification:_identify(src/navigation/isaacsim_clearpath_nav2) by extensions ['colcon_pkg']
[0.130s] Level 1:colcon.colcon_core.package_identification:_identify(src/navigation/isaacsim_clearpath_nav2) by extension 'colcon_pkg'
[0.130s] Level 1:colcon.colcon_core.package_identification:_identify(src/navigation/isaacsim_clearpath_nav2) by extensions ['colcon_meta']
[0.130s] Level 1:colcon.colcon_core.package_identification:_identify(src/navigation/isaacsim_clearpath_nav2) by extension 'colcon_meta'
[0.130s] Level 1:colcon.colcon_core.package_identification:_identify(src/navigation/isaacsim_clearpath_nav2) by extensions ['ros']
[0.130s] Level 1:colcon.colcon_core.package_identification:_identify(src/navigation/isaacsim_clearpath_nav2) by extension 'ros'
[0.130s] DEBUG:colcon.colcon_core.package_identification:Package 'src/navigation/isaacsim_clearpath_nav2' with type 'ros.ament_cmake' and name 'isaacsim_clearpath_nav2'
[0.130s] Level 1:colcon.colcon_core.package_identification:_identify(src/navigation/iw_hub_navigation) by extensions ['ignore', 'ignore_ament_install']
[0.130s] Level 1:colcon.colcon_core.package_identification:_identify(src/navigation/iw_hub_navigation) by extension 'ignore'
[0.130s] Level 1:colcon.colcon_core.package_identification:_identify(src/navigation/iw_hub_navigation) by extension 'ignore_ament_install'
[0.130s] Level 1:colcon.colcon_core.package_identification:_identify(src/navigation/iw_hub_navigation) by extensions ['colcon_pkg']
[0.130s] Level 1:colcon.colcon_core.package_identification:_identify(src/navigation/iw_hub_navigation) by extension 'colcon_pkg'
[0.130s] Level 1:colcon.colcon_core.package_identification:_identify(src/navigation/iw_hub_navigation) by extensions ['colcon_meta']
[0.130s] Level 1:colcon.colcon_core.package_identification:_identify(src/navigation/iw_hub_navigation) by extension 'colcon_meta'
[0.130s] Level 1:colcon.colcon_core.package_identification:_identify(src/navigation/iw_hub_navigation) by extensions ['ros']
[0.130s] Level 1:colcon.colcon_core.package_identification:_identify(src/navigation/iw_hub_navigation) by extension 'ros'
[0.130s] DEBUG:colcon.colcon_core.package_identification:Package 'src/navigation/iw_hub_navigation' with type 'ros.ament_cmake' and name 'iw_hub_navigation'
[0.130s] Level 1:colcon.colcon_core.package_identification:_identify(src/turtlebot3_manipulation) by extensions ['ignore', 'ignore_ament_install']
[0.130s] Level 1:colcon.colcon_core.package_identification:_identify(src/turtlebot3_manipulation) by extension 'ignore'
[0.130s] Level 1:colcon.colcon_core.package_identification:_identify(src/turtlebot3_manipulation) by extension 'ignore_ament_install'
[0.130s] Level 1:colcon.colcon_core.package_identification:_identify(src/turtlebot3_manipulation) by extensions ['colcon_pkg']
[0.130s] Level 1:colcon.colcon_core.package_identification:_identify(src/turtlebot3_manipulation) by extension 'colcon_pkg'
[0.130s] Level 1:colcon.colcon_core.package_identification:_identify(src/turtlebot3_manipulation) by extensions ['colcon_meta']
[0.131s] Level 1:colcon.colcon_core.package_identification:_identify(src/turtlebot3_manipulation) by extension 'colcon_meta'
[0.131s] Level 1:colcon.colcon_core.package_identification:_identify(src/turtlebot3_manipulation) by extensions ['ros']
[0.131s] Level 1:colcon.colcon_core.package_identification:_identify(src/turtlebot3_manipulation) by extension 'ros'
[0.131s] Level 1:colcon.colcon_core.package_identification:_identify(src/turtlebot3_manipulation) by extensions ['cmake', 'python']
[0.131s] Level 1:colcon.colcon_core.package_identification:_identify(src/turtlebot3_manipulation) by extension 'cmake'
[0.131s] Level 1:colcon.colcon_core.package_identification:_identify(src/turtlebot3_manipulation) by extension 'python'
[0.131s] Level 1:colcon.colcon_core.package_identification:_identify(src/turtlebot3_manipulation) by extensions ['python_setup_py']
[0.131s] Level 1:colcon.colcon_core.package_identification:_identify(src/turtlebot3_manipulation) by extension 'python_setup_py'
[0.131s] Level 1:colcon.colcon_core.package_identification:_identify(src/turtlebot3_manipulation/turtlebot3_manipulation) by extensions ['ignore', 'ignore_ament_install']
[0.131s] Level 1:colcon.colcon_core.package_identification:_identify(src/turtlebot3_manipulation/turtlebot3_manipulation) by extension 'ignore'
[0.131s] Level 1:colcon.colcon_core.package_identification:_identify(src/turtlebot3_manipulation/turtlebot3_manipulation) by extension 'ignore_ament_install'
[0.131s] Level 1:colcon.colcon_core.package_identification:_identify(src/turtlebot3_manipulation/turtlebot3_manipulation) by extensions ['colcon_pkg']
[0.131s] Level 1:colcon.colcon_core.package_identification:_identify(src/turtlebot3_manipulation/turtlebot3_manipulation) by extension 'colcon_pkg'
[0.131s] Level 1:colcon.colcon_core.package_identification:_identify(src/turtlebot3_manipulation/turtlebot3_manipulation) by extensions ['colcon_meta']
[0.131s] Level 1:colcon.colcon_core.package_identification:_identify(src/turtlebot3_manipulation/turtlebot3_manipulation) by extension 'colcon_meta'
[0.131s] Level 1:colcon.colcon_core.package_identification:_identify(src/turtlebot3_manipulation/turtlebot3_manipulation) by extensions ['ros']
[0.131s] Level 1:colcon.colcon_core.package_identification:_identify(src/turtlebot3_manipulation/turtlebot3_manipulation) by extension 'ros'
[0.131s] DEBUG:colcon.colcon_core.package_identification:Package 'src/turtlebot3_manipulation/turtlebot3_manipulation' with type 'ros.ament_cmake' and name 'turtlebot3_manipulation'
[0.131s] Level 1:colcon.colcon_core.package_identification:_identify(src/turtlebot3_manipulation/turtlebot3_manipulation_bringup) by extensions ['ignore', 'ignore_ament_install']
[0.131s] Level 1:colcon.colcon_core.package_identification:_identify(src/turtlebot3_manipulation/turtlebot3_manipulation_bringup) by extension 'ignore'
[0.131s] Level 1:colcon.colcon_core.package_identification:_identify(src/turtlebot3_manipulation/turtlebot3_manipulation_bringup) by extension 'ignore_ament_install'
[0.131s] Level 1:colcon.colcon_core.package_identification:_identify(src/turtlebot3_manipulation/turtlebot3_manipulation_bringup) by extensions ['colcon_pkg']
[0.131s] Level 1:colcon.colcon_core.package_identification:_identify(src/turtlebot3_manipulation/turtlebot3_manipulation_bringup) by extension 'colcon_pkg'
[0.131s] Level 1:colcon.colcon_core.package_identification:_identify(src/turtlebot3_manipulation/turtlebot3_manipulation_bringup) by extensions ['colcon_meta']
[0.131s] Level 1:colcon.colcon_core.package_identification:_identify(src/turtlebot3_manipulation/turtlebot3_manipulation_bringup) by extension 'colcon_meta'
[0.131s] Level 1:colcon.colcon_core.package_identification:_identify(src/turtlebot3_manipulation/turtlebot3_manipulation_bringup) by extensions ['ros']
[0.131s] Level 1:colcon.colcon_core.package_identification:_identify(src/turtlebot3_manipulation/turtlebot3_manipulation_bringup) by extension 'ros'
[0.131s] DEBUG:colcon.colcon_core.package_identification:Package 'src/turtlebot3_manipulation/turtlebot3_manipulation_bringup' with type 'ros.ament_cmake' and name 'turtlebot3_manipulation_bringup'
[0.131s] Level 1:colcon.colcon_core.package_identification:_identify(src/turtlebot3_manipulation/turtlebot3_manipulation_cartographer) by extensions ['ignore', 'ignore_ament_install']
[0.131s] Level 1:colcon.colcon_core.package_identification:_identify(src/turtlebot3_manipulation/turtlebot3_manipulation_cartographer) by extension 'ignore'
[0.131s] Level 1:colcon.colcon_core.package_identification:_identify(src/turtlebot3_manipulation/turtlebot3_manipulation_cartographer) by extension 'ignore_ament_install'
[0.131s] Level 1:colcon.colcon_core.package_identification:_identify(src/turtlebot3_manipulation/turtlebot3_manipulation_cartographer) by extensions ['colcon_pkg']
[0.131s] Level 1:colcon.colcon_core.package_identification:_identify(src/turtlebot3_manipulation/turtlebot3_manipulation_cartographer) by extension 'colcon_pkg'
[0.132s] Level 1:colcon.colcon_core.package_identification:_identify(src/turtlebot3_manipulation/turtlebot3_manipulation_cartographer) by extensions ['colcon_meta']
[0.132s] Level 1:colcon.colcon_core.package_identification:_identify(src/turtlebot3_manipulation/turtlebot3_manipulation_cartographer) by extension 'colcon_meta'
[0.132s] Level 1:colcon.colcon_core.package_identification:_identify(src/turtlebot3_manipulation/turtlebot3_manipulation_cartographer) by extensions ['ros']
[0.132s] Level 1:colcon.colcon_core.package_identification:_identify(src/turtlebot3_manipulation/turtlebot3_manipulation_cartographer) by extension 'ros'
[0.132s] DEBUG:colcon.colcon_core.package_identification:Package 'src/turtlebot3_manipulation/turtlebot3_manipulation_cartographer' with type 'ros.ament_cmake' and name 'turtlebot3_manipulation_cartographer'
[0.132s] Level 1:colcon.colcon_core.package_identification:_identify(src/turtlebot3_manipulation/turtlebot3_manipulation_description) by extensions ['ignore', 'ignore_ament_install']
[0.132s] Level 1:colcon.colcon_core.package_identification:_identify(src/turtlebot3_manipulation/turtlebot3_manipulation_description) by extension 'ignore'
[0.132s] Level 1:colcon.colcon_core.package_identification:_identify(src/turtlebot3_manipulation/turtlebot3_manipulation_description) by extension 'ignore_ament_install'
[0.132s] Level 1:colcon.colcon_core.package_identification:_identify(src/turtlebot3_manipulation/turtlebot3_manipulation_description) by extensions ['colcon_pkg']
[0.132s] Level 1:colcon.colcon_core.package_identification:_identify(src/turtlebot3_manipulation/turtlebot3_manipulation_description) by extension 'colcon_pkg'
[0.132s] Level 1:colcon.colcon_core.package_identification:_identify(src/turtlebot3_manipulation/turtlebot3_manipulation_description) by extensions ['colcon_meta']
[0.132s] Level 1:colcon.colcon_core.package_identification:_identify(src/turtlebot3_manipulation/turtlebot3_manipulation_description) by extension 'colcon_meta'
[0.132s] Level 1:colcon.colcon_core.package_identification:_identify(src/turtlebot3_manipulation/turtlebot3_manipulation_description) by extensions ['ros']
[0.132s] Level 1:colcon.colcon_core.package_identification:_identify(src/turtlebot3_manipulation/turtlebot3_manipulation_description) by extension 'ros'
[0.132s] DEBUG:colcon.colcon_core.package_identification:Package 'src/turtlebot3_manipulation/turtlebot3_manipulation_description' with type 'ros.ament_cmake' and name 'turtlebot3_manipulation_description'
[0.132s] Level 1:colcon.colcon_core.package_identification:_identify(src/turtlebot3_manipulation/turtlebot3_manipulation_hardware) by extensions ['ignore', 'ignore_ament_install']
[0.132s] Level 1:colcon.colcon_core.package_identification:_identify(src/turtlebot3_manipulation/turtlebot3_manipulation_hardware) by extension 'ignore'
[0.132s] Level 1:colcon.colcon_core.package_identification:_identify(src/turtlebot3_manipulation/turtlebot3_manipulation_hardware) by extension 'ignore_ament_install'
[0.132s] Level 1:colcon.colcon_core.package_identification:_identify(src/turtlebot3_manipulation/turtlebot3_manipulation_hardware) by extensions ['colcon_pkg']
[0.132s] Level 1:colcon.colcon_core.package_identification:_identify(src/turtlebot3_manipulation/turtlebot3_manipulation_hardware) by extension 'colcon_pkg'
[0.132s] Level 1:colcon.colcon_core.package_identification:_identify(src/turtlebot3_manipulation/turtlebot3_manipulation_hardware) by extensions ['colcon_meta']
[0.132s] Level 1:colcon.colcon_core.package_identification:_identify(src/turtlebot3_manipulation/turtlebot3_manipulation_hardware) by extension 'colcon_meta'
[0.132s] Level 1:colcon.colcon_core.package_identification:_identify(src/turtlebot3_manipulation/turtlebot3_manipulation_hardware) by extensions ['ros']
[0.132s] Level 1:colcon.colcon_core.package_identification:_identify(src/turtlebot3_manipulation/turtlebot3_manipulation_hardware) by extension 'ros'
[0.133s] DEBUG:colcon.colcon_core.package_identification:Package 'src/turtlebot3_manipulation/turtlebot3_manipulation_hardware' with type 'ros.ament_cmake' and name 'turtlebot3_manipulation_hardware'
[0.133s] Level 1:colcon.colcon_core.package_identification:_identify(src/turtlebot3_manipulation/turtlebot3_manipulation_moveit_config) by extensions ['ignore', 'ignore_ament_install']
[0.133s] Level 1:colcon.colcon_core.package_identification:_identify(src/turtlebot3_manipulation/turtlebot3_manipulation_moveit_config) by extension 'ignore'
[0.133s] Level 1:colcon.colcon_core.package_identification:_identify(src/turtlebot3_manipulation/turtlebot3_manipulation_moveit_config) by extension 'ignore_ament_install'
[0.133s] Level 1:colcon.colcon_core.package_identification:_identify(src/turtlebot3_manipulation/turtlebot3_manipulation_moveit_config) by extensions ['colcon_pkg']
[0.133s] Level 1:colcon.colcon_core.package_identification:_identify(src/turtlebot3_manipulation/turtlebot3_manipulation_moveit_config) by extension 'colcon_pkg'
[0.133s] Level 1:colcon.colcon_core.package_identification:_identify(src/turtlebot3_manipulation/turtlebot3_manipulation_moveit_config) by extensions ['colcon_meta']
[0.133s] Level 1:colcon.colcon_core.package_identification:_identify(src/turtlebot3_manipulation/turtlebot3_manipulation_moveit_config) by extension 'colcon_meta'
[0.133s] Level 1:colcon.colcon_core.package_identification:_identify(src/turtlebot3_manipulation/turtlebot3_manipulation_moveit_config) by extensions ['ros']
[0.133s] Level 1:colcon.colcon_core.package_identification:_identify(src/turtlebot3_manipulation/turtlebot3_manipulation_moveit_config) by extension 'ros'
[0.133s] DEBUG:colcon.colcon_core.package_identification:Package 'src/turtlebot3_manipulation/turtlebot3_manipulation_moveit_config' with type 'ros.ament_cmake' and name 'turtlebot3_manipulation_moveit_config'
[0.133s] Level 1:colcon.colcon_core.package_identification:_identify(src/turtlebot3_manipulation/turtlebot3_manipulation_navigation2) by extensions ['ignore', 'ignore_ament_install']
[0.133s] Level 1:colcon.colcon_core.package_identification:_identify(src/turtlebot3_manipulation/turtlebot3_manipulation_navigation2) by extension 'ignore'
[0.133s] Level 1:colcon.colcon_core.package_identification:_identify(src/turtlebot3_manipulation/turtlebot3_manipulation_navigation2) by extension 'ignore_ament_install'
[0.133s] Level 1:colcon.colcon_core.package_identification:_identify(src/turtlebot3_manipulation/turtlebot3_manipulation_navigation2) by extensions ['colcon_pkg']
[0.133s] Level 1:colcon.colcon_core.package_identification:_identify(src/turtlebot3_manipulation/turtlebot3_manipulation_navigation2) by extension 'colcon_pkg'
[0.133s] Level 1:colcon.colcon_core.package_identification:_identify(src/turtlebot3_manipulation/turtlebot3_manipulation_navigation2) by extensions ['colcon_meta']
[0.133s] Level 1:colcon.colcon_core.package_identification:_identify(src/turtlebot3_manipulation/turtlebot3_manipulation_navigation2) by extension 'colcon_meta'
[0.133s] Level 1:colcon.colcon_core.package_identification:_identify(src/turtlebot3_manipulation/turtlebot3_manipulation_navigation2) by extensions ['ros']
[0.133s] Level 1:colcon.colcon_core.package_identification:_identify(src/turtlebot3_manipulation/turtlebot3_manipulation_navigation2) by extension 'ros'
[0.133s] DEBUG:colcon.colcon_core.package_identification:Package 'src/turtlebot3_manipulation/turtlebot3_manipulation_navigation2' with type 'ros.ament_cmake' and name 'turtlebot3_manipulation_navigation2'
[0.133s] Level 1:colcon.colcon_core.package_identification:_identify(src/turtlebot3_manipulation/turtlebot3_manipulation_teleop) by extensions ['ignore', 'ignore_ament_install']
[0.133s] Level 1:colcon.colcon_core.package_identification:_identify(src/turtlebot3_manipulation/turtlebot3_manipulation_teleop) by extension 'ignore'
[0.133s] Level 1:colcon.colcon_core.package_identification:_identify(src/turtlebot3_manipulation/turtlebot3_manipulation_teleop) by extension 'ignore_ament_install'
[0.133s] Level 1:colcon.colcon_core.package_identification:_identify(src/turtlebot3_manipulation/turtlebot3_manipulation_teleop) by extensions ['colcon_pkg']
[0.133s] Level 1:colcon.colcon_core.package_identification:_identify(src/turtlebot3_manipulation/turtlebot3_manipulation_teleop) by extension 'colcon_pkg'
[0.133s] Level 1:colcon.colcon_core.package_identification:_identify(src/turtlebot3_manipulation/turtlebot3_manipulation_teleop) by extensions ['colcon_meta']
[0.133s] Level 1:colcon.colcon_core.package_identification:_identify(src/turtlebot3_manipulation/turtlebot3_manipulation_teleop) by extension 'colcon_meta'
[0.134s] Level 1:colcon.colcon_core.package_identification:_identify(src/turtlebot3_manipulation/turtlebot3_manipulation_teleop) by extensions ['ros']
[0.134s] Level 1:colcon.colcon_core.package_identification:_identify(src/turtlebot3_manipulation/turtlebot3_manipulation_teleop) by extension 'ros'
[0.134s] DEBUG:colcon.colcon_core.package_identification:Package 'src/turtlebot3_manipulation/turtlebot3_manipulation_teleop' with type 'ros.ament_cmake' and name 'turtlebot3_manipulation_teleop'
[0.134s] Level 1:colcon.colcon_core.package_discovery:discover_packages(recursive) using defaults
[0.134s] Level 1:colcon.colcon_core.package_discovery:discover_packages(ignore) discover
[0.134s] Level 1:colcon.colcon_core.package_discovery:discover_packages(ignore) using defaults
[0.134s] Level 1:colcon.colcon_core.package_discovery:discover_packages(path) discover
[0.134s] Level 1:colcon.colcon_core.package_discovery:discover_packages(path) using defaults
[0.146s] Level 1:colcon.colcon_core.package_discovery:discover_packages(prefix_path) check parameters
[0.146s] Level 1:colcon.colcon_core.package_discovery:discover_packages(prefix_path) discover
[0.146s] WARNING:colcon.colcon_core.prefix_path.colcon:The path '/home/ciderlab-server3/workspace/2026_industry_cowork/install' in the environment variable COLCON_PREFIX_PATH doesn't exist
[0.146s] WARNING:colcon.colcon_ros.prefix_path.ament:The path '/home/ciderlab-server3/workspace/2026_industry_cowork/install/turtlebot3_manipulation' in the environment variable AMENT_PREFIX_PATH doesn't exist
[0.146s] WARNING:colcon.colcon_ros.prefix_path.ament:The path '/home/ciderlab-server3/workspace/2026_industry_cowork/install/turtlebot3_manipulation_teleop' in the environment variable AMENT_PREFIX_PATH doesn't exist
[0.147s] WARNING:colcon.colcon_ros.prefix_path.ament:The path '/home/ciderlab-server3/workspace/2026_industry_cowork/install/turtlebot3_manipulation_navigation2' in the environment variable AMENT_PREFIX_PATH doesn't exist
[0.147s] WARNING:colcon.colcon_ros.prefix_path.ament:The path '/home/ciderlab-server3/workspace/2026_industry_cowork/install/turtlebot3_manipulation_moveit_config' in the environment variable AMENT_PREFIX_PATH doesn't exist
[0.147s] WARNING:colcon.colcon_ros.prefix_path.ament:The path '/home/ciderlab-server3/workspace/2026_industry_cowork/install/turtlebot3_manipulation_hardware' in the environment variable AMENT_PREFIX_PATH doesn't exist
[0.147s] WARNING:colcon.colcon_ros.prefix_path.ament:The path '/home/ciderlab-server3/workspace/2026_industry_cowork/install/turtlebot3_manipulation_bringup' in the environment variable AMENT_PREFIX_PATH doesn't exist
[0.147s] WARNING:colcon.colcon_ros.prefix_path.ament:The path '/home/ciderlab-server3/workspace/2026_industry_cowork/install/turtlebot3_manipulation_description' in the environment variable AMENT_PREFIX_PATH doesn't exist
[0.147s] WARNING:colcon.colcon_ros.prefix_path.ament:The path '/home/ciderlab-server3/workspace/2026_industry_cowork/install/turtlebot3_manipulation_cartographer' in the environment variable AMENT_PREFIX_PATH doesn't exist
[0.147s] WARNING:colcon.colcon_ros.prefix_path.catkin:The path '/home/ciderlab-server3/workspace/2026_industry_cowork/install/turtlebot3_manipulation' in the environment variable CMAKE_PREFIX_PATH doesn't exist
[0.147s] WARNING:colcon.colcon_ros.prefix_path.catkin:The path '/home/ciderlab-server3/workspace/2026_industry_cowork/install/turtlebot3_manipulation_teleop' in the environment variable CMAKE_PREFIX_PATH doesn't exist
[0.147s] WARNING:colcon.colcon_ros.prefix_path.catkin:The path '/home/ciderlab-server3/workspace/2026_industry_cowork/install/turtlebot3_manipulation_navigation2' in the environment variable CMAKE_PREFIX_PATH doesn't exist
[0.147s] WARNING:colcon.colcon_ros.prefix_path.catkin:The path '/home/ciderlab-server3/workspace/2026_industry_cowork/install/turtlebot3_manipulation_moveit_config' in the environment variable CMAKE_PREFIX_PATH doesn't exist
[0.147s] WARNING:colcon.colcon_ros.prefix_path.catkin:The path '/home/ciderlab-server3/workspace/2026_industry_cowork/install/turtlebot3_manipulation_hardware' in the environment variable CMAKE_PREFIX_PATH doesn't exist
[0.147s] WARNING:colcon.colcon_ros.prefix_path.catkin:The path '/home/ciderlab-server3/workspace/2026_industry_cowork/install/turtlebot3_manipulation_bringup' in the environment variable CMAKE_PREFIX_PATH doesn't exist
[0.147s] WARNING:colcon.colcon_ros.prefix_path.catkin:The path '/home/ciderlab-server3/workspace/2026_industry_cowork/install/turtlebot3_manipulation_description' in the environment variable CMAKE_PREFIX_PATH doesn't exist
[0.147s] WARNING:colcon.colcon_ros.prefix_path.catkin:The path '/home/ciderlab-server3/workspace/2026_industry_cowork/install/turtlebot3_manipulation_cartographer' in the environment variable CMAKE_PREFIX_PATH doesn't exist
[0.148s] DEBUG:colcon.colcon_installed_package_information.package_discovery:Found 31 installed packages in /home/ciderlab-server3/turtlebot3_ws/install
[0.149s] DEBUG:colcon.colcon_installed_package_information.package_discovery:Found 439 installed packages in /opt/ros/humble
[0.150s] Level 1:colcon.colcon_core.package_discovery:discover_packages(prefix_path) using defaults
[0.171s] WARNING:colcon.colcon_core.package_selection:Some selected packages are already built in one or more underlay workspaces:
	'turtlebot3_manipulation_moveit_config' is in: /home/ciderlab-server3/turtlebot3_ws/install/turtlebot3_manipulation_moveit_config
	'turtlebot3_manipulation_navigation2' is in: /home/ciderlab-server3/turtlebot3_ws/install/turtlebot3_manipulation_navigation2
	'turtlebot3_manipulation_bringup' is in: /home/ciderlab-server3/turtlebot3_ws/install/turtlebot3_manipulation_bringup
If a package in a merged underlay workspace is overridden and it installs headers, then all packages in the overlay must sort their include directories by workspace order. Failure to do so may result in build failures or undefined behavior at run time.
If the overridden package is used by another package in any underlay, then the overriding package in the overlay must be API and ABI compatible or undefined behavior at run time may occur.

If you understand the risks and want to override a package anyways, add the following to the command line:
	--allow-overriding turtlebot3_manipulation_bringup turtlebot3_manipulation_moveit_config turtlebot3_manipulation_navigation2

This may be promoted to an error in a future release of colcon-override-check.
[0.171s] Level 5:colcon.colcon_core.verb:set package 'carter_navigation' build argument 'cmake_args' from command line to 'None'
[0.172s] Level 5:colcon.colcon_core.verb:set package 'carter_navigation' build argument 'cmake_target' from command line to 'None'
[0.172s] Level 5:colcon.colcon_core.verb:set package 'carter_navigation' build argument 'cmake_target_skip_unavailable' from command line to 'False'
[0.172s] Level 5:colcon.colcon_core.verb:set package 'carter_navigation' build argument 'cmake_clean_cache' from command line to 'False'
[0.172s] Level 5:colcon.colcon_core.verb:set package 'carter_navigation' build argument 'cmake_clean_first' from command line to 'False'
[0.172s] Level 5:colcon.colcon_core.verb:set package 'carter_navigation' build argument 'cmake_force_configure' from command line to 'False'
[0.172s] Level 5:colcon.colcon_core.verb:set package 'carter_navigation' build argument 'ament_cmake_args' from command line to 'None'
[0.172s] Level 5:colcon.colcon_core.verb:set package 'carter_navigation' build argument 'catkin_cmake_args' from command line to 'None'
[0.172s] Level 5:colcon.colcon_core.verb:set package 'carter_navigation' build argument 'catkin_skip_building_tests' from command line to 'False'
[0.172s] DEBUG:colcon.colcon_core.verb:Building package 'carter_navigation' with the following arguments: {'ament_cmake_args': None, 'build_base': '/home/ciderlab-server3/workspace/2026_industry_cowork/IsaacSim-ros_workspaces/humble_ws/build/carter_navigation', 'catkin_cmake_args': None, 'catkin_skip_building_tests': False, 'cmake_args': None, 'cmake_clean_cache': False, 'cmake_clean_first': False, 'cmake_force_configure': False, 'cmake_target': None, 'cmake_target_skip_unavailable': False, 'install_base': '/home/ciderlab-server3/workspace/2026_industry_cowork/IsaacSim-ros_workspaces/humble_ws/install/carter_navigation', 'merge_install': False, 'path': '/home/ciderlab-server3/workspace/2026_industry_cowork/IsaacSim-ros_workspaces/humble_ws/src/navigation/carter_navigation', 'symlink_install': False, 'test_result_base': None}
[0.172s] Level 5:colcon.colcon_core.verb:set package 'cmdvel_to_ackermann' build argument 'cmake_args' from command line to 'None'
[0.172s] Level 5:colcon.colcon_core.verb:set package 'cmdvel_to_ackermann' build argument 'cmake_target' from command line to 'None'
[0.172s] Level 5:colcon.colcon_core.verb:set package 'cmdvel_to_ackermann' build argument 'cmake_target_skip_unavailable' from command line to 'False'
[0.172s] Level 5:colcon.colcon_core.verb:set package 'cmdvel_to_ackermann' build argument 'cmake_clean_cache' from command line to 'False'
[0.172s] Level 5:colcon.colcon_core.verb:set package 'cmdvel_to_ackermann' build argument 'cmake_clean_first' from command line to 'False'
[0.172s] Level 5:colcon.colcon_core.verb:set package 'cmdvel_to_ackermann' build argument 'cmake_force_configure' from command line to 'False'
[0.172s] Level 5:colcon.colcon_core.verb:set package 'cmdvel_to_ackermann' build argument 'ament_cmake_args' from command line to 'None'
[0.172s] Level 5:colcon.colcon_core.verb:set package 'cmdvel_to_ackermann' build argument 'catkin_cmake_args' from command line to 'None'
[0.172s] Level 5:colcon.colcon_core.verb:set package 'cmdvel_to_ackermann' build argument 'catkin_skip_building_tests' from command line to 'False'
[0.172s] DEBUG:colcon.colcon_core.verb:Building package 'cmdvel_to_ackermann' with the following arguments: {'ament_cmake_args': None, 'build_base': '/home/ciderlab-server3/workspace/2026_industry_cowork/IsaacSim-ros_workspaces/humble_ws/build/cmdvel_to_ackermann', 'catkin_cmake_args': None, 'catkin_skip_building_tests': False, 'cmake_args': None, 'cmake_clean_cache': False, 'cmake_clean_first': False, 'cmake_force_configure': False, 'cmake_target': None, 'cmake_target_skip_unavailable': False, 'install_base': '/home/ciderlab-server3/workspace/2026_industry_cowork/IsaacSim-ros_workspaces/humble_ws/install/cmdvel_to_ackermann', 'merge_install': False, 'path': '/home/ciderlab-server3/workspace/2026_industry_cowork/IsaacSim-ros_workspaces/humble_ws/src/ackermann_control/cmdvel_to_ackermann', 'symlink_install': False, 'test_result_base': None}
[0.172s] Level 5:colcon.colcon_core.verb:set package 'custom_message' build argument 'cmake_args' from command line to 'None'
[0.172s] Level 5:colcon.colcon_core.verb:set package 'custom_message' build argument 'cmake_target' from command line to 'None'
[0.172s] Level 5:colcon.colcon_core.verb:set package 'custom_message' build argument 'cmake_target_skip_unavailable' from command line to 'False'
[0.172s] Level 5:colcon.colcon_core.verb:set package 'custom_message' build argument 'cmake_clean_cache' from command line to 'False'
[0.172s] Level 5:colcon.colcon_core.verb:set package 'custom_message' build argument 'cmake_clean_first' from command line to 'False'
[0.172s] Level 5:colcon.colcon_core.verb:set package 'custom_message' build argument 'cmake_force_configure' from command line to 'False'
[0.172s] Level 5:colcon.colcon_core.verb:set package 'custom_message' build argument 'ament_cmake_args' from command line to 'None'
[0.172s] Level 5:colcon.colcon_core.verb:set package 'custom_message' build argument 'catkin_cmake_args' from command line to 'None'
[0.172s] Level 5:colcon.colcon_core.verb:set package 'custom_message' build argument 'catkin_skip_building_tests' from command line to 'False'
[0.172s] DEBUG:colcon.colcon_core.verb:Building package 'custom_message' with the following arguments: {'ament_cmake_args': None, 'build_base': '/home/ciderlab-server3/workspace/2026_industry_cowork/IsaacSim-ros_workspaces/humble_ws/build/custom_message', 'catkin_cmake_args': None, 'catkin_skip_building_tests': False, 'cmake_args': None, 'cmake_clean_cache': False, 'cmake_clean_first': False, 'cmake_force_configure': False, 'cmake_target': None, 'cmake_target_skip_unavailable': False, 'install_base': '/home/ciderlab-server3/workspace/2026_industry_cowork/IsaacSim-ros_workspaces/humble_ws/install/custom_message', 'merge_install': False, 'path': '/home/ciderlab-server3/workspace/2026_industry_cowork/IsaacSim-ros_workspaces/humble_ws/src/custom_message', 'symlink_install': False, 'test_result_base': None}
[0.172s] Level 5:colcon.colcon_core.verb:set package 'h1_fullbody_controller' build argument 'cmake_args' from command line to 'None'
[0.172s] Level 5:colcon.colcon_core.verb:set package 'h1_fullbody_controller' build argument 'cmake_target' from command line to 'None'
[0.172s] Level 5:colcon.colcon_core.verb:set package 'h1_fullbody_controller' build argument 'cmake_target_skip_unavailable' from command line to 'False'
[0.172s] Level 5:colcon.colcon_core.verb:set package 'h1_fullbody_controller' build argument 'cmake_clean_cache' from command line to 'False'
[0.172s] Level 5:colcon.colcon_core.verb:set package 'h1_fullbody_controller' build argument 'cmake_clean_first' from command line to 'False'
[0.172s] Level 5:colcon.colcon_core.verb:set package 'h1_fullbody_controller' build argument 'cmake_force_configure' from command line to 'False'
[0.172s] Level 5:colcon.colcon_core.verb:set package 'h1_fullbody_controller' build argument 'ament_cmake_args' from command line to 'None'
[0.172s] Level 5:colcon.colcon_core.verb:set package 'h1_fullbody_controller' build argument 'catkin_cmake_args' from command line to 'None'
[0.172s] Level 5:colcon.colcon_core.verb:set package 'h1_fullbody_controller' build argument 'catkin_skip_building_tests' from command line to 'False'
[0.172s] DEBUG:colcon.colcon_core.verb:Building package 'h1_fullbody_controller' with the following arguments: {'ament_cmake_args': None, 'build_base': '/home/ciderlab-server3/workspace/2026_industry_cowork/IsaacSim-ros_workspaces/humble_ws/build/h1_fullbody_controller', 'catkin_cmake_args': None, 'catkin_skip_building_tests': False, 'cmake_args': None, 'cmake_clean_cache': False, 'cmake_clean_first': False, 'cmake_force_configure': False, 'cmake_target': None, 'cmake_target_skip_unavailable': False, 'install_base': '/home/ciderlab-server3/workspace/2026_industry_cowork/IsaacSim-ros_workspaces/humble_ws/install/h1_fullbody_controller', 'merge_install': False, 'path': '/home/ciderlab-server3/workspace/2026_industry_cowork/IsaacSim-ros_workspaces/humble_ws/src/humanoid_locomotion_policy_example/h1_fullbody_controller', 'symlink_install': False, 'test_result_base': None}
[0.172s] Level 5:colcon.colcon_core.verb:set package 'isaac_compressed_image_decoder' build argument 'cmake_args' from command line to 'None'
[0.172s] Level 5:colcon.colcon_core.verb:set package 'isaac_compressed_image_decoder' build argument 'cmake_target' from command line to 'None'
[0.172s] Level 5:colcon.colcon_core.verb:set package 'isaac_compressed_image_decoder' build argument 'cmake_target_skip_unavailable' from command line to 'False'
[0.172s] Level 5:colcon.colcon_core.verb:set package 'isaac_compressed_image_decoder' build argument 'cmake_clean_cache' from command line to 'False'
[0.172s] Level 5:colcon.colcon_core.verb:set package 'isaac_compressed_image_decoder' build argument 'cmake_clean_first' from command line to 'False'
[0.172s] Level 5:colcon.colcon_core.verb:set package 'isaac_compressed_image_decoder' build argument 'cmake_force_configure' from command line to 'False'
[0.172s] Level 5:colcon.colcon_core.verb:set package 'isaac_compressed_image_decoder' build argument 'ament_cmake_args' from command line to 'None'
[0.172s] Level 5:colcon.colcon_core.verb:set package 'isaac_compressed_image_decoder' build argument 'catkin_cmake_args' from command line to 'None'
[0.172s] Level 5:colcon.colcon_core.verb:set package 'isaac_compressed_image_decoder' build argument 'catkin_skip_building_tests' from command line to 'False'
[0.172s] DEBUG:colcon.colcon_core.verb:Building package 'isaac_compressed_image_decoder' with the following arguments: {'ament_cmake_args': None, 'build_base': '/home/ciderlab-server3/workspace/2026_industry_cowork/IsaacSim-ros_workspaces/humble_ws/build/isaac_compressed_image_decoder', 'catkin_cmake_args': None, 'catkin_skip_building_tests': False, 'cmake_args': None, 'cmake_clean_cache': False, 'cmake_clean_first': False, 'cmake_force_configure': False, 'cmake_target': None, 'cmake_target_skip_unavailable': False, 'install_base': '/home/ciderlab-server3/workspace/2026_industry_cowork/IsaacSim-ros_workspaces/humble_ws/install/isaac_compressed_image_decoder', 'merge_install': False, 'path': '/home/ciderlab-server3/workspace/2026_industry_cowork/IsaacSim-ros_workspaces/humble_ws/src/isaac_compressed_image_decoder', 'symlink_install': False, 'test_result_base': None}
[0.172s] Level 5:colcon.colcon_core.verb:set package 'isaac_moveit' build argument 'cmake_args' from command line to 'None'
[0.173s] Level 5:colcon.colcon_core.verb:set package 'isaac_moveit' build argument 'cmake_target' from command line to 'None'
[0.173s] Level 5:colcon.colcon_core.verb:set package 'isaac_moveit' build argument 'cmake_target_skip_unavailable' from command line to 'False'
[0.173s] Level 5:colcon.colcon_core.verb:set package 'isaac_moveit' build argument 'cmake_clean_cache' from command line to 'False'
[0.173s] Level 5:colcon.colcon_core.verb:set package 'isaac_moveit' build argument 'cmake_clean_first' from command line to 'False'
[0.173s] Level 5:colcon.colcon_core.verb:set package 'isaac_moveit' build argument 'cmake_force_configure' from command line to 'False'
[0.173s] Level 5:colcon.colcon_core.verb:set package 'isaac_moveit' build argument 'ament_cmake_args' from command line to 'None'
[0.173s] Level 5:colcon.colcon_core.verb:set package 'isaac_moveit' build argument 'catkin_cmake_args' from command line to 'None'
[0.173s] Level 5:colcon.colcon_core.verb:set package 'isaac_moveit' build argument 'catkin_skip_building_tests' from command line to 'False'
[0.173s] DEBUG:colcon.colcon_core.verb:Building package 'isaac_moveit' with the following arguments: {'ament_cmake_args': None, 'build_base': '/home/ciderlab-server3/workspace/2026_industry_cowork/IsaacSim-ros_workspaces/humble_ws/build/isaac_moveit', 'catkin_cmake_args': None, 'catkin_skip_building_tests': False, 'cmake_args': None, 'cmake_clean_cache': False, 'cmake_clean_first': False, 'cmake_force_configure': False, 'cmake_target': None, 'cmake_target_skip_unavailable': False, 'install_base': '/home/ciderlab-server3/workspace/2026_industry_cowork/IsaacSim-ros_workspaces/humble_ws/install/isaac_moveit', 'merge_install': False, 'path': '/home/ciderlab-server3/workspace/2026_industry_cowork/IsaacSim-ros_workspaces/humble_ws/src/moveit/isaac_moveit', 'symlink_install': False, 'test_result_base': None}
[0.173s] Level 5:colcon.colcon_core.verb:set package 'isaac_ros2_messages' build argument 'cmake_args' from command line to 'None'
[0.173s] Level 5:colcon.colcon_core.verb:set package 'isaac_ros2_messages' build argument 'cmake_target' from command line to 'None'
[0.173s] Level 5:colcon.colcon_core.verb:set package 'isaac_ros2_messages' build argument 'cmake_target_skip_unavailable' from command line to 'False'
[0.173s] Level 5:colcon.colcon_core.verb:set package 'isaac_ros2_messages' build argument 'cmake_clean_cache' from command line to 'False'
[0.173s] Level 5:colcon.colcon_core.verb:set package 'isaac_ros2_messages' build argument 'cmake_clean_first' from command line to 'False'
[0.173s] Level 5:colcon.colcon_core.verb:set package 'isaac_ros2_messages' build argument 'cmake_force_configure' from command line to 'False'
[0.173s] Level 5:colcon.colcon_core.verb:set package 'isaac_ros2_messages' build argument 'ament_cmake_args' from command line to 'None'
[0.173s] Level 5:colcon.colcon_core.verb:set package 'isaac_ros2_messages' build argument 'catkin_cmake_args' from command line to 'None'
[0.173s] Level 5:colcon.colcon_core.verb:set package 'isaac_ros2_messages' build argument 'catkin_skip_building_tests' from command line to 'False'
[0.173s] DEBUG:colcon.colcon_core.verb:Building package 'isaac_ros2_messages' with the following arguments: {'ament_cmake_args': None, 'build_base': '/home/ciderlab-server3/workspace/2026_industry_cowork/IsaacSim-ros_workspaces/humble_ws/build/isaac_ros2_messages', 'catkin_cmake_args': None, 'catkin_skip_building_tests': False, 'cmake_args': None, 'cmake_clean_cache': False, 'cmake_clean_first': False, 'cmake_force_configure': False, 'cmake_target': None, 'cmake_target_skip_unavailable': False, 'install_base': '/home/ciderlab-server3/workspace/2026_industry_cowork/IsaacSim-ros_workspaces/humble_ws/install/isaac_ros2_messages', 'merge_install': False, 'path': '/home/ciderlab-server3/workspace/2026_industry_cowork/IsaacSim-ros_workspaces/humble_ws/src/isaac_ros2_messages', 'symlink_install': False, 'test_result_base': None}
[0.173s] Level 5:colcon.colcon_core.verb:set package 'isaac_ros_navigation_goal' build argument 'cmake_args' from command line to 'None'
[0.173s] Level 5:colcon.colcon_core.verb:set package 'isaac_ros_navigation_goal' build argument 'cmake_target' from command line to 'None'
[0.173s] Level 5:colcon.colcon_core.verb:set package 'isaac_ros_navigation_goal' build argument 'cmake_target_skip_unavailable' from command line to 'False'
[0.173s] Level 5:colcon.colcon_core.verb:set package 'isaac_ros_navigation_goal' build argument 'cmake_clean_cache' from command line to 'False'
[0.173s] Level 5:colcon.colcon_core.verb:set package 'isaac_ros_navigation_goal' build argument 'cmake_clean_first' from command line to 'False'
[0.173s] Level 5:colcon.colcon_core.verb:set package 'isaac_ros_navigation_goal' build argument 'cmake_force_configure' from command line to 'False'
[0.173s] Level 5:colcon.colcon_core.verb:set package 'isaac_ros_navigation_goal' build argument 'ament_cmake_args' from command line to 'None'
[0.173s] Level 5:colcon.colcon_core.verb:set package 'isaac_ros_navigation_goal' build argument 'catkin_cmake_args' from command line to 'None'
[0.173s] Level 5:colcon.colcon_core.verb:set package 'isaac_ros_navigation_goal' build argument 'catkin_skip_building_tests' from command line to 'False'
[0.173s] DEBUG:colcon.colcon_core.verb:Building package 'isaac_ros_navigation_goal' with the following arguments: {'ament_cmake_args': None, 'build_base': '/home/ciderlab-server3/workspace/2026_industry_cowork/IsaacSim-ros_workspaces/humble_ws/build/isaac_ros_navigation_goal', 'catkin_cmake_args': None, 'catkin_skip_building_tests': False, 'cmake_args': None, 'cmake_clean_cache': False, 'cmake_clean_first': False, 'cmake_force_configure': False, 'cmake_target': None, 'cmake_target_skip_unavailable': False, 'install_base': '/home/ciderlab-server3/workspace/2026_industry_cowork/IsaacSim-ros_workspaces/humble_ws/install/isaac_ros_navigation_goal', 'merge_install': False, 'path': '/home/ciderlab-server3/workspace/2026_industry_cowork/IsaacSim-ros_workspaces/humble_ws/src/navigation/isaac_ros_navigation_goal', 'symlink_install': False, 'test_result_base': None}
[0.173s] Level 5:colcon.colcon_core.verb:set package 'isaac_tutorials' build argument 'cmake_args' from command line to 'None'
[0.173s] Level 5:colcon.colcon_core.verb:set package 'isaac_tutorials' build argument 'cmake_target' from command line to 'None'
[0.173s] Level 5:colcon.colcon_core.verb:set package 'isaac_tutorials' build argument 'cmake_target_skip_unavailable' from command line to 'False'
[0.173s] Level 5:colcon.colcon_core.verb:set package 'isaac_tutorials' build argument 'cmake_clean_cache' from command line to 'False'
[0.173s] Level 5:colcon.colcon_core.verb:set package 'isaac_tutorials' build argument 'cmake_clean_first' from command line to 'False'
[0.173s] Level 5:colcon.colcon_core.verb:set package 'isaac_tutorials' build argument 'cmake_force_configure' from command line to 'False'
[0.173s] Level 5:colcon.colcon_core.verb:set package 'isaac_tutorials' build argument 'ament_cmake_args' from command line to 'None'
[0.173s] Level 5:colcon.colcon_core.verb:set package 'isaac_tutorials' build argument 'catkin_cmake_args' from command line to 'None'
[0.173s] Level 5:colcon.colcon_core.verb:set package 'isaac_tutorials' build argument 'catkin_skip_building_tests' from command line to 'False'
[0.173s] DEBUG:colcon.colcon_core.verb:Building package 'isaac_tutorials' with the following arguments: {'ament_cmake_args': None, 'build_base': '/home/ciderlab-server3/workspace/2026_industry_cowork/IsaacSim-ros_workspaces/humble_ws/build/isaac_tutorials', 'catkin_cmake_args': None, 'catkin_skip_building_tests': False, 'cmake_args': None, 'cmake_clean_cache': False, 'cmake_clean_first': False, 'cmake_force_configure': False, 'cmake_target': None, 'cmake_target_skip_unavailable': False, 'install_base': '/home/ciderlab-server3/workspace/2026_industry_cowork/IsaacSim-ros_workspaces/humble_ws/install/isaac_tutorials', 'merge_install': False, 'path': '/home/ciderlab-server3/workspace/2026_industry_cowork/IsaacSim-ros_workspaces/humble_ws/src/isaac_tutorials', 'symlink_install': False, 'test_result_base': None}
[0.173s] Level 5:colcon.colcon_core.verb:set package 'isaacsim_bringup' build argument 'cmake_args' from command line to 'None'
[0.173s] Level 5:colcon.colcon_core.verb:set package 'isaacsim_bringup' build argument 'cmake_target' from command line to 'None'
[0.173s] Level 5:colcon.colcon_core.verb:set package 'isaacsim_bringup' build argument 'cmake_target_skip_unavailable' from command line to 'False'
[0.173s] Level 5:colcon.colcon_core.verb:set package 'isaacsim_bringup' build argument 'cmake_clean_cache' from command line to 'False'
[0.173s] Level 5:colcon.colcon_core.verb:set package 'isaacsim_bringup' build argument 'cmake_clean_first' from command line to 'False'
[0.173s] Level 5:colcon.colcon_core.verb:set package 'isaacsim_bringup' build argument 'cmake_force_configure' from command line to 'False'
[0.173s] Level 5:colcon.colcon_core.verb:set package 'isaacsim_bringup' build argument 'ament_cmake_args' from command line to 'None'
[0.173s] Level 5:colcon.colcon_core.verb:set package 'isaacsim_bringup' build argument 'catkin_cmake_args' from command line to 'None'
[0.173s] Level 5:colcon.colcon_core.verb:set package 'isaacsim_bringup' build argument 'catkin_skip_building_tests' from command line to 'False'
[0.173s] DEBUG:colcon.colcon_core.verb:Building package 'isaacsim_bringup' with the following arguments: {'ament_cmake_args': None, 'build_base': '/home/ciderlab-server3/workspace/2026_industry_cowork/IsaacSim-ros_workspaces/humble_ws/build/isaacsim_bringup', 'catkin_cmake_args': None, 'catkin_skip_building_tests': False, 'cmake_args': None, 'cmake_clean_cache': False, 'cmake_clean_first': False, 'cmake_force_configure': False, 'cmake_target': None, 'cmake_target_skip_unavailable': False, 'install_base': '/home/ciderlab-server3/workspace/2026_industry_cowork/IsaacSim-ros_workspaces/humble_ws/install/isaacsim_bringup', 'merge_install': False, 'path': '/home/ciderlab-server3/workspace/2026_industry_cowork/IsaacSim-ros_workspaces/humble_ws/src/isaacsim_bringup', 'symlink_install': False, 'test_result_base': None}
[0.173s] Level 5:colcon.colcon_core.verb:set package 'isaacsim_clearpath_nav2' build argument 'cmake_args' from command line to 'None'
[0.173s] Level 5:colcon.colcon_core.verb:set package 'isaacsim_clearpath_nav2' build argument 'cmake_target' from command line to 'None'
[0.173s] Level 5:colcon.colcon_core.verb:set package 'isaacsim_clearpath_nav2' build argument 'cmake_target_skip_unavailable' from command line to 'False'
[0.173s] Level 5:colcon.colcon_core.verb:set package 'isaacsim_clearpath_nav2' build argument 'cmake_clean_cache' from command line to 'False'
[0.173s] Level 5:colcon.colcon_core.verb:set package 'isaacsim_clearpath_nav2' build argument 'cmake_clean_first' from command line to 'False'
[0.173s] Level 5:colcon.colcon_core.verb:set package 'isaacsim_clearpath_nav2' build argument 'cmake_force_configure' from command line to 'False'
[0.173s] Level 5:colcon.colcon_core.verb:set package 'isaacsim_clearpath_nav2' build argument 'ament_cmake_args' from command line to 'None'
[0.173s] Level 5:colcon.colcon_core.verb:set package 'isaacsim_clearpath_nav2' build argument 'catkin_cmake_args' from command line to 'None'
[0.173s] Level 5:colcon.colcon_core.verb:set package 'isaacsim_clearpath_nav2' build argument 'catkin_skip_building_tests' from command line to 'False'
[0.173s] DEBUG:colcon.colcon_core.verb:Building package 'isaacsim_clearpath_nav2' with the following arguments: {'ament_cmake_args': None, 'build_base': '/home/ciderlab-server3/workspace/2026_industry_cowork/IsaacSim-ros_workspaces/humble_ws/build/isaacsim_clearpath_nav2', 'catkin_cmake_args': None, 'catkin_skip_building_tests': False, 'cmake_args': None, 'cmake_clean_cache': False, 'cmake_clean_first': False, 'cmake_force_configure': False, 'cmake_target': None, 'cmake_target_skip_unavailable': False, 'install_base': '/home/ciderlab-server3/workspace/2026_industry_cowork/IsaacSim-ros_workspaces/humble_ws/install/isaacsim_clearpath_nav2', 'merge_install': False, 'path': '/home/ciderlab-server3/workspace/2026_industry_cowork/IsaacSim-ros_workspaces/humble_ws/src/navigation/isaacsim_clearpath_nav2', 'symlink_install': False, 'test_result_base': None}
[0.174s] Level 5:colcon.colcon_core.verb:set package 'iw_hub_navigation' build argument 'cmake_args' from command line to 'None'
[0.174s] Level 5:colcon.colcon_core.verb:set package 'iw_hub_navigation' build argument 'cmake_target' from command line to 'None'
[0.174s] Level 5:colcon.colcon_core.verb:set package 'iw_hub_navigation' build argument 'cmake_target_skip_unavailable' from command line to 'False'
[0.174s] Level 5:colcon.colcon_core.verb:set package 'iw_hub_navigation' build argument 'cmake_clean_cache' from command line to 'False'
[0.174s] Level 5:colcon.colcon_core.verb:set package 'iw_hub_navigation' build argument 'cmake_clean_first' from command line to 'False'
[0.174s] Level 5:colcon.colcon_core.verb:set package 'iw_hub_navigation' build argument 'cmake_force_configure' from command line to 'False'
[0.174s] Level 5:colcon.colcon_core.verb:set package 'iw_hub_navigation' build argument 'ament_cmake_args' from command line to 'None'
[0.174s] Level 5:colcon.colcon_core.verb:set package 'iw_hub_navigation' build argument 'catkin_cmake_args' from command line to 'None'
[0.174s] Level 5:colcon.colcon_core.verb:set package 'iw_hub_navigation' build argument 'catkin_skip_building_tests' from command line to 'False'
[0.174s] DEBUG:colcon.colcon_core.verb:Building package 'iw_hub_navigation' with the following arguments: {'ament_cmake_args': None, 'build_base': '/home/ciderlab-server3/workspace/2026_industry_cowork/IsaacSim-ros_workspaces/humble_ws/build/iw_hub_navigation', 'catkin_cmake_args': None, 'catkin_skip_building_tests': False, 'cmake_args': None, 'cmake_clean_cache': False, 'cmake_clean_first': False, 'cmake_force_configure': False, 'cmake_target': None, 'cmake_target_skip_unavailable': False, 'install_base': '/home/ciderlab-server3/workspace/2026_industry_cowork/IsaacSim-ros_workspaces/humble_ws/install/iw_hub_navigation', 'merge_install': False, 'path': '/home/ciderlab-server3/workspace/2026_industry_cowork/IsaacSim-ros_workspaces/humble_ws/src/navigation/iw_hub_navigation', 'symlink_install': False, 'test_result_base': None}
[0.174s] Level 5:colcon.colcon_core.verb:set package 'turtlebot3_manipulation_cartographer' build argument 'cmake_args' from command line to 'None'
[0.174s] Level 5:colcon.colcon_core.verb:set package 'turtlebot3_manipulation_cartographer' build argument 'cmake_target' from command line to 'None'
[0.174s] Level 5:colcon.colcon_core.verb:set package 'turtlebot3_manipulation_cartographer' build argument 'cmake_target_skip_unavailable' from command line to 'False'
[0.174s] Level 5:colcon.colcon_core.verb:set package 'turtlebot3_manipulation_cartographer' build argument 'cmake_clean_cache' from command line to 'False'
[0.174s] Level 5:colcon.colcon_core.verb:set package 'turtlebot3_manipulation_cartographer' build argument 'cmake_clean_first' from command line to 'False'
[0.174s] Level 5:colcon.colcon_core.verb:set package 'turtlebot3_manipulation_cartographer' build argument 'cmake_force_configure' from command line to 'False'
[0.174s] Level 5:colcon.colcon_core.verb:set package 'turtlebot3_manipulation_cartographer' build argument 'ament_cmake_args' from command line to 'None'
[0.174s] Level 5:colcon.colcon_core.verb:set package 'turtlebot3_manipulation_cartographer' build argument 'catkin_cmake_args' from command line to 'None'
[0.174s] Level 5:colcon.colcon_core.verb:set package 'turtlebot3_manipulation_cartographer' build argument 'catkin_skip_building_tests' from command line to 'False'
[0.174s] DEBUG:colcon.colcon_core.verb:Building package 'turtlebot3_manipulation_cartographer' with the following arguments: {'ament_cmake_args': None, 'build_base': '/home/ciderlab-server3/workspace/2026_industry_cowork/IsaacSim-ros_workspaces/humble_ws/build/turtlebot3_manipulation_cartographer', 'catkin_cmake_args': None, 'catkin_skip_building_tests': False, 'cmake_args': None, 'cmake_clean_cache': False, 'cmake_clean_first': False, 'cmake_force_configure': False, 'cmake_target': None, 'cmake_target_skip_unavailable': False, 'install_base': '/home/ciderlab-server3/workspace/2026_industry_cowork/IsaacSim-ros_workspaces/humble_ws/install/turtlebot3_manipulation_cartographer', 'merge_install': False, 'path': '/home/ciderlab-server3/workspace/2026_industry_cowork/IsaacSim-ros_workspaces/humble_ws/src/turtlebot3_manipulation/turtlebot3_manipulation_cartographer', 'symlink_install': False, 'test_result_base': None}
[0.174s] Level 5:colcon.colcon_core.verb:set package 'turtlebot3_manipulation_description' build argument 'cmake_args' from command line to 'None'
[0.174s] Level 5:colcon.colcon_core.verb:set package 'turtlebot3_manipulation_description' build argument 'cmake_target' from command line to 'None'
[0.174s] Level 5:colcon.colcon_core.verb:set package 'turtlebot3_manipulation_description' build argument 'cmake_target_skip_unavailable' from command line to 'False'
[0.174s] Level 5:colcon.colcon_core.verb:set package 'turtlebot3_manipulation_description' build argument 'cmake_clean_cache' from command line to 'False'
[0.174s] Level 5:colcon.colcon_core.verb:set package 'turtlebot3_manipulation_description' build argument 'cmake_clean_first' from command line to 'False'
[0.174s] Level 5:colcon.colcon_core.verb:set package 'turtlebot3_manipulation_description' build argument 'cmake_force_configure' from command line to 'False'
[0.174s] Level 5:colcon.colcon_core.verb:set package 'turtlebot3_manipulation_description' build argument 'ament_cmake_args' from command line to 'None'
[0.174s] Level 5:colcon.colcon_core.verb:set package 'turtlebot3_manipulation_description' build argument 'catkin_cmake_args' from command line to 'None'
[0.174s] Level 5:colcon.colcon_core.verb:set package 'turtlebot3_manipulation_description' build argument 'catkin_skip_building_tests' from command line to 'False'
[0.174s] DEBUG:colcon.colcon_core.verb:Building package 'turtlebot3_manipulation_description' with the following arguments: {'ament_cmake_args': None, 'build_base': '/home/ciderlab-server3/workspace/2026_industry_cowork/IsaacSim-ros_workspaces/humble_ws/build/turtlebot3_manipulation_description', 'catkin_cmake_args': None, 'catkin_skip_building_tests': False, 'cmake_args': None, 'cmake_clean_cache': False, 'cmake_clean_first': False, 'cmake_force_configure': False, 'cmake_target': None, 'cmake_target_skip_unavailable': False, 'install_base': '/home/ciderlab-server3/workspace/2026_industry_cowork/IsaacSim-ros_workspaces/humble_ws/install/turtlebot3_manipulation_description', 'merge_install': False, 'path': '/home/ciderlab-server3/workspace/2026_industry_cowork/IsaacSim-ros_workspaces/humble_ws/src/turtlebot3_manipulation/turtlebot3_manipulation_description', 'symlink_install': False, 'test_result_base': None}
[0.174s] Level 5:colcon.colcon_core.verb:set package 'turtlebot3_manipulation_hardware' build argument 'cmake_args' from command line to 'None'
[0.174s] Level 5:colcon.colcon_core.verb:set package 'turtlebot3_manipulation_hardware' build argument 'cmake_target' from command line to 'None'
[0.174s] Level 5:colcon.colcon_core.verb:set package 'turtlebot3_manipulation_hardware' build argument 'cmake_target_skip_unavailable' from command line to 'False'
[0.174s] Level 5:colcon.colcon_core.verb:set package 'turtlebot3_manipulation_hardware' build argument 'cmake_clean_cache' from command line to 'False'
[0.174s] Level 5:colcon.colcon_core.verb:set package 'turtlebot3_manipulation_hardware' build argument 'cmake_clean_first' from command line to 'False'
[0.174s] Level 5:colcon.colcon_core.verb:set package 'turtlebot3_manipulation_hardware' build argument 'cmake_force_configure' from command line to 'False'
[0.174s] Level 5:colcon.colcon_core.verb:set package 'turtlebot3_manipulation_hardware' build argument 'ament_cmake_args' from command line to 'None'
[0.174s] Level 5:colcon.colcon_core.verb:set package 'turtlebot3_manipulation_hardware' build argument 'catkin_cmake_args' from command line to 'None'
[0.174s] Level 5:colcon.colcon_core.verb:set package 'turtlebot3_manipulation_hardware' build argument 'catkin_skip_building_tests' from command line to 'False'
[0.174s] DEBUG:colcon.colcon_core.verb:Building package 'turtlebot3_manipulation_hardware' with the following arguments: {'ament_cmake_args': None, 'build_base': '/home/ciderlab-server3/workspace/2026_industry_cowork/IsaacSim-ros_workspaces/humble_ws/build/turtlebot3_manipulation_hardware', 'catkin_cmake_args': None, 'catkin_skip_building_tests': False, 'cmake_args': None, 'cmake_clean_cache': False, 'cmake_clean_first': False, 'cmake_force_configure': False, 'cmake_target': None, 'cmake_target_skip_unavailable': False, 'install_base': '/home/ciderlab-server3/workspace/2026_industry_cowork/IsaacSim-ros_workspaces/humble_ws/install/turtlebot3_manipulation_hardware', 'merge_install': False, 'path': '/home/ciderlab-server3/workspace/2026_industry_cowork/IsaacSim-ros_workspaces/humble_ws/src/turtlebot3_manipulation/turtlebot3_manipulation_hardware', 'symlink_install': False, 'test_result_base': None}
[0.174s] Level 5:colcon.colcon_core.verb:set package 'turtlebot3_manipulation_navigation2' build argument 'cmake_args' from command line to 'None'
[0.174s] Level 5:colcon.colcon_core.verb:set package 'turtlebot3_manipulation_navigation2' build argument 'cmake_target' from command line to 'None'
[0.174s] Level 5:colcon.colcon_core.verb:set package 'turtlebot3_manipulation_navigation2' build argument 'cmake_target_skip_unavailable' from command line to 'False'
[0.174s] Level 5:colcon.colcon_core.verb:set package 'turtlebot3_manipulation_navigation2' build argument 'cmake_clean_cache' from command line to 'False'
[0.174s] Level 5:colcon.colcon_core.verb:set package 'turtlebot3_manipulation_navigation2' build argument 'cmake_clean_first' from command line to 'False'
[0.174s] Level 5:colcon.colcon_core.verb:set package 'turtlebot3_manipulation_navigation2' build argument 'cmake_force_configure' from command line to 'False'
[0.174s] Level 5:colcon.colcon_core.verb:set package 'turtlebot3_manipulation_navigation2' build argument 'ament_cmake_args' from command line to 'None'
[0.174s] Level 5:colcon.colcon_core.verb:set package 'turtlebot3_manipulation_navigation2' build argument 'catkin_cmake_args' from command line to 'None'
[0.174s] Level 5:colcon.colcon_core.verb:set package 'turtlebot3_manipulation_navigation2' build argument 'catkin_skip_building_tests' from command line to 'False'
[0.174s] DEBUG:colcon.colcon_core.verb:Building package 'turtlebot3_manipulation_navigation2' with the following arguments: {'ament_cmake_args': None, 'build_base': '/home/ciderlab-server3/workspace/2026_industry_cowork/IsaacSim-ros_workspaces/humble_ws/build/turtlebot3_manipulation_navigation2', 'catkin_cmake_args': None, 'catkin_skip_building_tests': False, 'cmake_args': None, 'cmake_clean_cache': False, 'cmake_clean_first': False, 'cmake_force_configure': False, 'cmake_target': None, 'cmake_target_skip_unavailable': False, 'install_base': '/home/ciderlab-server3/workspace/2026_industry_cowork/IsaacSim-ros_workspaces/humble_ws/install/turtlebot3_manipulation_navigation2', 'merge_install': False, 'path': '/home/ciderlab-server3/workspace/2026_industry_cowork/IsaacSim-ros_workspaces/humble_ws/src/turtlebot3_manipulation/turtlebot3_manipulation_navigation2', 'symlink_install': False, 'test_result_base': None}
[0.174s] Level 5:colcon.colcon_core.verb:set package 'turtlebot3_manipulation_bringup' build argument 'cmake_args' from command line to 'None'
[0.174s] Level 5:colcon.colcon_core.verb:set package 'turtlebot3_manipulation_bringup' build argument 'cmake_target' from command line to 'None'
[0.175s] Level 5:colcon.colcon_core.verb:set package 'turtlebot3_manipulation_bringup' build argument 'cmake_target_skip_unavailable' from command line to 'False'
[0.175s] Level 5:colcon.colcon_core.verb:set package 'turtlebot3_manipulation_bringup' build argument 'cmake_clean_cache' from command line to 'False'
[0.175s] Level 5:colcon.colcon_core.verb:set package 'turtlebot3_manipulation_bringup' build argument 'cmake_clean_first' from command line to 'False'
[0.175s] Level 5:colcon.colcon_core.verb:set package 'turtlebot3_manipulation_bringup' build argument 'cmake_force_configure' from command line to 'False'
[0.175s] Level 5:colcon.colcon_core.verb:set package 'turtlebot3_manipulation_bringup' build argument 'ament_cmake_args' from command line to 'None'
[0.175s] Level 5:colcon.colcon_core.verb:set package 'turtlebot3_manipulation_bringup' build argument 'catkin_cmake_args' from command line to 'None'
[0.175s] Level 5:colcon.colcon_core.verb:set package 'turtlebot3_manipulation_bringup' build argument 'catkin_skip_building_tests' from command line to 'False'
[0.175s] DEBUG:colcon.colcon_core.verb:Building package 'turtlebot3_manipulation_bringup' with the following arguments: {'ament_cmake_args': None, 'build_base': '/home/ciderlab-server3/workspace/2026_industry_cowork/IsaacSim-ros_workspaces/humble_ws/build/turtlebot3_manipulation_bringup', 'catkin_cmake_args': None, 'catkin_skip_building_tests': False, 'cmake_args': None, 'cmake_clean_cache': False, 'cmake_clean_first': False, 'cmake_force_configure': False, 'cmake_target': None, 'cmake_target_skip_unavailable': False, 'install_base': '/home/ciderlab-server3/workspace/2026_industry_cowork/IsaacSim-ros_workspaces/humble_ws/install/turtlebot3_manipulation_bringup', 'merge_install': False, 'path': '/home/ciderlab-server3/workspace/2026_industry_cowork/IsaacSim-ros_workspaces/humble_ws/src/turtlebot3_manipulation/turtlebot3_manipulation_bringup', 'symlink_install': False, 'test_result_base': None}
[0.175s] Level 5:colcon.colcon_core.verb:set package 'turtlebot3_manipulation_moveit_config' build argument 'cmake_args' from command line to 'None'
[0.175s] Level 5:colcon.colcon_core.verb:set package 'turtlebot3_manipulation_moveit_config' build argument 'cmake_target' from command line to 'None'
[0.175s] Level 5:colcon.colcon_core.verb:set package 'turtlebot3_manipulation_moveit_config' build argument 'cmake_target_skip_unavailable' from command line to 'False'
[0.175s] Level 5:colcon.colcon_core.verb:set package 'turtlebot3_manipulation_moveit_config' build argument 'cmake_clean_cache' from command line to 'False'
[0.175s] Level 5:colcon.colcon_core.verb:set package 'turtlebot3_manipulation_moveit_config' build argument 'cmake_clean_first' from command line to 'False'
[0.175s] Level 5:colcon.colcon_core.verb:set package 'turtlebot3_manipulation_moveit_config' build argument 'cmake_force_configure' from command line to 'False'
[0.175s] Level 5:colcon.colcon_core.verb:set package 'turtlebot3_manipulation_moveit_config' build argument 'ament_cmake_args' from command line to 'None'
[0.175s] Level 5:colcon.colcon_core.verb:set package 'turtlebot3_manipulation_moveit_config' build argument 'catkin_cmake_args' from command line to 'None'
[0.175s] Level 5:colcon.colcon_core.verb:set package 'turtlebot3_manipulation_moveit_config' build argument 'catkin_skip_building_tests' from command line to 'False'
[0.175s] DEBUG:colcon.colcon_core.verb:Building package 'turtlebot3_manipulation_moveit_config' with the following arguments: {'ament_cmake_args': None, 'build_base': '/home/ciderlab-server3/workspace/2026_industry_cowork/IsaacSim-ros_workspaces/humble_ws/build/turtlebot3_manipulation_moveit_config', 'catkin_cmake_args': None, 'catkin_skip_building_tests': False, 'cmake_args': None, 'cmake_clean_cache': False, 'cmake_clean_first': False, 'cmake_force_configure': False, 'cmake_target': None, 'cmake_target_skip_unavailable': False, 'install_base': '/home/ciderlab-server3/workspace/2026_industry_cowork/IsaacSim-ros_workspaces/humble_ws/install/turtlebot3_manipulation_moveit_config', 'merge_install': False, 'path': '/home/ciderlab-server3/workspace/2026_industry_cowork/IsaacSim-ros_workspaces/humble_ws/src/turtlebot3_manipulation/turtlebot3_manipulation_moveit_config', 'symlink_install': False, 'test_result_base': None}
[0.175s] Level 5:colcon.colcon_core.verb:set package 'turtlebot3_manipulation_teleop' build argument 'cmake_args' from command line to 'None'
[0.175s] Level 5:colcon.colcon_core.verb:set package 'turtlebot3_manipulation_teleop' build argument 'cmake_target' from command line to 'None'
[0.175s] Level 5:colcon.colcon_core.verb:set package 'turtlebot3_manipulation_teleop' build argument 'cmake_target_skip_unavailable' from command line to 'False'
[0.175s] Level 5:colcon.colcon_core.verb:set package 'turtlebot3_manipulation_teleop' build argument 'cmake_clean_cache' from command line to 'False'
[0.175s] Level 5:colcon.colcon_core.verb:set package 'turtlebot3_manipulation_teleop' build argument 'cmake_clean_first' from command line to 'False'
[0.175s] Level 5:colcon.colcon_core.verb:set package 'turtlebot3_manipulation_teleop' build argument 'cmake_force_configure' from command line to 'False'
[0.175s] Level 5:colcon.colcon_core.verb:set package 'turtlebot3_manipulation_teleop' build argument 'ament_cmake_args' from command line to 'None'
[0.175s] Level 5:colcon.colcon_core.verb:set package 'turtlebot3_manipulation_teleop' build argument 'catkin_cmake_args' from command line to 'None'
[0.175s] Level 5:colcon.colcon_core.verb:set package 'turtlebot3_manipulation_teleop' build argument 'catkin_skip_building_tests' from command line to 'False'
[0.175s] DEBUG:colcon.colcon_core.verb:Building package 'turtlebot3_manipulation_teleop' with the following arguments: {'ament_cmake_args': None, 'build_base': '/home/ciderlab-server3/workspace/2026_industry_cowork/IsaacSim-ros_workspaces/humble_ws/build/turtlebot3_manipulation_teleop', 'catkin_cmake_args': None, 'catkin_skip_building_tests': False, 'cmake_args': None, 'cmake_clean_cache': False, 'cmake_clean_first': False, 'cmake_force_configure': False, 'cmake_target': None, 'cmake_target_skip_unavailable': False, 'install_base': '/home/ciderlab-server3/workspace/2026_industry_cowork/IsaacSim-ros_workspaces/humble_ws/install/turtlebot3_manipulation_teleop', 'merge_install': False, 'path': '/home/ciderlab-server3/workspace/2026_industry_cowork/IsaacSim-ros_workspaces/humble_ws/src/turtlebot3_manipulation/turtlebot3_manipulation_teleop', 'symlink_install': False, 'test_result_base': None}
[0.175s] Level 5:colcon.colcon_core.verb:set package 'turtlebot3_manipulation' build argument 'cmake_args' from command line to 'None'
[0.175s] Level 5:colcon.colcon_core.verb:set package 'turtlebot3_manipulation' build argument 'cmake_target' from command line to 'None'
[0.175s] Level 5:colcon.colcon_core.verb:set package 'turtlebot3_manipulation' build argument 'cmake_target_skip_unavailable' from command line to 'False'
[0.175s] Level 5:colcon.colcon_core.verb:set package 'turtlebot3_manipulation' build argument 'cmake_clean_cache' from command line to 'False'
[0.175s] Level 5:colcon.colcon_core.verb:set package 'turtlebot3_manipulation' build argument 'cmake_clean_first' from command line to 'False'
[0.175s] Level 5:colcon.colcon_core.verb:set package 'turtlebot3_manipulation' build argument 'cmake_force_configure' from command line to 'False'
[0.175s] Level 5:colcon.colcon_core.verb:set package 'turtlebot3_manipulation' build argument 'ament_cmake_args' from command line to 'None'
[0.175s] Level 5:colcon.colcon_core.verb:set package 'turtlebot3_manipulation' build argument 'catkin_cmake_args' from command line to 'None'
[0.175s] Level 5:colcon.colcon_core.verb:set package 'turtlebot3_manipulation' build argument 'catkin_skip_building_tests' from command line to 'False'
[0.175s] DEBUG:colcon.colcon_core.verb:Building package 'turtlebot3_manipulation' with the following arguments: {'ament_cmake_args': None, 'build_base': '/home/ciderlab-server3/workspace/2026_industry_cowork/IsaacSim-ros_workspaces/humble_ws/build/turtlebot3_manipulation', 'catkin_cmake_args': None, 'catkin_skip_building_tests': False, 'cmake_args': None, 'cmake_clean_cache': False, 'cmake_clean_first': False, 'cmake_force_configure': False, 'cmake_target': None, 'cmake_target_skip_unavailable': False, 'install_base': '/home/ciderlab-server3/workspace/2026_industry_cowork/IsaacSim-ros_workspaces/humble_ws/install/turtlebot3_manipulation', 'merge_install': False, 'path': '/home/ciderlab-server3/workspace/2026_industry_cowork/IsaacSim-ros_workspaces/humble_ws/src/turtlebot3_manipulation/turtlebot3_manipulation', 'symlink_install': False, 'test_result_base': None}
[0.175s] INFO:colcon.colcon_core.executor:Executing jobs using 'parallel' executor
[0.176s] DEBUG:colcon.colcon_parallel_executor.executor.parallel:run_until_complete
[0.176s] INFO:colcon.colcon_ros.task.ament_cmake.build:Building ROS package in '/home/ciderlab-server3/workspace/2026_industry_cowork/IsaacSim-ros_workspaces/humble_ws/src/turtlebot3_manipulation/turtlebot3_manipulation_description' with build type 'ament_cmake'
[0.176s] INFO:colcon.colcon_cmake.task.cmake.build:Building CMake package in '/home/ciderlab-server3/workspace/2026_industry_cowork/IsaacSim-ros_workspaces/humble_ws/src/turtlebot3_manipulation/turtlebot3_manipulation_description'
[0.177s] INFO:colcon.colcon_core.plugin_system:Skipping extension 'colcon_core.shell.bat': Not used on non-Windows systems
[0.178s] INFO:colcon.colcon_core.shell:Skip shell extension 'powershell' for command environment: Not usable outside of PowerShell
[0.178s] DEBUG:colcon.colcon_core.shell:Skip shell extension 'dsv' for command environment
[0.180s] INFO:colcon.colcon_ros.task.ament_cmake.build:Building ROS package in '/home/ciderlab-server3/workspace/2026_industry_cowork/IsaacSim-ros_workspaces/humble_ws/src/turtlebot3_manipulation/turtlebot3_manipulation_cartographer' with build type 'ament_cmake'
[0.180s] INFO:colcon.colcon_cmake.task.cmake.build:Building CMake package in '/home/ciderlab-server3/workspace/2026_industry_cowork/IsaacSim-ros_workspaces/humble_ws/src/turtlebot3_manipulation/turtlebot3_manipulation_cartographer'
[0.180s] INFO:colcon.colcon_core.shell:Skip shell extension 'powershell' for command environment: Not usable outside of PowerShell
[0.180s] DEBUG:colcon.colcon_core.shell:Skip shell extension 'dsv' for command environment
[0.183s] INFO:colcon.colcon_ros.task.ament_cmake.build:Building ROS package in '/home/ciderlab-server3/workspace/2026_industry_cowork/IsaacSim-ros_workspaces/humble_ws/src/turtlebot3_manipulation/turtlebot3_manipulation_hardware' with build type 'ament_cmake'
[0.183s] INFO:colcon.colcon_cmake.task.cmake.build:Building CMake package in '/home/ciderlab-server3/workspace/2026_industry_cowork/IsaacSim-ros_workspaces/humble_ws/src/turtlebot3_manipulation/turtlebot3_manipulation_hardware'
[0.183s] INFO:colcon.colcon_core.shell:Skip shell extension 'powershell' for command environment: Not usable outside of PowerShell
[0.183s] DEBUG:colcon.colcon_core.shell:Skip shell extension 'dsv' for command environment
[0.185s] INFO:colcon.colcon_ros.task.ament_cmake.build:Building ROS package in '/home/ciderlab-server3/workspace/2026_industry_cowork/IsaacSim-ros_workspaces/humble_ws/src/turtlebot3_manipulation/turtlebot3_manipulation_navigation2' with build type 'ament_cmake'
[0.185s] INFO:colcon.colcon_cmake.task.cmake.build:Building CMake package in '/home/ciderlab-server3/workspace/2026_industry_cowork/IsaacSim-ros_workspaces/humble_ws/src/turtlebot3_manipulation/turtlebot3_manipulation_navigation2'
[0.185s] INFO:colcon.colcon_core.shell:Skip shell extension 'powershell' for command environment: Not usable outside of PowerShell
[0.185s] DEBUG:colcon.colcon_core.shell:Skip shell extension 'dsv' for command environment
[0.188s] INFO:colcon.colcon_ros.task.ament_cmake.build:Building ROS package in '/home/ciderlab-server3/workspace/2026_industry_cowork/IsaacSim-ros_workspaces/humble_ws/src/navigation/carter_navigation' with build type 'ament_cmake'
[0.188s] INFO:colcon.colcon_cmake.task.cmake.build:Building CMake package in '/home/ciderlab-server3/workspace/2026_industry_cowork/IsaacSim-ros_workspaces/humble_ws/src/navigation/carter_navigation'
[0.189s] INFO:colcon.colcon_core.shell:Skip shell extension 'powershell' for command environment: Not usable outside of PowerShell
[0.189s] DEBUG:colcon.colcon_core.shell:Skip shell extension 'dsv' for command environment
[0.192s] INFO:colcon.colcon_ros.task.ament_python.build:Building ROS package in '/home/ciderlab-server3/workspace/2026_industry_cowork/IsaacSim-ros_workspaces/humble_ws/src/ackermann_control/cmdvel_to_ackermann' with build type 'ament_python'
[0.192s] Level 1:colcon.colcon_core.shell:create_environment_hook('cmdvel_to_ackermann', 'ament_prefix_path')
[0.192s] INFO:colcon.colcon_core.shell:Creating environment hook '/home/ciderlab-server3/workspace/2026_industry_cowork/IsaacSim-ros_workspaces/humble_ws/install/cmdvel_to_ackermann/share/cmdvel_to_ackermann/hook/ament_prefix_path.ps1'
[0.192s] INFO:colcon.colcon_core.shell:Creating environment descriptor '/home/ciderlab-server3/workspace/2026_industry_cowork/IsaacSim-ros_workspaces/humble_ws/install/cmdvel_to_ackermann/share/cmdvel_to_ackermann/hook/ament_prefix_path.dsv'
[0.192s] INFO:colcon.colcon_core.shell:Creating environment hook '/home/ciderlab-server3/workspace/2026_industry_cowork/IsaacSim-ros_workspaces/humble_ws/install/cmdvel_to_ackermann/share/cmdvel_to_ackermann/hook/ament_prefix_path.sh'
[0.193s] INFO:colcon.colcon_core.shell:Skip shell extension 'powershell' for command environment: Not usable outside of PowerShell
[0.193s] DEBUG:colcon.colcon_core.shell:Skip shell extension 'dsv' for command environment
[0.195s] INFO:colcon.colcon_ros.task.ament_cmake.build:Building ROS package in '/home/ciderlab-server3/workspace/2026_industry_cowork/IsaacSim-ros_workspaces/humble_ws/src/custom_message' with build type 'ament_cmake'
[0.195s] INFO:colcon.colcon_cmake.task.cmake.build:Building CMake package in '/home/ciderlab-server3/workspace/2026_industry_cowork/IsaacSim-ros_workspaces/humble_ws/src/custom_message'
[0.195s] INFO:colcon.colcon_core.shell:Skip shell extension 'powershell' for command environment: Not usable outside of PowerShell
[0.195s] DEBUG:colcon.colcon_core.shell:Skip shell extension 'dsv' for command environment
[0.197s] INFO:colcon.colcon_ros.task.ament_python.build:Building ROS package in '/home/ciderlab-server3/workspace/2026_industry_cowork/IsaacSim-ros_workspaces/humble_ws/src/humanoid_locomotion_policy_example/h1_fullbody_controller' with build type 'ament_python'
[0.197s] Level 1:colcon.colcon_core.shell:create_environment_hook('h1_fullbody_controller', 'ament_prefix_path')
[0.197s] INFO:colcon.colcon_core.shell:Creating environment hook '/home/ciderlab-server3/workspace/2026_industry_cowork/IsaacSim-ros_workspaces/humble_ws/install/h1_fullbody_controller/share/h1_fullbody_controller/hook/ament_prefix_path.ps1'
[0.197s] INFO:colcon.colcon_core.shell:Creating environment descriptor '/home/ciderlab-server3/workspace/2026_industry_cowork/IsaacSim-ros_workspaces/humble_ws/install/h1_fullbody_controller/share/h1_fullbody_controller/hook/ament_prefix_path.dsv'
[0.197s] INFO:colcon.colcon_core.shell:Creating environment hook '/home/ciderlab-server3/workspace/2026_industry_cowork/IsaacSim-ros_workspaces/humble_ws/install/h1_fullbody_controller/share/h1_fullbody_controller/hook/ament_prefix_path.sh'
[0.197s] INFO:colcon.colcon_core.shell:Skip shell extension 'powershell' for command environment: Not usable outside of PowerShell
[0.197s] DEBUG:colcon.colcon_core.shell:Skip shell extension 'dsv' for command environment
[0.200s] INFO:colcon.colcon_ros.task.ament_python.build:Building ROS package in '/home/ciderlab-server3/workspace/2026_industry_cowork/IsaacSim-ros_workspaces/humble_ws/src/isaac_compressed_image_decoder' with build type 'ament_python'
[0.200s] Level 1:colcon.colcon_core.shell:create_environment_hook('isaac_compressed_image_decoder', 'ament_prefix_path')
[0.200s] INFO:colcon.colcon_core.shell:Creating environment hook '/home/ciderlab-server3/workspace/2026_industry_cowork/IsaacSim-ros_workspaces/humble_ws/install/isaac_compressed_image_decoder/share/isaac_compressed_image_decoder/hook/ament_prefix_path.ps1'
[0.200s] INFO:colcon.colcon_core.shell:Creating environment descriptor '/home/ciderlab-server3/workspace/2026_industry_cowork/IsaacSim-ros_workspaces/humble_ws/install/isaac_compressed_image_decoder/share/isaac_compressed_image_decoder/hook/ament_prefix_path.dsv'
[0.200s] INFO:colcon.colcon_core.shell:Creating environment hook '/home/ciderlab-server3/workspace/2026_industry_cowork/IsaacSim-ros_workspaces/humble_ws/install/isaac_compressed_image_decoder/share/isaac_compressed_image_decoder/hook/ament_prefix_path.sh'
[0.200s] INFO:colcon.colcon_core.shell:Skip shell extension 'powershell' for command environment: Not usable outside of PowerShell
[0.200s] DEBUG:colcon.colcon_core.shell:Skip shell extension 'dsv' for command environment
[0.203s] INFO:colcon.colcon_ros.task.ament_python.build:Building ROS package in '/home/ciderlab-server3/workspace/2026_industry_cowork/IsaacSim-ros_workspaces/humble_ws/src/moveit/isaac_moveit' with build type 'ament_python'
[0.203s] Level 1:colcon.colcon_core.shell:create_environment_hook('isaac_moveit', 'ament_prefix_path')
[0.203s] INFO:colcon.colcon_core.shell:Creating environment hook '/home/ciderlab-server3/workspace/2026_industry_cowork/IsaacSim-ros_workspaces/humble_ws/install/isaac_moveit/share/isaac_moveit/hook/ament_prefix_path.ps1'
[0.203s] INFO:colcon.colcon_core.shell:Creating environment descriptor '/home/ciderlab-server3/workspace/2026_industry_cowork/IsaacSim-ros_workspaces/humble_ws/install/isaac_moveit/share/isaac_moveit/hook/ament_prefix_path.dsv'
[0.203s] INFO:colcon.colcon_core.shell:Creating environment hook '/home/ciderlab-server3/workspace/2026_industry_cowork/IsaacSim-ros_workspaces/humble_ws/install/isaac_moveit/share/isaac_moveit/hook/ament_prefix_path.sh'
[0.203s] INFO:colcon.colcon_core.shell:Skip shell extension 'powershell' for command environment: Not usable outside of PowerShell
[0.203s] DEBUG:colcon.colcon_core.shell:Skip shell extension 'dsv' for command environment
[0.206s] INFO:colcon.colcon_ros.task.ament_cmake.build:Building ROS package in '/home/ciderlab-server3/workspace/2026_industry_cowork/IsaacSim-ros_workspaces/humble_ws/src/isaac_ros2_messages' with build type 'ament_cmake'
[0.206s] INFO:colcon.colcon_cmake.task.cmake.build:Building CMake package in '/home/ciderlab-server3/workspace/2026_industry_cowork/IsaacSim-ros_workspaces/humble_ws/src/isaac_ros2_messages'
[0.206s] INFO:colcon.colcon_core.shell:Skip shell extension 'powershell' for command environment: Not usable outside of PowerShell
[0.206s] DEBUG:colcon.colcon_core.shell:Skip shell extension 'dsv' for command environment
[0.208s] INFO:colcon.colcon_ros.task.ament_python.build:Building ROS package in '/home/ciderlab-server3/workspace/2026_industry_cowork/IsaacSim-ros_workspaces/humble_ws/src/navigation/isaac_ros_navigation_goal' with build type 'ament_python'
[0.208s] Level 1:colcon.colcon_core.shell:create_environment_hook('isaac_ros_navigation_goal', 'ament_prefix_path')
[0.208s] INFO:colcon.colcon_core.shell:Creating environment hook '/home/ciderlab-server3/workspace/2026_industry_cowork/IsaacSim-ros_workspaces/humble_ws/install/isaac_ros_navigation_goal/share/isaac_ros_navigation_goal/hook/ament_prefix_path.ps1'
[0.209s] INFO:colcon.colcon_core.shell:Creating environment descriptor '/home/ciderlab-server3/workspace/2026_industry_cowork/IsaacSim-ros_workspaces/humble_ws/install/isaac_ros_navigation_goal/share/isaac_ros_navigation_goal/hook/ament_prefix_path.dsv'
[0.209s] INFO:colcon.colcon_core.shell:Creating environment hook '/home/ciderlab-server3/workspace/2026_industry_cowork/IsaacSim-ros_workspaces/humble_ws/install/isaac_ros_navigation_goal/share/isaac_ros_navigation_goal/hook/ament_prefix_path.sh'
[0.209s] INFO:colcon.colcon_core.shell:Skip shell extension 'powershell' for command environment: Not usable outside of PowerShell
[0.209s] DEBUG:colcon.colcon_core.shell:Skip shell extension 'dsv' for command environment
[0.212s] INFO:colcon.colcon_ros.task.ament_cmake.build:Building ROS package in '/home/ciderlab-server3/workspace/2026_industry_cowork/IsaacSim-ros_workspaces/humble_ws/src/isaac_tutorials' with build type 'ament_cmake'
[0.212s] INFO:colcon.colcon_cmake.task.cmake.build:Building CMake package in '/home/ciderlab-server3/workspace/2026_industry_cowork/IsaacSim-ros_workspaces/humble_ws/src/isaac_tutorials'
[0.212s] INFO:colcon.colcon_core.shell:Skip shell extension 'powershell' for command environment: Not usable outside of PowerShell
[0.212s] DEBUG:colcon.colcon_core.shell:Skip shell extension 'dsv' for command environment
[0.214s] INFO:colcon.colcon_ros.task.ament_python.build:Building ROS package in '/home/ciderlab-server3/workspace/2026_industry_cowork/IsaacSim-ros_workspaces/humble_ws/src/isaacsim_bringup' with build type 'ament_python'
[0.214s] Level 1:colcon.colcon_core.shell:create_environment_hook('isaacsim_bringup', 'ament_prefix_path')
[0.215s] INFO:colcon.colcon_core.shell:Creating environment hook '/home/ciderlab-server3/workspace/2026_industry_cowork/IsaacSim-ros_workspaces/humble_ws/install/isaacsim_bringup/share/isaacsim_bringup/hook/ament_prefix_path.ps1'
[0.216s] INFO:colcon.colcon_core.shell:Creating environment descriptor '/home/ciderlab-server3/workspace/2026_industry_cowork/IsaacSim-ros_workspaces/humble_ws/install/isaacsim_bringup/share/isaacsim_bringup/hook/ament_prefix_path.dsv'
[0.216s] INFO:colcon.colcon_core.shell:Creating environment hook '/home/ciderlab-server3/workspace/2026_industry_cowork/IsaacSim-ros_workspaces/humble_ws/install/isaacsim_bringup/share/isaacsim_bringup/hook/ament_prefix_path.sh'
[0.216s] INFO:colcon.colcon_core.shell:Skip shell extension 'powershell' for command environment: Not usable outside of PowerShell
[0.216s] DEBUG:colcon.colcon_core.shell:Skip shell extension 'dsv' for command environment
[0.218s] INFO:colcon.colcon_ros.task.ament_cmake.build:Building ROS package in '/home/ciderlab-server3/workspace/2026_industry_cowork/IsaacSim-ros_workspaces/humble_ws/src/navigation/isaacsim_clearpath_nav2' with build type 'ament_cmake'
[0.218s] INFO:colcon.colcon_cmake.task.cmake.build:Building CMake package in '/home/ciderlab-server3/workspace/2026_industry_cowork/IsaacSim-ros_workspaces/humble_ws/src/navigation/isaacsim_clearpath_nav2'
[0.219s] INFO:colcon.colcon_core.shell:Skip shell extension 'powershell' for command environment: Not usable outside of PowerShell
[0.219s] DEBUG:colcon.colcon_core.shell:Skip shell extension 'dsv' for command environment
[0.221s] INFO:colcon.colcon_ros.task.ament_cmake.build:Building ROS package in '/home/ciderlab-server3/workspace/2026_industry_cowork/IsaacSim-ros_workspaces/humble_ws/src/navigation/iw_hub_navigation' with build type 'ament_cmake'
[0.221s] INFO:colcon.colcon_cmake.task.cmake.build:Building CMake package in '/home/ciderlab-server3/workspace/2026_industry_cowork/IsaacSim-ros_workspaces/humble_ws/src/navigation/iw_hub_navigation'
[0.221s] INFO:colcon.colcon_core.shell:Skip shell extension 'powershell' for command environment: Not usable outside of PowerShell
[0.221s] DEBUG:colcon.colcon_core.shell:Skip shell extension 'dsv' for command environment
[0.226s] DEBUG:colcon.colcon_core.event_handler.log_command:Invoking command in '/home/ciderlab-server3/workspace/2026_industry_cowork/IsaacSim-ros_workspaces/humble_ws/build/turtlebot3_manipulation_description': CMAKE_PREFIX_PATH=${CMAKE_PREFIX_PATH}:/home/ciderlab-server3/turtlebot3_ws/install/turtlebot3_teleop:/home/ciderlab-server3/turtlebot3_ws/install/turtlebot3_example:/home/ciderlab-server3/turtlebot3_ws/install/turtlebot3_dqn:/home/ciderlab-server3/turtlebot3_ws/install/turtlebot3_home_service_challenge_core:/home/ciderlab-server3/turtlebot3_ws/install/turtlebot3_home_service_challenge_aruco:/opt/ros/humble /usr/bin/cmake /home/ciderlab-server3/workspace/2026_industry_cowork/IsaacSim-ros_workspaces/humble_ws/src/turtlebot3_manipulation/turtlebot3_manipulation_description -DCMAKE_INSTALL_PREFIX=/home/ciderlab-server3/workspace/2026_industry_cowork/IsaacSim-ros_workspaces/humble_ws/install/turtlebot3_manipulation_description
[0.230s] DEBUG:colcon.colcon_core.event_handler.log_command:Invoking command in '/home/ciderlab-server3/workspace/2026_industry_cowork/IsaacSim-ros_workspaces/humble_ws/build/turtlebot3_manipulation_cartographer': CMAKE_PREFIX_PATH=${CMAKE_PREFIX_PATH}:/home/ciderlab-server3/turtlebot3_ws/install/turtlebot3_teleop:/home/ciderlab-server3/turtlebot3_ws/install/turtlebot3_example:/home/ciderlab-server3/turtlebot3_ws/install/turtlebot3_dqn:/home/ciderlab-server3/turtlebot3_ws/install/turtlebot3_home_service_challenge_core:/home/ciderlab-server3/turtlebot3_ws/install/turtlebot3_home_service_challenge_aruco:/opt/ros/humble /usr/bin/cmake /home/ciderlab-server3/workspace/2026_industry_cowork/IsaacSim-ros_workspaces/humble_ws/src/turtlebot3_manipulation/turtlebot3_manipulation_cartographer -DCMAKE_INSTALL_PREFIX=/home/ciderlab-server3/workspace/2026_industry_cowork/IsaacSim-ros_workspaces/humble_ws/install/turtlebot3_manipulation_cartographer
[0.231s] DEBUG:colcon.colcon_core.event_handler.log_command:Invoking command in '/home/ciderlab-server3/workspace/2026_industry_cowork/IsaacSim-ros_workspaces/humble_ws/build/turtlebot3_manipulation_hardware': CMAKE_PREFIX_PATH=${CMAKE_PREFIX_PATH}:/home/ciderlab-server3/turtlebot3_ws/install/turtlebot3_teleop:/home/ciderlab-server3/turtlebot3_ws/install/turtlebot3_example:/home/ciderlab-server3/turtlebot3_ws/install/turtlebot3_dqn:/home/ciderlab-server3/turtlebot3_ws/install/turtlebot3_home_service_challenge_core:/home/ciderlab-server3/turtlebot3_ws/install/turtlebot3_home_service_challenge_aruco:/opt/ros/humble /usr/bin/cmake /home/ciderlab-server3/workspace/2026_industry_cowork/IsaacSim-ros_workspaces/humble_ws/src/turtlebot3_manipulation/turtlebot3_manipulation_hardware -DCMAKE_INSTALL_PREFIX=/home/ciderlab-server3/workspace/2026_industry_cowork/IsaacSim-ros_workspaces/humble_ws/install/turtlebot3_manipulation_hardware
[0.233s] DEBUG:colcon.colcon_core.event_handler.log_command:Invoking command in '/home/ciderlab-server3/workspace/2026_industry_cowork/IsaacSim-ros_workspaces/humble_ws/build/turtlebot3_manipulation_navigation2': CMAKE_PREFIX_PATH=${CMAKE_PREFIX_PATH}:/home/ciderlab-server3/turtlebot3_ws/install/turtlebot3_teleop:/home/ciderlab-server3/turtlebot3_ws/install/turtlebot3_example:/home/ciderlab-server3/turtlebot3_ws/install/turtlebot3_dqn:/home/ciderlab-server3/turtlebot3_ws/install/turtlebot3_home_service_challenge_core:/home/ciderlab-server3/turtlebot3_ws/install/turtlebot3_home_service_challenge_aruco:/opt/ros/humble /usr/bin/cmake /home/ciderlab-server3/workspace/2026_industry_cowork/IsaacSim-ros_workspaces/humble_ws/src/turtlebot3_manipulation/turtlebot3_manipulation_navigation2 -DCMAKE_INSTALL_PREFIX=/home/ciderlab-server3/workspace/2026_industry_cowork/IsaacSim-ros_workspaces/humble_ws/install/turtlebot3_manipulation_navigation2
[0.234s] DEBUG:colcon.colcon_core.event_handler.log_command:Invoking command in '/home/ciderlab-server3/workspace/2026_industry_cowork/IsaacSim-ros_workspaces/humble_ws/build/carter_navigation': CMAKE_PREFIX_PATH=${CMAKE_PREFIX_PATH}:/home/ciderlab-server3/turtlebot3_ws/install/turtlebot3_teleop:/home/ciderlab-server3/turtlebot3_ws/install/turtlebot3_example:/home/ciderlab-server3/turtlebot3_ws/install/turtlebot3_dqn:/home/ciderlab-server3/turtlebot3_ws/install/turtlebot3_home_service_challenge_core:/home/ciderlab-server3/turtlebot3_ws/install/turtlebot3_home_service_challenge_aruco:/opt/ros/humble /usr/bin/cmake /home/ciderlab-server3/workspace/2026_industry_cowork/IsaacSim-ros_workspaces/humble_ws/src/navigation/carter_navigation -DCMAKE_INSTALL_PREFIX=/home/ciderlab-server3/workspace/2026_industry_cowork/IsaacSim-ros_workspaces/humble_ws/install/carter_navigation
[0.352s] INFO:colcon.colcon_core.task.python.build:Building Python package in '/home/ciderlab-server3/workspace/2026_industry_cowork/IsaacSim-ros_workspaces/humble_ws/src/ackermann_control/cmdvel_to_ackermann'
[0.352s] INFO:colcon.colcon_core.shell:Skip shell extension 'powershell' for command environment: Not usable outside of PowerShell
[0.352s] DEBUG:colcon.colcon_core.shell:Skip shell extension 'dsv' for command environment
[0.359s] DEBUG:colcon.colcon_core.event_handler.log_command:Invoking command in '/home/ciderlab-server3/workspace/2026_industry_cowork/IsaacSim-ros_workspaces/humble_ws/build/custom_message': CMAKE_PREFIX_PATH=${CMAKE_PREFIX_PATH}:/home/ciderlab-server3/turtlebot3_ws/install/turtlebot3_teleop:/home/ciderlab-server3/turtlebot3_ws/install/turtlebot3_example:/home/ciderlab-server3/turtlebot3_ws/install/turtlebot3_dqn:/home/ciderlab-server3/turtlebot3_ws/install/turtlebot3_home_service_challenge_core:/home/ciderlab-server3/turtlebot3_ws/install/turtlebot3_home_service_challenge_aruco:/opt/ros/humble /usr/bin/cmake /home/ciderlab-server3/workspace/2026_industry_cowork/IsaacSim-ros_workspaces/humble_ws/src/custom_message -DCMAKE_INSTALL_PREFIX=/home/ciderlab-server3/workspace/2026_industry_cowork/IsaacSim-ros_workspaces/humble_ws/install/custom_message
[0.462s] INFO:colcon.colcon_core.task.python.build:Building Python package in '/home/ciderlab-server3/workspace/2026_industry_cowork/IsaacSim-ros_workspaces/humble_ws/src/humanoid_locomotion_policy_example/h1_fullbody_controller'
[0.462s] INFO:colcon.colcon_core.shell:Skip shell extension 'powershell' for command environment: Not usable outside of PowerShell
[0.462s] DEBUG:colcon.colcon_core.shell:Skip shell extension 'dsv' for command environment
[0.574s] INFO:colcon.colcon_core.task.python.build:Building Python package in '/home/ciderlab-server3/workspace/2026_industry_cowork/IsaacSim-ros_workspaces/humble_ws/src/isaac_compressed_image_decoder'
[0.574s] INFO:colcon.colcon_core.shell:Skip shell extension 'powershell' for command environment: Not usable outside of PowerShell
[0.574s] DEBUG:colcon.colcon_core.shell:Skip shell extension 'dsv' for command environment
[0.679s] INFO:colcon.colcon_core.task.python.build:Building Python package in '/home/ciderlab-server3/workspace/2026_industry_cowork/IsaacSim-ros_workspaces/humble_ws/src/moveit/isaac_moveit'
[0.679s] INFO:colcon.colcon_core.shell:Skip shell extension 'powershell' for command environment: Not usable outside of PowerShell
[0.679s] DEBUG:colcon.colcon_core.shell:Skip shell extension 'dsv' for command environment
[0.683s] DEBUG:colcon.colcon_core.event_handler.log_command:Invoking command in '/home/ciderlab-server3/workspace/2026_industry_cowork/IsaacSim-ros_workspaces/humble_ws/build/isaac_ros2_messages': CMAKE_PREFIX_PATH=${CMAKE_PREFIX_PATH}:/home/ciderlab-server3/turtlebot3_ws/install/turtlebot3_teleop:/home/ciderlab-server3/turtlebot3_ws/install/turtlebot3_example:/home/ciderlab-server3/turtlebot3_ws/install/turtlebot3_dqn:/home/ciderlab-server3/turtlebot3_ws/install/turtlebot3_home_service_challenge_core:/home/ciderlab-server3/turtlebot3_ws/install/turtlebot3_home_service_challenge_aruco:/opt/ros/humble /usr/bin/cmake /home/ciderlab-server3/workspace/2026_industry_cowork/IsaacSim-ros_workspaces/humble_ws/src/isaac_ros2_messages -DCMAKE_INSTALL_PREFIX=/home/ciderlab-server3/workspace/2026_industry_cowork/IsaacSim-ros_workspaces/humble_ws/install/isaac_ros2_messages
[0.791s] INFO:colcon.colcon_core.task.python.build:Building Python package in '/home/ciderlab-server3/workspace/2026_industry_cowork/IsaacSim-ros_workspaces/humble_ws/src/navigation/isaac_ros_navigation_goal'
[0.791s] INFO:colcon.colcon_core.shell:Skip shell extension 'powershell' for command environment: Not usable outside of PowerShell
[0.791s] DEBUG:colcon.colcon_core.shell:Skip shell extension 'dsv' for command environment
[0.797s] DEBUG:colcon.colcon_core.event_handler.log_command:Invoking command in '/home/ciderlab-server3/workspace/2026_industry_cowork/IsaacSim-ros_workspaces/humble_ws/build/isaac_tutorials': CMAKE_PREFIX_PATH=${CMAKE_PREFIX_PATH}:/home/ciderlab-server3/turtlebot3_ws/install/turtlebot3_teleop:/home/ciderlab-server3/turtlebot3_ws/install/turtlebot3_example:/home/ciderlab-server3/turtlebot3_ws/install/turtlebot3_dqn:/home/ciderlab-server3/turtlebot3_ws/install/turtlebot3_home_service_challenge_core:/home/ciderlab-server3/turtlebot3_ws/install/turtlebot3_home_service_challenge_aruco:/opt/ros/humble /usr/bin/cmake /home/ciderlab-server3/workspace/2026_industry_cowork/IsaacSim-ros_workspaces/humble_ws/src/isaac_tutorials -DCMAKE_INSTALL_PREFIX=/home/ciderlab-server3/workspace/2026_industry_cowork/IsaacSim-ros_workspaces/humble_ws/install/isaac_tutorials
[0.910s] INFO:colcon.colcon_core.task.python.build:Building Python package in '/home/ciderlab-server3/workspace/2026_industry_cowork/IsaacSim-ros_workspaces/humble_ws/src/isaacsim_bringup'
[0.910s] INFO:colcon.colcon_core.shell:Skip shell extension 'powershell' for command environment: Not usable outside of PowerShell
[0.910s] DEBUG:colcon.colcon_core.shell:Skip shell extension 'dsv' for command environment
[0.915s] DEBUG:colcon.colcon_core.event_handler.log_command:Invoking command in '/home/ciderlab-server3/workspace/2026_industry_cowork/IsaacSim-ros_workspaces/humble_ws/build/isaacsim_clearpath_nav2': CMAKE_PREFIX_PATH=${CMAKE_PREFIX_PATH}:/home/ciderlab-server3/turtlebot3_ws/install/turtlebot3_teleop:/home/ciderlab-server3/turtlebot3_ws/install/turtlebot3_example:/home/ciderlab-server3/turtlebot3_ws/install/turtlebot3_dqn:/home/ciderlab-server3/turtlebot3_ws/install/turtlebot3_home_service_challenge_core:/home/ciderlab-server3/turtlebot3_ws/install/turtlebot3_home_service_challenge_aruco:/opt/ros/humble /usr/bin/cmake /home/ciderlab-server3/workspace/2026_industry_cowork/IsaacSim-ros_workspaces/humble_ws/src/navigation/isaacsim_clearpath_nav2 -DCMAKE_INSTALL_PREFIX=/home/ciderlab-server3/workspace/2026_industry_cowork/IsaacSim-ros_workspaces/humble_ws/install/isaacsim_clearpath_nav2
[0.917s] DEBUG:colcon.colcon_core.event_handler.log_command:Invoking command in '/home/ciderlab-server3/workspace/2026_industry_cowork/IsaacSim-ros_workspaces/humble_ws/build/iw_hub_navigation': CMAKE_PREFIX_PATH=${CMAKE_PREFIX_PATH}:/home/ciderlab-server3/turtlebot3_ws/install/turtlebot3_teleop:/home/ciderlab-server3/turtlebot3_ws/install/turtlebot3_example:/home/ciderlab-server3/turtlebot3_ws/install/turtlebot3_dqn:/home/ciderlab-server3/turtlebot3_ws/install/turtlebot3_home_service_challenge_core:/home/ciderlab-server3/turtlebot3_ws/install/turtlebot3_home_service_challenge_aruco:/opt/ros/humble /usr/bin/cmake /home/ciderlab-server3/workspace/2026_industry_cowork/IsaacSim-ros_workspaces/humble_ws/src/navigation/iw_hub_navigation -DCMAKE_INSTALL_PREFIX=/home/ciderlab-server3/workspace/2026_industry_cowork/IsaacSim-ros_workspaces/humble_ws/install/iw_hub_navigation
[0.924s] DEBUG:colcon.colcon_core.event_handler.log_command:Invoked command in '/home/ciderlab-server3/workspace/2026_industry_cowork/IsaacSim-ros_workspaces/humble_ws/build/turtlebot3_manipulation_cartographer' returned '0': CMAKE_PREFIX_PATH=${CMAKE_PREFIX_PATH}:/home/ciderlab-server3/turtlebot3_ws/install/turtlebot3_teleop:/home/ciderlab-server3/turtlebot3_ws/install/turtlebot3_example:/home/ciderlab-server3/turtlebot3_ws/install/turtlebot3_dqn:/home/ciderlab-server3/turtlebot3_ws/install/turtlebot3_home_service_challenge_core:/home/ciderlab-server3/turtlebot3_ws/install/turtlebot3_home_service_challenge_aruco:/opt/ros/humble /usr/bin/cmake /home/ciderlab-server3/workspace/2026_industry_cowork/IsaacSim-ros_workspaces/humble_ws/src/turtlebot3_manipulation/turtlebot3_manipulation_cartographer -DCMAKE_INSTALL_PREFIX=/home/ciderlab-server3/workspace/2026_industry_cowork/IsaacSim-ros_workspaces/humble_ws/install/turtlebot3_manipulation_cartographer
[0.924s] DEBUG:colcon.colcon_core.event_handler.log_command:Invoking command in '/home/ciderlab-server3/workspace/2026_industry_cowork/IsaacSim-ros_workspaces/humble_ws/build/turtlebot3_manipulation_cartographer': CMAKE_PREFIX_PATH=${CMAKE_PREFIX_PATH}:/home/ciderlab-server3/turtlebot3_ws/install/turtlebot3_teleop:/home/ciderlab-server3/turtlebot3_ws/install/turtlebot3_example:/home/ciderlab-server3/turtlebot3_ws/install/turtlebot3_dqn:/home/ciderlab-server3/turtlebot3_ws/install/turtlebot3_home_service_challenge_core:/home/ciderlab-server3/turtlebot3_ws/install/turtlebot3_home_service_challenge_aruco:/opt/ros/humble /usr/bin/cmake --build /home/ciderlab-server3/workspace/2026_industry_cowork/IsaacSim-ros_workspaces/humble_ws/build/turtlebot3_manipulation_cartographer -- -j24 -l24
[0.925s] DEBUG:colcon.colcon_core.event_handler.log_command:Invoked command in '/home/ciderlab-server3/workspace/2026_industry_cowork/IsaacSim-ros_workspaces/humble_ws/build/turtlebot3_manipulation_navigation2' returned '0': CMAKE_PREFIX_PATH=${CMAKE_PREFIX_PATH}:/home/ciderlab-server3/turtlebot3_ws/install/turtlebot3_teleop:/home/ciderlab-server3/turtlebot3_ws/install/turtlebot3_example:/home/ciderlab-server3/turtlebot3_ws/install/turtlebot3_dqn:/home/ciderlab-server3/turtlebot3_ws/install/turtlebot3_home_service_challenge_core:/home/ciderlab-server3/turtlebot3_ws/install/turtlebot3_home_service_challenge_aruco:/opt/ros/humble /usr/bin/cmake /home/ciderlab-server3/workspace/2026_industry_cowork/IsaacSim-ros_workspaces/humble_ws/src/turtlebot3_manipulation/turtlebot3_manipulation_navigation2 -DCMAKE_INSTALL_PREFIX=/home/ciderlab-server3/workspace/2026_industry_cowork/IsaacSim-ros_workspaces/humble_ws/install/turtlebot3_manipulation_navigation2
[0.925s] DEBUG:colcon.colcon_core.event_handler.log_command:Invoking command in '/home/ciderlab-server3/workspace/2026_industry_cowork/IsaacSim-ros_workspaces/humble_ws/build/turtlebot3_manipulation_navigation2': CMAKE_PREFIX_PATH=${CMAKE_PREFIX_PATH}:/home/ciderlab-server3/turtlebot3_ws/install/turtlebot3_teleop:/home/ciderlab-server3/turtlebot3_ws/install/turtlebot3_example:/home/ciderlab-server3/turtlebot3_ws/install/turtlebot3_dqn:/home/ciderlab-server3/turtlebot3_ws/install/turtlebot3_home_service_challenge_core:/home/ciderlab-server3/turtlebot3_ws/install/turtlebot3_home_service_challenge_aruco:/opt/ros/humble /usr/bin/cmake --build /home/ciderlab-server3/workspace/2026_industry_cowork/IsaacSim-ros_workspaces/humble_ws/build/turtlebot3_manipulation_navigation2 -- -j24 -l24
[0.926s] DEBUG:colcon.colcon_core.event_handler.log_command:Invoked command in '/home/ciderlab-server3/workspace/2026_industry_cowork/IsaacSim-ros_workspaces/humble_ws/build/turtlebot3_manipulation_description' returned '0': CMAKE_PREFIX_PATH=${CMAKE_PREFIX_PATH}:/home/ciderlab-server3/turtlebot3_ws/install/turtlebot3_teleop:/home/ciderlab-server3/turtlebot3_ws/install/turtlebot3_example:/home/ciderlab-server3/turtlebot3_ws/install/turtlebot3_dqn:/home/ciderlab-server3/turtlebot3_ws/install/turtlebot3_home_service_challenge_core:/home/ciderlab-server3/turtlebot3_ws/install/turtlebot3_home_service_challenge_aruco:/opt/ros/humble /usr/bin/cmake /home/ciderlab-server3/workspace/2026_industry_cowork/IsaacSim-ros_workspaces/humble_ws/src/turtlebot3_manipulation/turtlebot3_manipulation_description -DCMAKE_INSTALL_PREFIX=/home/ciderlab-server3/workspace/2026_industry_cowork/IsaacSim-ros_workspaces/humble_ws/install/turtlebot3_manipulation_description
[0.926s] DEBUG:colcon.colcon_core.event_handler.log_command:Invoking command in '/home/ciderlab-server3/workspace/2026_industry_cowork/IsaacSim-ros_workspaces/humble_ws/build/turtlebot3_manipulation_description': CMAKE_PREFIX_PATH=${CMAKE_PREFIX_PATH}:/home/ciderlab-server3/turtlebot3_ws/install/turtlebot3_teleop:/home/ciderlab-server3/turtlebot3_ws/install/turtlebot3_example:/home/ciderlab-server3/turtlebot3_ws/install/turtlebot3_dqn:/home/ciderlab-server3/turtlebot3_ws/install/turtlebot3_home_service_challenge_core:/home/ciderlab-server3/turtlebot3_ws/install/turtlebot3_home_service_challenge_aruco:/opt/ros/humble /usr/bin/cmake --build /home/ciderlab-server3/workspace/2026_industry_cowork/IsaacSim-ros_workspaces/humble_ws/build/turtlebot3_manipulation_description -- -j24 -l24
[0.926s] DEBUG:colcon.colcon_core.event_handler.log_command:Invoked command in '/home/ciderlab-server3/workspace/2026_industry_cowork/IsaacSim-ros_workspaces/humble_ws/build/carter_navigation' returned '0': CMAKE_PREFIX_PATH=${CMAKE_PREFIX_PATH}:/home/ciderlab-server3/turtlebot3_ws/install/turtlebot3_teleop:/home/ciderlab-server3/turtlebot3_ws/install/turtlebot3_example:/home/ciderlab-server3/turtlebot3_ws/install/turtlebot3_dqn:/home/ciderlab-server3/turtlebot3_ws/install/turtlebot3_home_service_challenge_core:/home/ciderlab-server3/turtlebot3_ws/install/turtlebot3_home_service_challenge_aruco:/opt/ros/humble /usr/bin/cmake /home/ciderlab-server3/workspace/2026_industry_cowork/IsaacSim-ros_workspaces/humble_ws/src/navigation/carter_navigation -DCMAKE_INSTALL_PREFIX=/home/ciderlab-server3/workspace/2026_industry_cowork/IsaacSim-ros_workspaces/humble_ws/install/carter_navigation
[0.927s] DEBUG:colcon.colcon_core.event_handler.log_command:Invoking command in '/home/ciderlab-server3/workspace/2026_industry_cowork/IsaacSim-ros_workspaces/humble_ws/build/carter_navigation': CMAKE_PREFIX_PATH=${CMAKE_PREFIX_PATH}:/home/ciderlab-server3/turtlebot3_ws/install/turtlebot3_teleop:/home/ciderlab-server3/turtlebot3_ws/install/turtlebot3_example:/home/ciderlab-server3/turtlebot3_ws/install/turtlebot3_dqn:/home/ciderlab-server3/turtlebot3_ws/install/turtlebot3_home_service_challenge_core:/home/ciderlab-server3/turtlebot3_ws/install/turtlebot3_home_service_challenge_aruco:/opt/ros/humble /usr/bin/cmake --build /home/ciderlab-server3/workspace/2026_industry_cowork/IsaacSim-ros_workspaces/humble_ws/build/carter_navigation -- -j24 -l24
[0.948s] DEBUG:colcon.colcon_core.event_handler.log_command:Invoked command in '/home/ciderlab-server3/workspace/2026_industry_cowork/IsaacSim-ros_workspaces/humble_ws/build/turtlebot3_manipulation_navigation2' returned '0': CMAKE_PREFIX_PATH=${CMAKE_PREFIX_PATH}:/home/ciderlab-server3/turtlebot3_ws/install/turtlebot3_teleop:/home/ciderlab-server3/turtlebot3_ws/install/turtlebot3_example:/home/ciderlab-server3/turtlebot3_ws/install/turtlebot3_dqn:/home/ciderlab-server3/turtlebot3_ws/install/turtlebot3_home_service_challenge_core:/home/ciderlab-server3/turtlebot3_ws/install/turtlebot3_home_service_challenge_aruco:/opt/ros/humble /usr/bin/cmake --build /home/ciderlab-server3/workspace/2026_industry_cowork/IsaacSim-ros_workspaces/humble_ws/build/turtlebot3_manipulation_navigation2 -- -j24 -l24
[0.954s] DEBUG:colcon.colcon_core.event_handler.log_command:Invoking command in '/home/ciderlab-server3/workspace/2026_industry_cowork/IsaacSim-ros_workspaces/humble_ws/build/turtlebot3_manipulation_navigation2': CMAKE_PREFIX_PATH=${CMAKE_PREFIX_PATH}:/home/ciderlab-server3/turtlebot3_ws/install/turtlebot3_teleop:/home/ciderlab-server3/turtlebot3_ws/install/turtlebot3_example:/home/ciderlab-server3/turtlebot3_ws/install/turtlebot3_dqn:/home/ciderlab-server3/turtlebot3_ws/install/turtlebot3_home_service_challenge_core:/home/ciderlab-server3/turtlebot3_ws/install/turtlebot3_home_service_challenge_aruco:/opt/ros/humble /usr/bin/cmake --install /home/ciderlab-server3/workspace/2026_industry_cowork/IsaacSim-ros_workspaces/humble_ws/build/turtlebot3_manipulation_navigation2
[0.955s] DEBUG:colcon.colcon_core.event_handler.log_command:Invoked command in '/home/ciderlab-server3/workspace/2026_industry_cowork/IsaacSim-ros_workspaces/humble_ws/build/turtlebot3_manipulation_cartographer' returned '0': CMAKE_PREFIX_PATH=${CMAKE_PREFIX_PATH}:/home/ciderlab-server3/turtlebot3_ws/install/turtlebot3_teleop:/home/ciderlab-server3/turtlebot3_ws/install/turtlebot3_example:/home/ciderlab-server3/turtlebot3_ws/install/turtlebot3_dqn:/home/ciderlab-server3/turtlebot3_ws/install/turtlebot3_home_service_challenge_core:/home/ciderlab-server3/turtlebot3_ws/install/turtlebot3_home_service_challenge_aruco:/opt/ros/humble /usr/bin/cmake --build /home/ciderlab-server3/workspace/2026_industry_cowork/IsaacSim-ros_workspaces/humble_ws/build/turtlebot3_manipulation_cartographer -- -j24 -l24
[0.960s] DEBUG:colcon.colcon_core.event_handler.log_command:Invoking command in '/home/ciderlab-server3/workspace/2026_industry_cowork/IsaacSim-ros_workspaces/humble_ws/build/turtlebot3_manipulation_cartographer': CMAKE_PREFIX_PATH=${CMAKE_PREFIX_PATH}:/home/ciderlab-server3/turtlebot3_ws/install/turtlebot3_teleop:/home/ciderlab-server3/turtlebot3_ws/install/turtlebot3_example:/home/ciderlab-server3/turtlebot3_ws/install/turtlebot3_dqn:/home/ciderlab-server3/turtlebot3_ws/install/turtlebot3_home_service_challenge_core:/home/ciderlab-server3/turtlebot3_ws/install/turtlebot3_home_service_challenge_aruco:/opt/ros/humble /usr/bin/cmake --install /home/ciderlab-server3/workspace/2026_industry_cowork/IsaacSim-ros_workspaces/humble_ws/build/turtlebot3_manipulation_cartographer
[0.962s] DEBUG:colcon.colcon_core.event_handler.log_command:Invoked command in '/home/ciderlab-server3/workspace/2026_industry_cowork/IsaacSim-ros_workspaces/humble_ws/build/turtlebot3_manipulation_description' returned '0': CMAKE_PREFIX_PATH=${CMAKE_PREFIX_PATH}:/home/ciderlab-server3/turtlebot3_ws/install/turtlebot3_teleop:/home/ciderlab-server3/turtlebot3_ws/install/turtlebot3_example:/home/ciderlab-server3/turtlebot3_ws/install/turtlebot3_dqn:/home/ciderlab-server3/turtlebot3_ws/install/turtlebot3_home_service_challenge_core:/home/ciderlab-server3/turtlebot3_ws/install/turtlebot3_home_service_challenge_aruco:/opt/ros/humble /usr/bin/cmake --build /home/ciderlab-server3/workspace/2026_industry_cowork/IsaacSim-ros_workspaces/humble_ws/build/turtlebot3_manipulation_description -- -j24 -l24
[0.962s] DEBUG:colcon.colcon_core.event_handler.log_command:Invoking command in '/home/ciderlab-server3/workspace/2026_industry_cowork/IsaacSim-ros_workspaces/humble_ws/build/turtlebot3_manipulation_description': CMAKE_PREFIX_PATH=${CMAKE_PREFIX_PATH}:/home/ciderlab-server3/turtlebot3_ws/install/turtlebot3_teleop:/home/ciderlab-server3/turtlebot3_ws/install/turtlebot3_example:/home/ciderlab-server3/turtlebot3_ws/install/turtlebot3_dqn:/home/ciderlab-server3/turtlebot3_ws/install/turtlebot3_home_service_challenge_core:/home/ciderlab-server3/turtlebot3_ws/install/turtlebot3_home_service_challenge_aruco:/opt/ros/humble /usr/bin/cmake --install /home/ciderlab-server3/workspace/2026_industry_cowork/IsaacSim-ros_workspaces/humble_ws/build/turtlebot3_manipulation_description
[0.963s] DEBUG:colcon.colcon_core.event_handler.log_command:Invoked command in '/home/ciderlab-server3/workspace/2026_industry_cowork/IsaacSim-ros_workspaces/humble_ws/build/carter_navigation' returned '0': CMAKE_PREFIX_PATH=${CMAKE_PREFIX_PATH}:/home/ciderlab-server3/turtlebot3_ws/install/turtlebot3_teleop:/home/ciderlab-server3/turtlebot3_ws/install/turtlebot3_example:/home/ciderlab-server3/turtlebot3_ws/install/turtlebot3_dqn:/home/ciderlab-server3/turtlebot3_ws/install/turtlebot3_home_service_challenge_core:/home/ciderlab-server3/turtlebot3_ws/install/turtlebot3_home_service_challenge_aruco:/opt/ros/humble /usr/bin/cmake --build /home/ciderlab-server3/workspace/2026_industry_cowork/IsaacSim-ros_workspaces/humble_ws/build/carter_navigation -- -j24 -l24
[0.965s] DEBUG:colcon.colcon_core.event_handler.log_command:Invoking command in '/home/ciderlab-server3/workspace/2026_industry_cowork/IsaacSim-ros_workspaces/humble_ws/build/carter_navigation': CMAKE_PREFIX_PATH=${CMAKE_PREFIX_PATH}:/home/ciderlab-server3/turtlebot3_ws/install/turtlebot3_teleop:/home/ciderlab-server3/turtlebot3_ws/install/turtlebot3_example:/home/ciderlab-server3/turtlebot3_ws/install/turtlebot3_dqn:/home/ciderlab-server3/turtlebot3_ws/install/turtlebot3_home_service_challenge_core:/home/ciderlab-server3/turtlebot3_ws/install/turtlebot3_home_service_challenge_aruco:/opt/ros/humble /usr/bin/cmake --install /home/ciderlab-server3/workspace/2026_industry_cowork/IsaacSim-ros_workspaces/humble_ws/build/carter_navigation
[0.965s] Level 1:colcon.colcon_core.environment:create_environment_scripts_only(turtlebot3_manipulation_navigation2)
[0.966s] DEBUG:colcon.colcon_core.event_handler.log_command:Invoked command in '/home/ciderlab-server3/workspace/2026_industry_cowork/IsaacSim-ros_workspaces/humble_ws/build/turtlebot3_manipulation_navigation2' returned '0': CMAKE_PREFIX_PATH=${CMAKE_PREFIX_PATH}:/home/ciderlab-server3/turtlebot3_ws/install/turtlebot3_teleop:/home/ciderlab-server3/turtlebot3_ws/install/turtlebot3_example:/home/ciderlab-server3/turtlebot3_ws/install/turtlebot3_dqn:/home/ciderlab-server3/turtlebot3_ws/install/turtlebot3_home_service_challenge_core:/home/ciderlab-server3/turtlebot3_ws/install/turtlebot3_home_service_challenge_aruco:/opt/ros/humble /usr/bin/cmake --install /home/ciderlab-server3/workspace/2026_industry_cowork/IsaacSim-ros_workspaces/humble_ws/build/turtlebot3_manipulation_navigation2
[0.969s] Level 1:colcon.colcon_core.environment:checking '/home/ciderlab-server3/workspace/2026_industry_cowork/IsaacSim-ros_workspaces/humble_ws/install/turtlebot3_manipulation_navigation2' for CMake module files
[0.969s] Level 1:colcon.colcon_core.environment:checking '/home/ciderlab-server3/workspace/2026_industry_cowork/IsaacSim-ros_workspaces/humble_ws/install/turtlebot3_manipulation_navigation2' for CMake config files
[0.969s] Level 1:colcon.colcon_core.shell:create_environment_hook('turtlebot3_manipulation_navigation2', 'cmake_prefix_path')
[0.969s] INFO:colcon.colcon_core.shell:Creating environment hook '/home/ciderlab-server3/workspace/2026_industry_cowork/IsaacSim-ros_workspaces/humble_ws/install/turtlebot3_manipulation_navigation2/share/turtlebot3_manipulation_navigation2/hook/cmake_prefix_path.ps1'
[0.970s] INFO:colcon.colcon_core.shell:Creating environment descriptor '/home/ciderlab-server3/workspace/2026_industry_cowork/IsaacSim-ros_workspaces/humble_ws/install/turtlebot3_manipulation_navigation2/share/turtlebot3_manipulation_navigation2/hook/cmake_prefix_path.dsv'
[0.973s] INFO:colcon.colcon_core.shell:Creating environment hook '/home/ciderlab-server3/workspace/2026_industry_cowork/IsaacSim-ros_workspaces/humble_ws/install/turtlebot3_manipulation_navigation2/share/turtlebot3_manipulation_navigation2/hook/cmake_prefix_path.sh'
[0.973s] Level 1:colcon.colcon_core.environment:checking '/home/ciderlab-server3/workspace/2026_industry_cowork/IsaacSim-ros_workspaces/humble_ws/install/turtlebot3_manipulation_navigation2/bin'
[0.973s] Level 1:colcon.colcon_core.environment:checking '/home/ciderlab-server3/workspace/2026_industry_cowork/IsaacSim-ros_workspaces/humble_ws/install/turtlebot3_manipulation_navigation2/lib/pkgconfig/turtlebot3_manipulation_navigation2.pc'
[0.973s] Level 1:colcon.colcon_core.environment:checking '/home/ciderlab-server3/workspace/2026_industry_cowork/IsaacSim-ros_workspaces/humble_ws/install/turtlebot3_manipulation_navigation2/lib/python3.10/site-packages'
[0.974s] Level 1:colcon.colcon_core.environment:checking '/home/ciderlab-server3/workspace/2026_industry_cowork/IsaacSim-ros_workspaces/humble_ws/install/turtlebot3_manipulation_navigation2/bin'
[0.974s] INFO:colcon.colcon_core.shell:Creating package script '/home/ciderlab-server3/workspace/2026_industry_cowork/IsaacSim-ros_workspaces/humble_ws/install/turtlebot3_manipulation_navigation2/share/turtlebot3_manipulation_navigation2/package.ps1'
[0.975s] INFO:colcon.colcon_core.shell:Creating package descriptor '/home/ciderlab-server3/workspace/2026_industry_cowork/IsaacSim-ros_workspaces/humble_ws/install/turtlebot3_manipulation_navigation2/share/turtlebot3_manipulation_navigation2/package.dsv'
[0.976s] INFO:colcon.colcon_core.shell:Creating package script '/home/ciderlab-server3/workspace/2026_industry_cowork/IsaacSim-ros_workspaces/humble_ws/install/turtlebot3_manipulation_navigation2/share/turtlebot3_manipulation_navigation2/package.sh'
[0.976s] INFO:colcon.colcon_core.shell:Creating package script '/home/ciderlab-server3/workspace/2026_industry_cowork/IsaacSim-ros_workspaces/humble_ws/install/turtlebot3_manipulation_navigation2/share/turtlebot3_manipulation_navigation2/package.bash'
[0.976s] INFO:colcon.colcon_core.shell:Creating package script '/home/ciderlab-server3/workspace/2026_industry_cowork/IsaacSim-ros_workspaces/humble_ws/install/turtlebot3_manipulation_navigation2/share/turtlebot3_manipulation_navigation2/package.zsh'
[0.976s] Level 1:colcon.colcon_core.environment:create_file_with_runtime_dependencies(/home/ciderlab-server3/workspace/2026_industry_cowork/IsaacSim-ros_workspaces/humble_ws/install/turtlebot3_manipulation_navigation2/share/colcon-core/packages/turtlebot3_manipulation_navigation2)
[0.977s] Level 1:colcon.colcon_core.environment:create_environment_scripts_only(turtlebot3_manipulation_navigation2)
[0.977s] Level 1:colcon.colcon_core.environment:checking '/home/ciderlab-server3/workspace/2026_industry_cowork/IsaacSim-ros_workspaces/humble_ws/install/turtlebot3_manipulation_navigation2' for CMake module files
[0.978s] Level 1:colcon.colcon_core.environment:checking '/home/ciderlab-server3/workspace/2026_industry_cowork/IsaacSim-ros_workspaces/humble_ws/install/turtlebot3_manipulation_navigation2' for CMake config files
[0.978s] Level 1:colcon.colcon_core.shell:create_environment_hook('turtlebot3_manipulation_navigation2', 'cmake_prefix_path')
[0.978s] INFO:colcon.colcon_core.shell:Creating environment hook '/home/ciderlab-server3/workspace/2026_industry_cowork/IsaacSim-ros_workspaces/humble_ws/install/turtlebot3_manipulation_navigation2/share/turtlebot3_manipulation_navigation2/hook/cmake_prefix_path.ps1'
[0.978s] INFO:colcon.colcon_core.shell:Creating environment descriptor '/home/ciderlab-server3/workspace/2026_industry_cowork/IsaacSim-ros_workspaces/humble_ws/install/turtlebot3_manipulation_navigation2/share/turtlebot3_manipulation_navigation2/hook/cmake_prefix_path.dsv'
[0.978s] INFO:colcon.colcon_core.shell:Creating environment hook '/home/ciderlab-server3/workspace/2026_industry_cowork/IsaacSim-ros_workspaces/humble_ws/install/turtlebot3_manipulation_navigation2/share/turtlebot3_manipulation_navigation2/hook/cmake_prefix_path.sh'
[0.978s] Level 1:colcon.colcon_core.environment:checking '/home/ciderlab-server3/workspace/2026_industry_cowork/IsaacSim-ros_workspaces/humble_ws/install/turtlebot3_manipulation_navigation2/bin'
[0.978s] Level 1:colcon.colcon_core.environment:checking '/home/ciderlab-server3/workspace/2026_industry_cowork/IsaacSim-ros_workspaces/humble_ws/install/turtlebot3_manipulation_navigation2/lib/pkgconfig/turtlebot3_manipulation_navigation2.pc'
[0.979s] Level 1:colcon.colcon_core.environment:checking '/home/ciderlab-server3/workspace/2026_industry_cowork/IsaacSim-ros_workspaces/humble_ws/install/turtlebot3_manipulation_navigation2/lib/python3.10/site-packages'
[0.979s] Level 1:colcon.colcon_core.environment:checking '/home/ciderlab-server3/workspace/2026_industry_cowork/IsaacSim-ros_workspaces/humble_ws/install/turtlebot3_manipulation_navigation2/bin'
[0.979s] INFO:colcon.colcon_core.shell:Creating package script '/home/ciderlab-server3/workspace/2026_industry_cowork/IsaacSim-ros_workspaces/humble_ws/install/turtlebot3_manipulation_navigation2/share/turtlebot3_manipulation_navigation2/package.ps1'
[0.979s] INFO:colcon.colcon_core.shell:Creating package descriptor '/home/ciderlab-server3/workspace/2026_industry_cowork/IsaacSim-ros_workspaces/humble_ws/install/turtlebot3_manipulation_navigation2/share/turtlebot3_manipulation_navigation2/package.dsv'
[0.979s] INFO:colcon.colcon_core.shell:Creating package script '/home/ciderlab-server3/workspace/2026_industry_cowork/IsaacSim-ros_workspaces/humble_ws/install/turtlebot3_manipulation_navigation2/share/turtlebot3_manipulation_navigation2/package.sh'
[0.980s] INFO:colcon.colcon_core.shell:Creating package script '/home/ciderlab-server3/workspace/2026_industry_cowork/IsaacSim-ros_workspaces/humble_ws/install/turtlebot3_manipulation_navigation2/share/turtlebot3_manipulation_navigation2/package.bash'
[0.980s] INFO:colcon.colcon_core.shell:Creating package script '/home/ciderlab-server3/workspace/2026_industry_cowork/IsaacSim-ros_workspaces/humble_ws/install/turtlebot3_manipulation_navigation2/share/turtlebot3_manipulation_navigation2/package.zsh'
[0.980s] Level 1:colcon.colcon_core.environment:create_file_with_runtime_dependencies(/home/ciderlab-server3/workspace/2026_industry_cowork/IsaacSim-ros_workspaces/humble_ws/install/turtlebot3_manipulation_navigation2/share/colcon-core/packages/turtlebot3_manipulation_navigation2)
[0.985s] Level 1:colcon.colcon_core.environment:create_environment_scripts_only(turtlebot3_manipulation_cartographer)
[0.986s] Level 1:colcon.colcon_core.environment:checking '/home/ciderlab-server3/workspace/2026_industry_cowork/IsaacSim-ros_workspaces/humble_ws/install/turtlebot3_manipulation_cartographer' for CMake module files
[0.986s] Level 1:colcon.colcon_core.environment:checking '/home/ciderlab-server3/workspace/2026_industry_cowork/IsaacSim-ros_workspaces/humble_ws/install/turtlebot3_manipulation_cartographer' for CMake config files
[0.986s] Level 1:colcon.colcon_core.shell:create_environment_hook('turtlebot3_manipulation_cartographer', 'cmake_prefix_path')
[0.986s] INFO:colcon.colcon_core.shell:Creating environment hook '/home/ciderlab-server3/workspace/2026_industry_cowork/IsaacSim-ros_workspaces/humble_ws/install/turtlebot3_manipulation_cartographer/share/turtlebot3_manipulation_cartographer/hook/cmake_prefix_path.ps1'
[0.986s] INFO:colcon.colcon_core.shell:Creating environment descriptor '/home/ciderlab-server3/workspace/2026_industry_cowork/IsaacSim-ros_workspaces/humble_ws/install/turtlebot3_manipulation_cartographer/share/turtlebot3_manipulation_cartographer/hook/cmake_prefix_path.dsv'
[0.986s] INFO:colcon.colcon_core.shell:Creating environment hook '/home/ciderlab-server3/workspace/2026_industry_cowork/IsaacSim-ros_workspaces/humble_ws/install/turtlebot3_manipulation_cartographer/share/turtlebot3_manipulation_cartographer/hook/cmake_prefix_path.sh'
[0.987s] Level 1:colcon.colcon_core.environment:checking '/home/ciderlab-server3/workspace/2026_industry_cowork/IsaacSim-ros_workspaces/humble_ws/install/turtlebot3_manipulation_cartographer/bin'
[0.987s] Level 1:colcon.colcon_core.environment:checking '/home/ciderlab-server3/workspace/2026_industry_cowork/IsaacSim-ros_workspaces/humble_ws/install/turtlebot3_manipulation_cartographer/lib/pkgconfig/turtlebot3_manipulation_cartographer.pc'
[0.987s] Level 1:colcon.colcon_core.environment:checking '/home/ciderlab-server3/workspace/2026_industry_cowork/IsaacSim-ros_workspaces/humble_ws/install/turtlebot3_manipulation_cartographer/lib/python3.10/site-packages'
[0.987s] Level 1:colcon.colcon_core.environment:checking '/home/ciderlab-server3/workspace/2026_industry_cowork/IsaacSim-ros_workspaces/humble_ws/install/turtlebot3_manipulation_cartographer/bin'
[0.987s] INFO:colcon.colcon_core.shell:Creating package script '/home/ciderlab-server3/workspace/2026_industry_cowork/IsaacSim-ros_workspaces/humble_ws/install/turtlebot3_manipulation_cartographer/share/turtlebot3_manipulation_cartographer/package.ps1'
[0.987s] INFO:colcon.colcon_core.shell:Creating package descriptor '/home/ciderlab-server3/workspace/2026_industry_cowork/IsaacSim-ros_workspaces/humble_ws/install/turtlebot3_manipulation_cartographer/share/turtlebot3_manipulation_cartographer/package.dsv'
[0.987s] INFO:colcon.colcon_core.shell:Creating package script '/home/ciderlab-server3/workspace/2026_industry_cowork/IsaacSim-ros_workspaces/humble_ws/install/turtlebot3_manipulation_cartographer/share/turtlebot3_manipulation_cartographer/package.sh'
[0.987s] INFO:colcon.colcon_core.shell:Creating package script '/home/ciderlab-server3/workspace/2026_industry_cowork/IsaacSim-ros_workspaces/humble_ws/install/turtlebot3_manipulation_cartographer/share/turtlebot3_manipulation_cartographer/package.bash'
[0.988s] INFO:colcon.colcon_core.shell:Creating package script '/home/ciderlab-server3/workspace/2026_industry_cowork/IsaacSim-ros_workspaces/humble_ws/install/turtlebot3_manipulation_cartographer/share/turtlebot3_manipulation_cartographer/package.zsh'
[0.988s] Level 1:colcon.colcon_core.environment:create_file_with_runtime_dependencies(/home/ciderlab-server3/workspace/2026_industry_cowork/IsaacSim-ros_workspaces/humble_ws/install/turtlebot3_manipulation_cartographer/share/colcon-core/packages/turtlebot3_manipulation_cartographer)
[0.988s] DEBUG:colcon.colcon_core.event_handler.log_command:Invoked command in '/home/ciderlab-server3/workspace/2026_industry_cowork/IsaacSim-ros_workspaces/humble_ws/build/turtlebot3_manipulation_cartographer' returned '0': CMAKE_PREFIX_PATH=${CMAKE_PREFIX_PATH}:/home/ciderlab-server3/turtlebot3_ws/install/turtlebot3_teleop:/home/ciderlab-server3/turtlebot3_ws/install/turtlebot3_example:/home/ciderlab-server3/turtlebot3_ws/install/turtlebot3_dqn:/home/ciderlab-server3/turtlebot3_ws/install/turtlebot3_home_service_challenge_core:/home/ciderlab-server3/turtlebot3_ws/install/turtlebot3_home_service_challenge_aruco:/opt/ros/humble /usr/bin/cmake --install /home/ciderlab-server3/workspace/2026_industry_cowork/IsaacSim-ros_workspaces/humble_ws/build/turtlebot3_manipulation_cartographer
[0.988s] Level 1:colcon.colcon_core.environment:create_environment_scripts_only(turtlebot3_manipulation_cartographer)
[0.988s] Level 1:colcon.colcon_core.environment:checking '/home/ciderlab-server3/workspace/2026_industry_cowork/IsaacSim-ros_workspaces/humble_ws/install/turtlebot3_manipulation_cartographer' for CMake module files
[0.989s] Level 1:colcon.colcon_core.environment:checking '/home/ciderlab-server3/workspace/2026_industry_cowork/IsaacSim-ros_workspaces/humble_ws/install/turtlebot3_manipulation_cartographer' for CMake config files
[0.989s] Level 1:colcon.colcon_core.shell:create_environment_hook('turtlebot3_manipulation_cartographer', 'cmake_prefix_path')
[0.989s] INFO:colcon.colcon_core.shell:Creating environment hook '/home/ciderlab-server3/workspace/2026_industry_cowork/IsaacSim-ros_workspaces/humble_ws/install/turtlebot3_manipulation_cartographer/share/turtlebot3_manipulation_cartographer/hook/cmake_prefix_path.ps1'
[0.989s] INFO:colcon.colcon_core.shell:Creating environment descriptor '/home/ciderlab-server3/workspace/2026_industry_cowork/IsaacSim-ros_workspaces/humble_ws/install/turtlebot3_manipulation_cartographer/share/turtlebot3_manipulation_cartographer/hook/cmake_prefix_path.dsv'
[0.989s] INFO:colcon.colcon_core.shell:Creating environment hook '/home/ciderlab-server3/workspace/2026_industry_cowork/IsaacSim-ros_workspaces/humble_ws/install/turtlebot3_manipulation_cartographer/share/turtlebot3_manipulation_cartographer/hook/cmake_prefix_path.sh'
[0.989s] Level 1:colcon.colcon_core.environment:checking '/home/ciderlab-server3/workspace/2026_industry_cowork/IsaacSim-ros_workspaces/humble_ws/install/turtlebot3_manipulation_cartographer/bin'
[0.989s] Level 1:colcon.colcon_core.environment:checking '/home/ciderlab-server3/workspace/2026_industry_cowork/IsaacSim-ros_workspaces/humble_ws/install/turtlebot3_manipulation_cartographer/lib/pkgconfig/turtlebot3_manipulation_cartographer.pc'
[0.989s] Level 1:colcon.colcon_core.environment:checking '/home/ciderlab-server3/workspace/2026_industry_cowork/IsaacSim-ros_workspaces/humble_ws/install/turtlebot3_manipulation_cartographer/lib/python3.10/site-packages'
[0.989s] Level 1:colcon.colcon_core.environment:checking '/home/ciderlab-server3/workspace/2026_industry_cowork/IsaacSim-ros_workspaces/humble_ws/install/turtlebot3_manipulation_cartographer/bin'
[0.990s] INFO:colcon.colcon_core.shell:Creating package script '/home/ciderlab-server3/workspace/2026_industry_cowork/IsaacSim-ros_workspaces/humble_ws/install/turtlebot3_manipulation_cartographer/share/turtlebot3_manipulation_cartographer/package.ps1'
[0.990s] INFO:colcon.colcon_core.shell:Creating package descriptor '/home/ciderlab-server3/workspace/2026_industry_cowork/IsaacSim-ros_workspaces/humble_ws/install/turtlebot3_manipulation_cartographer/share/turtlebot3_manipulation_cartographer/package.dsv'
[0.990s] INFO:colcon.colcon_core.shell:Creating package script '/home/ciderlab-server3/workspace/2026_industry_cowork/IsaacSim-ros_workspaces/humble_ws/install/turtlebot3_manipulation_cartographer/share/turtlebot3_manipulation_cartographer/package.sh'
[0.990s] INFO:colcon.colcon_core.shell:Creating package script '/home/ciderlab-server3/workspace/2026_industry_cowork/IsaacSim-ros_workspaces/humble_ws/install/turtlebot3_manipulation_cartographer/share/turtlebot3_manipulation_cartographer/package.bash'
[0.990s] INFO:colcon.colcon_core.shell:Creating package script '/home/ciderlab-server3/workspace/2026_industry_cowork/IsaacSim-ros_workspaces/humble_ws/install/turtlebot3_manipulation_cartographer/share/turtlebot3_manipulation_cartographer/package.zsh'
[0.990s] Level 1:colcon.colcon_core.environment:create_file_with_runtime_dependencies(/home/ciderlab-server3/workspace/2026_industry_cowork/IsaacSim-ros_workspaces/humble_ws/install/turtlebot3_manipulation_cartographer/share/colcon-core/packages/turtlebot3_manipulation_cartographer)
[0.990s] Level 1:colcon.colcon_core.environment:create_environment_scripts_only(turtlebot3_manipulation_description)
[0.991s] Level 1:colcon.colcon_core.environment:checking '/home/ciderlab-server3/workspace/2026_industry_cowork/IsaacSim-ros_workspaces/humble_ws/install/turtlebot3_manipulation_description' for CMake module files
[0.991s] Level 1:colcon.colcon_core.environment:checking '/home/ciderlab-server3/workspace/2026_industry_cowork/IsaacSim-ros_workspaces/humble_ws/install/turtlebot3_manipulation_description' for CMake config files
[0.991s] Level 1:colcon.colcon_core.shell:create_environment_hook('turtlebot3_manipulation_description', 'cmake_prefix_path')
[0.991s] INFO:colcon.colcon_core.shell:Creating environment hook '/home/ciderlab-server3/workspace/2026_industry_cowork/IsaacSim-ros_workspaces/humble_ws/install/turtlebot3_manipulation_description/share/turtlebot3_manipulation_description/hook/cmake_prefix_path.ps1'
[0.991s] INFO:colcon.colcon_core.shell:Creating environment descriptor '/home/ciderlab-server3/workspace/2026_industry_cowork/IsaacSim-ros_workspaces/humble_ws/install/turtlebot3_manipulation_description/share/turtlebot3_manipulation_description/hook/cmake_prefix_path.dsv'
[0.991s] INFO:colcon.colcon_core.shell:Creating environment hook '/home/ciderlab-server3/workspace/2026_industry_cowork/IsaacSim-ros_workspaces/humble_ws/install/turtlebot3_manipulation_description/share/turtlebot3_manipulation_description/hook/cmake_prefix_path.sh'
[0.991s] Level 1:colcon.colcon_core.environment:checking '/home/ciderlab-server3/workspace/2026_industry_cowork/IsaacSim-ros_workspaces/humble_ws/install/turtlebot3_manipulation_description/bin'
[0.991s] Level 1:colcon.colcon_core.environment:checking '/home/ciderlab-server3/workspace/2026_industry_cowork/IsaacSim-ros_workspaces/humble_ws/install/turtlebot3_manipulation_description/lib/pkgconfig/turtlebot3_manipulation_description.pc'
[0.991s] Level 1:colcon.colcon_core.environment:checking '/home/ciderlab-server3/workspace/2026_industry_cowork/IsaacSim-ros_workspaces/humble_ws/install/turtlebot3_manipulation_description/lib/python3.10/site-packages'
[0.992s] Level 1:colcon.colcon_core.environment:checking '/home/ciderlab-server3/workspace/2026_industry_cowork/IsaacSim-ros_workspaces/humble_ws/install/turtlebot3_manipulation_description/bin'
[0.992s] DEBUG:colcon.colcon_core.event_handler.log_command:Invoked command in '/home/ciderlab-server3/workspace/2026_industry_cowork/IsaacSim-ros_workspaces/humble_ws/build/turtlebot3_manipulation_description' returned '0': CMAKE_PREFIX_PATH=${CMAKE_PREFIX_PATH}:/home/ciderlab-server3/turtlebot3_ws/install/turtlebot3_teleop:/home/ciderlab-server3/turtlebot3_ws/install/turtlebot3_example:/home/ciderlab-server3/turtlebot3_ws/install/turtlebot3_dqn:/home/ciderlab-server3/turtlebot3_ws/install/turtlebot3_home_service_challenge_core:/home/ciderlab-server3/turtlebot3_ws/install/turtlebot3_home_service_challenge_aruco:/opt/ros/humble /usr/bin/cmake --install /home/ciderlab-server3/workspace/2026_industry_cowork/IsaacSim-ros_workspaces/humble_ws/build/turtlebot3_manipulation_description
[0.992s] INFO:colcon.colcon_core.shell:Creating package script '/home/ciderlab-server3/workspace/2026_industry_cowork/IsaacSim-ros_workspaces/humble_ws/install/turtlebot3_manipulation_description/share/turtlebot3_manipulation_description/package.ps1'
[0.992s] INFO:colcon.colcon_core.shell:Creating package descriptor '/home/ciderlab-server3/workspace/2026_industry_cowork/IsaacSim-ros_workspaces/humble_ws/install/turtlebot3_manipulation_description/share/turtlebot3_manipulation_description/package.dsv'
[0.992s] INFO:colcon.colcon_core.shell:Creating package script '/home/ciderlab-server3/workspace/2026_industry_cowork/IsaacSim-ros_workspaces/humble_ws/install/turtlebot3_manipulation_description/share/turtlebot3_manipulation_description/package.sh'
[0.992s] INFO:colcon.colcon_core.shell:Creating package script '/home/ciderlab-server3/workspace/2026_industry_cowork/IsaacSim-ros_workspaces/humble_ws/install/turtlebot3_manipulation_description/share/turtlebot3_manipulation_description/package.bash'
[0.992s] INFO:colcon.colcon_core.shell:Creating package script '/home/ciderlab-server3/workspace/2026_industry_cowork/IsaacSim-ros_workspaces/humble_ws/install/turtlebot3_manipulation_description/share/turtlebot3_manipulation_description/package.zsh'
[0.993s] Level 1:colcon.colcon_core.environment:create_file_with_runtime_dependencies(/home/ciderlab-server3/workspace/2026_industry_cowork/IsaacSim-ros_workspaces/humble_ws/install/turtlebot3_manipulation_description/share/colcon-core/packages/turtlebot3_manipulation_description)
[0.993s] Level 1:colcon.colcon_core.environment:create_environment_scripts_only(turtlebot3_manipulation_description)
[0.993s] Level 1:colcon.colcon_core.environment:checking '/home/ciderlab-server3/workspace/2026_industry_cowork/IsaacSim-ros_workspaces/humble_ws/install/turtlebot3_manipulation_description' for CMake module files
[0.993s] Level 1:colcon.colcon_core.environment:checking '/home/ciderlab-server3/workspace/2026_industry_cowork/IsaacSim-ros_workspaces/humble_ws/install/turtlebot3_manipulation_description' for CMake config files
[0.993s] Level 1:colcon.colcon_core.shell:create_environment_hook('turtlebot3_manipulation_description', 'cmake_prefix_path')
[0.993s] INFO:colcon.colcon_core.shell:Creating environment hook '/home/ciderlab-server3/workspace/2026_industry_cowork/IsaacSim-ros_workspaces/humble_ws/install/turtlebot3_manipulation_description/share/turtlebot3_manipulation_description/hook/cmake_prefix_path.ps1'
[0.994s] INFO:colcon.colcon_core.shell:Creating environment descriptor '/home/ciderlab-server3/workspace/2026_industry_cowork/IsaacSim-ros_workspaces/humble_ws/install/turtlebot3_manipulation_description/share/turtlebot3_manipulation_description/hook/cmake_prefix_path.dsv'
[0.994s] INFO:colcon.colcon_core.shell:Creating environment hook '/home/ciderlab-server3/workspace/2026_industry_cowork/IsaacSim-ros_workspaces/humble_ws/install/turtlebot3_manipulation_description/share/turtlebot3_manipulation_description/hook/cmake_prefix_path.sh'
[0.994s] Level 1:colcon.colcon_core.environment:checking '/home/ciderlab-server3/workspace/2026_industry_cowork/IsaacSim-ros_workspaces/humble_ws/install/turtlebot3_manipulation_description/bin'
[0.994s] Level 1:colcon.colcon_core.environment:checking '/home/ciderlab-server3/workspace/2026_industry_cowork/IsaacSim-ros_workspaces/humble_ws/install/turtlebot3_manipulation_description/lib/pkgconfig/turtlebot3_manipulation_description.pc'
[0.994s] Level 1:colcon.colcon_core.environment:checking '/home/ciderlab-server3/workspace/2026_industry_cowork/IsaacSim-ros_workspaces/humble_ws/install/turtlebot3_manipulation_description/lib/python3.10/site-packages'
[0.994s] Level 1:colcon.colcon_core.environment:checking '/home/ciderlab-server3/workspace/2026_industry_cowork/IsaacSim-ros_workspaces/humble_ws/install/turtlebot3_manipulation_description/bin'
[0.994s] INFO:colcon.colcon_core.shell:Creating package script '/home/ciderlab-server3/workspace/2026_industry_cowork/IsaacSim-ros_workspaces/humble_ws/install/turtlebot3_manipulation_description/share/turtlebot3_manipulation_description/package.ps1'
[0.995s] INFO:colcon.colcon_core.shell:Creating package descriptor '/home/ciderlab-server3/workspace/2026_industry_cowork/IsaacSim-ros_workspaces/humble_ws/install/turtlebot3_manipulation_description/share/turtlebot3_manipulation_description/package.dsv'
[0.995s] INFO:colcon.colcon_core.shell:Creating package script '/home/ciderlab-server3/workspace/2026_industry_cowork/IsaacSim-ros_workspaces/humble_ws/install/turtlebot3_manipulation_description/share/turtlebot3_manipulation_description/package.sh'
[0.995s] INFO:colcon.colcon_core.shell:Creating package script '/home/ciderlab-server3/workspace/2026_industry_cowork/IsaacSim-ros_workspaces/humble_ws/install/turtlebot3_manipulation_description/share/turtlebot3_manipulation_description/package.bash'
[0.995s] INFO:colcon.colcon_core.shell:Creating package script '/home/ciderlab-server3/workspace/2026_industry_cowork/IsaacSim-ros_workspaces/humble_ws/install/turtlebot3_manipulation_description/share/turtlebot3_manipulation_description/package.zsh'
[0.995s] Level 1:colcon.colcon_core.environment:create_file_with_runtime_dependencies(/home/ciderlab-server3/workspace/2026_industry_cowork/IsaacSim-ros_workspaces/humble_ws/install/turtlebot3_manipulation_description/share/colcon-core/packages/turtlebot3_manipulation_description)
[0.996s] DEBUG:colcon.colcon_core.event_handler.log_command:Invoked command in '/home/ciderlab-server3/workspace/2026_industry_cowork/IsaacSim-ros_workspaces/humble_ws/build/turtlebot3_manipulation_hardware' returned '0': CMAKE_PREFIX_PATH=${CMAKE_PREFIX_PATH}:/home/ciderlab-server3/turtlebot3_ws/install/turtlebot3_teleop:/home/ciderlab-server3/turtlebot3_ws/install/turtlebot3_example:/home/ciderlab-server3/turtlebot3_ws/install/turtlebot3_dqn:/home/ciderlab-server3/turtlebot3_ws/install/turtlebot3_home_service_challenge_core:/home/ciderlab-server3/turtlebot3_ws/install/turtlebot3_home_service_challenge_aruco:/opt/ros/humble /usr/bin/cmake /home/ciderlab-server3/workspace/2026_industry_cowork/IsaacSim-ros_workspaces/humble_ws/src/turtlebot3_manipulation/turtlebot3_manipulation_hardware -DCMAKE_INSTALL_PREFIX=/home/ciderlab-server3/workspace/2026_industry_cowork/IsaacSim-ros_workspaces/humble_ws/install/turtlebot3_manipulation_hardware
[0.996s] DEBUG:colcon.colcon_core.event_handler.log_command:Invoking command in '/home/ciderlab-server3/workspace/2026_industry_cowork/IsaacSim-ros_workspaces/humble_ws/build/turtlebot3_manipulation_hardware': CMAKE_PREFIX_PATH=${CMAKE_PREFIX_PATH}:/home/ciderlab-server3/turtlebot3_ws/install/turtlebot3_teleop:/home/ciderlab-server3/turtlebot3_ws/install/turtlebot3_example:/home/ciderlab-server3/turtlebot3_ws/install/turtlebot3_dqn:/home/ciderlab-server3/turtlebot3_ws/install/turtlebot3_home_service_challenge_core:/home/ciderlab-server3/turtlebot3_ws/install/turtlebot3_home_service_challenge_aruco:/opt/ros/humble /usr/bin/cmake --build /home/ciderlab-server3/workspace/2026_industry_cowork/IsaacSim-ros_workspaces/humble_ws/build/turtlebot3_manipulation_hardware -- -j24 -l24
[0.997s] INFO:colcon.colcon_ros.task.ament_cmake.build:Building ROS package in '/home/ciderlab-server3/workspace/2026_industry_cowork/IsaacSim-ros_workspaces/humble_ws/src/turtlebot3_manipulation/turtlebot3_manipulation_bringup' with build type 'ament_cmake'
[0.997s] INFO:colcon.colcon_cmake.task.cmake.build:Building CMake package in '/home/ciderlab-server3/workspace/2026_industry_cowork/IsaacSim-ros_workspaces/humble_ws/src/turtlebot3_manipulation/turtlebot3_manipulation_bringup'
[0.997s] INFO:colcon.colcon_core.shell:Skip shell extension 'powershell' for command environment: Not usable outside of PowerShell
[0.997s] DEBUG:colcon.colcon_core.shell:Skip shell extension 'dsv' for command environment
[0.999s] INFO:colcon.colcon_ros.task.ament_cmake.build:Building ROS package in '/home/ciderlab-server3/workspace/2026_industry_cowork/IsaacSim-ros_workspaces/humble_ws/src/turtlebot3_manipulation/turtlebot3_manipulation_moveit_config' with build type 'ament_cmake'
[0.999s] INFO:colcon.colcon_cmake.task.cmake.build:Building CMake package in '/home/ciderlab-server3/workspace/2026_industry_cowork/IsaacSim-ros_workspaces/humble_ws/src/turtlebot3_manipulation/turtlebot3_manipulation_moveit_config'
[0.999s] INFO:colcon.colcon_core.shell:Skip shell extension 'powershell' for command environment: Not usable outside of PowerShell
[0.999s] DEBUG:colcon.colcon_core.shell:Skip shell extension 'dsv' for command environment
[1.003s] Level 1:colcon.colcon_core.environment:create_environment_scripts_only(carter_navigation)
[1.003s] Level 1:colcon.colcon_core.environment:checking '/home/ciderlab-server3/workspace/2026_industry_cowork/IsaacSim-ros_workspaces/humble_ws/install/carter_navigation' for CMake module files
[1.003s] Level 1:colcon.colcon_core.environment:checking '/home/ciderlab-server3/workspace/2026_industry_cowork/IsaacSim-ros_workspaces/humble_ws/install/carter_navigation' for CMake config files
[1.003s] Level 1:colcon.colcon_core.shell:create_environment_hook('carter_navigation', 'cmake_prefix_path')
[1.004s] INFO:colcon.colcon_core.shell:Creating environment hook '/home/ciderlab-server3/workspace/2026_industry_cowork/IsaacSim-ros_workspaces/humble_ws/install/carter_navigation/share/carter_navigation/hook/cmake_prefix_path.ps1'
[1.004s] DEBUG:colcon.colcon_core.event_handler.log_command:Invoked command in '/home/ciderlab-server3/workspace/2026_industry_cowork/IsaacSim-ros_workspaces/humble_ws/build/carter_navigation' returned '0': CMAKE_PREFIX_PATH=${CMAKE_PREFIX_PATH}:/home/ciderlab-server3/turtlebot3_ws/install/turtlebot3_teleop:/home/ciderlab-server3/turtlebot3_ws/install/turtlebot3_example:/home/ciderlab-server3/turtlebot3_ws/install/turtlebot3_dqn:/home/ciderlab-server3/turtlebot3_ws/install/turtlebot3_home_service_challenge_core:/home/ciderlab-server3/turtlebot3_ws/install/turtlebot3_home_service_challenge_aruco:/opt/ros/humble /usr/bin/cmake --install /home/ciderlab-server3/workspace/2026_industry_cowork/IsaacSim-ros_workspaces/humble_ws/build/carter_navigation
[1.004s] INFO:colcon.colcon_core.shell:Creating environment descriptor '/home/ciderlab-server3/workspace/2026_industry_cowork/IsaacSim-ros_workspaces/humble_ws/install/carter_navigation/share/carter_navigation/hook/cmake_prefix_path.dsv'
[1.004s] INFO:colcon.colcon_core.shell:Creating environment hook '/home/ciderlab-server3/workspace/2026_industry_cowork/IsaacSim-ros_workspaces/humble_ws/install/carter_navigation/share/carter_navigation/hook/cmake_prefix_path.sh'
[1.005s] Level 1:colcon.colcon_core.environment:checking '/home/ciderlab-server3/workspace/2026_industry_cowork/IsaacSim-ros_workspaces/humble_ws/install/carter_navigation/bin'
[1.005s] Level 1:colcon.colcon_core.environment:checking '/home/ciderlab-server3/workspace/2026_industry_cowork/IsaacSim-ros_workspaces/humble_ws/install/carter_navigation/lib/pkgconfig/carter_navigation.pc'
[1.005s] Level 1:colcon.colcon_core.environment:checking '/home/ciderlab-server3/workspace/2026_industry_cowork/IsaacSim-ros_workspaces/humble_ws/install/carter_navigation/lib/python3.10/site-packages'
[1.005s] Level 1:colcon.colcon_core.environment:checking '/home/ciderlab-server3/workspace/2026_industry_cowork/IsaacSim-ros_workspaces/humble_ws/install/carter_navigation/bin'
[1.005s] INFO:colcon.colcon_core.shell:Creating package script '/home/ciderlab-server3/workspace/2026_industry_cowork/IsaacSim-ros_workspaces/humble_ws/install/carter_navigation/share/carter_navigation/package.ps1'
[1.006s] INFO:colcon.colcon_core.shell:Creating package descriptor '/home/ciderlab-server3/workspace/2026_industry_cowork/IsaacSim-ros_workspaces/humble_ws/install/carter_navigation/share/carter_navigation/package.dsv'
[1.006s] INFO:colcon.colcon_core.shell:Creating package script '/home/ciderlab-server3/workspace/2026_industry_cowork/IsaacSim-ros_workspaces/humble_ws/install/carter_navigation/share/carter_navigation/package.sh'
[1.006s] INFO:colcon.colcon_core.shell:Creating package script '/home/ciderlab-server3/workspace/2026_industry_cowork/IsaacSim-ros_workspaces/humble_ws/install/carter_navigation/share/carter_navigation/package.bash'
[1.006s] INFO:colcon.colcon_core.shell:Creating package script '/home/ciderlab-server3/workspace/2026_industry_cowork/IsaacSim-ros_workspaces/humble_ws/install/carter_navigation/share/carter_navigation/package.zsh'
[1.006s] Level 1:colcon.colcon_core.environment:create_file_with_runtime_dependencies(/home/ciderlab-server3/workspace/2026_industry_cowork/IsaacSim-ros_workspaces/humble_ws/install/carter_navigation/share/colcon-core/packages/carter_navigation)
[1.007s] Level 1:colcon.colcon_core.environment:create_environment_scripts_only(carter_navigation)
[1.007s] Level 1:colcon.colcon_core.environment:checking '/home/ciderlab-server3/workspace/2026_industry_cowork/IsaacSim-ros_workspaces/humble_ws/install/carter_navigation' for CMake module files
[1.007s] Level 1:colcon.colcon_core.environment:checking '/home/ciderlab-server3/workspace/2026_industry_cowork/IsaacSim-ros_workspaces/humble_ws/install/carter_navigation' for CMake config files
[1.007s] Level 1:colcon.colcon_core.shell:create_environment_hook('carter_navigation', 'cmake_prefix_path')
[1.007s] INFO:colcon.colcon_core.shell:Creating environment hook '/home/ciderlab-server3/workspace/2026_industry_cowork/IsaacSim-ros_workspaces/humble_ws/install/carter_navigation/share/carter_navigation/hook/cmake_prefix_path.ps1'
[1.007s] INFO:colcon.colcon_core.shell:Creating environment descriptor '/home/ciderlab-server3/workspace/2026_industry_cowork/IsaacSim-ros_workspaces/humble_ws/install/carter_navigation/share/carter_navigation/hook/cmake_prefix_path.dsv'
[1.008s] INFO:colcon.colcon_core.shell:Creating environment hook '/home/ciderlab-server3/workspace/2026_industry_cowork/IsaacSim-ros_workspaces/humble_ws/install/carter_navigation/share/carter_navigation/hook/cmake_prefix_path.sh'
[1.008s] Level 1:colcon.colcon_core.environment:checking '/home/ciderlab-server3/workspace/2026_industry_cowork/IsaacSim-ros_workspaces/humble_ws/install/carter_navigation/bin'
[1.008s] Level 1:colcon.colcon_core.environment:checking '/home/ciderlab-server3/workspace/2026_industry_cowork/IsaacSim-ros_workspaces/humble_ws/install/carter_navigation/lib/pkgconfig/carter_navigation.pc'
[1.008s] Level 1:colcon.colcon_core.environment:checking '/home/ciderlab-server3/workspace/2026_industry_cowork/IsaacSim-ros_workspaces/humble_ws/install/carter_navigation/lib/python3.10/site-packages'
[1.009s] Level 1:colcon.colcon_core.environment:checking '/home/ciderlab-server3/workspace/2026_industry_cowork/IsaacSim-ros_workspaces/humble_ws/install/carter_navigation/bin'
[1.009s] INFO:colcon.colcon_core.shell:Creating package script '/home/ciderlab-server3/workspace/2026_industry_cowork/IsaacSim-ros_workspaces/humble_ws/install/carter_navigation/share/carter_navigation/package.ps1'
[1.009s] INFO:colcon.colcon_core.shell:Creating package descriptor '/home/ciderlab-server3/workspace/2026_industry_cowork/IsaacSim-ros_workspaces/humble_ws/install/carter_navigation/share/carter_navigation/package.dsv'
[1.009s] INFO:colcon.colcon_core.shell:Creating package script '/home/ciderlab-server3/workspace/2026_industry_cowork/IsaacSim-ros_workspaces/humble_ws/install/carter_navigation/share/carter_navigation/package.sh'
[1.010s] INFO:colcon.colcon_core.shell:Creating package script '/home/ciderlab-server3/workspace/2026_industry_cowork/IsaacSim-ros_workspaces/humble_ws/install/carter_navigation/share/carter_navigation/package.bash'
[1.010s] INFO:colcon.colcon_core.shell:Creating package script '/home/ciderlab-server3/workspace/2026_industry_cowork/IsaacSim-ros_workspaces/humble_ws/install/carter_navigation/share/carter_navigation/package.zsh'
[1.010s] Level 1:colcon.colcon_core.environment:create_file_with_runtime_dependencies(/home/ciderlab-server3/workspace/2026_industry_cowork/IsaacSim-ros_workspaces/humble_ws/install/carter_navigation/share/colcon-core/packages/carter_navigation)
[1.014s] DEBUG:colcon.colcon_core.event_handler.log_command:Invoking command in '/home/ciderlab-server3/workspace/2026_industry_cowork/IsaacSim-ros_workspaces/humble_ws/build/turtlebot3_manipulation_bringup': AMENT_PREFIX_PATH=/home/ciderlab-server3/workspace/2026_industry_cowork/IsaacSim-ros_workspaces/humble_ws/install/turtlebot3_manipulation_description:${AMENT_PREFIX_PATH} CMAKE_PREFIX_PATH=/home/ciderlab-server3/workspace/2026_industry_cowork/IsaacSim-ros_workspaces/humble_ws/install/turtlebot3_manipulation_description:/home/ciderlab-server3/workspace/2026_industry_cowork/install/turtlebot3_manipulation:/home/ciderlab-server3/workspace/2026_industry_cowork/install/turtlebot3_manipulation_teleop:/home/ciderlab-server3/workspace/2026_industry_cowork/install/turtlebot3_manipulation_navigation2:/home/ciderlab-server3/workspace/2026_industry_cowork/install/turtlebot3_manipulation_moveit_config:/home/ciderlab-server3/workspace/2026_industry_cowork/install/turtlebot3_manipulation_hardware:/home/ciderlab-server3/workspace/2026_industry_cowork/install/turtlebot3_manipulation_bringup:/home/ciderlab-server3/workspace/2026_industry_cowork/install/turtlebot3_manipulation_description:/home/ciderlab-server3/workspace/2026_industry_cowork/install/turtlebot3_manipulation_cartographer:/home/ciderlab-server3/turtlebot3_ws/install/turtlebot3:/home/ciderlab-server3/turtlebot3_ws/install/turtlebot3_simulations:/home/ciderlab-server3/turtlebot3_ws/install/turtlebot3_bringup:/home/ciderlab-server3/turtlebot3_ws/install/turtlebot3_node:/home/ciderlab-server3/turtlebot3_ws/install/turtlebot3_navigation2:/home/ciderlab-server3/turtlebot3_ws/install/turtlebot3_machine_learning:/home/ciderlab-server3/turtlebot3_ws/install/turtlebot3_fake_node:/home/ciderlab-server3/turtlebot3_ws/install/turtlebot3_msgs:/home/ciderlab-server3/turtlebot3_ws/install/turtlebot3_manipulation:/home/ciderlab-server3/turtlebot3_ws/install/turtlebot3_manipulation_teleop:/home/ciderlab-server3/turtlebot3_ws/install/turtlebot3_home_service_challenge:/home/ciderlab-server3/turtlebot3_ws/install/turtlebot3_home_service_challenge_manipulator:/home/ciderlab-server3/turtlebot3_ws/install/turtlebot3_home_service_challenge_tools:/home/ciderlab-server3/turtlebot3_ws/install/turtlebot3_manipulation_navigation2:/home/ciderlab-server3/turtlebot3_ws/install/turtlebot3_manipulation_moveit_config:/home/ciderlab-server3/turtlebot3_ws/install/turtlebot3_manipulation_hardware:/home/ciderlab-server3/turtlebot3_ws/install/turtlebot3_manipulation_gazebo:/home/ciderlab-server3/turtlebot3_ws/install/turtlebot3_manipulation_bringup:/home/ciderlab-server3/turtlebot3_ws/install/turtlebot3_manipulation_description:/home/ciderlab-server3/turtlebot3_ws/install/turtlebot3_manipulation_cartographer:/home/ciderlab-server3/turtlebot3_ws/install/turtlebot3_gazebo:/home/ciderlab-server3/turtlebot3_ws/install/turtlebot3_description:/home/ciderlab-server3/turtlebot3_ws/install/turtlebot3_cartographer:/home/ciderlab-server3/turtlebot3_ws/install/dynamixel_sdk_examples:/home/ciderlab-server3/turtlebot3_ws/install/dynamixel_sdk_custom_interfaces:/home/ciderlab-server3/turtlebot3_ws/install/dynamixel_sdk:/home/ciderlab-server3/turtlebot3_ws/install/turtlebot3_teleop:/home/ciderlab-server3/turtlebot3_ws/install/turtlebot3_example:/home/ciderlab-server3/turtlebot3_ws/install/turtlebot3_dqn:/home/ciderlab-server3/turtlebot3_ws/install/turtlebot3_home_service_challenge_core:/home/ciderlab-server3/turtlebot3_ws/install/turtlebot3_home_service_challenge_aruco:/opt/ros/humble /usr/bin/cmake /home/ciderlab-server3/workspace/2026_industry_cowork/IsaacSim-ros_workspaces/humble_ws/src/turtlebot3_manipulation/turtlebot3_manipulation_bringup -DCMAKE_INSTALL_PREFIX=/home/ciderlab-server3/workspace/2026_industry_cowork/IsaacSim-ros_workspaces/humble_ws/install/turtlebot3_manipulation_bringup
[1.014s] DEBUG:colcon.colcon_core.event_handler.log_command:Invoking command in '/home/ciderlab-server3/workspace/2026_industry_cowork/IsaacSim-ros_workspaces/humble_ws/build/turtlebot3_manipulation_moveit_config': AMENT_PREFIX_PATH=/home/ciderlab-server3/workspace/2026_industry_cowork/IsaacSim-ros_workspaces/humble_ws/install/turtlebot3_manipulation_description:${AMENT_PREFIX_PATH} CMAKE_PREFIX_PATH=/home/ciderlab-server3/workspace/2026_industry_cowork/IsaacSim-ros_workspaces/humble_ws/install/turtlebot3_manipulation_description:/home/ciderlab-server3/workspace/2026_industry_cowork/install/turtlebot3_manipulation:/home/ciderlab-server3/workspace/2026_industry_cowork/install/turtlebot3_manipulation_teleop:/home/ciderlab-server3/workspace/2026_industry_cowork/install/turtlebot3_manipulation_navigation2:/home/ciderlab-server3/workspace/2026_industry_cowork/install/turtlebot3_manipulation_moveit_config:/home/ciderlab-server3/workspace/2026_industry_cowork/install/turtlebot3_manipulation_hardware:/home/ciderlab-server3/workspace/2026_industry_cowork/install/turtlebot3_manipulation_bringup:/home/ciderlab-server3/workspace/2026_industry_cowork/install/turtlebot3_manipulation_description:/home/ciderlab-server3/workspace/2026_industry_cowork/install/turtlebot3_manipulation_cartographer:/home/ciderlab-server3/turtlebot3_ws/install/turtlebot3:/home/ciderlab-server3/turtlebot3_ws/install/turtlebot3_simulations:/home/ciderlab-server3/turtlebot3_ws/install/turtlebot3_bringup:/home/ciderlab-server3/turtlebot3_ws/install/turtlebot3_node:/home/ciderlab-server3/turtlebot3_ws/install/turtlebot3_navigation2:/home/ciderlab-server3/turtlebot3_ws/install/turtlebot3_machine_learning:/home/ciderlab-server3/turtlebot3_ws/install/turtlebot3_fake_node:/home/ciderlab-server3/turtlebot3_ws/install/turtlebot3_msgs:/home/ciderlab-server3/turtlebot3_ws/install/turtlebot3_manipulation:/home/ciderlab-server3/turtlebot3_ws/install/turtlebot3_manipulation_teleop:/home/ciderlab-server3/turtlebot3_ws/install/turtlebot3_home_service_challenge:/home/ciderlab-server3/turtlebot3_ws/install/turtlebot3_home_service_challenge_manipulator:/home/ciderlab-server3/turtlebot3_ws/install/turtlebot3_home_service_challenge_tools:/home/ciderlab-server3/turtlebot3_ws/install/turtlebot3_manipulation_navigation2:/home/ciderlab-server3/turtlebot3_ws/install/turtlebot3_manipulation_moveit_config:/home/ciderlab-server3/turtlebot3_ws/install/turtlebot3_manipulation_hardware:/home/ciderlab-server3/turtlebot3_ws/install/turtlebot3_manipulation_gazebo:/home/ciderlab-server3/turtlebot3_ws/install/turtlebot3_manipulation_bringup:/home/ciderlab-server3/turtlebot3_ws/install/turtlebot3_manipulation_description:/home/ciderlab-server3/turtlebot3_ws/install/turtlebot3_manipulation_cartographer:/home/ciderlab-server3/turtlebot3_ws/install/turtlebot3_gazebo:/home/ciderlab-server3/turtlebot3_ws/install/turtlebot3_description:/home/ciderlab-server3/turtlebot3_ws/install/turtlebot3_cartographer:/home/ciderlab-server3/turtlebot3_ws/install/dynamixel_sdk_examples:/home/ciderlab-server3/turtlebot3_ws/install/dynamixel_sdk_custom_interfaces:/home/ciderlab-server3/turtlebot3_ws/install/dynamixel_sdk:/home/ciderlab-server3/turtlebot3_ws/install/turtlebot3_teleop:/home/ciderlab-server3/turtlebot3_ws/install/turtlebot3_example:/home/ciderlab-server3/turtlebot3_ws/install/turtlebot3_dqn:/home/ciderlab-server3/turtlebot3_ws/install/turtlebot3_home_service_challenge_core:/home/ciderlab-server3/turtlebot3_ws/install/turtlebot3_home_service_challenge_aruco:/opt/ros/humble /usr/bin/cmake /home/ciderlab-server3/workspace/2026_industry_cowork/IsaacSim-ros_workspaces/humble_ws/src/turtlebot3_manipulation/turtlebot3_manipulation_moveit_config -DCMAKE_INSTALL_PREFIX=/home/ciderlab-server3/workspace/2026_industry_cowork/IsaacSim-ros_workspaces/humble_ws/install/turtlebot3_manipulation_moveit_config
[1.142s] DEBUG:colcon.colcon_core.task.python.build:Available setuptools commands: build_py, install_scripts, setopt, bdist_dumb, saveopts, install_headers, develop, easy_install, symlink_data, rotate, install, egg_info, dist_info, test, upload_docs, install_egg_info, compile_catalog, sdist, bdist_rpm, install_data, update_catalog, bdist_egg, upload, build_clib, bdist_wheel, install_lib, build, init_catalog, alias, build_scripts, register, extract_messages, check, build_ext, clean, bdist
[1.144s] DEBUG:colcon.colcon_core.task.python.build:Available setuptools commands: build_py, install_scripts, setopt, bdist_dumb, saveopts, install_headers, develop, easy_install, symlink_data, rotate, install, egg_info, dist_info, test, upload_docs, install_egg_info, compile_catalog, sdist, bdist_rpm, install_data, update_catalog, bdist_egg, upload, build_clib, bdist_wheel, install_lib, build, init_catalog, alias, build_scripts, register, extract_messages, check, build_ext, clean, bdist
[1.146s] DEBUG:colcon.colcon_core.event_handler.log_command:Invoking command in '/home/ciderlab-server3/workspace/2026_industry_cowork/IsaacSim-ros_workspaces/humble_ws/src/isaacsim_bringup': PYTHONPATH=/home/ciderlab-server3/workspace/2026_industry_cowork/IsaacSim-ros_workspaces/humble_ws/build/isaacsim_bringup/prefix_override:/usr/lib/python3/dist-packages/colcon_core/task/python/colcon_distutils_commands:/home/ciderlab-server3/workspace/2026_industry_cowork/IsaacSim-ros_workspaces/humble_ws/install/isaacsim_bringup/lib/python3.10/site-packages:${PYTHONPATH} /usr/bin/python3 -W ignore:setup.py install is deprecated -W ignore:easy_install command is deprecated setup.py egg_info --egg-base ../../build/isaacsim_bringup build --build-base /home/ciderlab-server3/workspace/2026_industry_cowork/IsaacSim-ros_workspaces/humble_ws/build/isaacsim_bringup/build install --record /home/ciderlab-server3/workspace/2026_industry_cowork/IsaacSim-ros_workspaces/humble_ws/build/isaacsim_bringup/install.log --install-scripts $base/lib/isaacsim_bringup --single-version-externally-managed install_data
[1.149s] DEBUG:colcon.colcon_core.task.python.build:Available setuptools commands: build_py, install_scripts, setopt, bdist_dumb, saveopts, install_headers, develop, easy_install, symlink_data, rotate, install, egg_info, dist_info, test, upload_docs, install_egg_info, compile_catalog, sdist, bdist_rpm, install_data, update_catalog, bdist_egg, upload, build_clib, bdist_wheel, install_lib, build, init_catalog, alias, build_scripts, register, extract_messages, check, build_ext, clean, bdist
[1.152s] DEBUG:colcon.colcon_core.task.python.build:Available setuptools commands: build_py, install_scripts, setopt, bdist_dumb, saveopts, install_headers, develop, easy_install, symlink_data, rotate, install, egg_info, dist_info, test, upload_docs, install_egg_info, compile_catalog, sdist, bdist_rpm, install_data, update_catalog, bdist_egg, upload, build_clib, bdist_wheel, install_lib, build, init_catalog, alias, build_scripts, register, extract_messages, check, build_ext, clean, bdist
[1.154s] DEBUG:colcon.colcon_core.event_handler.log_command:Invoking command in '/home/ciderlab-server3/workspace/2026_industry_cowork/IsaacSim-ros_workspaces/humble_ws/src/moveit/isaac_moveit': PYTHONPATH=/home/ciderlab-server3/workspace/2026_industry_cowork/IsaacSim-ros_workspaces/humble_ws/build/isaac_moveit/prefix_override:/usr/lib/python3/dist-packages/colcon_core/task/python/colcon_distutils_commands:/home/ciderlab-server3/workspace/2026_industry_cowork/IsaacSim-ros_workspaces/humble_ws/install/isaac_moveit/lib/python3.10/site-packages:${PYTHONPATH} /usr/bin/python3 -W ignore:setup.py install is deprecated -W ignore:easy_install command is deprecated setup.py egg_info --egg-base ../../../build/isaac_moveit build --build-base /home/ciderlab-server3/workspace/2026_industry_cowork/IsaacSim-ros_workspaces/humble_ws/build/isaac_moveit/build install --record /home/ciderlab-server3/workspace/2026_industry_cowork/IsaacSim-ros_workspaces/humble_ws/build/isaac_moveit/install.log --install-scripts $base/lib/isaac_moveit --single-version-externally-managed install_data
[1.156s] DEBUG:colcon.colcon_core.event_handler.log_command:Invoking command in '/home/ciderlab-server3/workspace/2026_industry_cowork/IsaacSim-ros_workspaces/humble_ws/src/isaac_compressed_image_decoder': PYTHONPATH=/home/ciderlab-server3/workspace/2026_industry_cowork/IsaacSim-ros_workspaces/humble_ws/build/isaac_compressed_image_decoder/prefix_override:/usr/lib/python3/dist-packages/colcon_core/task/python/colcon_distutils_commands:/home/ciderlab-server3/workspace/2026_industry_cowork/IsaacSim-ros_workspaces/humble_ws/install/isaac_compressed_image_decoder/lib/python3.10/site-packages:${PYTHONPATH} /usr/bin/python3 -W ignore:setup.py install is deprecated -W ignore:easy_install command is deprecated setup.py egg_info --egg-base ../../build/isaac_compressed_image_decoder build --build-base /home/ciderlab-server3/workspace/2026_industry_cowork/IsaacSim-ros_workspaces/humble_ws/build/isaac_compressed_image_decoder/build install --record /home/ciderlab-server3/workspace/2026_industry_cowork/IsaacSim-ros_workspaces/humble_ws/build/isaac_compressed_image_decoder/install.log --install-scripts $base/lib/isaac_compressed_image_decoder --single-version-externally-managed install_data
[1.156s] DEBUG:colcon.colcon_core.event_handler.log_command:Invoking command in '/home/ciderlab-server3/workspace/2026_industry_cowork/IsaacSim-ros_workspaces/humble_ws/src/navigation/isaac_ros_navigation_goal': PYTHONPATH=/home/ciderlab-server3/workspace/2026_industry_cowork/IsaacSim-ros_workspaces/humble_ws/build/isaac_ros_navigation_goal/prefix_override:/usr/lib/python3/dist-packages/colcon_core/task/python/colcon_distutils_commands:/home/ciderlab-server3/workspace/2026_industry_cowork/IsaacSim-ros_workspaces/humble_ws/install/isaac_ros_navigation_goal/lib/python3.10/site-packages:${PYTHONPATH} /usr/bin/python3 -W ignore:setup.py install is deprecated -W ignore:easy_install command is deprecated setup.py egg_info --egg-base ../../../build/isaac_ros_navigation_goal build --build-base /home/ciderlab-server3/workspace/2026_industry_cowork/IsaacSim-ros_workspaces/humble_ws/build/isaac_ros_navigation_goal/build install --record /home/ciderlab-server3/workspace/2026_industry_cowork/IsaacSim-ros_workspaces/humble_ws/build/isaac_ros_navigation_goal/install.log --install-scripts $base/lib/isaac_ros_navigation_goal --single-version-externally-managed install_data
[1.159s] DEBUG:colcon.colcon_core.task.python.build:Available setuptools commands: build_py, install_scripts, setopt, bdist_dumb, saveopts, install_headers, develop, easy_install, symlink_data, rotate, install, egg_info, dist_info, test, upload_docs, install_egg_info, compile_catalog, sdist, bdist_rpm, install_data, update_catalog, bdist_egg, upload, build_clib, bdist_wheel, install_lib, build, init_catalog, alias, build_scripts, register, extract_messages, check, build_ext, clean, bdist
[1.163s] DEBUG:colcon.colcon_core.event_handler.log_command:Invoking command in '/home/ciderlab-server3/workspace/2026_industry_cowork/IsaacSim-ros_workspaces/humble_ws/src/ackermann_control/cmdvel_to_ackermann': PYTHONPATH=/home/ciderlab-server3/workspace/2026_industry_cowork/IsaacSim-ros_workspaces/humble_ws/build/cmdvel_to_ackermann/prefix_override:/usr/lib/python3/dist-packages/colcon_core/task/python/colcon_distutils_commands:/home/ciderlab-server3/workspace/2026_industry_cowork/IsaacSim-ros_workspaces/humble_ws/install/cmdvel_to_ackermann/lib/python3.10/site-packages:${PYTHONPATH} /usr/bin/python3 -W ignore:setup.py install is deprecated -W ignore:easy_install command is deprecated setup.py egg_info --egg-base ../../../build/cmdvel_to_ackermann build --build-base /home/ciderlab-server3/workspace/2026_industry_cowork/IsaacSim-ros_workspaces/humble_ws/build/cmdvel_to_ackermann/build install --record /home/ciderlab-server3/workspace/2026_industry_cowork/IsaacSim-ros_workspaces/humble_ws/build/cmdvel_to_ackermann/install.log --install-scripts $base/lib/cmdvel_to_ackermann --single-version-externally-managed install_data
[1.165s] DEBUG:colcon.colcon_core.task.python.build:Available setuptools commands: build_py, install_scripts, setopt, bdist_dumb, saveopts, install_headers, develop, easy_install, symlink_data, rotate, install, egg_info, dist_info, test, upload_docs, install_egg_info, compile_catalog, sdist, bdist_rpm, install_data, update_catalog, bdist_egg, upload, build_clib, bdist_wheel, install_lib, build, init_catalog, alias, build_scripts, register, extract_messages, check, build_ext, clean, bdist
[1.168s] DEBUG:colcon.colcon_core.event_handler.log_command:Invoking command in '/home/ciderlab-server3/workspace/2026_industry_cowork/IsaacSim-ros_workspaces/humble_ws/src/humanoid_locomotion_policy_example/h1_fullbody_controller': PYTHONPATH=/home/ciderlab-server3/workspace/2026_industry_cowork/IsaacSim-ros_workspaces/humble_ws/build/h1_fullbody_controller/prefix_override:/usr/lib/python3/dist-packages/colcon_core/task/python/colcon_distutils_commands:/home/ciderlab-server3/workspace/2026_industry_cowork/IsaacSim-ros_workspaces/humble_ws/install/h1_fullbody_controller/lib/python3.10/site-packages:${PYTHONPATH} /usr/bin/python3 -W ignore:setup.py install is deprecated -W ignore:easy_install command is deprecated setup.py egg_info --egg-base ../../../build/h1_fullbody_controller build --build-base /home/ciderlab-server3/workspace/2026_industry_cowork/IsaacSim-ros_workspaces/humble_ws/build/h1_fullbody_controller/build install --record /home/ciderlab-server3/workspace/2026_industry_cowork/IsaacSim-ros_workspaces/humble_ws/build/h1_fullbody_controller/install.log --install-scripts $base/lib/h1_fullbody_controller --single-version-externally-managed install_data
[1.197s] DEBUG:colcon.colcon_core.event_handler.log_command:Invoked command in '/home/ciderlab-server3/workspace/2026_industry_cowork/IsaacSim-ros_workspaces/humble_ws/build/isaac_tutorials' returned '0': CMAKE_PREFIX_PATH=${CMAKE_PREFIX_PATH}:/home/ciderlab-server3/turtlebot3_ws/install/turtlebot3_teleop:/home/ciderlab-server3/turtlebot3_ws/install/turtlebot3_example:/home/ciderlab-server3/turtlebot3_ws/install/turtlebot3_dqn:/home/ciderlab-server3/turtlebot3_ws/install/turtlebot3_home_service_challenge_core:/home/ciderlab-server3/turtlebot3_ws/install/turtlebot3_home_service_challenge_aruco:/opt/ros/humble /usr/bin/cmake /home/ciderlab-server3/workspace/2026_industry_cowork/IsaacSim-ros_workspaces/humble_ws/src/isaac_tutorials -DCMAKE_INSTALL_PREFIX=/home/ciderlab-server3/workspace/2026_industry_cowork/IsaacSim-ros_workspaces/humble_ws/install/isaac_tutorials
[1.199s] DEBUG:colcon.colcon_core.event_handler.log_command:Invoking command in '/home/ciderlab-server3/workspace/2026_industry_cowork/IsaacSim-ros_workspaces/humble_ws/build/isaac_tutorials': CMAKE_PREFIX_PATH=${CMAKE_PREFIX_PATH}:/home/ciderlab-server3/turtlebot3_ws/install/turtlebot3_teleop:/home/ciderlab-server3/turtlebot3_ws/install/turtlebot3_example:/home/ciderlab-server3/turtlebot3_ws/install/turtlebot3_dqn:/home/ciderlab-server3/turtlebot3_ws/install/turtlebot3_home_service_challenge_core:/home/ciderlab-server3/turtlebot3_ws/install/turtlebot3_home_service_challenge_aruco:/opt/ros/humble /usr/bin/cmake --build /home/ciderlab-server3/workspace/2026_industry_cowork/IsaacSim-ros_workspaces/humble_ws/build/isaac_tutorials -- -j24 -l24
[1.224s] DEBUG:colcon.colcon_core.event_handler.log_command:Invoked command in '/home/ciderlab-server3/workspace/2026_industry_cowork/IsaacSim-ros_workspaces/humble_ws/build/isaac_tutorials' returned '0': CMAKE_PREFIX_PATH=${CMAKE_PREFIX_PATH}:/home/ciderlab-server3/turtlebot3_ws/install/turtlebot3_teleop:/home/ciderlab-server3/turtlebot3_ws/install/turtlebot3_example:/home/ciderlab-server3/turtlebot3_ws/install/turtlebot3_dqn:/home/ciderlab-server3/turtlebot3_ws/install/turtlebot3_home_service_challenge_core:/home/ciderlab-server3/turtlebot3_ws/install/turtlebot3_home_service_challenge_aruco:/opt/ros/humble /usr/bin/cmake --build /home/ciderlab-server3/workspace/2026_industry_cowork/IsaacSim-ros_workspaces/humble_ws/build/isaac_tutorials -- -j24 -l24
[1.224s] DEBUG:colcon.colcon_core.event_handler.log_command:Invoking command in '/home/ciderlab-server3/workspace/2026_industry_cowork/IsaacSim-ros_workspaces/humble_ws/build/isaac_tutorials': CMAKE_PREFIX_PATH=${CMAKE_PREFIX_PATH}:/home/ciderlab-server3/turtlebot3_ws/install/turtlebot3_teleop:/home/ciderlab-server3/turtlebot3_ws/install/turtlebot3_example:/home/ciderlab-server3/turtlebot3_ws/install/turtlebot3_dqn:/home/ciderlab-server3/turtlebot3_ws/install/turtlebot3_home_service_challenge_core:/home/ciderlab-server3/turtlebot3_ws/install/turtlebot3_home_service_challenge_aruco:/opt/ros/humble /usr/bin/cmake --install /home/ciderlab-server3/workspace/2026_industry_cowork/IsaacSim-ros_workspaces/humble_ws/build/isaac_tutorials
[1.233s] Level 1:colcon.colcon_core.environment:create_environment_scripts_only(isaac_tutorials)
[1.233s] Level 1:colcon.colcon_core.environment:checking '/home/ciderlab-server3/workspace/2026_industry_cowork/IsaacSim-ros_workspaces/humble_ws/install/isaac_tutorials' for CMake module files
[1.233s] DEBUG:colcon.colcon_core.event_handler.log_command:Invoked command in '/home/ciderlab-server3/workspace/2026_industry_cowork/IsaacSim-ros_workspaces/humble_ws/build/isaac_tutorials' returned '0': CMAKE_PREFIX_PATH=${CMAKE_PREFIX_PATH}:/home/ciderlab-server3/turtlebot3_ws/install/turtlebot3_teleop:/home/ciderlab-server3/turtlebot3_ws/install/turtlebot3_example:/home/ciderlab-server3/turtlebot3_ws/install/turtlebot3_dqn:/home/ciderlab-server3/turtlebot3_ws/install/turtlebot3_home_service_challenge_core:/home/ciderlab-server3/turtlebot3_ws/install/turtlebot3_home_service_challenge_aruco:/opt/ros/humble /usr/bin/cmake --install /home/ciderlab-server3/workspace/2026_industry_cowork/IsaacSim-ros_workspaces/humble_ws/build/isaac_tutorials
[1.233s] Level 1:colcon.colcon_core.environment:checking '/home/ciderlab-server3/workspace/2026_industry_cowork/IsaacSim-ros_workspaces/humble_ws/install/isaac_tutorials' for CMake config files
[1.233s] Level 1:colcon.colcon_core.shell:create_environment_hook('isaac_tutorials', 'cmake_prefix_path')
[1.234s] INFO:colcon.colcon_core.shell:Creating environment hook '/home/ciderlab-server3/workspace/2026_industry_cowork/IsaacSim-ros_workspaces/humble_ws/install/isaac_tutorials/share/isaac_tutorials/hook/cmake_prefix_path.ps1'
[1.234s] INFO:colcon.colcon_core.shell:Creating environment descriptor '/home/ciderlab-server3/workspace/2026_industry_cowork/IsaacSim-ros_workspaces/humble_ws/install/isaac_tutorials/share/isaac_tutorials/hook/cmake_prefix_path.dsv'
[1.234s] INFO:colcon.colcon_core.shell:Creating environment hook '/home/ciderlab-server3/workspace/2026_industry_cowork/IsaacSim-ros_workspaces/humble_ws/install/isaac_tutorials/share/isaac_tutorials/hook/cmake_prefix_path.sh'
[1.234s] Level 1:colcon.colcon_core.environment:checking '/home/ciderlab-server3/workspace/2026_industry_cowork/IsaacSim-ros_workspaces/humble_ws/install/isaac_tutorials/lib'
[1.234s] Level 1:colcon.colcon_core.environment:checking '/home/ciderlab-server3/workspace/2026_industry_cowork/IsaacSim-ros_workspaces/humble_ws/install/isaac_tutorials/bin'
[1.234s] Level 1:colcon.colcon_core.environment:checking '/home/ciderlab-server3/workspace/2026_industry_cowork/IsaacSim-ros_workspaces/humble_ws/install/isaac_tutorials/lib/pkgconfig/isaac_tutorials.pc'
[1.234s] Level 1:colcon.colcon_core.environment:checking '/home/ciderlab-server3/workspace/2026_industry_cowork/IsaacSim-ros_workspaces/humble_ws/install/isaac_tutorials/lib/python3.10/site-packages'
[1.235s] Level 1:colcon.colcon_core.environment:checking '/home/ciderlab-server3/workspace/2026_industry_cowork/IsaacSim-ros_workspaces/humble_ws/install/isaac_tutorials/bin'
[1.235s] INFO:colcon.colcon_core.shell:Creating package script '/home/ciderlab-server3/workspace/2026_industry_cowork/IsaacSim-ros_workspaces/humble_ws/install/isaac_tutorials/share/isaac_tutorials/package.ps1'
[1.235s] INFO:colcon.colcon_core.shell:Creating package descriptor '/home/ciderlab-server3/workspace/2026_industry_cowork/IsaacSim-ros_workspaces/humble_ws/install/isaac_tutorials/share/isaac_tutorials/package.dsv'
[1.235s] INFO:colcon.colcon_core.shell:Creating package script '/home/ciderlab-server3/workspace/2026_industry_cowork/IsaacSim-ros_workspaces/humble_ws/install/isaac_tutorials/share/isaac_tutorials/package.sh'
[1.235s] INFO:colcon.colcon_core.shell:Creating package script '/home/ciderlab-server3/workspace/2026_industry_cowork/IsaacSim-ros_workspaces/humble_ws/install/isaac_tutorials/share/isaac_tutorials/package.bash'
[1.235s] INFO:colcon.colcon_core.shell:Creating package script '/home/ciderlab-server3/workspace/2026_industry_cowork/IsaacSim-ros_workspaces/humble_ws/install/isaac_tutorials/share/isaac_tutorials/package.zsh'
[1.235s] Level 1:colcon.colcon_core.environment:create_file_with_runtime_dependencies(/home/ciderlab-server3/workspace/2026_industry_cowork/IsaacSim-ros_workspaces/humble_ws/install/isaac_tutorials/share/colcon-core/packages/isaac_tutorials)
[1.236s] Level 1:colcon.colcon_core.environment:create_environment_scripts_only(isaac_tutorials)
[1.236s] Level 1:colcon.colcon_core.environment:checking '/home/ciderlab-server3/workspace/2026_industry_cowork/IsaacSim-ros_workspaces/humble_ws/install/isaac_tutorials' for CMake module files
[1.236s] Level 1:colcon.colcon_core.environment:checking '/home/ciderlab-server3/workspace/2026_industry_cowork/IsaacSim-ros_workspaces/humble_ws/install/isaac_tutorials' for CMake config files
[1.236s] Level 1:colcon.colcon_core.shell:create_environment_hook('isaac_tutorials', 'cmake_prefix_path')
[1.236s] INFO:colcon.colcon_core.shell:Creating environment hook '/home/ciderlab-server3/workspace/2026_industry_cowork/IsaacSim-ros_workspaces/humble_ws/install/isaac_tutorials/share/isaac_tutorials/hook/cmake_prefix_path.ps1'
[1.236s] INFO:colcon.colcon_core.shell:Creating environment descriptor '/home/ciderlab-server3/workspace/2026_industry_cowork/IsaacSim-ros_workspaces/humble_ws/install/isaac_tutorials/share/isaac_tutorials/hook/cmake_prefix_path.dsv'
[1.236s] INFO:colcon.colcon_core.shell:Creating environment hook '/home/ciderlab-server3/workspace/2026_industry_cowork/IsaacSim-ros_workspaces/humble_ws/install/isaac_tutorials/share/isaac_tutorials/hook/cmake_prefix_path.sh'
[1.236s] Level 1:colcon.colcon_core.environment:checking '/home/ciderlab-server3/workspace/2026_industry_cowork/IsaacSim-ros_workspaces/humble_ws/install/isaac_tutorials/lib'
[1.236s] Level 1:colcon.colcon_core.environment:checking '/home/ciderlab-server3/workspace/2026_industry_cowork/IsaacSim-ros_workspaces/humble_ws/install/isaac_tutorials/bin'
[1.236s] Level 1:colcon.colcon_core.environment:checking '/home/ciderlab-server3/workspace/2026_industry_cowork/IsaacSim-ros_workspaces/humble_ws/install/isaac_tutorials/lib/pkgconfig/isaac_tutorials.pc'
[1.237s] Level 1:colcon.colcon_core.environment:checking '/home/ciderlab-server3/workspace/2026_industry_cowork/IsaacSim-ros_workspaces/humble_ws/install/isaac_tutorials/lib/python3.10/site-packages'
[1.237s] Level 1:colcon.colcon_core.environment:checking '/home/ciderlab-server3/workspace/2026_industry_cowork/IsaacSim-ros_workspaces/humble_ws/install/isaac_tutorials/bin'
[1.237s] INFO:colcon.colcon_core.shell:Creating package script '/home/ciderlab-server3/workspace/2026_industry_cowork/IsaacSim-ros_workspaces/humble_ws/install/isaac_tutorials/share/isaac_tutorials/package.ps1'
[1.237s] INFO:colcon.colcon_core.shell:Creating package descriptor '/home/ciderlab-server3/workspace/2026_industry_cowork/IsaacSim-ros_workspaces/humble_ws/install/isaac_tutorials/share/isaac_tutorials/package.dsv'
[1.237s] INFO:colcon.colcon_core.shell:Creating package script '/home/ciderlab-server3/workspace/2026_industry_cowork/IsaacSim-ros_workspaces/humble_ws/install/isaac_tutorials/share/isaac_tutorials/package.sh'
[1.237s] INFO:colcon.colcon_core.shell:Creating package script '/home/ciderlab-server3/workspace/2026_industry_cowork/IsaacSim-ros_workspaces/humble_ws/install/isaac_tutorials/share/isaac_tutorials/package.bash'
[1.238s] INFO:colcon.colcon_core.shell:Creating package script '/home/ciderlab-server3/workspace/2026_industry_cowork/IsaacSim-ros_workspaces/humble_ws/install/isaac_tutorials/share/isaac_tutorials/package.zsh'
[1.238s] Level 1:colcon.colcon_core.environment:create_file_with_runtime_dependencies(/home/ciderlab-server3/workspace/2026_industry_cowork/IsaacSim-ros_workspaces/humble_ws/install/isaac_tutorials/share/colcon-core/packages/isaac_tutorials)
[1.271s] Level 1:colcon.colcon_core.environment:checking '/home/ciderlab-server3/workspace/2026_industry_cowork/IsaacSim-ros_workspaces/humble_ws/install/isaacsim_bringup' for CMake module files
[1.272s] DEBUG:colcon.colcon_core.event_handler.log_command:Invoked command in '/home/ciderlab-server3/workspace/2026_industry_cowork/IsaacSim-ros_workspaces/humble_ws/src/isaacsim_bringup' returned '0': PYTHONPATH=/home/ciderlab-server3/workspace/2026_industry_cowork/IsaacSim-ros_workspaces/humble_ws/build/isaacsim_bringup/prefix_override:/usr/lib/python3/dist-packages/colcon_core/task/python/colcon_distutils_commands:/home/ciderlab-server3/workspace/2026_industry_cowork/IsaacSim-ros_workspaces/humble_ws/install/isaacsim_bringup/lib/python3.10/site-packages:${PYTHONPATH} /usr/bin/python3 -W ignore:setup.py install is deprecated -W ignore:easy_install command is deprecated setup.py egg_info --egg-base ../../build/isaacsim_bringup build --build-base /home/ciderlab-server3/workspace/2026_industry_cowork/IsaacSim-ros_workspaces/humble_ws/build/isaacsim_bringup/build install --record /home/ciderlab-server3/workspace/2026_industry_cowork/IsaacSim-ros_workspaces/humble_ws/build/isaacsim_bringup/install.log --install-scripts $base/lib/isaacsim_bringup --single-version-externally-managed install_data
[1.272s] Level 1:colcon.colcon_core.environment:checking '/home/ciderlab-server3/workspace/2026_industry_cowork/IsaacSim-ros_workspaces/humble_ws/install/isaacsim_bringup' for CMake config files
[1.272s] Level 1:colcon.colcon_core.environment:checking '/home/ciderlab-server3/workspace/2026_industry_cowork/IsaacSim-ros_workspaces/humble_ws/install/isaacsim_bringup/lib'
[1.272s] Level 1:colcon.colcon_core.environment:checking '/home/ciderlab-server3/workspace/2026_industry_cowork/IsaacSim-ros_workspaces/humble_ws/install/isaacsim_bringup/bin'
[1.272s] Level 1:colcon.colcon_core.environment:checking '/home/ciderlab-server3/workspace/2026_industry_cowork/IsaacSim-ros_workspaces/humble_ws/install/isaacsim_bringup/lib/pkgconfig/isaacsim_bringup.pc'
[1.272s] Level 1:colcon.colcon_core.environment:checking '/home/ciderlab-server3/workspace/2026_industry_cowork/IsaacSim-ros_workspaces/humble_ws/install/isaacsim_bringup/lib/python3.10/site-packages'
[1.272s] Level 1:colcon.colcon_core.shell:create_environment_hook('isaacsim_bringup', 'pythonpath')
[1.273s] INFO:colcon.colcon_core.shell:Creating environment hook '/home/ciderlab-server3/workspace/2026_industry_cowork/IsaacSim-ros_workspaces/humble_ws/install/isaacsim_bringup/share/isaacsim_bringup/hook/pythonpath.ps1'
[1.273s] INFO:colcon.colcon_core.shell:Creating environment descriptor '/home/ciderlab-server3/workspace/2026_industry_cowork/IsaacSim-ros_workspaces/humble_ws/install/isaacsim_bringup/share/isaacsim_bringup/hook/pythonpath.dsv'
[1.273s] INFO:colcon.colcon_core.shell:Creating environment hook '/home/ciderlab-server3/workspace/2026_industry_cowork/IsaacSim-ros_workspaces/humble_ws/install/isaacsim_bringup/share/isaacsim_bringup/hook/pythonpath.sh'
[1.274s] Level 1:colcon.colcon_core.environment:checking '/home/ciderlab-server3/workspace/2026_industry_cowork/IsaacSim-ros_workspaces/humble_ws/install/isaacsim_bringup/bin'
[1.275s] Level 1:colcon.colcon_core.environment:create_environment_scripts_only(isaacsim_bringup)
[1.275s] INFO:colcon.colcon_core.shell:Creating package script '/home/ciderlab-server3/workspace/2026_industry_cowork/IsaacSim-ros_workspaces/humble_ws/install/isaacsim_bringup/share/isaacsim_bringup/package.ps1'
[1.278s] INFO:colcon.colcon_core.shell:Creating package descriptor '/home/ciderlab-server3/workspace/2026_industry_cowork/IsaacSim-ros_workspaces/humble_ws/install/isaacsim_bringup/share/isaacsim_bringup/package.dsv'
[1.279s] INFO:colcon.colcon_core.shell:Creating package script '/home/ciderlab-server3/workspace/2026_industry_cowork/IsaacSim-ros_workspaces/humble_ws/install/isaacsim_bringup/share/isaacsim_bringup/package.sh'
[1.279s] INFO:colcon.colcon_core.shell:Creating package script '/home/ciderlab-server3/workspace/2026_industry_cowork/IsaacSim-ros_workspaces/humble_ws/install/isaacsim_bringup/share/isaacsim_bringup/package.bash'
[1.280s] INFO:colcon.colcon_core.shell:Creating package script '/home/ciderlab-server3/workspace/2026_industry_cowork/IsaacSim-ros_workspaces/humble_ws/install/isaacsim_bringup/share/isaacsim_bringup/package.zsh'
[1.280s] Level 1:colcon.colcon_core.environment:create_file_with_runtime_dependencies(/home/ciderlab-server3/workspace/2026_industry_cowork/IsaacSim-ros_workspaces/humble_ws/install/isaacsim_bringup/share/colcon-core/packages/isaacsim_bringup)
[1.285s] Level 1:colcon.colcon_core.environment:checking '/home/ciderlab-server3/workspace/2026_industry_cowork/IsaacSim-ros_workspaces/humble_ws/install/cmdvel_to_ackermann' for CMake module files
[1.285s] DEBUG:colcon.colcon_core.event_handler.log_command:Invoked command in '/home/ciderlab-server3/workspace/2026_industry_cowork/IsaacSim-ros_workspaces/humble_ws/src/ackermann_control/cmdvel_to_ackermann' returned '0': PYTHONPATH=/home/ciderlab-server3/workspace/2026_industry_cowork/IsaacSim-ros_workspaces/humble_ws/build/cmdvel_to_ackermann/prefix_override:/usr/lib/python3/dist-packages/colcon_core/task/python/colcon_distutils_commands:/home/ciderlab-server3/workspace/2026_industry_cowork/IsaacSim-ros_workspaces/humble_ws/install/cmdvel_to_ackermann/lib/python3.10/site-packages:${PYTHONPATH} /usr/bin/python3 -W ignore:setup.py install is deprecated -W ignore:easy_install command is deprecated setup.py egg_info --egg-base ../../../build/cmdvel_to_ackermann build --build-base /home/ciderlab-server3/workspace/2026_industry_cowork/IsaacSim-ros_workspaces/humble_ws/build/cmdvel_to_ackermann/build install --record /home/ciderlab-server3/workspace/2026_industry_cowork/IsaacSim-ros_workspaces/humble_ws/build/cmdvel_to_ackermann/install.log --install-scripts $base/lib/cmdvel_to_ackermann --single-version-externally-managed install_data
[1.286s] Level 1:colcon.colcon_core.environment:checking '/home/ciderlab-server3/workspace/2026_industry_cowork/IsaacSim-ros_workspaces/humble_ws/install/cmdvel_to_ackermann' for CMake config files
[1.286s] Level 1:colcon.colcon_core.environment:checking '/home/ciderlab-server3/workspace/2026_industry_cowork/IsaacSim-ros_workspaces/humble_ws/install/cmdvel_to_ackermann/lib'
[1.286s] Level 1:colcon.colcon_core.environment:checking '/home/ciderlab-server3/workspace/2026_industry_cowork/IsaacSim-ros_workspaces/humble_ws/install/cmdvel_to_ackermann/bin'
[1.286s] Level 1:colcon.colcon_core.environment:checking '/home/ciderlab-server3/workspace/2026_industry_cowork/IsaacSim-ros_workspaces/humble_ws/install/cmdvel_to_ackermann/lib/pkgconfig/cmdvel_to_ackermann.pc'
[1.286s] Level 1:colcon.colcon_core.environment:checking '/home/ciderlab-server3/workspace/2026_industry_cowork/IsaacSim-ros_workspaces/humble_ws/install/cmdvel_to_ackermann/lib/python3.10/site-packages'
[1.286s] Level 1:colcon.colcon_core.shell:create_environment_hook('cmdvel_to_ackermann', 'pythonpath')
[1.286s] INFO:colcon.colcon_core.shell:Creating environment hook '/home/ciderlab-server3/workspace/2026_industry_cowork/IsaacSim-ros_workspaces/humble_ws/install/cmdvel_to_ackermann/share/cmdvel_to_ackermann/hook/pythonpath.ps1'
[1.287s] INFO:colcon.colcon_core.shell:Creating environment descriptor '/home/ciderlab-server3/workspace/2026_industry_cowork/IsaacSim-ros_workspaces/humble_ws/install/cmdvel_to_ackermann/share/cmdvel_to_ackermann/hook/pythonpath.dsv'
[1.287s] INFO:colcon.colcon_core.shell:Creating environment hook '/home/ciderlab-server3/workspace/2026_industry_cowork/IsaacSim-ros_workspaces/humble_ws/install/cmdvel_to_ackermann/share/cmdvel_to_ackermann/hook/pythonpath.sh'
[1.287s] Level 1:colcon.colcon_core.environment:checking '/home/ciderlab-server3/workspace/2026_industry_cowork/IsaacSim-ros_workspaces/humble_ws/install/cmdvel_to_ackermann/bin'
[1.287s] Level 1:colcon.colcon_core.environment:create_environment_scripts_only(cmdvel_to_ackermann)
[1.288s] INFO:colcon.colcon_core.shell:Creating package script '/home/ciderlab-server3/workspace/2026_industry_cowork/IsaacSim-ros_workspaces/humble_ws/install/cmdvel_to_ackermann/share/cmdvel_to_ackermann/package.ps1'
[1.290s] INFO:colcon.colcon_core.shell:Creating package descriptor '/home/ciderlab-server3/workspace/2026_industry_cowork/IsaacSim-ros_workspaces/humble_ws/install/cmdvel_to_ackermann/share/cmdvel_to_ackermann/package.dsv'
[1.290s] INFO:colcon.colcon_core.shell:Creating package script '/home/ciderlab-server3/workspace/2026_industry_cowork/IsaacSim-ros_workspaces/humble_ws/install/cmdvel_to_ackermann/share/cmdvel_to_ackermann/package.sh'
[1.291s] INFO:colcon.colcon_core.shell:Creating package script '/home/ciderlab-server3/workspace/2026_industry_cowork/IsaacSim-ros_workspaces/humble_ws/install/cmdvel_to_ackermann/share/cmdvel_to_ackermann/package.bash'
[1.291s] INFO:colcon.colcon_core.shell:Creating package script '/home/ciderlab-server3/workspace/2026_industry_cowork/IsaacSim-ros_workspaces/humble_ws/install/cmdvel_to_ackermann/share/cmdvel_to_ackermann/package.zsh'
[1.291s] Level 1:colcon.colcon_core.environment:create_file_with_runtime_dependencies(/home/ciderlab-server3/workspace/2026_industry_cowork/IsaacSim-ros_workspaces/humble_ws/install/cmdvel_to_ackermann/share/colcon-core/packages/cmdvel_to_ackermann)
[1.295s] Level 1:colcon.colcon_core.environment:checking '/home/ciderlab-server3/workspace/2026_industry_cowork/IsaacSim-ros_workspaces/humble_ws/install/isaac_ros_navigation_goal' for CMake module files
[1.295s] DEBUG:colcon.colcon_core.event_handler.log_command:Invoked command in '/home/ciderlab-server3/workspace/2026_industry_cowork/IsaacSim-ros_workspaces/humble_ws/src/navigation/isaac_ros_navigation_goal' returned '0': PYTHONPATH=/home/ciderlab-server3/workspace/2026_industry_cowork/IsaacSim-ros_workspaces/humble_ws/build/isaac_ros_navigation_goal/prefix_override:/usr/lib/python3/dist-packages/colcon_core/task/python/colcon_distutils_commands:/home/ciderlab-server3/workspace/2026_industry_cowork/IsaacSim-ros_workspaces/humble_ws/install/isaac_ros_navigation_goal/lib/python3.10/site-packages:${PYTHONPATH} /usr/bin/python3 -W ignore:setup.py install is deprecated -W ignore:easy_install command is deprecated setup.py egg_info --egg-base ../../../build/isaac_ros_navigation_goal build --build-base /home/ciderlab-server3/workspace/2026_industry_cowork/IsaacSim-ros_workspaces/humble_ws/build/isaac_ros_navigation_goal/build install --record /home/ciderlab-server3/workspace/2026_industry_cowork/IsaacSim-ros_workspaces/humble_ws/build/isaac_ros_navigation_goal/install.log --install-scripts $base/lib/isaac_ros_navigation_goal --single-version-externally-managed install_data
[1.296s] Level 1:colcon.colcon_core.environment:checking '/home/ciderlab-server3/workspace/2026_industry_cowork/IsaacSim-ros_workspaces/humble_ws/install/isaac_ros_navigation_goal' for CMake config files
[1.296s] Level 1:colcon.colcon_core.environment:checking '/home/ciderlab-server3/workspace/2026_industry_cowork/IsaacSim-ros_workspaces/humble_ws/install/isaac_ros_navigation_goal/lib'
[1.296s] Level 1:colcon.colcon_core.environment:checking '/home/ciderlab-server3/workspace/2026_industry_cowork/IsaacSim-ros_workspaces/humble_ws/install/isaac_ros_navigation_goal/bin'
[1.296s] Level 1:colcon.colcon_core.environment:checking '/home/ciderlab-server3/workspace/2026_industry_cowork/IsaacSim-ros_workspaces/humble_ws/install/isaac_ros_navigation_goal/lib/pkgconfig/isaac_ros_navigation_goal.pc'
[1.296s] Level 1:colcon.colcon_core.environment:checking '/home/ciderlab-server3/workspace/2026_industry_cowork/IsaacSim-ros_workspaces/humble_ws/install/isaac_ros_navigation_goal/lib/python3.10/site-packages'
[1.296s] Level 1:colcon.colcon_core.shell:create_environment_hook('isaac_ros_navigation_goal', 'pythonpath')
[1.296s] INFO:colcon.colcon_core.shell:Creating environment hook '/home/ciderlab-server3/workspace/2026_industry_cowork/IsaacSim-ros_workspaces/humble_ws/install/isaac_ros_navigation_goal/share/isaac_ros_navigation_goal/hook/pythonpath.ps1'
[1.297s] INFO:colcon.colcon_core.shell:Creating environment descriptor '/home/ciderlab-server3/workspace/2026_industry_cowork/IsaacSim-ros_workspaces/humble_ws/install/isaac_ros_navigation_goal/share/isaac_ros_navigation_goal/hook/pythonpath.dsv'
[1.297s] INFO:colcon.colcon_core.shell:Creating environment hook '/home/ciderlab-server3/workspace/2026_industry_cowork/IsaacSim-ros_workspaces/humble_ws/install/isaac_ros_navigation_goal/share/isaac_ros_navigation_goal/hook/pythonpath.sh'
[1.297s] Level 1:colcon.colcon_core.environment:checking '/home/ciderlab-server3/workspace/2026_industry_cowork/IsaacSim-ros_workspaces/humble_ws/install/isaac_ros_navigation_goal/bin'
[1.297s] Level 1:colcon.colcon_core.environment:create_environment_scripts_only(isaac_ros_navigation_goal)
[1.297s] INFO:colcon.colcon_core.shell:Creating package script '/home/ciderlab-server3/workspace/2026_industry_cowork/IsaacSim-ros_workspaces/humble_ws/install/isaac_ros_navigation_goal/share/isaac_ros_navigation_goal/package.ps1'
[1.298s] INFO:colcon.colcon_core.shell:Creating package descriptor '/home/ciderlab-server3/workspace/2026_industry_cowork/IsaacSim-ros_workspaces/humble_ws/install/isaac_ros_navigation_goal/share/isaac_ros_navigation_goal/package.dsv'
[1.298s] INFO:colcon.colcon_core.shell:Creating package script '/home/ciderlab-server3/workspace/2026_industry_cowork/IsaacSim-ros_workspaces/humble_ws/install/isaac_ros_navigation_goal/share/isaac_ros_navigation_goal/package.sh'
[1.298s] INFO:colcon.colcon_core.shell:Creating package script '/home/ciderlab-server3/workspace/2026_industry_cowork/IsaacSim-ros_workspaces/humble_ws/install/isaac_ros_navigation_goal/share/isaac_ros_navigation_goal/package.bash'
[1.298s] INFO:colcon.colcon_core.shell:Creating package script '/home/ciderlab-server3/workspace/2026_industry_cowork/IsaacSim-ros_workspaces/humble_ws/install/isaac_ros_navigation_goal/share/isaac_ros_navigation_goal/package.zsh'
[1.298s] Level 1:colcon.colcon_core.environment:create_file_with_runtime_dependencies(/home/ciderlab-server3/workspace/2026_industry_cowork/IsaacSim-ros_workspaces/humble_ws/install/isaac_ros_navigation_goal/share/colcon-core/packages/isaac_ros_navigation_goal)
[1.303s] Level 1:colcon.colcon_core.environment:checking '/home/ciderlab-server3/workspace/2026_industry_cowork/IsaacSim-ros_workspaces/humble_ws/install/isaac_compressed_image_decoder' for CMake module files
[1.304s] DEBUG:colcon.colcon_core.event_handler.log_command:Invoked command in '/home/ciderlab-server3/workspace/2026_industry_cowork/IsaacSim-ros_workspaces/humble_ws/src/isaac_compressed_image_decoder' returned '0': PYTHONPATH=/home/ciderlab-server3/workspace/2026_industry_cowork/IsaacSim-ros_workspaces/humble_ws/build/isaac_compressed_image_decoder/prefix_override:/usr/lib/python3/dist-packages/colcon_core/task/python/colcon_distutils_commands:/home/ciderlab-server3/workspace/2026_industry_cowork/IsaacSim-ros_workspaces/humble_ws/install/isaac_compressed_image_decoder/lib/python3.10/site-packages:${PYTHONPATH} /usr/bin/python3 -W ignore:setup.py install is deprecated -W ignore:easy_install command is deprecated setup.py egg_info --egg-base ../../build/isaac_compressed_image_decoder build --build-base /home/ciderlab-server3/workspace/2026_industry_cowork/IsaacSim-ros_workspaces/humble_ws/build/isaac_compressed_image_decoder/build install --record /home/ciderlab-server3/workspace/2026_industry_cowork/IsaacSim-ros_workspaces/humble_ws/build/isaac_compressed_image_decoder/install.log --install-scripts $base/lib/isaac_compressed_image_decoder --single-version-externally-managed install_data
[1.304s] Level 1:colcon.colcon_core.environment:checking '/home/ciderlab-server3/workspace/2026_industry_cowork/IsaacSim-ros_workspaces/humble_ws/install/isaac_compressed_image_decoder' for CMake config files
[1.304s] Level 1:colcon.colcon_core.environment:checking '/home/ciderlab-server3/workspace/2026_industry_cowork/IsaacSim-ros_workspaces/humble_ws/install/isaac_compressed_image_decoder/lib'
[1.304s] Level 1:colcon.colcon_core.environment:checking '/home/ciderlab-server3/workspace/2026_industry_cowork/IsaacSim-ros_workspaces/humble_ws/install/isaac_compressed_image_decoder/bin'
[1.304s] Level 1:colcon.colcon_core.environment:checking '/home/ciderlab-server3/workspace/2026_industry_cowork/IsaacSim-ros_workspaces/humble_ws/install/isaac_compressed_image_decoder/lib/pkgconfig/isaac_compressed_image_decoder.pc'
[1.304s] Level 1:colcon.colcon_core.environment:checking '/home/ciderlab-server3/workspace/2026_industry_cowork/IsaacSim-ros_workspaces/humble_ws/install/isaac_compressed_image_decoder/lib/python3.10/site-packages'
[1.304s] Level 1:colcon.colcon_core.shell:create_environment_hook('isaac_compressed_image_decoder', 'pythonpath')
[1.304s] INFO:colcon.colcon_core.shell:Creating environment hook '/home/ciderlab-server3/workspace/2026_industry_cowork/IsaacSim-ros_workspaces/humble_ws/install/isaac_compressed_image_decoder/share/isaac_compressed_image_decoder/hook/pythonpath.ps1'
[1.305s] INFO:colcon.colcon_core.shell:Creating environment descriptor '/home/ciderlab-server3/workspace/2026_industry_cowork/IsaacSim-ros_workspaces/humble_ws/install/isaac_compressed_image_decoder/share/isaac_compressed_image_decoder/hook/pythonpath.dsv'
[1.306s] INFO:colcon.colcon_core.shell:Creating environment hook '/home/ciderlab-server3/workspace/2026_industry_cowork/IsaacSim-ros_workspaces/humble_ws/install/isaac_compressed_image_decoder/share/isaac_compressed_image_decoder/hook/pythonpath.sh'
[1.306s] Level 1:colcon.colcon_core.environment:checking '/home/ciderlab-server3/workspace/2026_industry_cowork/IsaacSim-ros_workspaces/humble_ws/install/isaac_compressed_image_decoder/bin'
[1.306s] Level 1:colcon.colcon_core.environment:create_environment_scripts_only(isaac_compressed_image_decoder)
[1.307s] INFO:colcon.colcon_core.shell:Creating package script '/home/ciderlab-server3/workspace/2026_industry_cowork/IsaacSim-ros_workspaces/humble_ws/install/isaac_compressed_image_decoder/share/isaac_compressed_image_decoder/package.ps1'
[1.307s] INFO:colcon.colcon_core.shell:Creating package descriptor '/home/ciderlab-server3/workspace/2026_industry_cowork/IsaacSim-ros_workspaces/humble_ws/install/isaac_compressed_image_decoder/share/isaac_compressed_image_decoder/package.dsv'
[1.307s] INFO:colcon.colcon_core.shell:Creating package script '/home/ciderlab-server3/workspace/2026_industry_cowork/IsaacSim-ros_workspaces/humble_ws/install/isaac_compressed_image_decoder/share/isaac_compressed_image_decoder/package.sh'
[1.308s] INFO:colcon.colcon_core.shell:Creating package script '/home/ciderlab-server3/workspace/2026_industry_cowork/IsaacSim-ros_workspaces/humble_ws/install/isaac_compressed_image_decoder/share/isaac_compressed_image_decoder/package.bash'
[1.308s] INFO:colcon.colcon_core.shell:Creating package script '/home/ciderlab-server3/workspace/2026_industry_cowork/IsaacSim-ros_workspaces/humble_ws/install/isaac_compressed_image_decoder/share/isaac_compressed_image_decoder/package.zsh'
[1.308s] Level 1:colcon.colcon_core.environment:create_file_with_runtime_dependencies(/home/ciderlab-server3/workspace/2026_industry_cowork/IsaacSim-ros_workspaces/humble_ws/install/isaac_compressed_image_decoder/share/colcon-core/packages/isaac_compressed_image_decoder)
[1.313s] Level 1:colcon.colcon_core.environment:checking '/home/ciderlab-server3/workspace/2026_industry_cowork/IsaacSim-ros_workspaces/humble_ws/install/isaac_moveit' for CMake module files
[1.313s] DEBUG:colcon.colcon_core.event_handler.log_command:Invoked command in '/home/ciderlab-server3/workspace/2026_industry_cowork/IsaacSim-ros_workspaces/humble_ws/src/moveit/isaac_moveit' returned '0': PYTHONPATH=/home/ciderlab-server3/workspace/2026_industry_cowork/IsaacSim-ros_workspaces/humble_ws/build/isaac_moveit/prefix_override:/usr/lib/python3/dist-packages/colcon_core/task/python/colcon_distutils_commands:/home/ciderlab-server3/workspace/2026_industry_cowork/IsaacSim-ros_workspaces/humble_ws/install/isaac_moveit/lib/python3.10/site-packages:${PYTHONPATH} /usr/bin/python3 -W ignore:setup.py install is deprecated -W ignore:easy_install command is deprecated setup.py egg_info --egg-base ../../../build/isaac_moveit build --build-base /home/ciderlab-server3/workspace/2026_industry_cowork/IsaacSim-ros_workspaces/humble_ws/build/isaac_moveit/build install --record /home/ciderlab-server3/workspace/2026_industry_cowork/IsaacSim-ros_workspaces/humble_ws/build/isaac_moveit/install.log --install-scripts $base/lib/isaac_moveit --single-version-externally-managed install_data
[1.314s] Level 1:colcon.colcon_core.environment:checking '/home/ciderlab-server3/workspace/2026_industry_cowork/IsaacSim-ros_workspaces/humble_ws/install/isaac_moveit' for CMake config files
[1.314s] Level 1:colcon.colcon_core.environment:checking '/home/ciderlab-server3/workspace/2026_industry_cowork/IsaacSim-ros_workspaces/humble_ws/install/isaac_moveit/lib'
[1.314s] Level 1:colcon.colcon_core.environment:checking '/home/ciderlab-server3/workspace/2026_industry_cowork/IsaacSim-ros_workspaces/humble_ws/install/isaac_moveit/bin'
[1.314s] Level 1:colcon.colcon_core.environment:checking '/home/ciderlab-server3/workspace/2026_industry_cowork/IsaacSim-ros_workspaces/humble_ws/install/isaac_moveit/lib/pkgconfig/isaac_moveit.pc'
[1.314s] Level 1:colcon.colcon_core.environment:checking '/home/ciderlab-server3/workspace/2026_industry_cowork/IsaacSim-ros_workspaces/humble_ws/install/isaac_moveit/lib/python3.10/site-packages'
[1.314s] Level 1:colcon.colcon_core.shell:create_environment_hook('isaac_moveit', 'pythonpath')
[1.315s] INFO:colcon.colcon_core.shell:Creating environment hook '/home/ciderlab-server3/workspace/2026_industry_cowork/IsaacSim-ros_workspaces/humble_ws/install/isaac_moveit/share/isaac_moveit/hook/pythonpath.ps1'
[1.315s] INFO:colcon.colcon_core.shell:Creating environment descriptor '/home/ciderlab-server3/workspace/2026_industry_cowork/IsaacSim-ros_workspaces/humble_ws/install/isaac_moveit/share/isaac_moveit/hook/pythonpath.dsv'
[1.315s] INFO:colcon.colcon_core.shell:Creating environment hook '/home/ciderlab-server3/workspace/2026_industry_cowork/IsaacSim-ros_workspaces/humble_ws/install/isaac_moveit/share/isaac_moveit/hook/pythonpath.sh'
[1.315s] Level 1:colcon.colcon_core.environment:checking '/home/ciderlab-server3/workspace/2026_industry_cowork/IsaacSim-ros_workspaces/humble_ws/install/isaac_moveit/bin'
[1.315s] Level 1:colcon.colcon_core.environment:create_environment_scripts_only(isaac_moveit)
[1.316s] INFO:colcon.colcon_core.shell:Creating package script '/home/ciderlab-server3/workspace/2026_industry_cowork/IsaacSim-ros_workspaces/humble_ws/install/isaac_moveit/share/isaac_moveit/package.ps1'
[1.316s] INFO:colcon.colcon_core.shell:Creating package descriptor '/home/ciderlab-server3/workspace/2026_industry_cowork/IsaacSim-ros_workspaces/humble_ws/install/isaac_moveit/share/isaac_moveit/package.dsv'
[1.316s] INFO:colcon.colcon_core.shell:Creating package script '/home/ciderlab-server3/workspace/2026_industry_cowork/IsaacSim-ros_workspaces/humble_ws/install/isaac_moveit/share/isaac_moveit/package.sh'
[1.317s] INFO:colcon.colcon_core.shell:Creating package script '/home/ciderlab-server3/workspace/2026_industry_cowork/IsaacSim-ros_workspaces/humble_ws/install/isaac_moveit/share/isaac_moveit/package.bash'
[1.317s] INFO:colcon.colcon_core.shell:Creating package script '/home/ciderlab-server3/workspace/2026_industry_cowork/IsaacSim-ros_workspaces/humble_ws/install/isaac_moveit/share/isaac_moveit/package.zsh'
[1.317s] Level 1:colcon.colcon_core.environment:create_file_with_runtime_dependencies(/home/ciderlab-server3/workspace/2026_industry_cowork/IsaacSim-ros_workspaces/humble_ws/install/isaac_moveit/share/colcon-core/packages/isaac_moveit)
[1.319s] DEBUG:colcon.colcon_core.event_handler.log_command:Invoked command in '/home/ciderlab-server3/workspace/2026_industry_cowork/IsaacSim-ros_workspaces/humble_ws/build/iw_hub_navigation' returned '0': CMAKE_PREFIX_PATH=${CMAKE_PREFIX_PATH}:/home/ciderlab-server3/turtlebot3_ws/install/turtlebot3_teleop:/home/ciderlab-server3/turtlebot3_ws/install/turtlebot3_example:/home/ciderlab-server3/turtlebot3_ws/install/turtlebot3_dqn:/home/ciderlab-server3/turtlebot3_ws/install/turtlebot3_home_service_challenge_core:/home/ciderlab-server3/turtlebot3_ws/install/turtlebot3_home_service_challenge_aruco:/opt/ros/humble /usr/bin/cmake /home/ciderlab-server3/workspace/2026_industry_cowork/IsaacSim-ros_workspaces/humble_ws/src/navigation/iw_hub_navigation -DCMAKE_INSTALL_PREFIX=/home/ciderlab-server3/workspace/2026_industry_cowork/IsaacSim-ros_workspaces/humble_ws/install/iw_hub_navigation
[1.321s] Level 1:colcon.colcon_core.environment:checking '/home/ciderlab-server3/workspace/2026_industry_cowork/IsaacSim-ros_workspaces/humble_ws/install/h1_fullbody_controller' for CMake module files
[1.321s] DEBUG:colcon.colcon_core.event_handler.log_command:Invoking command in '/home/ciderlab-server3/workspace/2026_industry_cowork/IsaacSim-ros_workspaces/humble_ws/build/iw_hub_navigation': CMAKE_PREFIX_PATH=${CMAKE_PREFIX_PATH}:/home/ciderlab-server3/turtlebot3_ws/install/turtlebot3_teleop:/home/ciderlab-server3/turtlebot3_ws/install/turtlebot3_example:/home/ciderlab-server3/turtlebot3_ws/install/turtlebot3_dqn:/home/ciderlab-server3/turtlebot3_ws/install/turtlebot3_home_service_challenge_core:/home/ciderlab-server3/turtlebot3_ws/install/turtlebot3_home_service_challenge_aruco:/opt/ros/humble /usr/bin/cmake --build /home/ciderlab-server3/workspace/2026_industry_cowork/IsaacSim-ros_workspaces/humble_ws/build/iw_hub_navigation -- -j24 -l24
[1.322s] DEBUG:colcon.colcon_core.event_handler.log_command:Invoked command in '/home/ciderlab-server3/workspace/2026_industry_cowork/IsaacSim-ros_workspaces/humble_ws/src/humanoid_locomotion_policy_example/h1_fullbody_controller' returned '0': PYTHONPATH=/home/ciderlab-server3/workspace/2026_industry_cowork/IsaacSim-ros_workspaces/humble_ws/build/h1_fullbody_controller/prefix_override:/usr/lib/python3/dist-packages/colcon_core/task/python/colcon_distutils_commands:/home/ciderlab-server3/workspace/2026_industry_cowork/IsaacSim-ros_workspaces/humble_ws/install/h1_fullbody_controller/lib/python3.10/site-packages:${PYTHONPATH} /usr/bin/python3 -W ignore:setup.py install is deprecated -W ignore:easy_install command is deprecated setup.py egg_info --egg-base ../../../build/h1_fullbody_controller build --build-base /home/ciderlab-server3/workspace/2026_industry_cowork/IsaacSim-ros_workspaces/humble_ws/build/h1_fullbody_controller/build install --record /home/ciderlab-server3/workspace/2026_industry_cowork/IsaacSim-ros_workspaces/humble_ws/build/h1_fullbody_controller/install.log --install-scripts $base/lib/h1_fullbody_controller --single-version-externally-managed install_data
[1.323s] Level 1:colcon.colcon_core.environment:checking '/home/ciderlab-server3/workspace/2026_industry_cowork/IsaacSim-ros_workspaces/humble_ws/install/h1_fullbody_controller' for CMake config files
[1.323s] Level 1:colcon.colcon_core.environment:checking '/home/ciderlab-server3/workspace/2026_industry_cowork/IsaacSim-ros_workspaces/humble_ws/install/h1_fullbody_controller/lib'
[1.323s] Level 1:colcon.colcon_core.environment:checking '/home/ciderlab-server3/workspace/2026_industry_cowork/IsaacSim-ros_workspaces/humble_ws/install/h1_fullbody_controller/bin'
[1.323s] Level 1:colcon.colcon_core.environment:checking '/home/ciderlab-server3/workspace/2026_industry_cowork/IsaacSim-ros_workspaces/humble_ws/install/h1_fullbody_controller/lib/pkgconfig/h1_fullbody_controller.pc'
[1.323s] Level 1:colcon.colcon_core.environment:checking '/home/ciderlab-server3/workspace/2026_industry_cowork/IsaacSim-ros_workspaces/humble_ws/install/h1_fullbody_controller/lib/python3.10/site-packages'
[1.323s] Level 1:colcon.colcon_core.shell:create_environment_hook('h1_fullbody_controller', 'pythonpath')
[1.323s] INFO:colcon.colcon_core.shell:Creating environment hook '/home/ciderlab-server3/workspace/2026_industry_cowork/IsaacSim-ros_workspaces/humble_ws/install/h1_fullbody_controller/share/h1_fullbody_controller/hook/pythonpath.ps1'
[1.324s] INFO:colcon.colcon_core.shell:Creating environment descriptor '/home/ciderlab-server3/workspace/2026_industry_cowork/IsaacSim-ros_workspaces/humble_ws/install/h1_fullbody_controller/share/h1_fullbody_controller/hook/pythonpath.dsv'
[1.324s] INFO:colcon.colcon_core.shell:Creating environment hook '/home/ciderlab-server3/workspace/2026_industry_cowork/IsaacSim-ros_workspaces/humble_ws/install/h1_fullbody_controller/share/h1_fullbody_controller/hook/pythonpath.sh'
[1.324s] Level 1:colcon.colcon_core.environment:checking '/home/ciderlab-server3/workspace/2026_industry_cowork/IsaacSim-ros_workspaces/humble_ws/install/h1_fullbody_controller/bin'
[1.325s] Level 1:colcon.colcon_core.environment:create_environment_scripts_only(h1_fullbody_controller)
[1.325s] INFO:colcon.colcon_core.shell:Creating package script '/home/ciderlab-server3/workspace/2026_industry_cowork/IsaacSim-ros_workspaces/humble_ws/install/h1_fullbody_controller/share/h1_fullbody_controller/package.ps1'
[1.325s] INFO:colcon.colcon_core.shell:Creating package descriptor '/home/ciderlab-server3/workspace/2026_industry_cowork/IsaacSim-ros_workspaces/humble_ws/install/h1_fullbody_controller/share/h1_fullbody_controller/package.dsv'
[1.325s] INFO:colcon.colcon_core.shell:Creating package script '/home/ciderlab-server3/workspace/2026_industry_cowork/IsaacSim-ros_workspaces/humble_ws/install/h1_fullbody_controller/share/h1_fullbody_controller/package.sh'
[1.325s] INFO:colcon.colcon_core.shell:Creating package script '/home/ciderlab-server3/workspace/2026_industry_cowork/IsaacSim-ros_workspaces/humble_ws/install/h1_fullbody_controller/share/h1_fullbody_controller/package.bash'
[1.326s] INFO:colcon.colcon_core.shell:Creating package script '/home/ciderlab-server3/workspace/2026_industry_cowork/IsaacSim-ros_workspaces/humble_ws/install/h1_fullbody_controller/share/h1_fullbody_controller/package.zsh'
[1.326s] Level 1:colcon.colcon_core.environment:create_file_with_runtime_dependencies(/home/ciderlab-server3/workspace/2026_industry_cowork/IsaacSim-ros_workspaces/humble_ws/install/h1_fullbody_controller/share/colcon-core/packages/h1_fullbody_controller)
[1.329s] DEBUG:colcon.colcon_core.event_handler.log_command:Invoked command in '/home/ciderlab-server3/workspace/2026_industry_cowork/IsaacSim-ros_workspaces/humble_ws/build/isaacsim_clearpath_nav2' returned '0': CMAKE_PREFIX_PATH=${CMAKE_PREFIX_PATH}:/home/ciderlab-server3/turtlebot3_ws/install/turtlebot3_teleop:/home/ciderlab-server3/turtlebot3_ws/install/turtlebot3_example:/home/ciderlab-server3/turtlebot3_ws/install/turtlebot3_dqn:/home/ciderlab-server3/turtlebot3_ws/install/turtlebot3_home_service_challenge_core:/home/ciderlab-server3/turtlebot3_ws/install/turtlebot3_home_service_challenge_aruco:/opt/ros/humble /usr/bin/cmake /home/ciderlab-server3/workspace/2026_industry_cowork/IsaacSim-ros_workspaces/humble_ws/src/navigation/isaacsim_clearpath_nav2 -DCMAKE_INSTALL_PREFIX=/home/ciderlab-server3/workspace/2026_industry_cowork/IsaacSim-ros_workspaces/humble_ws/install/isaacsim_clearpath_nav2
[1.329s] DEBUG:colcon.colcon_core.event_handler.log_command:Invoking command in '/home/ciderlab-server3/workspace/2026_industry_cowork/IsaacSim-ros_workspaces/humble_ws/build/isaacsim_clearpath_nav2': CMAKE_PREFIX_PATH=${CMAKE_PREFIX_PATH}:/home/ciderlab-server3/turtlebot3_ws/install/turtlebot3_teleop:/home/ciderlab-server3/turtlebot3_ws/install/turtlebot3_example:/home/ciderlab-server3/turtlebot3_ws/install/turtlebot3_dqn:/home/ciderlab-server3/turtlebot3_ws/install/turtlebot3_home_service_challenge_core:/home/ciderlab-server3/turtlebot3_ws/install/turtlebot3_home_service_challenge_aruco:/opt/ros/humble /usr/bin/cmake --build /home/ciderlab-server3/workspace/2026_industry_cowork/IsaacSim-ros_workspaces/humble_ws/build/isaacsim_clearpath_nav2 -- -j24 -l24
[1.341s] DEBUG:colcon.colcon_core.event_handler.log_command:Invoked command in '/home/ciderlab-server3/workspace/2026_industry_cowork/IsaacSim-ros_workspaces/humble_ws/build/iw_hub_navigation' returned '0': CMAKE_PREFIX_PATH=${CMAKE_PREFIX_PATH}:/home/ciderlab-server3/turtlebot3_ws/install/turtlebot3_teleop:/home/ciderlab-server3/turtlebot3_ws/install/turtlebot3_example:/home/ciderlab-server3/turtlebot3_ws/install/turtlebot3_dqn:/home/ciderlab-server3/turtlebot3_ws/install/turtlebot3_home_service_challenge_core:/home/ciderlab-server3/turtlebot3_ws/install/turtlebot3_home_service_challenge_aruco:/opt/ros/humble /usr/bin/cmake --build /home/ciderlab-server3/workspace/2026_industry_cowork/IsaacSim-ros_workspaces/humble_ws/build/iw_hub_navigation -- -j24 -l24
[1.342s] DEBUG:colcon.colcon_core.event_handler.log_command:Invoking command in '/home/ciderlab-server3/workspace/2026_industry_cowork/IsaacSim-ros_workspaces/humble_ws/build/iw_hub_navigation': CMAKE_PREFIX_PATH=${CMAKE_PREFIX_PATH}:/home/ciderlab-server3/turtlebot3_ws/install/turtlebot3_teleop:/home/ciderlab-server3/turtlebot3_ws/install/turtlebot3_example:/home/ciderlab-server3/turtlebot3_ws/install/turtlebot3_dqn:/home/ciderlab-server3/turtlebot3_ws/install/turtlebot3_home_service_challenge_core:/home/ciderlab-server3/turtlebot3_ws/install/turtlebot3_home_service_challenge_aruco:/opt/ros/humble /usr/bin/cmake --install /home/ciderlab-server3/workspace/2026_industry_cowork/IsaacSim-ros_workspaces/humble_ws/build/iw_hub_navigation
[1.348s] DEBUG:colcon.colcon_core.event_handler.log_command:Invoked command in '/home/ciderlab-server3/workspace/2026_industry_cowork/IsaacSim-ros_workspaces/humble_ws/build/isaacsim_clearpath_nav2' returned '0': CMAKE_PREFIX_PATH=${CMAKE_PREFIX_PATH}:/home/ciderlab-server3/turtlebot3_ws/install/turtlebot3_teleop:/home/ciderlab-server3/turtlebot3_ws/install/turtlebot3_example:/home/ciderlab-server3/turtlebot3_ws/install/turtlebot3_dqn:/home/ciderlab-server3/turtlebot3_ws/install/turtlebot3_home_service_challenge_core:/home/ciderlab-server3/turtlebot3_ws/install/turtlebot3_home_service_challenge_aruco:/opt/ros/humble /usr/bin/cmake --build /home/ciderlab-server3/workspace/2026_industry_cowork/IsaacSim-ros_workspaces/humble_ws/build/isaacsim_clearpath_nav2 -- -j24 -l24
[1.348s] Level 1:colcon.colcon_core.environment:create_environment_scripts_only(iw_hub_navigation)
[1.349s] DEBUG:colcon.colcon_core.event_handler.log_command:Invoking command in '/home/ciderlab-server3/workspace/2026_industry_cowork/IsaacSim-ros_workspaces/humble_ws/build/isaacsim_clearpath_nav2': CMAKE_PREFIX_PATH=${CMAKE_PREFIX_PATH}:/home/ciderlab-server3/turtlebot3_ws/install/turtlebot3_teleop:/home/ciderlab-server3/turtlebot3_ws/install/turtlebot3_example:/home/ciderlab-server3/turtlebot3_ws/install/turtlebot3_dqn:/home/ciderlab-server3/turtlebot3_ws/install/turtlebot3_home_service_challenge_core:/home/ciderlab-server3/turtlebot3_ws/install/turtlebot3_home_service_challenge_aruco:/opt/ros/humble /usr/bin/cmake --install /home/ciderlab-server3/workspace/2026_industry_cowork/IsaacSim-ros_workspaces/humble_ws/build/isaacsim_clearpath_nav2
[1.349s] Level 1:colcon.colcon_core.environment:checking '/home/ciderlab-server3/workspace/2026_industry_cowork/IsaacSim-ros_workspaces/humble_ws/install/iw_hub_navigation' for CMake module files
[1.349s] DEBUG:colcon.colcon_core.event_handler.log_command:Invoked command in '/home/ciderlab-server3/workspace/2026_industry_cowork/IsaacSim-ros_workspaces/humble_ws/build/iw_hub_navigation' returned '0': CMAKE_PREFIX_PATH=${CMAKE_PREFIX_PATH}:/home/ciderlab-server3/turtlebot3_ws/install/turtlebot3_teleop:/home/ciderlab-server3/turtlebot3_ws/install/turtlebot3_example:/home/ciderlab-server3/turtlebot3_ws/install/turtlebot3_dqn:/home/ciderlab-server3/turtlebot3_ws/install/turtlebot3_home_service_challenge_core:/home/ciderlab-server3/turtlebot3_ws/install/turtlebot3_home_service_challenge_aruco:/opt/ros/humble /usr/bin/cmake --install /home/ciderlab-server3/workspace/2026_industry_cowork/IsaacSim-ros_workspaces/humble_ws/build/iw_hub_navigation
[1.350s] Level 1:colcon.colcon_core.environment:checking '/home/ciderlab-server3/workspace/2026_industry_cowork/IsaacSim-ros_workspaces/humble_ws/install/iw_hub_navigation' for CMake config files
[1.350s] Level 1:colcon.colcon_core.shell:create_environment_hook('iw_hub_navigation', 'cmake_prefix_path')
[1.350s] INFO:colcon.colcon_core.shell:Creating environment hook '/home/ciderlab-server3/workspace/2026_industry_cowork/IsaacSim-ros_workspaces/humble_ws/install/iw_hub_navigation/share/iw_hub_navigation/hook/cmake_prefix_path.ps1'
[1.350s] INFO:colcon.colcon_core.shell:Creating environment descriptor '/home/ciderlab-server3/workspace/2026_industry_cowork/IsaacSim-ros_workspaces/humble_ws/install/iw_hub_navigation/share/iw_hub_navigation/hook/cmake_prefix_path.dsv'
[1.350s] INFO:colcon.colcon_core.shell:Creating environment hook '/home/ciderlab-server3/workspace/2026_industry_cowork/IsaacSim-ros_workspaces/humble_ws/install/iw_hub_navigation/share/iw_hub_navigation/hook/cmake_prefix_path.sh'
[1.350s] Level 1:colcon.colcon_core.environment:checking '/home/ciderlab-server3/workspace/2026_industry_cowork/IsaacSim-ros_workspaces/humble_ws/install/iw_hub_navigation/bin'
[1.350s] Level 1:colcon.colcon_core.environment:checking '/home/ciderlab-server3/workspace/2026_industry_cowork/IsaacSim-ros_workspaces/humble_ws/install/iw_hub_navigation/lib/pkgconfig/iw_hub_navigation.pc'
[1.350s] Level 1:colcon.colcon_core.environment:checking '/home/ciderlab-server3/workspace/2026_industry_cowork/IsaacSim-ros_workspaces/humble_ws/install/iw_hub_navigation/lib/python3.10/site-packages'
[1.350s] Level 1:colcon.colcon_core.environment:checking '/home/ciderlab-server3/workspace/2026_industry_cowork/IsaacSim-ros_workspaces/humble_ws/install/iw_hub_navigation/bin'
[1.351s] INFO:colcon.colcon_core.shell:Creating package script '/home/ciderlab-server3/workspace/2026_industry_cowork/IsaacSim-ros_workspaces/humble_ws/install/iw_hub_navigation/share/iw_hub_navigation/package.ps1'
[1.351s] INFO:colcon.colcon_core.shell:Creating package descriptor '/home/ciderlab-server3/workspace/2026_industry_cowork/IsaacSim-ros_workspaces/humble_ws/install/iw_hub_navigation/share/iw_hub_navigation/package.dsv'
[1.351s] INFO:colcon.colcon_core.shell:Creating package script '/home/ciderlab-server3/workspace/2026_industry_cowork/IsaacSim-ros_workspaces/humble_ws/install/iw_hub_navigation/share/iw_hub_navigation/package.sh'
[1.351s] INFO:colcon.colcon_core.shell:Creating package script '/home/ciderlab-server3/workspace/2026_industry_cowork/IsaacSim-ros_workspaces/humble_ws/install/iw_hub_navigation/share/iw_hub_navigation/package.bash'
[1.351s] INFO:colcon.colcon_core.shell:Creating package script '/home/ciderlab-server3/workspace/2026_industry_cowork/IsaacSim-ros_workspaces/humble_ws/install/iw_hub_navigation/share/iw_hub_navigation/package.zsh'
[1.351s] Level 1:colcon.colcon_core.environment:create_file_with_runtime_dependencies(/home/ciderlab-server3/workspace/2026_industry_cowork/IsaacSim-ros_workspaces/humble_ws/install/iw_hub_navigation/share/colcon-core/packages/iw_hub_navigation)
[1.352s] Level 1:colcon.colcon_core.environment:create_environment_scripts_only(iw_hub_navigation)
[1.352s] Level 1:colcon.colcon_core.environment:checking '/home/ciderlab-server3/workspace/2026_industry_cowork/IsaacSim-ros_workspaces/humble_ws/install/iw_hub_navigation' for CMake module files
[1.352s] Level 1:colcon.colcon_core.environment:checking '/home/ciderlab-server3/workspace/2026_industry_cowork/IsaacSim-ros_workspaces/humble_ws/install/iw_hub_navigation' for CMake config files
[1.352s] Level 1:colcon.colcon_core.shell:create_environment_hook('iw_hub_navigation', 'cmake_prefix_path')
[1.352s] INFO:colcon.colcon_core.shell:Creating environment hook '/home/ciderlab-server3/workspace/2026_industry_cowork/IsaacSim-ros_workspaces/humble_ws/install/iw_hub_navigation/share/iw_hub_navigation/hook/cmake_prefix_path.ps1'
[1.352s] INFO:colcon.colcon_core.shell:Creating environment descriptor '/home/ciderlab-server3/workspace/2026_industry_cowork/IsaacSim-ros_workspaces/humble_ws/install/iw_hub_navigation/share/iw_hub_navigation/hook/cmake_prefix_path.dsv'
[1.356s] INFO:colcon.colcon_core.shell:Creating environment hook '/home/ciderlab-server3/workspace/2026_industry_cowork/IsaacSim-ros_workspaces/humble_ws/install/iw_hub_navigation/share/iw_hub_navigation/hook/cmake_prefix_path.sh'
[1.357s] Level 1:colcon.colcon_core.environment:checking '/home/ciderlab-server3/workspace/2026_industry_cowork/IsaacSim-ros_workspaces/humble_ws/install/iw_hub_navigation/bin'
[1.357s] Level 1:colcon.colcon_core.environment:checking '/home/ciderlab-server3/workspace/2026_industry_cowork/IsaacSim-ros_workspaces/humble_ws/install/iw_hub_navigation/lib/pkgconfig/iw_hub_navigation.pc'
[1.357s] Level 1:colcon.colcon_core.environment:checking '/home/ciderlab-server3/workspace/2026_industry_cowork/IsaacSim-ros_workspaces/humble_ws/install/iw_hub_navigation/lib/python3.10/site-packages'
[1.357s] Level 1:colcon.colcon_core.environment:checking '/home/ciderlab-server3/workspace/2026_industry_cowork/IsaacSim-ros_workspaces/humble_ws/install/iw_hub_navigation/bin'
[1.357s] INFO:colcon.colcon_core.shell:Creating package script '/home/ciderlab-server3/workspace/2026_industry_cowork/IsaacSim-ros_workspaces/humble_ws/install/iw_hub_navigation/share/iw_hub_navigation/package.ps1'
[1.360s] INFO:colcon.colcon_core.shell:Creating package descriptor '/home/ciderlab-server3/workspace/2026_industry_cowork/IsaacSim-ros_workspaces/humble_ws/install/iw_hub_navigation/share/iw_hub_navigation/package.dsv'
[1.360s] INFO:colcon.colcon_core.shell:Creating package script '/home/ciderlab-server3/workspace/2026_industry_cowork/IsaacSim-ros_workspaces/humble_ws/install/iw_hub_navigation/share/iw_hub_navigation/package.sh'
[1.360s] INFO:colcon.colcon_core.shell:Creating package script '/home/ciderlab-server3/workspace/2026_industry_cowork/IsaacSim-ros_workspaces/humble_ws/install/iw_hub_navigation/share/iw_hub_navigation/package.bash'
[1.360s] INFO:colcon.colcon_core.shell:Creating package script '/home/ciderlab-server3/workspace/2026_industry_cowork/IsaacSim-ros_workspaces/humble_ws/install/iw_hub_navigation/share/iw_hub_navigation/package.zsh'
[1.360s] Level 1:colcon.colcon_core.environment:create_file_with_runtime_dependencies(/home/ciderlab-server3/workspace/2026_industry_cowork/IsaacSim-ros_workspaces/humble_ws/install/iw_hub_navigation/share/colcon-core/packages/iw_hub_navigation)
[1.361s] Level 1:colcon.colcon_core.environment:create_environment_scripts_only(isaacsim_clearpath_nav2)
[1.361s] Level 1:colcon.colcon_core.environment:checking '/home/ciderlab-server3/workspace/2026_industry_cowork/IsaacSim-ros_workspaces/humble_ws/install/isaacsim_clearpath_nav2' for CMake module files
[1.361s] Level 1:colcon.colcon_core.environment:checking '/home/ciderlab-server3/workspace/2026_industry_cowork/IsaacSim-ros_workspaces/humble_ws/install/isaacsim_clearpath_nav2' for CMake config files
[1.361s] Level 1:colcon.colcon_core.shell:create_environment_hook('isaacsim_clearpath_nav2', 'cmake_prefix_path')
[1.361s] INFO:colcon.colcon_core.shell:Creating environment hook '/home/ciderlab-server3/workspace/2026_industry_cowork/IsaacSim-ros_workspaces/humble_ws/install/isaacsim_clearpath_nav2/share/isaacsim_clearpath_nav2/hook/cmake_prefix_path.ps1'
[1.361s] INFO:colcon.colcon_core.shell:Creating environment descriptor '/home/ciderlab-server3/workspace/2026_industry_cowork/IsaacSim-ros_workspaces/humble_ws/install/isaacsim_clearpath_nav2/share/isaacsim_clearpath_nav2/hook/cmake_prefix_path.dsv'
[1.361s] INFO:colcon.colcon_core.shell:Creating environment hook '/home/ciderlab-server3/workspace/2026_industry_cowork/IsaacSim-ros_workspaces/humble_ws/install/isaacsim_clearpath_nav2/share/isaacsim_clearpath_nav2/hook/cmake_prefix_path.sh'
[1.362s] Level 1:colcon.colcon_core.environment:checking '/home/ciderlab-server3/workspace/2026_industry_cowork/IsaacSim-ros_workspaces/humble_ws/install/isaacsim_clearpath_nav2/bin'
[1.362s] Level 1:colcon.colcon_core.environment:checking '/home/ciderlab-server3/workspace/2026_industry_cowork/IsaacSim-ros_workspaces/humble_ws/install/isaacsim_clearpath_nav2/lib/pkgconfig/isaacsim_clearpath_nav2.pc'
[1.362s] Level 1:colcon.colcon_core.environment:checking '/home/ciderlab-server3/workspace/2026_industry_cowork/IsaacSim-ros_workspaces/humble_ws/install/isaacsim_clearpath_nav2/lib/python3.10/site-packages'
[1.362s] Level 1:colcon.colcon_core.environment:checking '/home/ciderlab-server3/workspace/2026_industry_cowork/IsaacSim-ros_workspaces/humble_ws/install/isaacsim_clearpath_nav2/bin'
[1.363s] INFO:colcon.colcon_core.shell:Creating package script '/home/ciderlab-server3/workspace/2026_industry_cowork/IsaacSim-ros_workspaces/humble_ws/install/isaacsim_clearpath_nav2/share/isaacsim_clearpath_nav2/package.ps1'
[1.363s] DEBUG:colcon.colcon_core.event_handler.log_command:Invoked command in '/home/ciderlab-server3/workspace/2026_industry_cowork/IsaacSim-ros_workspaces/humble_ws/build/isaacsim_clearpath_nav2' returned '0': CMAKE_PREFIX_PATH=${CMAKE_PREFIX_PATH}:/home/ciderlab-server3/turtlebot3_ws/install/turtlebot3_teleop:/home/ciderlab-server3/turtlebot3_ws/install/turtlebot3_example:/home/ciderlab-server3/turtlebot3_ws/install/turtlebot3_dqn:/home/ciderlab-server3/turtlebot3_ws/install/turtlebot3_home_service_challenge_core:/home/ciderlab-server3/turtlebot3_ws/install/turtlebot3_home_service_challenge_aruco:/opt/ros/humble /usr/bin/cmake --install /home/ciderlab-server3/workspace/2026_industry_cowork/IsaacSim-ros_workspaces/humble_ws/build/isaacsim_clearpath_nav2
[1.365s] INFO:colcon.colcon_core.shell:Creating package descriptor '/home/ciderlab-server3/workspace/2026_industry_cowork/IsaacSim-ros_workspaces/humble_ws/install/isaacsim_clearpath_nav2/share/isaacsim_clearpath_nav2/package.dsv'
[1.365s] INFO:colcon.colcon_core.shell:Creating package script '/home/ciderlab-server3/workspace/2026_industry_cowork/IsaacSim-ros_workspaces/humble_ws/install/isaacsim_clearpath_nav2/share/isaacsim_clearpath_nav2/package.sh'
[1.365s] INFO:colcon.colcon_core.shell:Creating package script '/home/ciderlab-server3/workspace/2026_industry_cowork/IsaacSim-ros_workspaces/humble_ws/install/isaacsim_clearpath_nav2/share/isaacsim_clearpath_nav2/package.bash'
[1.365s] INFO:colcon.colcon_core.shell:Creating package script '/home/ciderlab-server3/workspace/2026_industry_cowork/IsaacSim-ros_workspaces/humble_ws/install/isaacsim_clearpath_nav2/share/isaacsim_clearpath_nav2/package.zsh'
[1.365s] Level 1:colcon.colcon_core.environment:create_file_with_runtime_dependencies(/home/ciderlab-server3/workspace/2026_industry_cowork/IsaacSim-ros_workspaces/humble_ws/install/isaacsim_clearpath_nav2/share/colcon-core/packages/isaacsim_clearpath_nav2)
[1.365s] Level 1:colcon.colcon_core.environment:create_environment_scripts_only(isaacsim_clearpath_nav2)
[1.366s] Level 1:colcon.colcon_core.environment:checking '/home/ciderlab-server3/workspace/2026_industry_cowork/IsaacSim-ros_workspaces/humble_ws/install/isaacsim_clearpath_nav2' for CMake module files
[1.366s] Level 1:colcon.colcon_core.environment:checking '/home/ciderlab-server3/workspace/2026_industry_cowork/IsaacSim-ros_workspaces/humble_ws/install/isaacsim_clearpath_nav2' for CMake config files
[1.366s] Level 1:colcon.colcon_core.shell:create_environment_hook('isaacsim_clearpath_nav2', 'cmake_prefix_path')
[1.366s] INFO:colcon.colcon_core.shell:Creating environment hook '/home/ciderlab-server3/workspace/2026_industry_cowork/IsaacSim-ros_workspaces/humble_ws/install/isaacsim_clearpath_nav2/share/isaacsim_clearpath_nav2/hook/cmake_prefix_path.ps1'
[1.366s] INFO:colcon.colcon_core.shell:Creating environment descriptor '/home/ciderlab-server3/workspace/2026_industry_cowork/IsaacSim-ros_workspaces/humble_ws/install/isaacsim_clearpath_nav2/share/isaacsim_clearpath_nav2/hook/cmake_prefix_path.dsv'
[1.366s] INFO:colcon.colcon_core.shell:Creating environment hook '/home/ciderlab-server3/workspace/2026_industry_cowork/IsaacSim-ros_workspaces/humble_ws/install/isaacsim_clearpath_nav2/share/isaacsim_clearpath_nav2/hook/cmake_prefix_path.sh'
[1.366s] Level 1:colcon.colcon_core.environment:checking '/home/ciderlab-server3/workspace/2026_industry_cowork/IsaacSim-ros_workspaces/humble_ws/install/isaacsim_clearpath_nav2/bin'
[1.366s] Level 1:colcon.colcon_core.environment:checking '/home/ciderlab-server3/workspace/2026_industry_cowork/IsaacSim-ros_workspaces/humble_ws/install/isaacsim_clearpath_nav2/lib/pkgconfig/isaacsim_clearpath_nav2.pc'
[1.366s] Level 1:colcon.colcon_core.environment:checking '/home/ciderlab-server3/workspace/2026_industry_cowork/IsaacSim-ros_workspaces/humble_ws/install/isaacsim_clearpath_nav2/lib/python3.10/site-packages'
[1.367s] Level 1:colcon.colcon_core.environment:checking '/home/ciderlab-server3/workspace/2026_industry_cowork/IsaacSim-ros_workspaces/humble_ws/install/isaacsim_clearpath_nav2/bin'
[1.367s] INFO:colcon.colcon_core.shell:Creating package script '/home/ciderlab-server3/workspace/2026_industry_cowork/IsaacSim-ros_workspaces/humble_ws/install/isaacsim_clearpath_nav2/share/isaacsim_clearpath_nav2/package.ps1'
[1.367s] INFO:colcon.colcon_core.shell:Creating package descriptor '/home/ciderlab-server3/workspace/2026_industry_cowork/IsaacSim-ros_workspaces/humble_ws/install/isaacsim_clearpath_nav2/share/isaacsim_clearpath_nav2/package.dsv'
[1.367s] INFO:colcon.colcon_core.shell:Creating package script '/home/ciderlab-server3/workspace/2026_industry_cowork/IsaacSim-ros_workspaces/humble_ws/install/isaacsim_clearpath_nav2/share/isaacsim_clearpath_nav2/package.sh'
[1.367s] INFO:colcon.colcon_core.shell:Creating package script '/home/ciderlab-server3/workspace/2026_industry_cowork/IsaacSim-ros_workspaces/humble_ws/install/isaacsim_clearpath_nav2/share/isaacsim_clearpath_nav2/package.bash'
[1.367s] INFO:colcon.colcon_core.shell:Creating package script '/home/ciderlab-server3/workspace/2026_industry_cowork/IsaacSim-ros_workspaces/humble_ws/install/isaacsim_clearpath_nav2/share/isaacsim_clearpath_nav2/package.zsh'
[1.367s] Level 1:colcon.colcon_core.environment:create_file_with_runtime_dependencies(/home/ciderlab-server3/workspace/2026_industry_cowork/IsaacSim-ros_workspaces/humble_ws/install/isaacsim_clearpath_nav2/share/colcon-core/packages/isaacsim_clearpath_nav2)
[1.394s] DEBUG:colcon.colcon_core.event_handler.log_command:Invoked command in '/home/ciderlab-server3/workspace/2026_industry_cowork/IsaacSim-ros_workspaces/humble_ws/build/turtlebot3_manipulation_bringup' returned '0': AMENT_PREFIX_PATH=/home/ciderlab-server3/workspace/2026_industry_cowork/IsaacSim-ros_workspaces/humble_ws/install/turtlebot3_manipulation_description:${AMENT_PREFIX_PATH} CMAKE_PREFIX_PATH=/home/ciderlab-server3/workspace/2026_industry_cowork/IsaacSim-ros_workspaces/humble_ws/install/turtlebot3_manipulation_description:/home/ciderlab-server3/workspace/2026_industry_cowork/install/turtlebot3_manipulation:/home/ciderlab-server3/workspace/2026_industry_cowork/install/turtlebot3_manipulation_teleop:/home/ciderlab-server3/workspace/2026_industry_cowork/install/turtlebot3_manipulation_navigation2:/home/ciderlab-server3/workspace/2026_industry_cowork/install/turtlebot3_manipulation_moveit_config:/home/ciderlab-server3/workspace/2026_industry_cowork/install/turtlebot3_manipulation_hardware:/home/ciderlab-server3/workspace/2026_industry_cowork/install/turtlebot3_manipulation_bringup:/home/ciderlab-server3/workspace/2026_industry_cowork/install/turtlebot3_manipulation_description:/home/ciderlab-server3/workspace/2026_industry_cowork/install/turtlebot3_manipulation_cartographer:/home/ciderlab-server3/turtlebot3_ws/install/turtlebot3:/home/ciderlab-server3/turtlebot3_ws/install/turtlebot3_simulations:/home/ciderlab-server3/turtlebot3_ws/install/turtlebot3_bringup:/home/ciderlab-server3/turtlebot3_ws/install/turtlebot3_node:/home/ciderlab-server3/turtlebot3_ws/install/turtlebot3_navigation2:/home/ciderlab-server3/turtlebot3_ws/install/turtlebot3_machine_learning:/home/ciderlab-server3/turtlebot3_ws/install/turtlebot3_fake_node:/home/ciderlab-server3/turtlebot3_ws/install/turtlebot3_msgs:/home/ciderlab-server3/turtlebot3_ws/install/turtlebot3_manipulation:/home/ciderlab-server3/turtlebot3_ws/install/turtlebot3_manipulation_teleop:/home/ciderlab-server3/turtlebot3_ws/install/turtlebot3_home_service_challenge:/home/ciderlab-server3/turtlebot3_ws/install/turtlebot3_home_service_challenge_manipulator:/home/ciderlab-server3/turtlebot3_ws/install/turtlebot3_home_service_challenge_tools:/home/ciderlab-server3/turtlebot3_ws/install/turtlebot3_manipulation_navigation2:/home/ciderlab-server3/turtlebot3_ws/install/turtlebot3_manipulation_moveit_config:/home/ciderlab-server3/turtlebot3_ws/install/turtlebot3_manipulation_hardware:/home/ciderlab-server3/turtlebot3_ws/install/turtlebot3_manipulation_gazebo:/home/ciderlab-server3/turtlebot3_ws/install/turtlebot3_manipulation_bringup:/home/ciderlab-server3/turtlebot3_ws/install/turtlebot3_manipulation_description:/home/ciderlab-server3/turtlebot3_ws/install/turtlebot3_manipulation_cartographer:/home/ciderlab-server3/turtlebot3_ws/install/turtlebot3_gazebo:/home/ciderlab-server3/turtlebot3_ws/install/turtlebot3_description:/home/ciderlab-server3/turtlebot3_ws/install/turtlebot3_cartographer:/home/ciderlab-server3/turtlebot3_ws/install/dynamixel_sdk_examples:/home/ciderlab-server3/turtlebot3_ws/install/dynamixel_sdk_custom_interfaces:/home/ciderlab-server3/turtlebot3_ws/install/dynamixel_sdk:/home/ciderlab-server3/turtlebot3_ws/install/turtlebot3_teleop:/home/ciderlab-server3/turtlebot3_ws/install/turtlebot3_example:/home/ciderlab-server3/turtlebot3_ws/install/turtlebot3_dqn:/home/ciderlab-server3/turtlebot3_ws/install/turtlebot3_home_service_challenge_core:/home/ciderlab-server3/turtlebot3_ws/install/turtlebot3_home_service_challenge_aruco:/opt/ros/humble /usr/bin/cmake /home/ciderlab-server3/workspace/2026_industry_cowork/IsaacSim-ros_workspaces/humble_ws/src/turtlebot3_manipulation/turtlebot3_manipulation_bringup -DCMAKE_INSTALL_PREFIX=/home/ciderlab-server3/workspace/2026_industry_cowork/IsaacSim-ros_workspaces/humble_ws/install/turtlebot3_manipulation_bringup
[1.394s] DEBUG:colcon.colcon_core.event_handler.log_command:Invoking command in '/home/ciderlab-server3/workspace/2026_industry_cowork/IsaacSim-ros_workspaces/humble_ws/build/turtlebot3_manipulation_bringup': AMENT_PREFIX_PATH=/home/ciderlab-server3/workspace/2026_industry_cowork/IsaacSim-ros_workspaces/humble_ws/install/turtlebot3_manipulation_description:${AMENT_PREFIX_PATH} CMAKE_PREFIX_PATH=/home/ciderlab-server3/workspace/2026_industry_cowork/IsaacSim-ros_workspaces/humble_ws/install/turtlebot3_manipulation_description:/home/ciderlab-server3/workspace/2026_industry_cowork/install/turtlebot3_manipulation:/home/ciderlab-server3/workspace/2026_industry_cowork/install/turtlebot3_manipulation_teleop:/home/ciderlab-server3/workspace/2026_industry_cowork/install/turtlebot3_manipulation_navigation2:/home/ciderlab-server3/workspace/2026_industry_cowork/install/turtlebot3_manipulation_moveit_config:/home/ciderlab-server3/workspace/2026_industry_cowork/install/turtlebot3_manipulation_hardware:/home/ciderlab-server3/workspace/2026_industry_cowork/install/turtlebot3_manipulation_bringup:/home/ciderlab-server3/workspace/2026_industry_cowork/install/turtlebot3_manipulation_description:/home/ciderlab-server3/workspace/2026_industry_cowork/install/turtlebot3_manipulation_cartographer:/home/ciderlab-server3/turtlebot3_ws/install/turtlebot3:/home/ciderlab-server3/turtlebot3_ws/install/turtlebot3_simulations:/home/ciderlab-server3/turtlebot3_ws/install/turtlebot3_bringup:/home/ciderlab-server3/turtlebot3_ws/install/turtlebot3_node:/home/ciderlab-server3/turtlebot3_ws/install/turtlebot3_navigation2:/home/ciderlab-server3/turtlebot3_ws/install/turtlebot3_machine_learning:/home/ciderlab-server3/turtlebot3_ws/install/turtlebot3_fake_node:/home/ciderlab-server3/turtlebot3_ws/install/turtlebot3_msgs:/home/ciderlab-server3/turtlebot3_ws/install/turtlebot3_manipulation:/home/ciderlab-server3/turtlebot3_ws/install/turtlebot3_manipulation_teleop:/home/ciderlab-server3/turtlebot3_ws/install/turtlebot3_home_service_challenge:/home/ciderlab-server3/turtlebot3_ws/install/turtlebot3_home_service_challenge_manipulator:/home/ciderlab-server3/turtlebot3_ws/install/turtlebot3_home_service_challenge_tools:/home/ciderlab-server3/turtlebot3_ws/install/turtlebot3_manipulation_navigation2:/home/ciderlab-server3/turtlebot3_ws/install/turtlebot3_manipulation_moveit_config:/home/ciderlab-server3/turtlebot3_ws/install/turtlebot3_manipulation_hardware:/home/ciderlab-server3/turtlebot3_ws/install/turtlebot3_manipulation_gazebo:/home/ciderlab-server3/turtlebot3_ws/install/turtlebot3_manipulation_bringup:/home/ciderlab-server3/turtlebot3_ws/install/turtlebot3_manipulation_description:/home/ciderlab-server3/turtlebot3_ws/install/turtlebot3_manipulation_cartographer:/home/ciderlab-server3/turtlebot3_ws/install/turtlebot3_gazebo:/home/ciderlab-server3/turtlebot3_ws/install/turtlebot3_description:/home/ciderlab-server3/turtlebot3_ws/install/turtlebot3_cartographer:/home/ciderlab-server3/turtlebot3_ws/install/dynamixel_sdk_examples:/home/ciderlab-server3/turtlebot3_ws/install/dynamixel_sdk_custom_interfaces:/home/ciderlab-server3/turtlebot3_ws/install/dynamixel_sdk:/home/ciderlab-server3/turtlebot3_ws/install/turtlebot3_teleop:/home/ciderlab-server3/turtlebot3_ws/install/turtlebot3_example:/home/ciderlab-server3/turtlebot3_ws/install/turtlebot3_dqn:/home/ciderlab-server3/turtlebot3_ws/install/turtlebot3_home_service_challenge_core:/home/ciderlab-server3/turtlebot3_ws/install/turtlebot3_home_service_challenge_aruco:/opt/ros/humble /usr/bin/cmake --build /home/ciderlab-server3/workspace/2026_industry_cowork/IsaacSim-ros_workspaces/humble_ws/build/turtlebot3_manipulation_bringup -- -j24 -l24
[1.416s] DEBUG:colcon.colcon_core.event_handler.log_command:Invoked command in '/home/ciderlab-server3/workspace/2026_industry_cowork/IsaacSim-ros_workspaces/humble_ws/build/turtlebot3_manipulation_moveit_config' returned '0': AMENT_PREFIX_PATH=/home/ciderlab-server3/workspace/2026_industry_cowork/IsaacSim-ros_workspaces/humble_ws/install/turtlebot3_manipulation_description:${AMENT_PREFIX_PATH} CMAKE_PREFIX_PATH=/home/ciderlab-server3/workspace/2026_industry_cowork/IsaacSim-ros_workspaces/humble_ws/install/turtlebot3_manipulation_description:/home/ciderlab-server3/workspace/2026_industry_cowork/install/turtlebot3_manipulation:/home/ciderlab-server3/workspace/2026_industry_cowork/install/turtlebot3_manipulation_teleop:/home/ciderlab-server3/workspace/2026_industry_cowork/install/turtlebot3_manipulation_navigation2:/home/ciderlab-server3/workspace/2026_industry_cowork/install/turtlebot3_manipulation_moveit_config:/home/ciderlab-server3/workspace/2026_industry_cowork/install/turtlebot3_manipulation_hardware:/home/ciderlab-server3/workspace/2026_industry_cowork/install/turtlebot3_manipulation_bringup:/home/ciderlab-server3/workspace/2026_industry_cowork/install/turtlebot3_manipulation_description:/home/ciderlab-server3/workspace/2026_industry_cowork/install/turtlebot3_manipulation_cartographer:/home/ciderlab-server3/turtlebot3_ws/install/turtlebot3:/home/ciderlab-server3/turtlebot3_ws/install/turtlebot3_simulations:/home/ciderlab-server3/turtlebot3_ws/install/turtlebot3_bringup:/home/ciderlab-server3/turtlebot3_ws/install/turtlebot3_node:/home/ciderlab-server3/turtlebot3_ws/install/turtlebot3_navigation2:/home/ciderlab-server3/turtlebot3_ws/install/turtlebot3_machine_learning:/home/ciderlab-server3/turtlebot3_ws/install/turtlebot3_fake_node:/home/ciderlab-server3/turtlebot3_ws/install/turtlebot3_msgs:/home/ciderlab-server3/turtlebot3_ws/install/turtlebot3_manipulation:/home/ciderlab-server3/turtlebot3_ws/install/turtlebot3_manipulation_teleop:/home/ciderlab-server3/turtlebot3_ws/install/turtlebot3_home_service_challenge:/home/ciderlab-server3/turtlebot3_ws/install/turtlebot3_home_service_challenge_manipulator:/home/ciderlab-server3/turtlebot3_ws/install/turtlebot3_home_service_challenge_tools:/home/ciderlab-server3/turtlebot3_ws/install/turtlebot3_manipulation_navigation2:/home/ciderlab-server3/turtlebot3_ws/install/turtlebot3_manipulation_moveit_config:/home/ciderlab-server3/turtlebot3_ws/install/turtlebot3_manipulation_hardware:/home/ciderlab-server3/turtlebot3_ws/install/turtlebot3_manipulation_gazebo:/home/ciderlab-server3/turtlebot3_ws/install/turtlebot3_manipulation_bringup:/home/ciderlab-server3/turtlebot3_ws/install/turtlebot3_manipulation_description:/home/ciderlab-server3/turtlebot3_ws/install/turtlebot3_manipulation_cartographer:/home/ciderlab-server3/turtlebot3_ws/install/turtlebot3_gazebo:/home/ciderlab-server3/turtlebot3_ws/install/turtlebot3_description:/home/ciderlab-server3/turtlebot3_ws/install/turtlebot3_cartographer:/home/ciderlab-server3/turtlebot3_ws/install/dynamixel_sdk_examples:/home/ciderlab-server3/turtlebot3_ws/install/dynamixel_sdk_custom_interfaces:/home/ciderlab-server3/turtlebot3_ws/install/dynamixel_sdk:/home/ciderlab-server3/turtlebot3_ws/install/turtlebot3_teleop:/home/ciderlab-server3/turtlebot3_ws/install/turtlebot3_example:/home/ciderlab-server3/turtlebot3_ws/install/turtlebot3_dqn:/home/ciderlab-server3/turtlebot3_ws/install/turtlebot3_home_service_challenge_core:/home/ciderlab-server3/turtlebot3_ws/install/turtlebot3_home_service_challenge_aruco:/opt/ros/humble /usr/bin/cmake /home/ciderlab-server3/workspace/2026_industry_cowork/IsaacSim-ros_workspaces/humble_ws/src/turtlebot3_manipulation/turtlebot3_manipulation_moveit_config -DCMAKE_INSTALL_PREFIX=/home/ciderlab-server3/workspace/2026_industry_cowork/IsaacSim-ros_workspaces/humble_ws/install/turtlebot3_manipulation_moveit_config
[1.417s] DEBUG:colcon.colcon_core.event_handler.log_command:Invoking command in '/home/ciderlab-server3/workspace/2026_industry_cowork/IsaacSim-ros_workspaces/humble_ws/build/turtlebot3_manipulation_moveit_config': AMENT_PREFIX_PATH=/home/ciderlab-server3/workspace/2026_industry_cowork/IsaacSim-ros_workspaces/humble_ws/install/turtlebot3_manipulation_description:${AMENT_PREFIX_PATH} CMAKE_PREFIX_PATH=/home/ciderlab-server3/workspace/2026_industry_cowork/IsaacSim-ros_workspaces/humble_ws/install/turtlebot3_manipulation_description:/home/ciderlab-server3/workspace/2026_industry_cowork/install/turtlebot3_manipulation:/home/ciderlab-server3/workspace/2026_industry_cowork/install/turtlebot3_manipulation_teleop:/home/ciderlab-server3/workspace/2026_industry_cowork/install/turtlebot3_manipulation_navigation2:/home/ciderlab-server3/workspace/2026_industry_cowork/install/turtlebot3_manipulation_moveit_config:/home/ciderlab-server3/workspace/2026_industry_cowork/install/turtlebot3_manipulation_hardware:/home/ciderlab-server3/workspace/2026_industry_cowork/install/turtlebot3_manipulation_bringup:/home/ciderlab-server3/workspace/2026_industry_cowork/install/turtlebot3_manipulation_description:/home/ciderlab-server3/workspace/2026_industry_cowork/install/turtlebot3_manipulation_cartographer:/home/ciderlab-server3/turtlebot3_ws/install/turtlebot3:/home/ciderlab-server3/turtlebot3_ws/install/turtlebot3_simulations:/home/ciderlab-server3/turtlebot3_ws/install/turtlebot3_bringup:/home/ciderlab-server3/turtlebot3_ws/install/turtlebot3_node:/home/ciderlab-server3/turtlebot3_ws/install/turtlebot3_navigation2:/home/ciderlab-server3/turtlebot3_ws/install/turtlebot3_machine_learning:/home/ciderlab-server3/turtlebot3_ws/install/turtlebot3_fake_node:/home/ciderlab-server3/turtlebot3_ws/install/turtlebot3_msgs:/home/ciderlab-server3/turtlebot3_ws/install/turtlebot3_manipulation:/home/ciderlab-server3/turtlebot3_ws/install/turtlebot3_manipulation_teleop:/home/ciderlab-server3/turtlebot3_ws/install/turtlebot3_home_service_challenge:/home/ciderlab-server3/turtlebot3_ws/install/turtlebot3_home_service_challenge_manipulator:/home/ciderlab-server3/turtlebot3_ws/install/turtlebot3_home_service_challenge_tools:/home/ciderlab-server3/turtlebot3_ws/install/turtlebot3_manipulation_navigation2:/home/ciderlab-server3/turtlebot3_ws/install/turtlebot3_manipulation_moveit_config:/home/ciderlab-server3/turtlebot3_ws/install/turtlebot3_manipulation_hardware:/home/ciderlab-server3/turtlebot3_ws/install/turtlebot3_manipulation_gazebo:/home/ciderlab-server3/turtlebot3_ws/install/turtlebot3_manipulation_bringup:/home/ciderlab-server3/turtlebot3_ws/install/turtlebot3_manipulation_description:/home/ciderlab-server3/turtlebot3_ws/install/turtlebot3_manipulation_cartographer:/home/ciderlab-server3/turtlebot3_ws/install/turtlebot3_gazebo:/home/ciderlab-server3/turtlebot3_ws/install/turtlebot3_description:/home/ciderlab-server3/turtlebot3_ws/install/turtlebot3_cartographer:/home/ciderlab-server3/turtlebot3_ws/install/dynamixel_sdk_examples:/home/ciderlab-server3/turtlebot3_ws/install/dynamixel_sdk_custom_interfaces:/home/ciderlab-server3/turtlebot3_ws/install/dynamixel_sdk:/home/ciderlab-server3/turtlebot3_ws/install/turtlebot3_teleop:/home/ciderlab-server3/turtlebot3_ws/install/turtlebot3_example:/home/ciderlab-server3/turtlebot3_ws/install/turtlebot3_dqn:/home/ciderlab-server3/turtlebot3_ws/install/turtlebot3_home_service_challenge_core:/home/ciderlab-server3/turtlebot3_ws/install/turtlebot3_home_service_challenge_aruco:/opt/ros/humble /usr/bin/cmake --build /home/ciderlab-server3/workspace/2026_industry_cowork/IsaacSim-ros_workspaces/humble_ws/build/turtlebot3_manipulation_moveit_config -- -j24 -l24
[1.417s] DEBUG:colcon.colcon_core.event_handler.log_command:Invoked command in '/home/ciderlab-server3/workspace/2026_industry_cowork/IsaacSim-ros_workspaces/humble_ws/build/turtlebot3_manipulation_bringup' returned '0': AMENT_PREFIX_PATH=/home/ciderlab-server3/workspace/2026_industry_cowork/IsaacSim-ros_workspaces/humble_ws/install/turtlebot3_manipulation_description:${AMENT_PREFIX_PATH} CMAKE_PREFIX_PATH=/home/ciderlab-server3/workspace/2026_industry_cowork/IsaacSim-ros_workspaces/humble_ws/install/turtlebot3_manipulation_description:/home/ciderlab-server3/workspace/2026_industry_cowork/install/turtlebot3_manipulation:/home/ciderlab-server3/workspace/2026_industry_cowork/install/turtlebot3_manipulation_teleop:/home/ciderlab-server3/workspace/2026_industry_cowork/install/turtlebot3_manipulation_navigation2:/home/ciderlab-server3/workspace/2026_industry_cowork/install/turtlebot3_manipulation_moveit_config:/home/ciderlab-server3/workspace/2026_industry_cowork/install/turtlebot3_manipulation_hardware:/home/ciderlab-server3/workspace/2026_industry_cowork/install/turtlebot3_manipulation_bringup:/home/ciderlab-server3/workspace/2026_industry_cowork/install/turtlebot3_manipulation_description:/home/ciderlab-server3/workspace/2026_industry_cowork/install/turtlebot3_manipulation_cartographer:/home/ciderlab-server3/turtlebot3_ws/install/turtlebot3:/home/ciderlab-server3/turtlebot3_ws/install/turtlebot3_simulations:/home/ciderlab-server3/turtlebot3_ws/install/turtlebot3_bringup:/home/ciderlab-server3/turtlebot3_ws/install/turtlebot3_node:/home/ciderlab-server3/turtlebot3_ws/install/turtlebot3_navigation2:/home/ciderlab-server3/turtlebot3_ws/install/turtlebot3_machine_learning:/home/ciderlab-server3/turtlebot3_ws/install/turtlebot3_fake_node:/home/ciderlab-server3/turtlebot3_ws/install/turtlebot3_msgs:/home/ciderlab-server3/turtlebot3_ws/install/turtlebot3_manipulation:/home/ciderlab-server3/turtlebot3_ws/install/turtlebot3_manipulation_teleop:/home/ciderlab-server3/turtlebot3_ws/install/turtlebot3_home_service_challenge:/home/ciderlab-server3/turtlebot3_ws/install/turtlebot3_home_service_challenge_manipulator:/home/ciderlab-server3/turtlebot3_ws/install/turtlebot3_home_service_challenge_tools:/home/ciderlab-server3/turtlebot3_ws/install/turtlebot3_manipulation_navigation2:/home/ciderlab-server3/turtlebot3_ws/install/turtlebot3_manipulation_moveit_config:/home/ciderlab-server3/turtlebot3_ws/install/turtlebot3_manipulation_hardware:/home/ciderlab-server3/turtlebot3_ws/install/turtlebot3_manipulation_gazebo:/home/ciderlab-server3/turtlebot3_ws/install/turtlebot3_manipulation_bringup:/home/ciderlab-server3/turtlebot3_ws/install/turtlebot3_manipulation_description:/home/ciderlab-server3/turtlebot3_ws/install/turtlebot3_manipulation_cartographer:/home/ciderlab-server3/turtlebot3_ws/install/turtlebot3_gazebo:/home/ciderlab-server3/turtlebot3_ws/install/turtlebot3_description:/home/ciderlab-server3/turtlebot3_ws/install/turtlebot3_cartographer:/home/ciderlab-server3/turtlebot3_ws/install/dynamixel_sdk_examples:/home/ciderlab-server3/turtlebot3_ws/install/dynamixel_sdk_custom_interfaces:/home/ciderlab-server3/turtlebot3_ws/install/dynamixel_sdk:/home/ciderlab-server3/turtlebot3_ws/install/turtlebot3_teleop:/home/ciderlab-server3/turtlebot3_ws/install/turtlebot3_example:/home/ciderlab-server3/turtlebot3_ws/install/turtlebot3_dqn:/home/ciderlab-server3/turtlebot3_ws/install/turtlebot3_home_service_challenge_core:/home/ciderlab-server3/turtlebot3_ws/install/turtlebot3_home_service_challenge_aruco:/opt/ros/humble /usr/bin/cmake --build /home/ciderlab-server3/workspace/2026_industry_cowork/IsaacSim-ros_workspaces/humble_ws/build/turtlebot3_manipulation_bringup -- -j24 -l24
[1.418s] DEBUG:colcon.colcon_core.event_handler.log_command:Invoking command in '/home/ciderlab-server3/workspace/2026_industry_cowork/IsaacSim-ros_workspaces/humble_ws/build/turtlebot3_manipulation_bringup': AMENT_PREFIX_PATH=/home/ciderlab-server3/workspace/2026_industry_cowork/IsaacSim-ros_workspaces/humble_ws/install/turtlebot3_manipulation_description:${AMENT_PREFIX_PATH} CMAKE_PREFIX_PATH=/home/ciderlab-server3/workspace/2026_industry_cowork/IsaacSim-ros_workspaces/humble_ws/install/turtlebot3_manipulation_description:/home/ciderlab-server3/workspace/2026_industry_cowork/install/turtlebot3_manipulation:/home/ciderlab-server3/workspace/2026_industry_cowork/install/turtlebot3_manipulation_teleop:/home/ciderlab-server3/workspace/2026_industry_cowork/install/turtlebot3_manipulation_navigation2:/home/ciderlab-server3/workspace/2026_industry_cowork/install/turtlebot3_manipulation_moveit_config:/home/ciderlab-server3/workspace/2026_industry_cowork/install/turtlebot3_manipulation_hardware:/home/ciderlab-server3/workspace/2026_industry_cowork/install/turtlebot3_manipulation_bringup:/home/ciderlab-server3/workspace/2026_industry_cowork/install/turtlebot3_manipulation_description:/home/ciderlab-server3/workspace/2026_industry_cowork/install/turtlebot3_manipulation_cartographer:/home/ciderlab-server3/turtlebot3_ws/install/turtlebot3:/home/ciderlab-server3/turtlebot3_ws/install/turtlebot3_simulations:/home/ciderlab-server3/turtlebot3_ws/install/turtlebot3_bringup:/home/ciderlab-server3/turtlebot3_ws/install/turtlebot3_node:/home/ciderlab-server3/turtlebot3_ws/install/turtlebot3_navigation2:/home/ciderlab-server3/turtlebot3_ws/install/turtlebot3_machine_learning:/home/ciderlab-server3/turtlebot3_ws/install/turtlebot3_fake_node:/home/ciderlab-server3/turtlebot3_ws/install/turtlebot3_msgs:/home/ciderlab-server3/turtlebot3_ws/install/turtlebot3_manipulation:/home/ciderlab-server3/turtlebot3_ws/install/turtlebot3_manipulation_teleop:/home/ciderlab-server3/turtlebot3_ws/install/turtlebot3_home_service_challenge:/home/ciderlab-server3/turtlebot3_ws/install/turtlebot3_home_service_challenge_manipulator:/home/ciderlab-server3/turtlebot3_ws/install/turtlebot3_home_service_challenge_tools:/home/ciderlab-server3/turtlebot3_ws/install/turtlebot3_manipulation_navigation2:/home/ciderlab-server3/turtlebot3_ws/install/turtlebot3_manipulation_moveit_config:/home/ciderlab-server3/turtlebot3_ws/install/turtlebot3_manipulation_hardware:/home/ciderlab-server3/turtlebot3_ws/install/turtlebot3_manipulation_gazebo:/home/ciderlab-server3/turtlebot3_ws/install/turtlebot3_manipulation_bringup:/home/ciderlab-server3/turtlebot3_ws/install/turtlebot3_manipulation_description:/home/ciderlab-server3/turtlebot3_ws/install/turtlebot3_manipulation_cartographer:/home/ciderlab-server3/turtlebot3_ws/install/turtlebot3_gazebo:/home/ciderlab-server3/turtlebot3_ws/install/turtlebot3_description:/home/ciderlab-server3/turtlebot3_ws/install/turtlebot3_cartographer:/home/ciderlab-server3/turtlebot3_ws/install/dynamixel_sdk_examples:/home/ciderlab-server3/turtlebot3_ws/install/dynamixel_sdk_custom_interfaces:/home/ciderlab-server3/turtlebot3_ws/install/dynamixel_sdk:/home/ciderlab-server3/turtlebot3_ws/install/turtlebot3_teleop:/home/ciderlab-server3/turtlebot3_ws/install/turtlebot3_example:/home/ciderlab-server3/turtlebot3_ws/install/turtlebot3_dqn:/home/ciderlab-server3/turtlebot3_ws/install/turtlebot3_home_service_challenge_core:/home/ciderlab-server3/turtlebot3_ws/install/turtlebot3_home_service_challenge_aruco:/opt/ros/humble /usr/bin/cmake --install /home/ciderlab-server3/workspace/2026_industry_cowork/IsaacSim-ros_workspaces/humble_ws/build/turtlebot3_manipulation_bringup
[1.420s] DEBUG:colcon.colcon_core.event_handler.log_command:Invoked command in '/home/ciderlab-server3/workspace/2026_industry_cowork/IsaacSim-ros_workspaces/humble_ws/build/custom_message' returned '0': CMAKE_PREFIX_PATH=${CMAKE_PREFIX_PATH}:/home/ciderlab-server3/turtlebot3_ws/install/turtlebot3_teleop:/home/ciderlab-server3/turtlebot3_ws/install/turtlebot3_example:/home/ciderlab-server3/turtlebot3_ws/install/turtlebot3_dqn:/home/ciderlab-server3/turtlebot3_ws/install/turtlebot3_home_service_challenge_core:/home/ciderlab-server3/turtlebot3_ws/install/turtlebot3_home_service_challenge_aruco:/opt/ros/humble /usr/bin/cmake /home/ciderlab-server3/workspace/2026_industry_cowork/IsaacSim-ros_workspaces/humble_ws/src/custom_message -DCMAKE_INSTALL_PREFIX=/home/ciderlab-server3/workspace/2026_industry_cowork/IsaacSim-ros_workspaces/humble_ws/install/custom_message
[1.420s] DEBUG:colcon.colcon_core.event_handler.log_command:Invoking command in '/home/ciderlab-server3/workspace/2026_industry_cowork/IsaacSim-ros_workspaces/humble_ws/build/custom_message': CMAKE_PREFIX_PATH=${CMAKE_PREFIX_PATH}:/home/ciderlab-server3/turtlebot3_ws/install/turtlebot3_teleop:/home/ciderlab-server3/turtlebot3_ws/install/turtlebot3_example:/home/ciderlab-server3/turtlebot3_ws/install/turtlebot3_dqn:/home/ciderlab-server3/turtlebot3_ws/install/turtlebot3_home_service_challenge_core:/home/ciderlab-server3/turtlebot3_ws/install/turtlebot3_home_service_challenge_aruco:/opt/ros/humble /usr/bin/cmake --build /home/ciderlab-server3/workspace/2026_industry_cowork/IsaacSim-ros_workspaces/humble_ws/build/custom_message -- -j24 -l24
[1.424s] Level 1:colcon.colcon_core.environment:create_environment_scripts_only(turtlebot3_manipulation_bringup)
[1.424s] Level 1:colcon.colcon_core.environment:checking '/home/ciderlab-server3/workspace/2026_industry_cowork/IsaacSim-ros_workspaces/humble_ws/install/turtlebot3_manipulation_bringup' for CMake module files
[1.425s] DEBUG:colcon.colcon_core.event_handler.log_command:Invoked command in '/home/ciderlab-server3/workspace/2026_industry_cowork/IsaacSim-ros_workspaces/humble_ws/build/turtlebot3_manipulation_bringup' returned '0': AMENT_PREFIX_PATH=/home/ciderlab-server3/workspace/2026_industry_cowork/IsaacSim-ros_workspaces/humble_ws/install/turtlebot3_manipulation_description:${AMENT_PREFIX_PATH} CMAKE_PREFIX_PATH=/home/ciderlab-server3/workspace/2026_industry_cowork/IsaacSim-ros_workspaces/humble_ws/install/turtlebot3_manipulation_description:/home/ciderlab-server3/workspace/2026_industry_cowork/install/turtlebot3_manipulation:/home/ciderlab-server3/workspace/2026_industry_cowork/install/turtlebot3_manipulation_teleop:/home/ciderlab-server3/workspace/2026_industry_cowork/install/turtlebot3_manipulation_navigation2:/home/ciderlab-server3/workspace/2026_industry_cowork/install/turtlebot3_manipulation_moveit_config:/home/ciderlab-server3/workspace/2026_industry_cowork/install/turtlebot3_manipulation_hardware:/home/ciderlab-server3/workspace/2026_industry_cowork/install/turtlebot3_manipulation_bringup:/home/ciderlab-server3/workspace/2026_industry_cowork/install/turtlebot3_manipulation_description:/home/ciderlab-server3/workspace/2026_industry_cowork/install/turtlebot3_manipulation_cartographer:/home/ciderlab-server3/turtlebot3_ws/install/turtlebot3:/home/ciderlab-server3/turtlebot3_ws/install/turtlebot3_simulations:/home/ciderlab-server3/turtlebot3_ws/install/turtlebot3_bringup:/home/ciderlab-server3/turtlebot3_ws/install/turtlebot3_node:/home/ciderlab-server3/turtlebot3_ws/install/turtlebot3_navigation2:/home/ciderlab-server3/turtlebot3_ws/install/turtlebot3_machine_learning:/home/ciderlab-server3/turtlebot3_ws/install/turtlebot3_fake_node:/home/ciderlab-server3/turtlebot3_ws/install/turtlebot3_msgs:/home/ciderlab-server3/turtlebot3_ws/install/turtlebot3_manipulation:/home/ciderlab-server3/turtlebot3_ws/install/turtlebot3_manipulation_teleop:/home/ciderlab-server3/turtlebot3_ws/install/turtlebot3_home_service_challenge:/home/ciderlab-server3/turtlebot3_ws/install/turtlebot3_home_service_challenge_manipulator:/home/ciderlab-server3/turtlebot3_ws/install/turtlebot3_home_service_challenge_tools:/home/ciderlab-server3/turtlebot3_ws/install/turtlebot3_manipulation_navigation2:/home/ciderlab-server3/turtlebot3_ws/install/turtlebot3_manipulation_moveit_config:/home/ciderlab-server3/turtlebot3_ws/install/turtlebot3_manipulation_hardware:/home/ciderlab-server3/turtlebot3_ws/install/turtlebot3_manipulation_gazebo:/home/ciderlab-server3/turtlebot3_ws/install/turtlebot3_manipulation_bringup:/home/ciderlab-server3/turtlebot3_ws/install/turtlebot3_manipulation_description:/home/ciderlab-server3/turtlebot3_ws/install/turtlebot3_manipulation_cartographer:/home/ciderlab-server3/turtlebot3_ws/install/turtlebot3_gazebo:/home/ciderlab-server3/turtlebot3_ws/install/turtlebot3_description:/home/ciderlab-server3/turtlebot3_ws/install/turtlebot3_cartographer:/home/ciderlab-server3/turtlebot3_ws/install/dynamixel_sdk_examples:/home/ciderlab-server3/turtlebot3_ws/install/dynamixel_sdk_custom_interfaces:/home/ciderlab-server3/turtlebot3_ws/install/dynamixel_sdk:/home/ciderlab-server3/turtlebot3_ws/install/turtlebot3_teleop:/home/ciderlab-server3/turtlebot3_ws/install/turtlebot3_example:/home/ciderlab-server3/turtlebot3_ws/install/turtlebot3_dqn:/home/ciderlab-server3/turtlebot3_ws/install/turtlebot3_home_service_challenge_core:/home/ciderlab-server3/turtlebot3_ws/install/turtlebot3_home_service_challenge_aruco:/opt/ros/humble /usr/bin/cmake --install /home/ciderlab-server3/workspace/2026_industry_cowork/IsaacSim-ros_workspaces/humble_ws/build/turtlebot3_manipulation_bringup
[1.426s] Level 1:colcon.colcon_core.environment:checking '/home/ciderlab-server3/workspace/2026_industry_cowork/IsaacSim-ros_workspaces/humble_ws/install/turtlebot3_manipulation_bringup' for CMake config files
[1.426s] Level 1:colcon.colcon_core.shell:create_environment_hook('turtlebot3_manipulation_bringup', 'cmake_prefix_path')
[1.426s] INFO:colcon.colcon_core.shell:Creating environment hook '/home/ciderlab-server3/workspace/2026_industry_cowork/IsaacSim-ros_workspaces/humble_ws/install/turtlebot3_manipulation_bringup/share/turtlebot3_manipulation_bringup/hook/cmake_prefix_path.ps1'
[1.426s] INFO:colcon.colcon_core.shell:Creating environment descriptor '/home/ciderlab-server3/workspace/2026_industry_cowork/IsaacSim-ros_workspaces/humble_ws/install/turtlebot3_manipulation_bringup/share/turtlebot3_manipulation_bringup/hook/cmake_prefix_path.dsv'
[1.426s] INFO:colcon.colcon_core.shell:Creating environment hook '/home/ciderlab-server3/workspace/2026_industry_cowork/IsaacSim-ros_workspaces/humble_ws/install/turtlebot3_manipulation_bringup/share/turtlebot3_manipulation_bringup/hook/cmake_prefix_path.sh'
[1.426s] Level 1:colcon.colcon_core.environment:checking '/home/ciderlab-server3/workspace/2026_industry_cowork/IsaacSim-ros_workspaces/humble_ws/install/turtlebot3_manipulation_bringup/bin'
[1.426s] Level 1:colcon.colcon_core.environment:checking '/home/ciderlab-server3/workspace/2026_industry_cowork/IsaacSim-ros_workspaces/humble_ws/install/turtlebot3_manipulation_bringup/lib/pkgconfig/turtlebot3_manipulation_bringup.pc'
[1.427s] Level 1:colcon.colcon_core.environment:checking '/home/ciderlab-server3/workspace/2026_industry_cowork/IsaacSim-ros_workspaces/humble_ws/install/turtlebot3_manipulation_bringup/lib/python3.10/site-packages'
[1.427s] Level 1:colcon.colcon_core.environment:checking '/home/ciderlab-server3/workspace/2026_industry_cowork/IsaacSim-ros_workspaces/humble_ws/install/turtlebot3_manipulation_bringup/bin'
[1.427s] INFO:colcon.colcon_core.shell:Creating package script '/home/ciderlab-server3/workspace/2026_industry_cowork/IsaacSim-ros_workspaces/humble_ws/install/turtlebot3_manipulation_bringup/share/turtlebot3_manipulation_bringup/package.ps1'
[1.427s] INFO:colcon.colcon_core.shell:Creating package descriptor '/home/ciderlab-server3/workspace/2026_industry_cowork/IsaacSim-ros_workspaces/humble_ws/install/turtlebot3_manipulation_bringup/share/turtlebot3_manipulation_bringup/package.dsv'
[1.427s] INFO:colcon.colcon_core.shell:Creating package script '/home/ciderlab-server3/workspace/2026_industry_cowork/IsaacSim-ros_workspaces/humble_ws/install/turtlebot3_manipulation_bringup/share/turtlebot3_manipulation_bringup/package.sh'
[1.427s] INFO:colcon.colcon_core.shell:Creating package script '/home/ciderlab-server3/workspace/2026_industry_cowork/IsaacSim-ros_workspaces/humble_ws/install/turtlebot3_manipulation_bringup/share/turtlebot3_manipulation_bringup/package.bash'
[1.427s] INFO:colcon.colcon_core.shell:Creating package script '/home/ciderlab-server3/workspace/2026_industry_cowork/IsaacSim-ros_workspaces/humble_ws/install/turtlebot3_manipulation_bringup/share/turtlebot3_manipulation_bringup/package.zsh'
[1.428s] Level 1:colcon.colcon_core.environment:create_file_with_runtime_dependencies(/home/ciderlab-server3/workspace/2026_industry_cowork/IsaacSim-ros_workspaces/humble_ws/install/turtlebot3_manipulation_bringup/share/colcon-core/packages/turtlebot3_manipulation_bringup)
[1.428s] Level 1:colcon.colcon_core.environment:create_environment_scripts_only(turtlebot3_manipulation_bringup)
[1.428s] Level 1:colcon.colcon_core.environment:checking '/home/ciderlab-server3/workspace/2026_industry_cowork/IsaacSim-ros_workspaces/humble_ws/install/turtlebot3_manipulation_bringup' for CMake module files
[1.428s] Level 1:colcon.colcon_core.environment:checking '/home/ciderlab-server3/workspace/2026_industry_cowork/IsaacSim-ros_workspaces/humble_ws/install/turtlebot3_manipulation_bringup' for CMake config files
[1.428s] Level 1:colcon.colcon_core.shell:create_environment_hook('turtlebot3_manipulation_bringup', 'cmake_prefix_path')
[1.428s] INFO:colcon.colcon_core.shell:Creating environment hook '/home/ciderlab-server3/workspace/2026_industry_cowork/IsaacSim-ros_workspaces/humble_ws/install/turtlebot3_manipulation_bringup/share/turtlebot3_manipulation_bringup/hook/cmake_prefix_path.ps1'
[1.428s] INFO:colcon.colcon_core.shell:Creating environment descriptor '/home/ciderlab-server3/workspace/2026_industry_cowork/IsaacSim-ros_workspaces/humble_ws/install/turtlebot3_manipulation_bringup/share/turtlebot3_manipulation_bringup/hook/cmake_prefix_path.dsv'
[1.428s] INFO:colcon.colcon_core.shell:Creating environment hook '/home/ciderlab-server3/workspace/2026_industry_cowork/IsaacSim-ros_workspaces/humble_ws/install/turtlebot3_manipulation_bringup/share/turtlebot3_manipulation_bringup/hook/cmake_prefix_path.sh'
[1.429s] Level 1:colcon.colcon_core.environment:checking '/home/ciderlab-server3/workspace/2026_industry_cowork/IsaacSim-ros_workspaces/humble_ws/install/turtlebot3_manipulation_bringup/bin'
[1.429s] Level 1:colcon.colcon_core.environment:checking '/home/ciderlab-server3/workspace/2026_industry_cowork/IsaacSim-ros_workspaces/humble_ws/install/turtlebot3_manipulation_bringup/lib/pkgconfig/turtlebot3_manipulation_bringup.pc'
[1.429s] Level 1:colcon.colcon_core.environment:checking '/home/ciderlab-server3/workspace/2026_industry_cowork/IsaacSim-ros_workspaces/humble_ws/install/turtlebot3_manipulation_bringup/lib/python3.10/site-packages'
[1.429s] Level 1:colcon.colcon_core.environment:checking '/home/ciderlab-server3/workspace/2026_industry_cowork/IsaacSim-ros_workspaces/humble_ws/install/turtlebot3_manipulation_bringup/bin'
[1.429s] INFO:colcon.colcon_core.shell:Creating package script '/home/ciderlab-server3/workspace/2026_industry_cowork/IsaacSim-ros_workspaces/humble_ws/install/turtlebot3_manipulation_bringup/share/turtlebot3_manipulation_bringup/package.ps1'
[1.429s] INFO:colcon.colcon_core.shell:Creating package descriptor '/home/ciderlab-server3/workspace/2026_industry_cowork/IsaacSim-ros_workspaces/humble_ws/install/turtlebot3_manipulation_bringup/share/turtlebot3_manipulation_bringup/package.dsv'
[1.430s] INFO:colcon.colcon_core.shell:Creating package script '/home/ciderlab-server3/workspace/2026_industry_cowork/IsaacSim-ros_workspaces/humble_ws/install/turtlebot3_manipulation_bringup/share/turtlebot3_manipulation_bringup/package.sh'
[1.430s] INFO:colcon.colcon_core.shell:Creating package script '/home/ciderlab-server3/workspace/2026_industry_cowork/IsaacSim-ros_workspaces/humble_ws/install/turtlebot3_manipulation_bringup/share/turtlebot3_manipulation_bringup/package.bash'
[1.430s] INFO:colcon.colcon_core.shell:Creating package script '/home/ciderlab-server3/workspace/2026_industry_cowork/IsaacSim-ros_workspaces/humble_ws/install/turtlebot3_manipulation_bringup/share/turtlebot3_manipulation_bringup/package.zsh'
[1.430s] Level 1:colcon.colcon_core.environment:create_file_with_runtime_dependencies(/home/ciderlab-server3/workspace/2026_industry_cowork/IsaacSim-ros_workspaces/humble_ws/install/turtlebot3_manipulation_bringup/share/colcon-core/packages/turtlebot3_manipulation_bringup)
[1.436s] DEBUG:colcon.colcon_core.event_handler.log_command:Invoked command in '/home/ciderlab-server3/workspace/2026_industry_cowork/IsaacSim-ros_workspaces/humble_ws/build/turtlebot3_manipulation_moveit_config' returned '0': AMENT_PREFIX_PATH=/home/ciderlab-server3/workspace/2026_industry_cowork/IsaacSim-ros_workspaces/humble_ws/install/turtlebot3_manipulation_description:${AMENT_PREFIX_PATH} CMAKE_PREFIX_PATH=/home/ciderlab-server3/workspace/2026_industry_cowork/IsaacSim-ros_workspaces/humble_ws/install/turtlebot3_manipulation_description:/home/ciderlab-server3/workspace/2026_industry_cowork/install/turtlebot3_manipulation:/home/ciderlab-server3/workspace/2026_industry_cowork/install/turtlebot3_manipulation_teleop:/home/ciderlab-server3/workspace/2026_industry_cowork/install/turtlebot3_manipulation_navigation2:/home/ciderlab-server3/workspace/2026_industry_cowork/install/turtlebot3_manipulation_moveit_config:/home/ciderlab-server3/workspace/2026_industry_cowork/install/turtlebot3_manipulation_hardware:/home/ciderlab-server3/workspace/2026_industry_cowork/install/turtlebot3_manipulation_bringup:/home/ciderlab-server3/workspace/2026_industry_cowork/install/turtlebot3_manipulation_description:/home/ciderlab-server3/workspace/2026_industry_cowork/install/turtlebot3_manipulation_cartographer:/home/ciderlab-server3/turtlebot3_ws/install/turtlebot3:/home/ciderlab-server3/turtlebot3_ws/install/turtlebot3_simulations:/home/ciderlab-server3/turtlebot3_ws/install/turtlebot3_bringup:/home/ciderlab-server3/turtlebot3_ws/install/turtlebot3_node:/home/ciderlab-server3/turtlebot3_ws/install/turtlebot3_navigation2:/home/ciderlab-server3/turtlebot3_ws/install/turtlebot3_machine_learning:/home/ciderlab-server3/turtlebot3_ws/install/turtlebot3_fake_node:/home/ciderlab-server3/turtlebot3_ws/install/turtlebot3_msgs:/home/ciderlab-server3/turtlebot3_ws/install/turtlebot3_manipulation:/home/ciderlab-server3/turtlebot3_ws/install/turtlebot3_manipulation_teleop:/home/ciderlab-server3/turtlebot3_ws/install/turtlebot3_home_service_challenge:/home/ciderlab-server3/turtlebot3_ws/install/turtlebot3_home_service_challenge_manipulator:/home/ciderlab-server3/turtlebot3_ws/install/turtlebot3_home_service_challenge_tools:/home/ciderlab-server3/turtlebot3_ws/install/turtlebot3_manipulation_navigation2:/home/ciderlab-server3/turtlebot3_ws/install/turtlebot3_manipulation_moveit_config:/home/ciderlab-server3/turtlebot3_ws/install/turtlebot3_manipulation_hardware:/home/ciderlab-server3/turtlebot3_ws/install/turtlebot3_manipulation_gazebo:/home/ciderlab-server3/turtlebot3_ws/install/turtlebot3_manipulation_bringup:/home/ciderlab-server3/turtlebot3_ws/install/turtlebot3_manipulation_description:/home/ciderlab-server3/turtlebot3_ws/install/turtlebot3_manipulation_cartographer:/home/ciderlab-server3/turtlebot3_ws/install/turtlebot3_gazebo:/home/ciderlab-server3/turtlebot3_ws/install/turtlebot3_description:/home/ciderlab-server3/turtlebot3_ws/install/turtlebot3_cartographer:/home/ciderlab-server3/turtlebot3_ws/install/dynamixel_sdk_examples:/home/ciderlab-server3/turtlebot3_ws/install/dynamixel_sdk_custom_interfaces:/home/ciderlab-server3/turtlebot3_ws/install/dynamixel_sdk:/home/ciderlab-server3/turtlebot3_ws/install/turtlebot3_teleop:/home/ciderlab-server3/turtlebot3_ws/install/turtlebot3_example:/home/ciderlab-server3/turtlebot3_ws/install/turtlebot3_dqn:/home/ciderlab-server3/turtlebot3_ws/install/turtlebot3_home_service_challenge_core:/home/ciderlab-server3/turtlebot3_ws/install/turtlebot3_home_service_challenge_aruco:/opt/ros/humble /usr/bin/cmake --build /home/ciderlab-server3/workspace/2026_industry_cowork/IsaacSim-ros_workspaces/humble_ws/build/turtlebot3_manipulation_moveit_config -- -j24 -l24
[1.437s] DEBUG:colcon.colcon_core.event_handler.log_command:Invoking command in '/home/ciderlab-server3/workspace/2026_industry_cowork/IsaacSim-ros_workspaces/humble_ws/build/turtlebot3_manipulation_moveit_config': AMENT_PREFIX_PATH=/home/ciderlab-server3/workspace/2026_industry_cowork/IsaacSim-ros_workspaces/humble_ws/install/turtlebot3_manipulation_description:${AMENT_PREFIX_PATH} CMAKE_PREFIX_PATH=/home/ciderlab-server3/workspace/2026_industry_cowork/IsaacSim-ros_workspaces/humble_ws/install/turtlebot3_manipulation_description:/home/ciderlab-server3/workspace/2026_industry_cowork/install/turtlebot3_manipulation:/home/ciderlab-server3/workspace/2026_industry_cowork/install/turtlebot3_manipulation_teleop:/home/ciderlab-server3/workspace/2026_industry_cowork/install/turtlebot3_manipulation_navigation2:/home/ciderlab-server3/workspace/2026_industry_cowork/install/turtlebot3_manipulation_moveit_config:/home/ciderlab-server3/workspace/2026_industry_cowork/install/turtlebot3_manipulation_hardware:/home/ciderlab-server3/workspace/2026_industry_cowork/install/turtlebot3_manipulation_bringup:/home/ciderlab-server3/workspace/2026_industry_cowork/install/turtlebot3_manipulation_description:/home/ciderlab-server3/workspace/2026_industry_cowork/install/turtlebot3_manipulation_cartographer:/home/ciderlab-server3/turtlebot3_ws/install/turtlebot3:/home/ciderlab-server3/turtlebot3_ws/install/turtlebot3_simulations:/home/ciderlab-server3/turtlebot3_ws/install/turtlebot3_bringup:/home/ciderlab-server3/turtlebot3_ws/install/turtlebot3_node:/home/ciderlab-server3/turtlebot3_ws/install/turtlebot3_navigation2:/home/ciderlab-server3/turtlebot3_ws/install/turtlebot3_machine_learning:/home/ciderlab-server3/turtlebot3_ws/install/turtlebot3_fake_node:/home/ciderlab-server3/turtlebot3_ws/install/turtlebot3_msgs:/home/ciderlab-server3/turtlebot3_ws/install/turtlebot3_manipulation:/home/ciderlab-server3/turtlebot3_ws/install/turtlebot3_manipulation_teleop:/home/ciderlab-server3/turtlebot3_ws/install/turtlebot3_home_service_challenge:/home/ciderlab-server3/turtlebot3_ws/install/turtlebot3_home_service_challenge_manipulator:/home/ciderlab-server3/turtlebot3_ws/install/turtlebot3_home_service_challenge_tools:/home/ciderlab-server3/turtlebot3_ws/install/turtlebot3_manipulation_navigation2:/home/ciderlab-server3/turtlebot3_ws/install/turtlebot3_manipulation_moveit_config:/home/ciderlab-server3/turtlebot3_ws/install/turtlebot3_manipulation_hardware:/home/ciderlab-server3/turtlebot3_ws/install/turtlebot3_manipulation_gazebo:/home/ciderlab-server3/turtlebot3_ws/install/turtlebot3_manipulation_bringup:/home/ciderlab-server3/turtlebot3_ws/install/turtlebot3_manipulation_description:/home/ciderlab-server3/turtlebot3_ws/install/turtlebot3_manipulation_cartographer:/home/ciderlab-server3/turtlebot3_ws/install/turtlebot3_gazebo:/home/ciderlab-server3/turtlebot3_ws/install/turtlebot3_description:/home/ciderlab-server3/turtlebot3_ws/install/turtlebot3_cartographer:/home/ciderlab-server3/turtlebot3_ws/install/dynamixel_sdk_examples:/home/ciderlab-server3/turtlebot3_ws/install/dynamixel_sdk_custom_interfaces:/home/ciderlab-server3/turtlebot3_ws/install/dynamixel_sdk:/home/ciderlab-server3/turtlebot3_ws/install/turtlebot3_teleop:/home/ciderlab-server3/turtlebot3_ws/install/turtlebot3_example:/home/ciderlab-server3/turtlebot3_ws/install/turtlebot3_dqn:/home/ciderlab-server3/turtlebot3_ws/install/turtlebot3_home_service_challenge_core:/home/ciderlab-server3/turtlebot3_ws/install/turtlebot3_home_service_challenge_aruco:/opt/ros/humble /usr/bin/cmake --install /home/ciderlab-server3/workspace/2026_industry_cowork/IsaacSim-ros_workspaces/humble_ws/build/turtlebot3_manipulation_moveit_config
[1.446s] Level 1:colcon.colcon_core.environment:create_environment_scripts_only(turtlebot3_manipulation_moveit_config)
[1.446s] Level 1:colcon.colcon_core.environment:checking '/home/ciderlab-server3/workspace/2026_industry_cowork/IsaacSim-ros_workspaces/humble_ws/install/turtlebot3_manipulation_moveit_config' for CMake module files
[1.446s] DEBUG:colcon.colcon_core.event_handler.log_command:Invoked command in '/home/ciderlab-server3/workspace/2026_industry_cowork/IsaacSim-ros_workspaces/humble_ws/build/turtlebot3_manipulation_moveit_config' returned '0': AMENT_PREFIX_PATH=/home/ciderlab-server3/workspace/2026_industry_cowork/IsaacSim-ros_workspaces/humble_ws/install/turtlebot3_manipulation_description:${AMENT_PREFIX_PATH} CMAKE_PREFIX_PATH=/home/ciderlab-server3/workspace/2026_industry_cowork/IsaacSim-ros_workspaces/humble_ws/install/turtlebot3_manipulation_description:/home/ciderlab-server3/workspace/2026_industry_cowork/install/turtlebot3_manipulation:/home/ciderlab-server3/workspace/2026_industry_cowork/install/turtlebot3_manipulation_teleop:/home/ciderlab-server3/workspace/2026_industry_cowork/install/turtlebot3_manipulation_navigation2:/home/ciderlab-server3/workspace/2026_industry_cowork/install/turtlebot3_manipulation_moveit_config:/home/ciderlab-server3/workspace/2026_industry_cowork/install/turtlebot3_manipulation_hardware:/home/ciderlab-server3/workspace/2026_industry_cowork/install/turtlebot3_manipulation_bringup:/home/ciderlab-server3/workspace/2026_industry_cowork/install/turtlebot3_manipulation_description:/home/ciderlab-server3/workspace/2026_industry_cowork/install/turtlebot3_manipulation_cartographer:/home/ciderlab-server3/turtlebot3_ws/install/turtlebot3:/home/ciderlab-server3/turtlebot3_ws/install/turtlebot3_simulations:/home/ciderlab-server3/turtlebot3_ws/install/turtlebot3_bringup:/home/ciderlab-server3/turtlebot3_ws/install/turtlebot3_node:/home/ciderlab-server3/turtlebot3_ws/install/turtlebot3_navigation2:/home/ciderlab-server3/turtlebot3_ws/install/turtlebot3_machine_learning:/home/ciderlab-server3/turtlebot3_ws/install/turtlebot3_fake_node:/home/ciderlab-server3/turtlebot3_ws/install/turtlebot3_msgs:/home/ciderlab-server3/turtlebot3_ws/install/turtlebot3_manipulation:/home/ciderlab-server3/turtlebot3_ws/install/turtlebot3_manipulation_teleop:/home/ciderlab-server3/turtlebot3_ws/install/turtlebot3_home_service_challenge:/home/ciderlab-server3/turtlebot3_ws/install/turtlebot3_home_service_challenge_manipulator:/home/ciderlab-server3/turtlebot3_ws/install/turtlebot3_home_service_challenge_tools:/home/ciderlab-server3/turtlebot3_ws/install/turtlebot3_manipulation_navigation2:/home/ciderlab-server3/turtlebot3_ws/install/turtlebot3_manipulation_moveit_config:/home/ciderlab-server3/turtlebot3_ws/install/turtlebot3_manipulation_hardware:/home/ciderlab-server3/turtlebot3_ws/install/turtlebot3_manipulation_gazebo:/home/ciderlab-server3/turtlebot3_ws/install/turtlebot3_manipulation_bringup:/home/ciderlab-server3/turtlebot3_ws/install/turtlebot3_manipulation_description:/home/ciderlab-server3/turtlebot3_ws/install/turtlebot3_manipulation_cartographer:/home/ciderlab-server3/turtlebot3_ws/install/turtlebot3_gazebo:/home/ciderlab-server3/turtlebot3_ws/install/turtlebot3_description:/home/ciderlab-server3/turtlebot3_ws/install/turtlebot3_cartographer:/home/ciderlab-server3/turtlebot3_ws/install/dynamixel_sdk_examples:/home/ciderlab-server3/turtlebot3_ws/install/dynamixel_sdk_custom_interfaces:/home/ciderlab-server3/turtlebot3_ws/install/dynamixel_sdk:/home/ciderlab-server3/turtlebot3_ws/install/turtlebot3_teleop:/home/ciderlab-server3/turtlebot3_ws/install/turtlebot3_example:/home/ciderlab-server3/turtlebot3_ws/install/turtlebot3_dqn:/home/ciderlab-server3/turtlebot3_ws/install/turtlebot3_home_service_challenge_core:/home/ciderlab-server3/turtlebot3_ws/install/turtlebot3_home_service_challenge_aruco:/opt/ros/humble /usr/bin/cmake --install /home/ciderlab-server3/workspace/2026_industry_cowork/IsaacSim-ros_workspaces/humble_ws/build/turtlebot3_manipulation_moveit_config
[1.447s] Level 1:colcon.colcon_core.environment:checking '/home/ciderlab-server3/workspace/2026_industry_cowork/IsaacSim-ros_workspaces/humble_ws/install/turtlebot3_manipulation_moveit_config' for CMake config files
[1.447s] Level 1:colcon.colcon_core.shell:create_environment_hook('turtlebot3_manipulation_moveit_config', 'cmake_prefix_path')
[1.447s] INFO:colcon.colcon_core.shell:Creating environment hook '/home/ciderlab-server3/workspace/2026_industry_cowork/IsaacSim-ros_workspaces/humble_ws/install/turtlebot3_manipulation_moveit_config/share/turtlebot3_manipulation_moveit_config/hook/cmake_prefix_path.ps1'
[1.448s] INFO:colcon.colcon_core.shell:Creating environment descriptor '/home/ciderlab-server3/workspace/2026_industry_cowork/IsaacSim-ros_workspaces/humble_ws/install/turtlebot3_manipulation_moveit_config/share/turtlebot3_manipulation_moveit_config/hook/cmake_prefix_path.dsv'
[1.449s] INFO:colcon.colcon_core.shell:Creating environment hook '/home/ciderlab-server3/workspace/2026_industry_cowork/IsaacSim-ros_workspaces/humble_ws/install/turtlebot3_manipulation_moveit_config/share/turtlebot3_manipulation_moveit_config/hook/cmake_prefix_path.sh'
[1.449s] Level 1:colcon.colcon_core.environment:checking '/home/ciderlab-server3/workspace/2026_industry_cowork/IsaacSim-ros_workspaces/humble_ws/install/turtlebot3_manipulation_moveit_config/bin'
[1.449s] Level 1:colcon.colcon_core.environment:checking '/home/ciderlab-server3/workspace/2026_industry_cowork/IsaacSim-ros_workspaces/humble_ws/install/turtlebot3_manipulation_moveit_config/lib/pkgconfig/turtlebot3_manipulation_moveit_config.pc'
[1.449s] Level 1:colcon.colcon_core.environment:checking '/home/ciderlab-server3/workspace/2026_industry_cowork/IsaacSim-ros_workspaces/humble_ws/install/turtlebot3_manipulation_moveit_config/lib/python3.10/site-packages'
[1.449s] Level 1:colcon.colcon_core.environment:checking '/home/ciderlab-server3/workspace/2026_industry_cowork/IsaacSim-ros_workspaces/humble_ws/install/turtlebot3_manipulation_moveit_config/bin'
[1.449s] INFO:colcon.colcon_core.shell:Creating package script '/home/ciderlab-server3/workspace/2026_industry_cowork/IsaacSim-ros_workspaces/humble_ws/install/turtlebot3_manipulation_moveit_config/share/turtlebot3_manipulation_moveit_config/package.ps1'
[1.449s] INFO:colcon.colcon_core.shell:Creating package descriptor '/home/ciderlab-server3/workspace/2026_industry_cowork/IsaacSim-ros_workspaces/humble_ws/install/turtlebot3_manipulation_moveit_config/share/turtlebot3_manipulation_moveit_config/package.dsv'
[1.450s] INFO:colcon.colcon_core.shell:Creating package script '/home/ciderlab-server3/workspace/2026_industry_cowork/IsaacSim-ros_workspaces/humble_ws/install/turtlebot3_manipulation_moveit_config/share/turtlebot3_manipulation_moveit_config/package.sh'
[1.450s] INFO:colcon.colcon_core.shell:Creating package script '/home/ciderlab-server3/workspace/2026_industry_cowork/IsaacSim-ros_workspaces/humble_ws/install/turtlebot3_manipulation_moveit_config/share/turtlebot3_manipulation_moveit_config/package.bash'
[1.450s] INFO:colcon.colcon_core.shell:Creating package script '/home/ciderlab-server3/workspace/2026_industry_cowork/IsaacSim-ros_workspaces/humble_ws/install/turtlebot3_manipulation_moveit_config/share/turtlebot3_manipulation_moveit_config/package.zsh'
[1.450s] Level 1:colcon.colcon_core.environment:create_file_with_runtime_dependencies(/home/ciderlab-server3/workspace/2026_industry_cowork/IsaacSim-ros_workspaces/humble_ws/install/turtlebot3_manipulation_moveit_config/share/colcon-core/packages/turtlebot3_manipulation_moveit_config)
[1.450s] Level 1:colcon.colcon_core.environment:create_environment_scripts_only(turtlebot3_manipulation_moveit_config)
[1.450s] Level 1:colcon.colcon_core.environment:checking '/home/ciderlab-server3/workspace/2026_industry_cowork/IsaacSim-ros_workspaces/humble_ws/install/turtlebot3_manipulation_moveit_config' for CMake module files
[1.450s] Level 1:colcon.colcon_core.environment:checking '/home/ciderlab-server3/workspace/2026_industry_cowork/IsaacSim-ros_workspaces/humble_ws/install/turtlebot3_manipulation_moveit_config' for CMake config files
[1.451s] Level 1:colcon.colcon_core.shell:create_environment_hook('turtlebot3_manipulation_moveit_config', 'cmake_prefix_path')
[1.451s] INFO:colcon.colcon_core.shell:Creating environment hook '/home/ciderlab-server3/workspace/2026_industry_cowork/IsaacSim-ros_workspaces/humble_ws/install/turtlebot3_manipulation_moveit_config/share/turtlebot3_manipulation_moveit_config/hook/cmake_prefix_path.ps1'
[1.451s] INFO:colcon.colcon_core.shell:Creating environment descriptor '/home/ciderlab-server3/workspace/2026_industry_cowork/IsaacSim-ros_workspaces/humble_ws/install/turtlebot3_manipulation_moveit_config/share/turtlebot3_manipulation_moveit_config/hook/cmake_prefix_path.dsv'
[1.451s] INFO:colcon.colcon_core.shell:Creating environment hook '/home/ciderlab-server3/workspace/2026_industry_cowork/IsaacSim-ros_workspaces/humble_ws/install/turtlebot3_manipulation_moveit_config/share/turtlebot3_manipulation_moveit_config/hook/cmake_prefix_path.sh'
[1.451s] Level 1:colcon.colcon_core.environment:checking '/home/ciderlab-server3/workspace/2026_industry_cowork/IsaacSim-ros_workspaces/humble_ws/install/turtlebot3_manipulation_moveit_config/bin'
[1.451s] Level 1:colcon.colcon_core.environment:checking '/home/ciderlab-server3/workspace/2026_industry_cowork/IsaacSim-ros_workspaces/humble_ws/install/turtlebot3_manipulation_moveit_config/lib/pkgconfig/turtlebot3_manipulation_moveit_config.pc'
[1.451s] Level 1:colcon.colcon_core.environment:checking '/home/ciderlab-server3/workspace/2026_industry_cowork/IsaacSim-ros_workspaces/humble_ws/install/turtlebot3_manipulation_moveit_config/lib/python3.10/site-packages'
[1.451s] Level 1:colcon.colcon_core.environment:checking '/home/ciderlab-server3/workspace/2026_industry_cowork/IsaacSim-ros_workspaces/humble_ws/install/turtlebot3_manipulation_moveit_config/bin'
[1.451s] INFO:colcon.colcon_core.shell:Creating package script '/home/ciderlab-server3/workspace/2026_industry_cowork/IsaacSim-ros_workspaces/humble_ws/install/turtlebot3_manipulation_moveit_config/share/turtlebot3_manipulation_moveit_config/package.ps1'
[1.453s] INFO:colcon.colcon_core.shell:Creating package descriptor '/home/ciderlab-server3/workspace/2026_industry_cowork/IsaacSim-ros_workspaces/humble_ws/install/turtlebot3_manipulation_moveit_config/share/turtlebot3_manipulation_moveit_config/package.dsv'
[1.453s] INFO:colcon.colcon_core.shell:Creating package script '/home/ciderlab-server3/workspace/2026_industry_cowork/IsaacSim-ros_workspaces/humble_ws/install/turtlebot3_manipulation_moveit_config/share/turtlebot3_manipulation_moveit_config/package.sh'
[1.454s] INFO:colcon.colcon_core.shell:Creating package script '/home/ciderlab-server3/workspace/2026_industry_cowork/IsaacSim-ros_workspaces/humble_ws/install/turtlebot3_manipulation_moveit_config/share/turtlebot3_manipulation_moveit_config/package.bash'
[1.454s] INFO:colcon.colcon_core.shell:Creating package script '/home/ciderlab-server3/workspace/2026_industry_cowork/IsaacSim-ros_workspaces/humble_ws/install/turtlebot3_manipulation_moveit_config/share/turtlebot3_manipulation_moveit_config/package.zsh'
[1.454s] Level 1:colcon.colcon_core.environment:create_file_with_runtime_dependencies(/home/ciderlab-server3/workspace/2026_industry_cowork/IsaacSim-ros_workspaces/humble_ws/install/turtlebot3_manipulation_moveit_config/share/colcon-core/packages/turtlebot3_manipulation_moveit_config)
[1.454s] INFO:colcon.colcon_ros.task.ament_cmake.build:Building ROS package in '/home/ciderlab-server3/workspace/2026_industry_cowork/IsaacSim-ros_workspaces/humble_ws/src/turtlebot3_manipulation/turtlebot3_manipulation_teleop' with build type 'ament_cmake'
[1.454s] INFO:colcon.colcon_cmake.task.cmake.build:Building CMake package in '/home/ciderlab-server3/workspace/2026_industry_cowork/IsaacSim-ros_workspaces/humble_ws/src/turtlebot3_manipulation/turtlebot3_manipulation_teleop'
[1.454s] INFO:colcon.colcon_core.shell:Skip shell extension 'powershell' for command environment: Not usable outside of PowerShell
[1.454s] DEBUG:colcon.colcon_core.shell:Skip shell extension 'dsv' for command environment
[1.462s] DEBUG:colcon.colcon_core.event_handler.log_command:Invoking command in '/home/ciderlab-server3/workspace/2026_industry_cowork/IsaacSim-ros_workspaces/humble_ws/build/turtlebot3_manipulation_teleop': AMENT_PREFIX_PATH=/home/ciderlab-server3/workspace/2026_industry_cowork/IsaacSim-ros_workspaces/humble_ws/install/turtlebot3_manipulation_moveit_config:/home/ciderlab-server3/workspace/2026_industry_cowork/IsaacSim-ros_workspaces/humble_ws/install/turtlebot3_manipulation_bringup:/home/ciderlab-server3/workspace/2026_industry_cowork/IsaacSim-ros_workspaces/humble_ws/install/turtlebot3_manipulation_description:${AMENT_PREFIX_PATH} CMAKE_PREFIX_PATH=/home/ciderlab-server3/workspace/2026_industry_cowork/IsaacSim-ros_workspaces/humble_ws/install/turtlebot3_manipulation_moveit_config:/home/ciderlab-server3/workspace/2026_industry_cowork/IsaacSim-ros_workspaces/humble_ws/install/turtlebot3_manipulation_bringup:/home/ciderlab-server3/workspace/2026_industry_cowork/IsaacSim-ros_workspaces/humble_ws/install/turtlebot3_manipulation_description:/home/ciderlab-server3/workspace/2026_industry_cowork/install/turtlebot3_manipulation:/home/ciderlab-server3/workspace/2026_industry_cowork/install/turtlebot3_manipulation_teleop:/home/ciderlab-server3/workspace/2026_industry_cowork/install/turtlebot3_manipulation_navigation2:/home/ciderlab-server3/workspace/2026_industry_cowork/install/turtlebot3_manipulation_moveit_config:/home/ciderlab-server3/workspace/2026_industry_cowork/install/turtlebot3_manipulation_hardware:/home/ciderlab-server3/workspace/2026_industry_cowork/install/turtlebot3_manipulation_bringup:/home/ciderlab-server3/workspace/2026_industry_cowork/install/turtlebot3_manipulation_description:/home/ciderlab-server3/workspace/2026_industry_cowork/install/turtlebot3_manipulation_cartographer:/home/ciderlab-server3/turtlebot3_ws/install/turtlebot3:/home/ciderlab-server3/turtlebot3_ws/install/turtlebot3_simulations:/home/ciderlab-server3/turtlebot3_ws/install/turtlebot3_bringup:/home/ciderlab-server3/turtlebot3_ws/install/turtlebot3_node:/home/ciderlab-server3/turtlebot3_ws/install/turtlebot3_navigation2:/home/ciderlab-server3/turtlebot3_ws/install/turtlebot3_machine_learning:/home/ciderlab-server3/turtlebot3_ws/install/turtlebot3_fake_node:/home/ciderlab-server3/turtlebot3_ws/install/turtlebot3_msgs:/home/ciderlab-server3/turtlebot3_ws/install/turtlebot3_manipulation:/home/ciderlab-server3/turtlebot3_ws/install/turtlebot3_manipulation_teleop:/home/ciderlab-server3/turtlebot3_ws/install/turtlebot3_home_service_challenge:/home/ciderlab-server3/turtlebot3_ws/install/turtlebot3_home_service_challenge_manipulator:/home/ciderlab-server3/turtlebot3_ws/install/turtlebot3_home_service_challenge_tools:/home/ciderlab-server3/turtlebot3_ws/install/turtlebot3_manipulation_navigation2:/home/ciderlab-server3/turtlebot3_ws/install/turtlebot3_manipulation_moveit_config:/home/ciderlab-server3/turtlebot3_ws/install/turtlebot3_manipulation_hardware:/home/ciderlab-server3/turtlebot3_ws/install/turtlebot3_manipulation_gazebo:/home/ciderlab-server3/turtlebot3_ws/install/turtlebot3_manipulation_bringup:/home/ciderlab-server3/turtlebot3_ws/install/turtlebot3_manipulation_description:/home/ciderlab-server3/turtlebot3_ws/install/turtlebot3_manipulation_cartographer:/home/ciderlab-server3/turtlebot3_ws/install/turtlebot3_gazebo:/home/ciderlab-server3/turtlebot3_ws/install/turtlebot3_description:/home/ciderlab-server3/turtlebot3_ws/install/turtlebot3_cartographer:/home/ciderlab-server3/turtlebot3_ws/install/dynamixel_sdk_examples:/home/ciderlab-server3/turtlebot3_ws/install/dynamixel_sdk_custom_interfaces:/home/ciderlab-server3/turtlebot3_ws/install/dynamixel_sdk:/home/ciderlab-server3/turtlebot3_ws/install/turtlebot3_teleop:/home/ciderlab-server3/turtlebot3_ws/install/turtlebot3_example:/home/ciderlab-server3/turtlebot3_ws/install/turtlebot3_dqn:/home/ciderlab-server3/turtlebot3_ws/install/turtlebot3_home_service_challenge_core:/home/ciderlab-server3/turtlebot3_ws/install/turtlebot3_home_service_challenge_aruco:/opt/ros/humble /usr/bin/cmake /home/ciderlab-server3/workspace/2026_industry_cowork/IsaacSim-ros_workspaces/humble_ws/src/turtlebot3_manipulation/turtlebot3_manipulation_teleop -DCMAKE_INSTALL_PREFIX=/home/ciderlab-server3/workspace/2026_industry_cowork/IsaacSim-ros_workspaces/humble_ws/install/turtlebot3_manipulation_teleop
[1.816s] DEBUG:colcon.colcon_core.event_handler.log_command:Invoked command in '/home/ciderlab-server3/workspace/2026_industry_cowork/IsaacSim-ros_workspaces/humble_ws/build/isaac_ros2_messages' returned '0': CMAKE_PREFIX_PATH=${CMAKE_PREFIX_PATH}:/home/ciderlab-server3/turtlebot3_ws/install/turtlebot3_teleop:/home/ciderlab-server3/turtlebot3_ws/install/turtlebot3_example:/home/ciderlab-server3/turtlebot3_ws/install/turtlebot3_dqn:/home/ciderlab-server3/turtlebot3_ws/install/turtlebot3_home_service_challenge_core:/home/ciderlab-server3/turtlebot3_ws/install/turtlebot3_home_service_challenge_aruco:/opt/ros/humble /usr/bin/cmake /home/ciderlab-server3/workspace/2026_industry_cowork/IsaacSim-ros_workspaces/humble_ws/src/isaac_ros2_messages -DCMAKE_INSTALL_PREFIX=/home/ciderlab-server3/workspace/2026_industry_cowork/IsaacSim-ros_workspaces/humble_ws/install/isaac_ros2_messages
[1.816s] DEBUG:colcon.colcon_core.event_handler.log_command:Invoking command in '/home/ciderlab-server3/workspace/2026_industry_cowork/IsaacSim-ros_workspaces/humble_ws/build/isaac_ros2_messages': CMAKE_PREFIX_PATH=${CMAKE_PREFIX_PATH}:/home/ciderlab-server3/turtlebot3_ws/install/turtlebot3_teleop:/home/ciderlab-server3/turtlebot3_ws/install/turtlebot3_example:/home/ciderlab-server3/turtlebot3_ws/install/turtlebot3_dqn:/home/ciderlab-server3/turtlebot3_ws/install/turtlebot3_home_service_challenge_core:/home/ciderlab-server3/turtlebot3_ws/install/turtlebot3_home_service_challenge_aruco:/opt/ros/humble /usr/bin/cmake --build /home/ciderlab-server3/workspace/2026_industry_cowork/IsaacSim-ros_workspaces/humble_ws/build/isaac_ros2_messages -- -j24 -l24
[2.203s] DEBUG:colcon.colcon_core.event_handler.log_command:Invoked command in '/home/ciderlab-server3/workspace/2026_industry_cowork/IsaacSim-ros_workspaces/humble_ws/build/turtlebot3_manipulation_teleop' returned '0': AMENT_PREFIX_PATH=/home/ciderlab-server3/workspace/2026_industry_cowork/IsaacSim-ros_workspaces/humble_ws/install/turtlebot3_manipulation_moveit_config:/home/ciderlab-server3/workspace/2026_industry_cowork/IsaacSim-ros_workspaces/humble_ws/install/turtlebot3_manipulation_bringup:/home/ciderlab-server3/workspace/2026_industry_cowork/IsaacSim-ros_workspaces/humble_ws/install/turtlebot3_manipulation_description:${AMENT_PREFIX_PATH} CMAKE_PREFIX_PATH=/home/ciderlab-server3/workspace/2026_industry_cowork/IsaacSim-ros_workspaces/humble_ws/install/turtlebot3_manipulation_moveit_config:/home/ciderlab-server3/workspace/2026_industry_cowork/IsaacSim-ros_workspaces/humble_ws/install/turtlebot3_manipulation_bringup:/home/ciderlab-server3/workspace/2026_industry_cowork/IsaacSim-ros_workspaces/humble_ws/install/turtlebot3_manipulation_description:/home/ciderlab-server3/workspace/2026_industry_cowork/install/turtlebot3_manipulation:/home/ciderlab-server3/workspace/2026_industry_cowork/install/turtlebot3_manipulation_teleop:/home/ciderlab-server3/workspace/2026_industry_cowork/install/turtlebot3_manipulation_navigation2:/home/ciderlab-server3/workspace/2026_industry_cowork/install/turtlebot3_manipulation_moveit_config:/home/ciderlab-server3/workspace/2026_industry_cowork/install/turtlebot3_manipulation_hardware:/home/ciderlab-server3/workspace/2026_industry_cowork/install/turtlebot3_manipulation_bringup:/home/ciderlab-server3/workspace/2026_industry_cowork/install/turtlebot3_manipulation_description:/home/ciderlab-server3/workspace/2026_industry_cowork/install/turtlebot3_manipulation_cartographer:/home/ciderlab-server3/turtlebot3_ws/install/turtlebot3:/home/ciderlab-server3/turtlebot3_ws/install/turtlebot3_simulations:/home/ciderlab-server3/turtlebot3_ws/install/turtlebot3_bringup:/home/ciderlab-server3/turtlebot3_ws/install/turtlebot3_node:/home/ciderlab-server3/turtlebot3_ws/install/turtlebot3_navigation2:/home/ciderlab-server3/turtlebot3_ws/install/turtlebot3_machine_learning:/home/ciderlab-server3/turtlebot3_ws/install/turtlebot3_fake_node:/home/ciderlab-server3/turtlebot3_ws/install/turtlebot3_msgs:/home/ciderlab-server3/turtlebot3_ws/install/turtlebot3_manipulation:/home/ciderlab-server3/turtlebot3_ws/install/turtlebot3_manipulation_teleop:/home/ciderlab-server3/turtlebot3_ws/install/turtlebot3_home_service_challenge:/home/ciderlab-server3/turtlebot3_ws/install/turtlebot3_home_service_challenge_manipulator:/home/ciderlab-server3/turtlebot3_ws/install/turtlebot3_home_service_challenge_tools:/home/ciderlab-server3/turtlebot3_ws/install/turtlebot3_manipulation_navigation2:/home/ciderlab-server3/turtlebot3_ws/install/turtlebot3_manipulation_moveit_config:/home/ciderlab-server3/turtlebot3_ws/install/turtlebot3_manipulation_hardware:/home/ciderlab-server3/turtlebot3_ws/install/turtlebot3_manipulation_gazebo:/home/ciderlab-server3/turtlebot3_ws/install/turtlebot3_manipulation_bringup:/home/ciderlab-server3/turtlebot3_ws/install/turtlebot3_manipulation_description:/home/ciderlab-server3/turtlebot3_ws/install/turtlebot3_manipulation_cartographer:/home/ciderlab-server3/turtlebot3_ws/install/turtlebot3_gazebo:/home/ciderlab-server3/turtlebot3_ws/install/turtlebot3_description:/home/ciderlab-server3/turtlebot3_ws/install/turtlebot3_cartographer:/home/ciderlab-server3/turtlebot3_ws/install/dynamixel_sdk_examples:/home/ciderlab-server3/turtlebot3_ws/install/dynamixel_sdk_custom_interfaces:/home/ciderlab-server3/turtlebot3_ws/install/dynamixel_sdk:/home/ciderlab-server3/turtlebot3_ws/install/turtlebot3_teleop:/home/ciderlab-server3/turtlebot3_ws/install/turtlebot3_example:/home/ciderlab-server3/turtlebot3_ws/install/turtlebot3_dqn:/home/ciderlab-server3/turtlebot3_ws/install/turtlebot3_home_service_challenge_core:/home/ciderlab-server3/turtlebot3_ws/install/turtlebot3_home_service_challenge_aruco:/opt/ros/humble /usr/bin/cmake /home/ciderlab-server3/workspace/2026_industry_cowork/IsaacSim-ros_workspaces/humble_ws/src/turtlebot3_manipulation/turtlebot3_manipulation_teleop -DCMAKE_INSTALL_PREFIX=/home/ciderlab-server3/workspace/2026_industry_cowork/IsaacSim-ros_workspaces/humble_ws/install/turtlebot3_manipulation_teleop
[2.207s] DEBUG:colcon.colcon_core.event_handler.log_command:Invoking command in '/home/ciderlab-server3/workspace/2026_industry_cowork/IsaacSim-ros_workspaces/humble_ws/build/turtlebot3_manipulation_teleop': AMENT_PREFIX_PATH=/home/ciderlab-server3/workspace/2026_industry_cowork/IsaacSim-ros_workspaces/humble_ws/install/turtlebot3_manipulation_moveit_config:/home/ciderlab-server3/workspace/2026_industry_cowork/IsaacSim-ros_workspaces/humble_ws/install/turtlebot3_manipulation_bringup:/home/ciderlab-server3/workspace/2026_industry_cowork/IsaacSim-ros_workspaces/humble_ws/install/turtlebot3_manipulation_description:${AMENT_PREFIX_PATH} CMAKE_PREFIX_PATH=/home/ciderlab-server3/workspace/2026_industry_cowork/IsaacSim-ros_workspaces/humble_ws/install/turtlebot3_manipulation_moveit_config:/home/ciderlab-server3/workspace/2026_industry_cowork/IsaacSim-ros_workspaces/humble_ws/install/turtlebot3_manipulation_bringup:/home/ciderlab-server3/workspace/2026_industry_cowork/IsaacSim-ros_workspaces/humble_ws/install/turtlebot3_manipulation_description:/home/ciderlab-server3/workspace/2026_industry_cowork/install/turtlebot3_manipulation:/home/ciderlab-server3/workspace/2026_industry_cowork/install/turtlebot3_manipulation_teleop:/home/ciderlab-server3/workspace/2026_industry_cowork/install/turtlebot3_manipulation_navigation2:/home/ciderlab-server3/workspace/2026_industry_cowork/install/turtlebot3_manipulation_moveit_config:/home/ciderlab-server3/workspace/2026_industry_cowork/install/turtlebot3_manipulation_hardware:/home/ciderlab-server3/workspace/2026_industry_cowork/install/turtlebot3_manipulation_bringup:/home/ciderlab-server3/workspace/2026_industry_cowork/install/turtlebot3_manipulation_description:/home/ciderlab-server3/workspace/2026_industry_cowork/install/turtlebot3_manipulation_cartographer:/home/ciderlab-server3/turtlebot3_ws/install/turtlebot3:/home/ciderlab-server3/turtlebot3_ws/install/turtlebot3_simulations:/home/ciderlab-server3/turtlebot3_ws/install/turtlebot3_bringup:/home/ciderlab-server3/turtlebot3_ws/install/turtlebot3_node:/home/ciderlab-server3/turtlebot3_ws/install/turtlebot3_navigation2:/home/ciderlab-server3/turtlebot3_ws/install/turtlebot3_machine_learning:/home/ciderlab-server3/turtlebot3_ws/install/turtlebot3_fake_node:/home/ciderlab-server3/turtlebot3_ws/install/turtlebot3_msgs:/home/ciderlab-server3/turtlebot3_ws/install/turtlebot3_manipulation:/home/ciderlab-server3/turtlebot3_ws/install/turtlebot3_manipulation_teleop:/home/ciderlab-server3/turtlebot3_ws/install/turtlebot3_home_service_challenge:/home/ciderlab-server3/turtlebot3_ws/install/turtlebot3_home_service_challenge_manipulator:/home/ciderlab-server3/turtlebot3_ws/install/turtlebot3_home_service_challenge_tools:/home/ciderlab-server3/turtlebot3_ws/install/turtlebot3_manipulation_navigation2:/home/ciderlab-server3/turtlebot3_ws/install/turtlebot3_manipulation_moveit_config:/home/ciderlab-server3/turtlebot3_ws/install/turtlebot3_manipulation_hardware:/home/ciderlab-server3/turtlebot3_ws/install/turtlebot3_manipulation_gazebo:/home/ciderlab-server3/turtlebot3_ws/install/turtlebot3_manipulation_bringup:/home/ciderlab-server3/turtlebot3_ws/install/turtlebot3_manipulation_description:/home/ciderlab-server3/turtlebot3_ws/install/turtlebot3_manipulation_cartographer:/home/ciderlab-server3/turtlebot3_ws/install/turtlebot3_gazebo:/home/ciderlab-server3/turtlebot3_ws/install/turtlebot3_description:/home/ciderlab-server3/turtlebot3_ws/install/turtlebot3_cartographer:/home/ciderlab-server3/turtlebot3_ws/install/dynamixel_sdk_examples:/home/ciderlab-server3/turtlebot3_ws/install/dynamixel_sdk_custom_interfaces:/home/ciderlab-server3/turtlebot3_ws/install/dynamixel_sdk:/home/ciderlab-server3/turtlebot3_ws/install/turtlebot3_teleop:/home/ciderlab-server3/turtlebot3_ws/install/turtlebot3_example:/home/ciderlab-server3/turtlebot3_ws/install/turtlebot3_dqn:/home/ciderlab-server3/turtlebot3_ws/install/turtlebot3_home_service_challenge_core:/home/ciderlab-server3/turtlebot3_ws/install/turtlebot3_home_service_challenge_aruco:/opt/ros/humble /usr/bin/cmake --build /home/ciderlab-server3/workspace/2026_industry_cowork/IsaacSim-ros_workspaces/humble_ws/build/turtlebot3_manipulation_teleop -- -j24 -l24
[2.245s] DEBUG:colcon.colcon_core.event_handler.log_command:Invoked command in '/home/ciderlab-server3/workspace/2026_industry_cowork/IsaacSim-ros_workspaces/humble_ws/build/custom_message' returned '0': CMAKE_PREFIX_PATH=${CMAKE_PREFIX_PATH}:/home/ciderlab-server3/turtlebot3_ws/install/turtlebot3_teleop:/home/ciderlab-server3/turtlebot3_ws/install/turtlebot3_example:/home/ciderlab-server3/turtlebot3_ws/install/turtlebot3_dqn:/home/ciderlab-server3/turtlebot3_ws/install/turtlebot3_home_service_challenge_core:/home/ciderlab-server3/turtlebot3_ws/install/turtlebot3_home_service_challenge_aruco:/opt/ros/humble /usr/bin/cmake --build /home/ciderlab-server3/workspace/2026_industry_cowork/IsaacSim-ros_workspaces/humble_ws/build/custom_message -- -j24 -l24
[2.246s] DEBUG:colcon.colcon_core.event_handler.log_command:Invoking command in '/home/ciderlab-server3/workspace/2026_industry_cowork/IsaacSim-ros_workspaces/humble_ws/build/custom_message': CMAKE_PREFIX_PATH=${CMAKE_PREFIX_PATH}:/home/ciderlab-server3/turtlebot3_ws/install/turtlebot3_teleop:/home/ciderlab-server3/turtlebot3_ws/install/turtlebot3_example:/home/ciderlab-server3/turtlebot3_ws/install/turtlebot3_dqn:/home/ciderlab-server3/turtlebot3_ws/install/turtlebot3_home_service_challenge_core:/home/ciderlab-server3/turtlebot3_ws/install/turtlebot3_home_service_challenge_aruco:/opt/ros/humble /usr/bin/cmake --install /home/ciderlab-server3/workspace/2026_industry_cowork/IsaacSim-ros_workspaces/humble_ws/build/custom_message
[2.281s] Level 1:colcon.colcon_core.environment:create_environment_scripts_only(custom_message)
[2.281s] Level 1:colcon.colcon_core.environment:checking '/home/ciderlab-server3/workspace/2026_industry_cowork/IsaacSim-ros_workspaces/humble_ws/install/custom_message' for CMake module files
[2.282s] DEBUG:colcon.colcon_core.event_handler.log_command:Invoked command in '/home/ciderlab-server3/workspace/2026_industry_cowork/IsaacSim-ros_workspaces/humble_ws/build/custom_message' returned '0': CMAKE_PREFIX_PATH=${CMAKE_PREFIX_PATH}:/home/ciderlab-server3/turtlebot3_ws/install/turtlebot3_teleop:/home/ciderlab-server3/turtlebot3_ws/install/turtlebot3_example:/home/ciderlab-server3/turtlebot3_ws/install/turtlebot3_dqn:/home/ciderlab-server3/turtlebot3_ws/install/turtlebot3_home_service_challenge_core:/home/ciderlab-server3/turtlebot3_ws/install/turtlebot3_home_service_challenge_aruco:/opt/ros/humble /usr/bin/cmake --install /home/ciderlab-server3/workspace/2026_industry_cowork/IsaacSim-ros_workspaces/humble_ws/build/custom_message
[2.282s] Level 1:colcon.colcon_core.environment:checking '/home/ciderlab-server3/workspace/2026_industry_cowork/IsaacSim-ros_workspaces/humble_ws/install/custom_message' for CMake config files
[2.282s] Level 1:colcon.colcon_core.shell:create_environment_hook('custom_message', 'cmake_prefix_path')
[2.282s] INFO:colcon.colcon_core.shell:Creating environment hook '/home/ciderlab-server3/workspace/2026_industry_cowork/IsaacSim-ros_workspaces/humble_ws/install/custom_message/share/custom_message/hook/cmake_prefix_path.ps1'
[2.282s] INFO:colcon.colcon_core.shell:Creating environment descriptor '/home/ciderlab-server3/workspace/2026_industry_cowork/IsaacSim-ros_workspaces/humble_ws/install/custom_message/share/custom_message/hook/cmake_prefix_path.dsv'
[2.283s] INFO:colcon.colcon_core.shell:Creating environment hook '/home/ciderlab-server3/workspace/2026_industry_cowork/IsaacSim-ros_workspaces/humble_ws/install/custom_message/share/custom_message/hook/cmake_prefix_path.sh'
[2.283s] Level 1:colcon.colcon_core.environment:checking '/home/ciderlab-server3/workspace/2026_industry_cowork/IsaacSim-ros_workspaces/humble_ws/install/custom_message/lib'
[2.283s] Level 1:colcon.colcon_core.shell:create_environment_hook('custom_message', 'ld_library_path_lib')
[2.283s] INFO:colcon.colcon_core.shell:Creating environment hook '/home/ciderlab-server3/workspace/2026_industry_cowork/IsaacSim-ros_workspaces/humble_ws/install/custom_message/share/custom_message/hook/ld_library_path_lib.ps1'
[2.283s] INFO:colcon.colcon_core.shell:Creating environment descriptor '/home/ciderlab-server3/workspace/2026_industry_cowork/IsaacSim-ros_workspaces/humble_ws/install/custom_message/share/custom_message/hook/ld_library_path_lib.dsv'
[2.283s] INFO:colcon.colcon_core.shell:Creating environment hook '/home/ciderlab-server3/workspace/2026_industry_cowork/IsaacSim-ros_workspaces/humble_ws/install/custom_message/share/custom_message/hook/ld_library_path_lib.sh'
[2.283s] Level 1:colcon.colcon_core.environment:checking '/home/ciderlab-server3/workspace/2026_industry_cowork/IsaacSim-ros_workspaces/humble_ws/install/custom_message/bin'
[2.284s] Level 1:colcon.colcon_core.environment:checking '/home/ciderlab-server3/workspace/2026_industry_cowork/IsaacSim-ros_workspaces/humble_ws/install/custom_message/lib/pkgconfig/custom_message.pc'
[2.284s] Level 1:colcon.colcon_core.environment:checking '/home/ciderlab-server3/workspace/2026_industry_cowork/IsaacSim-ros_workspaces/humble_ws/install/custom_message/lib/python3.10/site-packages'
[2.284s] Level 1:colcon.colcon_core.environment:checking '/home/ciderlab-server3/workspace/2026_industry_cowork/IsaacSim-ros_workspaces/humble_ws/install/custom_message/bin'
[2.284s] INFO:colcon.colcon_core.shell:Creating package script '/home/ciderlab-server3/workspace/2026_industry_cowork/IsaacSim-ros_workspaces/humble_ws/install/custom_message/share/custom_message/package.ps1'
[2.284s] INFO:colcon.colcon_core.shell:Creating package descriptor '/home/ciderlab-server3/workspace/2026_industry_cowork/IsaacSim-ros_workspaces/humble_ws/install/custom_message/share/custom_message/package.dsv'
[2.284s] INFO:colcon.colcon_core.shell:Creating package script '/home/ciderlab-server3/workspace/2026_industry_cowork/IsaacSim-ros_workspaces/humble_ws/install/custom_message/share/custom_message/package.sh'
[2.285s] INFO:colcon.colcon_core.shell:Creating package script '/home/ciderlab-server3/workspace/2026_industry_cowork/IsaacSim-ros_workspaces/humble_ws/install/custom_message/share/custom_message/package.bash'
[2.285s] INFO:colcon.colcon_core.shell:Creating package script '/home/ciderlab-server3/workspace/2026_industry_cowork/IsaacSim-ros_workspaces/humble_ws/install/custom_message/share/custom_message/package.zsh'
[2.285s] Level 1:colcon.colcon_core.environment:create_file_with_runtime_dependencies(/home/ciderlab-server3/workspace/2026_industry_cowork/IsaacSim-ros_workspaces/humble_ws/install/custom_message/share/colcon-core/packages/custom_message)
[2.285s] Level 1:colcon.colcon_core.environment:create_environment_scripts_only(custom_message)
[2.285s] Level 1:colcon.colcon_core.environment:checking '/home/ciderlab-server3/workspace/2026_industry_cowork/IsaacSim-ros_workspaces/humble_ws/install/custom_message' for CMake module files
[2.286s] Level 1:colcon.colcon_core.environment:checking '/home/ciderlab-server3/workspace/2026_industry_cowork/IsaacSim-ros_workspaces/humble_ws/install/custom_message' for CMake config files
[2.286s] Level 1:colcon.colcon_core.shell:create_environment_hook('custom_message', 'cmake_prefix_path')
[2.286s] INFO:colcon.colcon_core.shell:Creating environment hook '/home/ciderlab-server3/workspace/2026_industry_cowork/IsaacSim-ros_workspaces/humble_ws/install/custom_message/share/custom_message/hook/cmake_prefix_path.ps1'
[2.286s] INFO:colcon.colcon_core.shell:Creating environment descriptor '/home/ciderlab-server3/workspace/2026_industry_cowork/IsaacSim-ros_workspaces/humble_ws/install/custom_message/share/custom_message/hook/cmake_prefix_path.dsv'
[2.286s] INFO:colcon.colcon_core.shell:Creating environment hook '/home/ciderlab-server3/workspace/2026_industry_cowork/IsaacSim-ros_workspaces/humble_ws/install/custom_message/share/custom_message/hook/cmake_prefix_path.sh'
[2.286s] Level 1:colcon.colcon_core.environment:checking '/home/ciderlab-server3/workspace/2026_industry_cowork/IsaacSim-ros_workspaces/humble_ws/install/custom_message/lib'
[2.287s] Level 1:colcon.colcon_core.shell:create_environment_hook('custom_message', 'ld_library_path_lib')
[2.287s] INFO:colcon.colcon_core.shell:Creating environment hook '/home/ciderlab-server3/workspace/2026_industry_cowork/IsaacSim-ros_workspaces/humble_ws/install/custom_message/share/custom_message/hook/ld_library_path_lib.ps1'
[2.287s] INFO:colcon.colcon_core.shell:Creating environment descriptor '/home/ciderlab-server3/workspace/2026_industry_cowork/IsaacSim-ros_workspaces/humble_ws/install/custom_message/share/custom_message/hook/ld_library_path_lib.dsv'
[2.287s] INFO:colcon.colcon_core.shell:Creating environment hook '/home/ciderlab-server3/workspace/2026_industry_cowork/IsaacSim-ros_workspaces/humble_ws/install/custom_message/share/custom_message/hook/ld_library_path_lib.sh'
[2.287s] Level 1:colcon.colcon_core.environment:checking '/home/ciderlab-server3/workspace/2026_industry_cowork/IsaacSim-ros_workspaces/humble_ws/install/custom_message/bin'
[2.287s] Level 1:colcon.colcon_core.environment:checking '/home/ciderlab-server3/workspace/2026_industry_cowork/IsaacSim-ros_workspaces/humble_ws/install/custom_message/lib/pkgconfig/custom_message.pc'
[2.287s] Level 1:colcon.colcon_core.environment:checking '/home/ciderlab-server3/workspace/2026_industry_cowork/IsaacSim-ros_workspaces/humble_ws/install/custom_message/lib/python3.10/site-packages'
[2.287s] Level 1:colcon.colcon_core.environment:checking '/home/ciderlab-server3/workspace/2026_industry_cowork/IsaacSim-ros_workspaces/humble_ws/install/custom_message/bin'
[2.288s] INFO:colcon.colcon_core.shell:Creating package script '/home/ciderlab-server3/workspace/2026_industry_cowork/IsaacSim-ros_workspaces/humble_ws/install/custom_message/share/custom_message/package.ps1'
[2.288s] INFO:colcon.colcon_core.shell:Creating package descriptor '/home/ciderlab-server3/workspace/2026_industry_cowork/IsaacSim-ros_workspaces/humble_ws/install/custom_message/share/custom_message/package.dsv'
[2.288s] INFO:colcon.colcon_core.shell:Creating package script '/home/ciderlab-server3/workspace/2026_industry_cowork/IsaacSim-ros_workspaces/humble_ws/install/custom_message/share/custom_message/package.sh'
[2.288s] INFO:colcon.colcon_core.shell:Creating package script '/home/ciderlab-server3/workspace/2026_industry_cowork/IsaacSim-ros_workspaces/humble_ws/install/custom_message/share/custom_message/package.bash'
[2.288s] INFO:colcon.colcon_core.shell:Creating package script '/home/ciderlab-server3/workspace/2026_industry_cowork/IsaacSim-ros_workspaces/humble_ws/install/custom_message/share/custom_message/package.zsh'
[2.289s] Level 1:colcon.colcon_core.environment:create_file_with_runtime_dependencies(/home/ciderlab-server3/workspace/2026_industry_cowork/IsaacSim-ros_workspaces/humble_ws/install/custom_message/share/colcon-core/packages/custom_message)
[2.936s] DEBUG:colcon.colcon_core.event_handler.log_command:Invoked command in '/home/ciderlab-server3/workspace/2026_industry_cowork/IsaacSim-ros_workspaces/humble_ws/build/turtlebot3_manipulation_hardware' returned '0': CMAKE_PREFIX_PATH=${CMAKE_PREFIX_PATH}:/home/ciderlab-server3/turtlebot3_ws/install/turtlebot3_teleop:/home/ciderlab-server3/turtlebot3_ws/install/turtlebot3_example:/home/ciderlab-server3/turtlebot3_ws/install/turtlebot3_dqn:/home/ciderlab-server3/turtlebot3_ws/install/turtlebot3_home_service_challenge_core:/home/ciderlab-server3/turtlebot3_ws/install/turtlebot3_home_service_challenge_aruco:/opt/ros/humble /usr/bin/cmake --build /home/ciderlab-server3/workspace/2026_industry_cowork/IsaacSim-ros_workspaces/humble_ws/build/turtlebot3_manipulation_hardware -- -j24 -l24
[2.937s] DEBUG:colcon.colcon_core.event_handler.log_command:Invoking command in '/home/ciderlab-server3/workspace/2026_industry_cowork/IsaacSim-ros_workspaces/humble_ws/build/turtlebot3_manipulation_hardware': CMAKE_PREFIX_PATH=${CMAKE_PREFIX_PATH}:/home/ciderlab-server3/turtlebot3_ws/install/turtlebot3_teleop:/home/ciderlab-server3/turtlebot3_ws/install/turtlebot3_example:/home/ciderlab-server3/turtlebot3_ws/install/turtlebot3_dqn:/home/ciderlab-server3/turtlebot3_ws/install/turtlebot3_home_service_challenge_core:/home/ciderlab-server3/turtlebot3_ws/install/turtlebot3_home_service_challenge_aruco:/opt/ros/humble /usr/bin/cmake --install /home/ciderlab-server3/workspace/2026_industry_cowork/IsaacSim-ros_workspaces/humble_ws/build/turtlebot3_manipulation_hardware
[2.945s] Level 1:colcon.colcon_core.environment:create_environment_scripts_only(turtlebot3_manipulation_hardware)
[2.945s] DEBUG:colcon.colcon_core.event_handler.log_command:Invoked command in '/home/ciderlab-server3/workspace/2026_industry_cowork/IsaacSim-ros_workspaces/humble_ws/build/turtlebot3_manipulation_hardware' returned '0': CMAKE_PREFIX_PATH=${CMAKE_PREFIX_PATH}:/home/ciderlab-server3/turtlebot3_ws/install/turtlebot3_teleop:/home/ciderlab-server3/turtlebot3_ws/install/turtlebot3_example:/home/ciderlab-server3/turtlebot3_ws/install/turtlebot3_dqn:/home/ciderlab-server3/turtlebot3_ws/install/turtlebot3_home_service_challenge_core:/home/ciderlab-server3/turtlebot3_ws/install/turtlebot3_home_service_challenge_aruco:/opt/ros/humble /usr/bin/cmake --install /home/ciderlab-server3/workspace/2026_industry_cowork/IsaacSim-ros_workspaces/humble_ws/build/turtlebot3_manipulation_hardware
[2.946s] Level 1:colcon.colcon_core.environment:checking '/home/ciderlab-server3/workspace/2026_industry_cowork/IsaacSim-ros_workspaces/humble_ws/install/turtlebot3_manipulation_hardware' for CMake module files
[2.946s] Level 1:colcon.colcon_core.environment:checking '/home/ciderlab-server3/workspace/2026_industry_cowork/IsaacSim-ros_workspaces/humble_ws/install/turtlebot3_manipulation_hardware' for CMake config files
[2.946s] Level 1:colcon.colcon_core.shell:create_environment_hook('turtlebot3_manipulation_hardware', 'cmake_prefix_path')
[2.946s] INFO:colcon.colcon_core.shell:Creating environment hook '/home/ciderlab-server3/workspace/2026_industry_cowork/IsaacSim-ros_workspaces/humble_ws/install/turtlebot3_manipulation_hardware/share/turtlebot3_manipulation_hardware/hook/cmake_prefix_path.ps1'
[2.947s] INFO:colcon.colcon_core.shell:Creating environment descriptor '/home/ciderlab-server3/workspace/2026_industry_cowork/IsaacSim-ros_workspaces/humble_ws/install/turtlebot3_manipulation_hardware/share/turtlebot3_manipulation_hardware/hook/cmake_prefix_path.dsv'
[2.947s] INFO:colcon.colcon_core.shell:Creating environment hook '/home/ciderlab-server3/workspace/2026_industry_cowork/IsaacSim-ros_workspaces/humble_ws/install/turtlebot3_manipulation_hardware/share/turtlebot3_manipulation_hardware/hook/cmake_prefix_path.sh'
[2.947s] Level 1:colcon.colcon_core.environment:checking '/home/ciderlab-server3/workspace/2026_industry_cowork/IsaacSim-ros_workspaces/humble_ws/install/turtlebot3_manipulation_hardware/lib'
[2.947s] Level 1:colcon.colcon_core.shell:create_environment_hook('turtlebot3_manipulation_hardware', 'ld_library_path_lib')
[2.947s] INFO:colcon.colcon_core.shell:Creating environment hook '/home/ciderlab-server3/workspace/2026_industry_cowork/IsaacSim-ros_workspaces/humble_ws/install/turtlebot3_manipulation_hardware/share/turtlebot3_manipulation_hardware/hook/ld_library_path_lib.ps1'
[2.947s] INFO:colcon.colcon_core.shell:Creating environment descriptor '/home/ciderlab-server3/workspace/2026_industry_cowork/IsaacSim-ros_workspaces/humble_ws/install/turtlebot3_manipulation_hardware/share/turtlebot3_manipulation_hardware/hook/ld_library_path_lib.dsv'
[2.947s] INFO:colcon.colcon_core.shell:Creating environment hook '/home/ciderlab-server3/workspace/2026_industry_cowork/IsaacSim-ros_workspaces/humble_ws/install/turtlebot3_manipulation_hardware/share/turtlebot3_manipulation_hardware/hook/ld_library_path_lib.sh'
[2.947s] Level 1:colcon.colcon_core.environment:checking '/home/ciderlab-server3/workspace/2026_industry_cowork/IsaacSim-ros_workspaces/humble_ws/install/turtlebot3_manipulation_hardware/bin'
[2.948s] Level 1:colcon.colcon_core.environment:checking '/home/ciderlab-server3/workspace/2026_industry_cowork/IsaacSim-ros_workspaces/humble_ws/install/turtlebot3_manipulation_hardware/lib/pkgconfig/turtlebot3_manipulation_hardware.pc'
[2.948s] Level 1:colcon.colcon_core.environment:checking '/home/ciderlab-server3/workspace/2026_industry_cowork/IsaacSim-ros_workspaces/humble_ws/install/turtlebot3_manipulation_hardware/lib/python3.10/site-packages'
[2.948s] Level 1:colcon.colcon_core.environment:checking '/home/ciderlab-server3/workspace/2026_industry_cowork/IsaacSim-ros_workspaces/humble_ws/install/turtlebot3_manipulation_hardware/bin'
[2.948s] INFO:colcon.colcon_core.shell:Creating package script '/home/ciderlab-server3/workspace/2026_industry_cowork/IsaacSim-ros_workspaces/humble_ws/install/turtlebot3_manipulation_hardware/share/turtlebot3_manipulation_hardware/package.ps1'
[2.948s] INFO:colcon.colcon_core.shell:Creating package descriptor '/home/ciderlab-server3/workspace/2026_industry_cowork/IsaacSim-ros_workspaces/humble_ws/install/turtlebot3_manipulation_hardware/share/turtlebot3_manipulation_hardware/package.dsv'
[2.948s] INFO:colcon.colcon_core.shell:Creating package script '/home/ciderlab-server3/workspace/2026_industry_cowork/IsaacSim-ros_workspaces/humble_ws/install/turtlebot3_manipulation_hardware/share/turtlebot3_manipulation_hardware/package.sh'
[2.949s] INFO:colcon.colcon_core.shell:Creating package script '/home/ciderlab-server3/workspace/2026_industry_cowork/IsaacSim-ros_workspaces/humble_ws/install/turtlebot3_manipulation_hardware/share/turtlebot3_manipulation_hardware/package.bash'
[2.949s] INFO:colcon.colcon_core.shell:Creating package script '/home/ciderlab-server3/workspace/2026_industry_cowork/IsaacSim-ros_workspaces/humble_ws/install/turtlebot3_manipulation_hardware/share/turtlebot3_manipulation_hardware/package.zsh'
[2.949s] Level 1:colcon.colcon_core.environment:create_file_with_runtime_dependencies(/home/ciderlab-server3/workspace/2026_industry_cowork/IsaacSim-ros_workspaces/humble_ws/install/turtlebot3_manipulation_hardware/share/colcon-core/packages/turtlebot3_manipulation_hardware)
[2.950s] Level 1:colcon.colcon_core.environment:create_environment_scripts_only(turtlebot3_manipulation_hardware)
[2.950s] Level 1:colcon.colcon_core.environment:checking '/home/ciderlab-server3/workspace/2026_industry_cowork/IsaacSim-ros_workspaces/humble_ws/install/turtlebot3_manipulation_hardware' for CMake module files
[2.950s] Level 1:colcon.colcon_core.environment:checking '/home/ciderlab-server3/workspace/2026_industry_cowork/IsaacSim-ros_workspaces/humble_ws/install/turtlebot3_manipulation_hardware' for CMake config files
[2.950s] Level 1:colcon.colcon_core.shell:create_environment_hook('turtlebot3_manipulation_hardware', 'cmake_prefix_path')
[2.950s] INFO:colcon.colcon_core.shell:Creating environment hook '/home/ciderlab-server3/workspace/2026_industry_cowork/IsaacSim-ros_workspaces/humble_ws/install/turtlebot3_manipulation_hardware/share/turtlebot3_manipulation_hardware/hook/cmake_prefix_path.ps1'
[2.950s] INFO:colcon.colcon_core.shell:Creating environment descriptor '/home/ciderlab-server3/workspace/2026_industry_cowork/IsaacSim-ros_workspaces/humble_ws/install/turtlebot3_manipulation_hardware/share/turtlebot3_manipulation_hardware/hook/cmake_prefix_path.dsv'
[2.950s] INFO:colcon.colcon_core.shell:Creating environment hook '/home/ciderlab-server3/workspace/2026_industry_cowork/IsaacSim-ros_workspaces/humble_ws/install/turtlebot3_manipulation_hardware/share/turtlebot3_manipulation_hardware/hook/cmake_prefix_path.sh'
[2.951s] Level 1:colcon.colcon_core.environment:checking '/home/ciderlab-server3/workspace/2026_industry_cowork/IsaacSim-ros_workspaces/humble_ws/install/turtlebot3_manipulation_hardware/lib'
[2.951s] Level 1:colcon.colcon_core.shell:create_environment_hook('turtlebot3_manipulation_hardware', 'ld_library_path_lib')
[2.951s] INFO:colcon.colcon_core.shell:Creating environment hook '/home/ciderlab-server3/workspace/2026_industry_cowork/IsaacSim-ros_workspaces/humble_ws/install/turtlebot3_manipulation_hardware/share/turtlebot3_manipulation_hardware/hook/ld_library_path_lib.ps1'
[2.951s] INFO:colcon.colcon_core.shell:Creating environment descriptor '/home/ciderlab-server3/workspace/2026_industry_cowork/IsaacSim-ros_workspaces/humble_ws/install/turtlebot3_manipulation_hardware/share/turtlebot3_manipulation_hardware/hook/ld_library_path_lib.dsv'
[2.951s] INFO:colcon.colcon_core.shell:Creating environment hook '/home/ciderlab-server3/workspace/2026_industry_cowork/IsaacSim-ros_workspaces/humble_ws/install/turtlebot3_manipulation_hardware/share/turtlebot3_manipulation_hardware/hook/ld_library_path_lib.sh'
[2.951s] Level 1:colcon.colcon_core.environment:checking '/home/ciderlab-server3/workspace/2026_industry_cowork/IsaacSim-ros_workspaces/humble_ws/install/turtlebot3_manipulation_hardware/bin'
[2.951s] Level 1:colcon.colcon_core.environment:checking '/home/ciderlab-server3/workspace/2026_industry_cowork/IsaacSim-ros_workspaces/humble_ws/install/turtlebot3_manipulation_hardware/lib/pkgconfig/turtlebot3_manipulation_hardware.pc'
[2.951s] Level 1:colcon.colcon_core.environment:checking '/home/ciderlab-server3/workspace/2026_industry_cowork/IsaacSim-ros_workspaces/humble_ws/install/turtlebot3_manipulation_hardware/lib/python3.10/site-packages'
[2.952s] Level 1:colcon.colcon_core.environment:checking '/home/ciderlab-server3/workspace/2026_industry_cowork/IsaacSim-ros_workspaces/humble_ws/install/turtlebot3_manipulation_hardware/bin'
[2.952s] INFO:colcon.colcon_core.shell:Creating package script '/home/ciderlab-server3/workspace/2026_industry_cowork/IsaacSim-ros_workspaces/humble_ws/install/turtlebot3_manipulation_hardware/share/turtlebot3_manipulation_hardware/package.ps1'
[2.952s] INFO:colcon.colcon_core.shell:Creating package descriptor '/home/ciderlab-server3/workspace/2026_industry_cowork/IsaacSim-ros_workspaces/humble_ws/install/turtlebot3_manipulation_hardware/share/turtlebot3_manipulation_hardware/package.dsv'
[2.952s] INFO:colcon.colcon_core.shell:Creating package script '/home/ciderlab-server3/workspace/2026_industry_cowork/IsaacSim-ros_workspaces/humble_ws/install/turtlebot3_manipulation_hardware/share/turtlebot3_manipulation_hardware/package.sh'
[2.952s] INFO:colcon.colcon_core.shell:Creating package script '/home/ciderlab-server3/workspace/2026_industry_cowork/IsaacSim-ros_workspaces/humble_ws/install/turtlebot3_manipulation_hardware/share/turtlebot3_manipulation_hardware/package.bash'
[2.952s] INFO:colcon.colcon_core.shell:Creating package script '/home/ciderlab-server3/workspace/2026_industry_cowork/IsaacSim-ros_workspaces/humble_ws/install/turtlebot3_manipulation_hardware/share/turtlebot3_manipulation_hardware/package.zsh'
[2.952s] Level 1:colcon.colcon_core.environment:create_file_with_runtime_dependencies(/home/ciderlab-server3/workspace/2026_industry_cowork/IsaacSim-ros_workspaces/humble_ws/install/turtlebot3_manipulation_hardware/share/colcon-core/packages/turtlebot3_manipulation_hardware)
[3.512s] DEBUG:colcon.colcon_core.event_handler.log_command:Invoked command in '/home/ciderlab-server3/workspace/2026_industry_cowork/IsaacSim-ros_workspaces/humble_ws/build/isaac_ros2_messages' returned '0': CMAKE_PREFIX_PATH=${CMAKE_PREFIX_PATH}:/home/ciderlab-server3/turtlebot3_ws/install/turtlebot3_teleop:/home/ciderlab-server3/turtlebot3_ws/install/turtlebot3_example:/home/ciderlab-server3/turtlebot3_ws/install/turtlebot3_dqn:/home/ciderlab-server3/turtlebot3_ws/install/turtlebot3_home_service_challenge_core:/home/ciderlab-server3/turtlebot3_ws/install/turtlebot3_home_service_challenge_aruco:/opt/ros/humble /usr/bin/cmake --build /home/ciderlab-server3/workspace/2026_industry_cowork/IsaacSim-ros_workspaces/humble_ws/build/isaac_ros2_messages -- -j24 -l24
[3.514s] DEBUG:colcon.colcon_core.event_handler.log_command:Invoking command in '/home/ciderlab-server3/workspace/2026_industry_cowork/IsaacSim-ros_workspaces/humble_ws/build/isaac_ros2_messages': CMAKE_PREFIX_PATH=${CMAKE_PREFIX_PATH}:/home/ciderlab-server3/turtlebot3_ws/install/turtlebot3_teleop:/home/ciderlab-server3/turtlebot3_ws/install/turtlebot3_example:/home/ciderlab-server3/turtlebot3_ws/install/turtlebot3_dqn:/home/ciderlab-server3/turtlebot3_ws/install/turtlebot3_home_service_challenge_core:/home/ciderlab-server3/turtlebot3_ws/install/turtlebot3_home_service_challenge_aruco:/opt/ros/humble /usr/bin/cmake --install /home/ciderlab-server3/workspace/2026_industry_cowork/IsaacSim-ros_workspaces/humble_ws/build/isaac_ros2_messages
[3.560s] Level 1:colcon.colcon_core.environment:create_environment_scripts_only(isaac_ros2_messages)
[3.561s] Level 1:colcon.colcon_core.environment:checking '/home/ciderlab-server3/workspace/2026_industry_cowork/IsaacSim-ros_workspaces/humble_ws/install/isaac_ros2_messages' for CMake module files
[3.561s] Level 1:colcon.colcon_core.environment:checking '/home/ciderlab-server3/workspace/2026_industry_cowork/IsaacSim-ros_workspaces/humble_ws/install/isaac_ros2_messages' for CMake config files
[3.561s] Level 1:colcon.colcon_core.shell:create_environment_hook('isaac_ros2_messages', 'cmake_prefix_path')
[3.561s] INFO:colcon.colcon_core.shell:Creating environment hook '/home/ciderlab-server3/workspace/2026_industry_cowork/IsaacSim-ros_workspaces/humble_ws/install/isaac_ros2_messages/share/isaac_ros2_messages/hook/cmake_prefix_path.ps1'
[3.562s] INFO:colcon.colcon_core.shell:Creating environment descriptor '/home/ciderlab-server3/workspace/2026_industry_cowork/IsaacSim-ros_workspaces/humble_ws/install/isaac_ros2_messages/share/isaac_ros2_messages/hook/cmake_prefix_path.dsv'
[3.562s] INFO:colcon.colcon_core.shell:Creating environment hook '/home/ciderlab-server3/workspace/2026_industry_cowork/IsaacSim-ros_workspaces/humble_ws/install/isaac_ros2_messages/share/isaac_ros2_messages/hook/cmake_prefix_path.sh'
[3.562s] Level 1:colcon.colcon_core.environment:checking '/home/ciderlab-server3/workspace/2026_industry_cowork/IsaacSim-ros_workspaces/humble_ws/install/isaac_ros2_messages/lib'
[3.562s] Level 1:colcon.colcon_core.shell:create_environment_hook('isaac_ros2_messages', 'ld_library_path_lib')
[3.562s] INFO:colcon.colcon_core.shell:Creating environment hook '/home/ciderlab-server3/workspace/2026_industry_cowork/IsaacSim-ros_workspaces/humble_ws/install/isaac_ros2_messages/share/isaac_ros2_messages/hook/ld_library_path_lib.ps1'
[3.561s] DEBUG:colcon.colcon_core.event_handler.log_command:Invoked command in '/home/ciderlab-server3/workspace/2026_industry_cowork/IsaacSim-ros_workspaces/humble_ws/build/isaac_ros2_messages' returned '0': CMAKE_PREFIX_PATH=${CMAKE_PREFIX_PATH}:/home/ciderlab-server3/turtlebot3_ws/install/turtlebot3_teleop:/home/ciderlab-server3/turtlebot3_ws/install/turtlebot3_example:/home/ciderlab-server3/turtlebot3_ws/install/turtlebot3_dqn:/home/ciderlab-server3/turtlebot3_ws/install/turtlebot3_home_service_challenge_core:/home/ciderlab-server3/turtlebot3_ws/install/turtlebot3_home_service_challenge_aruco:/opt/ros/humble /usr/bin/cmake --install /home/ciderlab-server3/workspace/2026_industry_cowork/IsaacSim-ros_workspaces/humble_ws/build/isaac_ros2_messages
[3.562s] INFO:colcon.colcon_core.shell:Creating environment descriptor '/home/ciderlab-server3/workspace/2026_industry_cowork/IsaacSim-ros_workspaces/humble_ws/install/isaac_ros2_messages/share/isaac_ros2_messages/hook/ld_library_path_lib.dsv'
[3.562s] INFO:colcon.colcon_core.shell:Creating environment hook '/home/ciderlab-server3/workspace/2026_industry_cowork/IsaacSim-ros_workspaces/humble_ws/install/isaac_ros2_messages/share/isaac_ros2_messages/hook/ld_library_path_lib.sh'
[3.562s] Level 1:colcon.colcon_core.environment:checking '/home/ciderlab-server3/workspace/2026_industry_cowork/IsaacSim-ros_workspaces/humble_ws/install/isaac_ros2_messages/bin'
[3.563s] Level 1:colcon.colcon_core.environment:checking '/home/ciderlab-server3/workspace/2026_industry_cowork/IsaacSim-ros_workspaces/humble_ws/install/isaac_ros2_messages/lib/pkgconfig/isaac_ros2_messages.pc'
[3.563s] Level 1:colcon.colcon_core.environment:checking '/home/ciderlab-server3/workspace/2026_industry_cowork/IsaacSim-ros_workspaces/humble_ws/install/isaac_ros2_messages/lib/python3.10/site-packages'
[3.563s] Level 1:colcon.colcon_core.environment:checking '/home/ciderlab-server3/workspace/2026_industry_cowork/IsaacSim-ros_workspaces/humble_ws/install/isaac_ros2_messages/bin'
[3.563s] INFO:colcon.colcon_core.shell:Creating package script '/home/ciderlab-server3/workspace/2026_industry_cowork/IsaacSim-ros_workspaces/humble_ws/install/isaac_ros2_messages/share/isaac_ros2_messages/package.ps1'
[3.563s] INFO:colcon.colcon_core.shell:Creating package descriptor '/home/ciderlab-server3/workspace/2026_industry_cowork/IsaacSim-ros_workspaces/humble_ws/install/isaac_ros2_messages/share/isaac_ros2_messages/package.dsv'
[3.563s] INFO:colcon.colcon_core.shell:Creating package script '/home/ciderlab-server3/workspace/2026_industry_cowork/IsaacSim-ros_workspaces/humble_ws/install/isaac_ros2_messages/share/isaac_ros2_messages/package.sh'
[3.563s] INFO:colcon.colcon_core.shell:Creating package script '/home/ciderlab-server3/workspace/2026_industry_cowork/IsaacSim-ros_workspaces/humble_ws/install/isaac_ros2_messages/share/isaac_ros2_messages/package.bash'
[3.564s] INFO:colcon.colcon_core.shell:Creating package script '/home/ciderlab-server3/workspace/2026_industry_cowork/IsaacSim-ros_workspaces/humble_ws/install/isaac_ros2_messages/share/isaac_ros2_messages/package.zsh'
[3.564s] Level 1:colcon.colcon_core.environment:create_file_with_runtime_dependencies(/home/ciderlab-server3/workspace/2026_industry_cowork/IsaacSim-ros_workspaces/humble_ws/install/isaac_ros2_messages/share/colcon-core/packages/isaac_ros2_messages)
[3.564s] Level 1:colcon.colcon_core.environment:create_environment_scripts_only(isaac_ros2_messages)
[3.564s] Level 1:colcon.colcon_core.environment:checking '/home/ciderlab-server3/workspace/2026_industry_cowork/IsaacSim-ros_workspaces/humble_ws/install/isaac_ros2_messages' for CMake module files
[3.564s] Level 1:colcon.colcon_core.environment:checking '/home/ciderlab-server3/workspace/2026_industry_cowork/IsaacSim-ros_workspaces/humble_ws/install/isaac_ros2_messages' for CMake config files
[3.564s] Level 1:colcon.colcon_core.shell:create_environment_hook('isaac_ros2_messages', 'cmake_prefix_path')
[3.564s] INFO:colcon.colcon_core.shell:Creating environment hook '/home/ciderlab-server3/workspace/2026_industry_cowork/IsaacSim-ros_workspaces/humble_ws/install/isaac_ros2_messages/share/isaac_ros2_messages/hook/cmake_prefix_path.ps1'
[3.565s] INFO:colcon.colcon_core.shell:Creating environment descriptor '/home/ciderlab-server3/workspace/2026_industry_cowork/IsaacSim-ros_workspaces/humble_ws/install/isaac_ros2_messages/share/isaac_ros2_messages/hook/cmake_prefix_path.dsv'
[3.565s] INFO:colcon.colcon_core.shell:Creating environment hook '/home/ciderlab-server3/workspace/2026_industry_cowork/IsaacSim-ros_workspaces/humble_ws/install/isaac_ros2_messages/share/isaac_ros2_messages/hook/cmake_prefix_path.sh'
[3.565s] Level 1:colcon.colcon_core.environment:checking '/home/ciderlab-server3/workspace/2026_industry_cowork/IsaacSim-ros_workspaces/humble_ws/install/isaac_ros2_messages/lib'
[3.565s] Level 1:colcon.colcon_core.shell:create_environment_hook('isaac_ros2_messages', 'ld_library_path_lib')
[3.565s] INFO:colcon.colcon_core.shell:Creating environment hook '/home/ciderlab-server3/workspace/2026_industry_cowork/IsaacSim-ros_workspaces/humble_ws/install/isaac_ros2_messages/share/isaac_ros2_messages/hook/ld_library_path_lib.ps1'
[3.565s] INFO:colcon.colcon_core.shell:Creating environment descriptor '/home/ciderlab-server3/workspace/2026_industry_cowork/IsaacSim-ros_workspaces/humble_ws/install/isaac_ros2_messages/share/isaac_ros2_messages/hook/ld_library_path_lib.dsv'
[3.565s] INFO:colcon.colcon_core.shell:Creating environment hook '/home/ciderlab-server3/workspace/2026_industry_cowork/IsaacSim-ros_workspaces/humble_ws/install/isaac_ros2_messages/share/isaac_ros2_messages/hook/ld_library_path_lib.sh'
[3.565s] Level 1:colcon.colcon_core.environment:checking '/home/ciderlab-server3/workspace/2026_industry_cowork/IsaacSim-ros_workspaces/humble_ws/install/isaac_ros2_messages/bin'
[3.565s] Level 1:colcon.colcon_core.environment:checking '/home/ciderlab-server3/workspace/2026_industry_cowork/IsaacSim-ros_workspaces/humble_ws/install/isaac_ros2_messages/lib/pkgconfig/isaac_ros2_messages.pc'
[3.570s] Level 1:colcon.colcon_core.environment:checking '/home/ciderlab-server3/workspace/2026_industry_cowork/IsaacSim-ros_workspaces/humble_ws/install/isaac_ros2_messages/lib/python3.10/site-packages'
[3.570s] Level 1:colcon.colcon_core.environment:checking '/home/ciderlab-server3/workspace/2026_industry_cowork/IsaacSim-ros_workspaces/humble_ws/install/isaac_ros2_messages/bin'
[3.570s] INFO:colcon.colcon_core.shell:Creating package script '/home/ciderlab-server3/workspace/2026_industry_cowork/IsaacSim-ros_workspaces/humble_ws/install/isaac_ros2_messages/share/isaac_ros2_messages/package.ps1'
[3.571s] INFO:colcon.colcon_core.shell:Creating package descriptor '/home/ciderlab-server3/workspace/2026_industry_cowork/IsaacSim-ros_workspaces/humble_ws/install/isaac_ros2_messages/share/isaac_ros2_messages/package.dsv'
[3.571s] INFO:colcon.colcon_core.shell:Creating package script '/home/ciderlab-server3/workspace/2026_industry_cowork/IsaacSim-ros_workspaces/humble_ws/install/isaac_ros2_messages/share/isaac_ros2_messages/package.sh'
[3.571s] INFO:colcon.colcon_core.shell:Creating package script '/home/ciderlab-server3/workspace/2026_industry_cowork/IsaacSim-ros_workspaces/humble_ws/install/isaac_ros2_messages/share/isaac_ros2_messages/package.bash'
[3.571s] INFO:colcon.colcon_core.shell:Creating package script '/home/ciderlab-server3/workspace/2026_industry_cowork/IsaacSim-ros_workspaces/humble_ws/install/isaac_ros2_messages/share/isaac_ros2_messages/package.zsh'
[3.571s] Level 1:colcon.colcon_core.environment:create_file_with_runtime_dependencies(/home/ciderlab-server3/workspace/2026_industry_cowork/IsaacSim-ros_workspaces/humble_ws/install/isaac_ros2_messages/share/colcon-core/packages/isaac_ros2_messages)
[5.290s] DEBUG:colcon.colcon_core.event_handler.log_command:Invoked command in '/home/ciderlab-server3/workspace/2026_industry_cowork/IsaacSim-ros_workspaces/humble_ws/build/turtlebot3_manipulation_teleop' returned '0': AMENT_PREFIX_PATH=/home/ciderlab-server3/workspace/2026_industry_cowork/IsaacSim-ros_workspaces/humble_ws/install/turtlebot3_manipulation_moveit_config:/home/ciderlab-server3/workspace/2026_industry_cowork/IsaacSim-ros_workspaces/humble_ws/install/turtlebot3_manipulation_bringup:/home/ciderlab-server3/workspace/2026_industry_cowork/IsaacSim-ros_workspaces/humble_ws/install/turtlebot3_manipulation_description:${AMENT_PREFIX_PATH} CMAKE_PREFIX_PATH=/home/ciderlab-server3/workspace/2026_industry_cowork/IsaacSim-ros_workspaces/humble_ws/install/turtlebot3_manipulation_moveit_config:/home/ciderlab-server3/workspace/2026_industry_cowork/IsaacSim-ros_workspaces/humble_ws/install/turtlebot3_manipulation_bringup:/home/ciderlab-server3/workspace/2026_industry_cowork/IsaacSim-ros_workspaces/humble_ws/install/turtlebot3_manipulation_description:/home/ciderlab-server3/workspace/2026_industry_cowork/install/turtlebot3_manipulation:/home/ciderlab-server3/workspace/2026_industry_cowork/install/turtlebot3_manipulation_teleop:/home/ciderlab-server3/workspace/2026_industry_cowork/install/turtlebot3_manipulation_navigation2:/home/ciderlab-server3/workspace/2026_industry_cowork/install/turtlebot3_manipulation_moveit_config:/home/ciderlab-server3/workspace/2026_industry_cowork/install/turtlebot3_manipulation_hardware:/home/ciderlab-server3/workspace/2026_industry_cowork/install/turtlebot3_manipulation_bringup:/home/ciderlab-server3/workspace/2026_industry_cowork/install/turtlebot3_manipulation_description:/home/ciderlab-server3/workspace/2026_industry_cowork/install/turtlebot3_manipulation_cartographer:/home/ciderlab-server3/turtlebot3_ws/install/turtlebot3:/home/ciderlab-server3/turtlebot3_ws/install/turtlebot3_simulations:/home/ciderlab-server3/turtlebot3_ws/install/turtlebot3_bringup:/home/ciderlab-server3/turtlebot3_ws/install/turtlebot3_node:/home/ciderlab-server3/turtlebot3_ws/install/turtlebot3_navigation2:/home/ciderlab-server3/turtlebot3_ws/install/turtlebot3_machine_learning:/home/ciderlab-server3/turtlebot3_ws/install/turtlebot3_fake_node:/home/ciderlab-server3/turtlebot3_ws/install/turtlebot3_msgs:/home/ciderlab-server3/turtlebot3_ws/install/turtlebot3_manipulation:/home/ciderlab-server3/turtlebot3_ws/install/turtlebot3_manipulation_teleop:/home/ciderlab-server3/turtlebot3_ws/install/turtlebot3_home_service_challenge:/home/ciderlab-server3/turtlebot3_ws/install/turtlebot3_home_service_challenge_manipulator:/home/ciderlab-server3/turtlebot3_ws/install/turtlebot3_home_service_challenge_tools:/home/ciderlab-server3/turtlebot3_ws/install/turtlebot3_manipulation_navigation2:/home/ciderlab-server3/turtlebot3_ws/install/turtlebot3_manipulation_moveit_config:/home/ciderlab-server3/turtlebot3_ws/install/turtlebot3_manipulation_hardware:/home/ciderlab-server3/turtlebot3_ws/install/turtlebot3_manipulation_gazebo:/home/ciderlab-server3/turtlebot3_ws/install/turtlebot3_manipulation_bringup:/home/ciderlab-server3/turtlebot3_ws/install/turtlebot3_manipulation_description:/home/ciderlab-server3/turtlebot3_ws/install/turtlebot3_manipulation_cartographer:/home/ciderlab-server3/turtlebot3_ws/install/turtlebot3_gazebo:/home/ciderlab-server3/turtlebot3_ws/install/turtlebot3_description:/home/ciderlab-server3/turtlebot3_ws/install/turtlebot3_cartographer:/home/ciderlab-server3/turtlebot3_ws/install/dynamixel_sdk_examples:/home/ciderlab-server3/turtlebot3_ws/install/dynamixel_sdk_custom_interfaces:/home/ciderlab-server3/turtlebot3_ws/install/dynamixel_sdk:/home/ciderlab-server3/turtlebot3_ws/install/turtlebot3_teleop:/home/ciderlab-server3/turtlebot3_ws/install/turtlebot3_example:/home/ciderlab-server3/turtlebot3_ws/install/turtlebot3_dqn:/home/ciderlab-server3/turtlebot3_ws/install/turtlebot3_home_service_challenge_core:/home/ciderlab-server3/turtlebot3_ws/install/turtlebot3_home_service_challenge_aruco:/opt/ros/humble /usr/bin/cmake --build /home/ciderlab-server3/workspace/2026_industry_cowork/IsaacSim-ros_workspaces/humble_ws/build/turtlebot3_manipulation_teleop -- -j24 -l24
[5.291s] DEBUG:colcon.colcon_core.event_handler.log_command:Invoking command in '/home/ciderlab-server3/workspace/2026_industry_cowork/IsaacSim-ros_workspaces/humble_ws/build/turtlebot3_manipulation_teleop': AMENT_PREFIX_PATH=/home/ciderlab-server3/workspace/2026_industry_cowork/IsaacSim-ros_workspaces/humble_ws/install/turtlebot3_manipulation_moveit_config:/home/ciderlab-server3/workspace/2026_industry_cowork/IsaacSim-ros_workspaces/humble_ws/install/turtlebot3_manipulation_bringup:/home/ciderlab-server3/workspace/2026_industry_cowork/IsaacSim-ros_workspaces/humble_ws/install/turtlebot3_manipulation_description:${AMENT_PREFIX_PATH} CMAKE_PREFIX_PATH=/home/ciderlab-server3/workspace/2026_industry_cowork/IsaacSim-ros_workspaces/humble_ws/install/turtlebot3_manipulation_moveit_config:/home/ciderlab-server3/workspace/2026_industry_cowork/IsaacSim-ros_workspaces/humble_ws/install/turtlebot3_manipulation_bringup:/home/ciderlab-server3/workspace/2026_industry_cowork/IsaacSim-ros_workspaces/humble_ws/install/turtlebot3_manipulation_description:/home/ciderlab-server3/workspace/2026_industry_cowork/install/turtlebot3_manipulation:/home/ciderlab-server3/workspace/2026_industry_cowork/install/turtlebot3_manipulation_teleop:/home/ciderlab-server3/workspace/2026_industry_cowork/install/turtlebot3_manipulation_navigation2:/home/ciderlab-server3/workspace/2026_industry_cowork/install/turtlebot3_manipulation_moveit_config:/home/ciderlab-server3/workspace/2026_industry_cowork/install/turtlebot3_manipulation_hardware:/home/ciderlab-server3/workspace/2026_industry_cowork/install/turtlebot3_manipulation_bringup:/home/ciderlab-server3/workspace/2026_industry_cowork/install/turtlebot3_manipulation_description:/home/ciderlab-server3/workspace/2026_industry_cowork/install/turtlebot3_manipulation_cartographer:/home/ciderlab-server3/turtlebot3_ws/install/turtlebot3:/home/ciderlab-server3/turtlebot3_ws/install/turtlebot3_simulations:/home/ciderlab-server3/turtlebot3_ws/install/turtlebot3_bringup:/home/ciderlab-server3/turtlebot3_ws/install/turtlebot3_node:/home/ciderlab-server3/turtlebot3_ws/install/turtlebot3_navigation2:/home/ciderlab-server3/turtlebot3_ws/install/turtlebot3_machine_learning:/home/ciderlab-server3/turtlebot3_ws/install/turtlebot3_fake_node:/home/ciderlab-server3/turtlebot3_ws/install/turtlebot3_msgs:/home/ciderlab-server3/turtlebot3_ws/install/turtlebot3_manipulation:/home/ciderlab-server3/turtlebot3_ws/install/turtlebot3_manipulation_teleop:/home/ciderlab-server3/turtlebot3_ws/install/turtlebot3_home_service_challenge:/home/ciderlab-server3/turtlebot3_ws/install/turtlebot3_home_service_challenge_manipulator:/home/ciderlab-server3/turtlebot3_ws/install/turtlebot3_home_service_challenge_tools:/home/ciderlab-server3/turtlebot3_ws/install/turtlebot3_manipulation_navigation2:/home/ciderlab-server3/turtlebot3_ws/install/turtlebot3_manipulation_moveit_config:/home/ciderlab-server3/turtlebot3_ws/install/turtlebot3_manipulation_hardware:/home/ciderlab-server3/turtlebot3_ws/install/turtlebot3_manipulation_gazebo:/home/ciderlab-server3/turtlebot3_ws/install/turtlebot3_manipulation_bringup:/home/ciderlab-server3/turtlebot3_ws/install/turtlebot3_manipulation_description:/home/ciderlab-server3/turtlebot3_ws/install/turtlebot3_manipulation_cartographer:/home/ciderlab-server3/turtlebot3_ws/install/turtlebot3_gazebo:/home/ciderlab-server3/turtlebot3_ws/install/turtlebot3_description:/home/ciderlab-server3/turtlebot3_ws/install/turtlebot3_cartographer:/home/ciderlab-server3/turtlebot3_ws/install/dynamixel_sdk_examples:/home/ciderlab-server3/turtlebot3_ws/install/dynamixel_sdk_custom_interfaces:/home/ciderlab-server3/turtlebot3_ws/install/dynamixel_sdk:/home/ciderlab-server3/turtlebot3_ws/install/turtlebot3_teleop:/home/ciderlab-server3/turtlebot3_ws/install/turtlebot3_example:/home/ciderlab-server3/turtlebot3_ws/install/turtlebot3_dqn:/home/ciderlab-server3/turtlebot3_ws/install/turtlebot3_home_service_challenge_core:/home/ciderlab-server3/turtlebot3_ws/install/turtlebot3_home_service_challenge_aruco:/opt/ros/humble /usr/bin/cmake --install /home/ciderlab-server3/workspace/2026_industry_cowork/IsaacSim-ros_workspaces/humble_ws/build/turtlebot3_manipulation_teleop
[5.297s] Level 1:colcon.colcon_core.environment:create_environment_scripts_only(turtlebot3_manipulation_teleop)
[5.297s] Level 1:colcon.colcon_core.environment:checking '/home/ciderlab-server3/workspace/2026_industry_cowork/IsaacSim-ros_workspaces/humble_ws/install/turtlebot3_manipulation_teleop' for CMake module files
[5.298s] DEBUG:colcon.colcon_core.event_handler.log_command:Invoked command in '/home/ciderlab-server3/workspace/2026_industry_cowork/IsaacSim-ros_workspaces/humble_ws/build/turtlebot3_manipulation_teleop' returned '0': AMENT_PREFIX_PATH=/home/ciderlab-server3/workspace/2026_industry_cowork/IsaacSim-ros_workspaces/humble_ws/install/turtlebot3_manipulation_moveit_config:/home/ciderlab-server3/workspace/2026_industry_cowork/IsaacSim-ros_workspaces/humble_ws/install/turtlebot3_manipulation_bringup:/home/ciderlab-server3/workspace/2026_industry_cowork/IsaacSim-ros_workspaces/humble_ws/install/turtlebot3_manipulation_description:${AMENT_PREFIX_PATH} CMAKE_PREFIX_PATH=/home/ciderlab-server3/workspace/2026_industry_cowork/IsaacSim-ros_workspaces/humble_ws/install/turtlebot3_manipulation_moveit_config:/home/ciderlab-server3/workspace/2026_industry_cowork/IsaacSim-ros_workspaces/humble_ws/install/turtlebot3_manipulation_bringup:/home/ciderlab-server3/workspace/2026_industry_cowork/IsaacSim-ros_workspaces/humble_ws/install/turtlebot3_manipulation_description:/home/ciderlab-server3/workspace/2026_industry_cowork/install/turtlebot3_manipulation:/home/ciderlab-server3/workspace/2026_industry_cowork/install/turtlebot3_manipulation_teleop:/home/ciderlab-server3/workspace/2026_industry_cowork/install/turtlebot3_manipulation_navigation2:/home/ciderlab-server3/workspace/2026_industry_cowork/install/turtlebot3_manipulation_moveit_config:/home/ciderlab-server3/workspace/2026_industry_cowork/install/turtlebot3_manipulation_hardware:/home/ciderlab-server3/workspace/2026_industry_cowork/install/turtlebot3_manipulation_bringup:/home/ciderlab-server3/workspace/2026_industry_cowork/install/turtlebot3_manipulation_description:/home/ciderlab-server3/workspace/2026_industry_cowork/install/turtlebot3_manipulation_cartographer:/home/ciderlab-server3/turtlebot3_ws/install/turtlebot3:/home/ciderlab-server3/turtlebot3_ws/install/turtlebot3_simulations:/home/ciderlab-server3/turtlebot3_ws/install/turtlebot3_bringup:/home/ciderlab-server3/turtlebot3_ws/install/turtlebot3_node:/home/ciderlab-server3/turtlebot3_ws/install/turtlebot3_navigation2:/home/ciderlab-server3/turtlebot3_ws/install/turtlebot3_machine_learning:/home/ciderlab-server3/turtlebot3_ws/install/turtlebot3_fake_node:/home/ciderlab-server3/turtlebot3_ws/install/turtlebot3_msgs:/home/ciderlab-server3/turtlebot3_ws/install/turtlebot3_manipulation:/home/ciderlab-server3/turtlebot3_ws/install/turtlebot3_manipulation_teleop:/home/ciderlab-server3/turtlebot3_ws/install/turtlebot3_home_service_challenge:/home/ciderlab-server3/turtlebot3_ws/install/turtlebot3_home_service_challenge_manipulator:/home/ciderlab-server3/turtlebot3_ws/install/turtlebot3_home_service_challenge_tools:/home/ciderlab-server3/turtlebot3_ws/install/turtlebot3_manipulation_navigation2:/home/ciderlab-server3/turtlebot3_ws/install/turtlebot3_manipulation_moveit_config:/home/ciderlab-server3/turtlebot3_ws/install/turtlebot3_manipulation_hardware:/home/ciderlab-server3/turtlebot3_ws/install/turtlebot3_manipulation_gazebo:/home/ciderlab-server3/turtlebot3_ws/install/turtlebot3_manipulation_bringup:/home/ciderlab-server3/turtlebot3_ws/install/turtlebot3_manipulation_description:/home/ciderlab-server3/turtlebot3_ws/install/turtlebot3_manipulation_cartographer:/home/ciderlab-server3/turtlebot3_ws/install/turtlebot3_gazebo:/home/ciderlab-server3/turtlebot3_ws/install/turtlebot3_description:/home/ciderlab-server3/turtlebot3_ws/install/turtlebot3_cartographer:/home/ciderlab-server3/turtlebot3_ws/install/dynamixel_sdk_examples:/home/ciderlab-server3/turtlebot3_ws/install/dynamixel_sdk_custom_interfaces:/home/ciderlab-server3/turtlebot3_ws/install/dynamixel_sdk:/home/ciderlab-server3/turtlebot3_ws/install/turtlebot3_teleop:/home/ciderlab-server3/turtlebot3_ws/install/turtlebot3_example:/home/ciderlab-server3/turtlebot3_ws/install/turtlebot3_dqn:/home/ciderlab-server3/turtlebot3_ws/install/turtlebot3_home_service_challenge_core:/home/ciderlab-server3/turtlebot3_ws/install/turtlebot3_home_service_challenge_aruco:/opt/ros/humble /usr/bin/cmake --install /home/ciderlab-server3/workspace/2026_industry_cowork/IsaacSim-ros_workspaces/humble_ws/build/turtlebot3_manipulation_teleop
[5.298s] Level 1:colcon.colcon_core.environment:checking '/home/ciderlab-server3/workspace/2026_industry_cowork/IsaacSim-ros_workspaces/humble_ws/install/turtlebot3_manipulation_teleop' for CMake config files
[5.298s] Level 1:colcon.colcon_core.shell:create_environment_hook('turtlebot3_manipulation_teleop', 'cmake_prefix_path')
[5.298s] INFO:colcon.colcon_core.shell:Creating environment hook '/home/ciderlab-server3/workspace/2026_industry_cowork/IsaacSim-ros_workspaces/humble_ws/install/turtlebot3_manipulation_teleop/share/turtlebot3_manipulation_teleop/hook/cmake_prefix_path.ps1'
[5.298s] INFO:colcon.colcon_core.shell:Creating environment descriptor '/home/ciderlab-server3/workspace/2026_industry_cowork/IsaacSim-ros_workspaces/humble_ws/install/turtlebot3_manipulation_teleop/share/turtlebot3_manipulation_teleop/hook/cmake_prefix_path.dsv'
[5.298s] INFO:colcon.colcon_core.shell:Creating environment hook '/home/ciderlab-server3/workspace/2026_industry_cowork/IsaacSim-ros_workspaces/humble_ws/install/turtlebot3_manipulation_teleop/share/turtlebot3_manipulation_teleop/hook/cmake_prefix_path.sh'
[5.298s] Level 1:colcon.colcon_core.environment:checking '/home/ciderlab-server3/workspace/2026_industry_cowork/IsaacSim-ros_workspaces/humble_ws/install/turtlebot3_manipulation_teleop/lib'
[5.298s] Level 1:colcon.colcon_core.environment:checking '/home/ciderlab-server3/workspace/2026_industry_cowork/IsaacSim-ros_workspaces/humble_ws/install/turtlebot3_manipulation_teleop/bin'
[5.298s] Level 1:colcon.colcon_core.environment:checking '/home/ciderlab-server3/workspace/2026_industry_cowork/IsaacSim-ros_workspaces/humble_ws/install/turtlebot3_manipulation_teleop/lib/pkgconfig/turtlebot3_manipulation_teleop.pc'
[5.299s] Level 1:colcon.colcon_core.environment:checking '/home/ciderlab-server3/workspace/2026_industry_cowork/IsaacSim-ros_workspaces/humble_ws/install/turtlebot3_manipulation_teleop/lib/python3.10/site-packages'
[5.299s] Level 1:colcon.colcon_core.environment:checking '/home/ciderlab-server3/workspace/2026_industry_cowork/IsaacSim-ros_workspaces/humble_ws/install/turtlebot3_manipulation_teleop/bin'
[5.299s] INFO:colcon.colcon_core.shell:Creating package script '/home/ciderlab-server3/workspace/2026_industry_cowork/IsaacSim-ros_workspaces/humble_ws/install/turtlebot3_manipulation_teleop/share/turtlebot3_manipulation_teleop/package.ps1'
[5.299s] INFO:colcon.colcon_core.shell:Creating package descriptor '/home/ciderlab-server3/workspace/2026_industry_cowork/IsaacSim-ros_workspaces/humble_ws/install/turtlebot3_manipulation_teleop/share/turtlebot3_manipulation_teleop/package.dsv'
[5.299s] INFO:colcon.colcon_core.shell:Creating package script '/home/ciderlab-server3/workspace/2026_industry_cowork/IsaacSim-ros_workspaces/humble_ws/install/turtlebot3_manipulation_teleop/share/turtlebot3_manipulation_teleop/package.sh'
[5.299s] INFO:colcon.colcon_core.shell:Creating package script '/home/ciderlab-server3/workspace/2026_industry_cowork/IsaacSim-ros_workspaces/humble_ws/install/turtlebot3_manipulation_teleop/share/turtlebot3_manipulation_teleop/package.bash'
[5.300s] INFO:colcon.colcon_core.shell:Creating package script '/home/ciderlab-server3/workspace/2026_industry_cowork/IsaacSim-ros_workspaces/humble_ws/install/turtlebot3_manipulation_teleop/share/turtlebot3_manipulation_teleop/package.zsh'
[5.300s] Level 1:colcon.colcon_core.environment:create_file_with_runtime_dependencies(/home/ciderlab-server3/workspace/2026_industry_cowork/IsaacSim-ros_workspaces/humble_ws/install/turtlebot3_manipulation_teleop/share/colcon-core/packages/turtlebot3_manipulation_teleop)
[5.300s] Level 1:colcon.colcon_core.environment:create_environment_scripts_only(turtlebot3_manipulation_teleop)
[5.300s] Level 1:colcon.colcon_core.environment:checking '/home/ciderlab-server3/workspace/2026_industry_cowork/IsaacSim-ros_workspaces/humble_ws/install/turtlebot3_manipulation_teleop' for CMake module files
[5.300s] Level 1:colcon.colcon_core.environment:checking '/home/ciderlab-server3/workspace/2026_industry_cowork/IsaacSim-ros_workspaces/humble_ws/install/turtlebot3_manipulation_teleop' for CMake config files
[5.300s] Level 1:colcon.colcon_core.shell:create_environment_hook('turtlebot3_manipulation_teleop', 'cmake_prefix_path')
[5.300s] INFO:colcon.colcon_core.shell:Creating environment hook '/home/ciderlab-server3/workspace/2026_industry_cowork/IsaacSim-ros_workspaces/humble_ws/install/turtlebot3_manipulation_teleop/share/turtlebot3_manipulation_teleop/hook/cmake_prefix_path.ps1'
[5.300s] INFO:colcon.colcon_core.shell:Creating environment descriptor '/home/ciderlab-server3/workspace/2026_industry_cowork/IsaacSim-ros_workspaces/humble_ws/install/turtlebot3_manipulation_teleop/share/turtlebot3_manipulation_teleop/hook/cmake_prefix_path.dsv'
[5.300s] INFO:colcon.colcon_core.shell:Creating environment hook '/home/ciderlab-server3/workspace/2026_industry_cowork/IsaacSim-ros_workspaces/humble_ws/install/turtlebot3_manipulation_teleop/share/turtlebot3_manipulation_teleop/hook/cmake_prefix_path.sh'
[5.301s] Level 1:colcon.colcon_core.environment:checking '/home/ciderlab-server3/workspace/2026_industry_cowork/IsaacSim-ros_workspaces/humble_ws/install/turtlebot3_manipulation_teleop/lib'
[5.301s] Level 1:colcon.colcon_core.environment:checking '/home/ciderlab-server3/workspace/2026_industry_cowork/IsaacSim-ros_workspaces/humble_ws/install/turtlebot3_manipulation_teleop/bin'
[5.301s] Level 1:colcon.colcon_core.environment:checking '/home/ciderlab-server3/workspace/2026_industry_cowork/IsaacSim-ros_workspaces/humble_ws/install/turtlebot3_manipulation_teleop/lib/pkgconfig/turtlebot3_manipulation_teleop.pc'
[5.301s] Level 1:colcon.colcon_core.environment:checking '/home/ciderlab-server3/workspace/2026_industry_cowork/IsaacSim-ros_workspaces/humble_ws/install/turtlebot3_manipulation_teleop/lib/python3.10/site-packages'
[5.301s] Level 1:colcon.colcon_core.environment:checking '/home/ciderlab-server3/workspace/2026_industry_cowork/IsaacSim-ros_workspaces/humble_ws/install/turtlebot3_manipulation_teleop/bin'
[5.301s] INFO:colcon.colcon_core.shell:Creating package script '/home/ciderlab-server3/workspace/2026_industry_cowork/IsaacSim-ros_workspaces/humble_ws/install/turtlebot3_manipulation_teleop/share/turtlebot3_manipulation_teleop/package.ps1'
[5.301s] INFO:colcon.colcon_core.shell:Creating package descriptor '/home/ciderlab-server3/workspace/2026_industry_cowork/IsaacSim-ros_workspaces/humble_ws/install/turtlebot3_manipulation_teleop/share/turtlebot3_manipulation_teleop/package.dsv'
[5.301s] INFO:colcon.colcon_core.shell:Creating package script '/home/ciderlab-server3/workspace/2026_industry_cowork/IsaacSim-ros_workspaces/humble_ws/install/turtlebot3_manipulation_teleop/share/turtlebot3_manipulation_teleop/package.sh'
[5.302s] INFO:colcon.colcon_core.shell:Creating package script '/home/ciderlab-server3/workspace/2026_industry_cowork/IsaacSim-ros_workspaces/humble_ws/install/turtlebot3_manipulation_teleop/share/turtlebot3_manipulation_teleop/package.bash'
[5.302s] INFO:colcon.colcon_core.shell:Creating package script '/home/ciderlab-server3/workspace/2026_industry_cowork/IsaacSim-ros_workspaces/humble_ws/install/turtlebot3_manipulation_teleop/share/turtlebot3_manipulation_teleop/package.zsh'
[5.302s] Level 1:colcon.colcon_core.environment:create_file_with_runtime_dependencies(/home/ciderlab-server3/workspace/2026_industry_cowork/IsaacSim-ros_workspaces/humble_ws/install/turtlebot3_manipulation_teleop/share/colcon-core/packages/turtlebot3_manipulation_teleop)
[5.302s] INFO:colcon.colcon_ros.task.ament_cmake.build:Building ROS package in '/home/ciderlab-server3/workspace/2026_industry_cowork/IsaacSim-ros_workspaces/humble_ws/src/turtlebot3_manipulation/turtlebot3_manipulation' with build type 'ament_cmake'
[5.302s] INFO:colcon.colcon_cmake.task.cmake.build:Building CMake package in '/home/ciderlab-server3/workspace/2026_industry_cowork/IsaacSim-ros_workspaces/humble_ws/src/turtlebot3_manipulation/turtlebot3_manipulation'
[5.302s] INFO:colcon.colcon_core.shell:Skip shell extension 'powershell' for command environment: Not usable outside of PowerShell
[5.302s] DEBUG:colcon.colcon_core.shell:Skip shell extension 'dsv' for command environment
[5.312s] DEBUG:colcon.colcon_core.event_handler.log_command:Invoking command in '/home/ciderlab-server3/workspace/2026_industry_cowork/IsaacSim-ros_workspaces/humble_ws/build/turtlebot3_manipulation': AMENT_PREFIX_PATH=/home/ciderlab-server3/workspace/2026_industry_cowork/IsaacSim-ros_workspaces/humble_ws/install/turtlebot3_manipulation_teleop:/home/ciderlab-server3/workspace/2026_industry_cowork/IsaacSim-ros_workspaces/humble_ws/install/turtlebot3_manipulation_moveit_config:/home/ciderlab-server3/workspace/2026_industry_cowork/IsaacSim-ros_workspaces/humble_ws/install/turtlebot3_manipulation_bringup:/home/ciderlab-server3/workspace/2026_industry_cowork/IsaacSim-ros_workspaces/humble_ws/install/turtlebot3_manipulation_navigation2:/home/ciderlab-server3/workspace/2026_industry_cowork/IsaacSim-ros_workspaces/humble_ws/install/turtlebot3_manipulation_hardware:/home/ciderlab-server3/workspace/2026_industry_cowork/IsaacSim-ros_workspaces/humble_ws/install/turtlebot3_manipulation_description:/home/ciderlab-server3/workspace/2026_industry_cowork/IsaacSim-ros_workspaces/humble_ws/install/turtlebot3_manipulation_cartographer:${AMENT_PREFIX_PATH} CMAKE_PREFIX_PATH=/home/ciderlab-server3/workspace/2026_industry_cowork/IsaacSim-ros_workspaces/humble_ws/install/turtlebot3_manipulation_teleop:/home/ciderlab-server3/workspace/2026_industry_cowork/IsaacSim-ros_workspaces/humble_ws/install/turtlebot3_manipulation_moveit_config:/home/ciderlab-server3/workspace/2026_industry_cowork/IsaacSim-ros_workspaces/humble_ws/install/turtlebot3_manipulation_bringup:/home/ciderlab-server3/workspace/2026_industry_cowork/IsaacSim-ros_workspaces/humble_ws/install/turtlebot3_manipulation_navigation2:/home/ciderlab-server3/workspace/2026_industry_cowork/IsaacSim-ros_workspaces/humble_ws/install/turtlebot3_manipulation_hardware:/home/ciderlab-server3/workspace/2026_industry_cowork/IsaacSim-ros_workspaces/humble_ws/install/turtlebot3_manipulation_description:/home/ciderlab-server3/workspace/2026_industry_cowork/IsaacSim-ros_workspaces/humble_ws/install/turtlebot3_manipulation_cartographer:/home/ciderlab-server3/workspace/2026_industry_cowork/install/turtlebot3_manipulation:/home/ciderlab-server3/workspace/2026_industry_cowork/install/turtlebot3_manipulation_teleop:/home/ciderlab-server3/workspace/2026_industry_cowork/install/turtlebot3_manipulation_navigation2:/home/ciderlab-server3/workspace/2026_industry_cowork/install/turtlebot3_manipulation_moveit_config:/home/ciderlab-server3/workspace/2026_industry_cowork/install/turtlebot3_manipulation_hardware:/home/ciderlab-server3/workspace/2026_industry_cowork/install/turtlebot3_manipulation_bringup:/home/ciderlab-server3/workspace/2026_industry_cowork/install/turtlebot3_manipulation_description:/home/ciderlab-server3/workspace/2026_industry_cowork/install/turtlebot3_manipulation_cartographer:/home/ciderlab-server3/turtlebot3_ws/install/turtlebot3:/home/ciderlab-server3/turtlebot3_ws/install/turtlebot3_simulations:/home/ciderlab-server3/turtlebot3_ws/install/turtlebot3_bringup:/home/ciderlab-server3/turtlebot3_ws/install/turtlebot3_node:/home/ciderlab-server3/turtlebot3_ws/install/turtlebot3_navigation2:/home/ciderlab-server3/turtlebot3_ws/install/turtlebot3_machine_learning:/home/ciderlab-server3/turtlebot3_ws/install/turtlebot3_fake_node:/home/ciderlab-server3/turtlebot3_ws/install/turtlebot3_msgs:/home/ciderlab-server3/turtlebot3_ws/install/turtlebot3_manipulation:/home/ciderlab-server3/turtlebot3_ws/install/turtlebot3_manipulation_teleop:/home/ciderlab-server3/turtlebot3_ws/install/turtlebot3_home_service_challenge:/home/ciderlab-server3/turtlebot3_ws/install/turtlebot3_home_service_challenge_manipulator:/home/ciderlab-server3/turtlebot3_ws/install/turtlebot3_home_service_challenge_tools:/home/ciderlab-server3/turtlebot3_ws/install/turtlebot3_manipulation_navigation2:/home/ciderlab-server3/turtlebot3_ws/install/turtlebot3_manipulation_moveit_config:/home/ciderlab-server3/turtlebot3_ws/install/turtlebot3_manipulation_hardware:/home/ciderlab-server3/turtlebot3_ws/install/turtlebot3_manipulation_gazebo:/home/ciderlab-server3/turtlebot3_ws/install/turtlebot3_manipulation_bringup:/home/ciderlab-server3/turtlebot3_ws/install/turtlebot3_manipulation_description:/home/ciderlab-server3/turtlebot3_ws/install/turtlebot3_manipulation_cartographer:/home/ciderlab-server3/turtlebot3_ws/install/turtlebot3_gazebo:/home/ciderlab-server3/turtlebot3_ws/install/turtlebot3_description:/home/ciderlab-server3/turtlebot3_ws/install/turtlebot3_cartographer:/home/ciderlab-server3/turtlebot3_ws/install/dynamixel_sdk_examples:/home/ciderlab-server3/turtlebot3_ws/install/dynamixel_sdk_custom_interfaces:/home/ciderlab-server3/turtlebot3_ws/install/dynamixel_sdk:/home/ciderlab-server3/turtlebot3_ws/install/turtlebot3_teleop:/home/ciderlab-server3/turtlebot3_ws/install/turtlebot3_example:/home/ciderlab-server3/turtlebot3_ws/install/turtlebot3_dqn:/home/ciderlab-server3/turtlebot3_ws/install/turtlebot3_home_service_challenge_core:/home/ciderlab-server3/turtlebot3_ws/install/turtlebot3_home_service_challenge_aruco:/opt/ros/humble LD_LIBRARY_PATH=/home/ciderlab-server3/workspace/2026_industry_cowork/IsaacSim-ros_workspaces/humble_ws/install/turtlebot3_manipulation_hardware/lib:${LD_LIBRARY_PATH} /usr/bin/cmake /home/ciderlab-server3/workspace/2026_industry_cowork/IsaacSim-ros_workspaces/humble_ws/src/turtlebot3_manipulation/turtlebot3_manipulation -DCMAKE_INSTALL_PREFIX=/home/ciderlab-server3/workspace/2026_industry_cowork/IsaacSim-ros_workspaces/humble_ws/install/turtlebot3_manipulation
[5.638s] DEBUG:colcon.colcon_core.event_handler.log_command:Invoked command in '/home/ciderlab-server3/workspace/2026_industry_cowork/IsaacSim-ros_workspaces/humble_ws/build/turtlebot3_manipulation' returned '0': AMENT_PREFIX_PATH=/home/ciderlab-server3/workspace/2026_industry_cowork/IsaacSim-ros_workspaces/humble_ws/install/turtlebot3_manipulation_teleop:/home/ciderlab-server3/workspace/2026_industry_cowork/IsaacSim-ros_workspaces/humble_ws/install/turtlebot3_manipulation_moveit_config:/home/ciderlab-server3/workspace/2026_industry_cowork/IsaacSim-ros_workspaces/humble_ws/install/turtlebot3_manipulation_bringup:/home/ciderlab-server3/workspace/2026_industry_cowork/IsaacSim-ros_workspaces/humble_ws/install/turtlebot3_manipulation_navigation2:/home/ciderlab-server3/workspace/2026_industry_cowork/IsaacSim-ros_workspaces/humble_ws/install/turtlebot3_manipulation_hardware:/home/ciderlab-server3/workspace/2026_industry_cowork/IsaacSim-ros_workspaces/humble_ws/install/turtlebot3_manipulation_description:/home/ciderlab-server3/workspace/2026_industry_cowork/IsaacSim-ros_workspaces/humble_ws/install/turtlebot3_manipulation_cartographer:${AMENT_PREFIX_PATH} CMAKE_PREFIX_PATH=/home/ciderlab-server3/workspace/2026_industry_cowork/IsaacSim-ros_workspaces/humble_ws/install/turtlebot3_manipulation_teleop:/home/ciderlab-server3/workspace/2026_industry_cowork/IsaacSim-ros_workspaces/humble_ws/install/turtlebot3_manipulation_moveit_config:/home/ciderlab-server3/workspace/2026_industry_cowork/IsaacSim-ros_workspaces/humble_ws/install/turtlebot3_manipulation_bringup:/home/ciderlab-server3/workspace/2026_industry_cowork/IsaacSim-ros_workspaces/humble_ws/install/turtlebot3_manipulation_navigation2:/home/ciderlab-server3/workspace/2026_industry_cowork/IsaacSim-ros_workspaces/humble_ws/install/turtlebot3_manipulation_hardware:/home/ciderlab-server3/workspace/2026_industry_cowork/IsaacSim-ros_workspaces/humble_ws/install/turtlebot3_manipulation_description:/home/ciderlab-server3/workspace/2026_industry_cowork/IsaacSim-ros_workspaces/humble_ws/install/turtlebot3_manipulation_cartographer:/home/ciderlab-server3/workspace/2026_industry_cowork/install/turtlebot3_manipulation:/home/ciderlab-server3/workspace/2026_industry_cowork/install/turtlebot3_manipulation_teleop:/home/ciderlab-server3/workspace/2026_industry_cowork/install/turtlebot3_manipulation_navigation2:/home/ciderlab-server3/workspace/2026_industry_cowork/install/turtlebot3_manipulation_moveit_config:/home/ciderlab-server3/workspace/2026_industry_cowork/install/turtlebot3_manipulation_hardware:/home/ciderlab-server3/workspace/2026_industry_cowork/install/turtlebot3_manipulation_bringup:/home/ciderlab-server3/workspace/2026_industry_cowork/install/turtlebot3_manipulation_description:/home/ciderlab-server3/workspace/2026_industry_cowork/install/turtlebot3_manipulation_cartographer:/home/ciderlab-server3/turtlebot3_ws/install/turtlebot3:/home/ciderlab-server3/turtlebot3_ws/install/turtlebot3_simulations:/home/ciderlab-server3/turtlebot3_ws/install/turtlebot3_bringup:/home/ciderlab-server3/turtlebot3_ws/install/turtlebot3_node:/home/ciderlab-server3/turtlebot3_ws/install/turtlebot3_navigation2:/home/ciderlab-server3/turtlebot3_ws/install/turtlebot3_machine_learning:/home/ciderlab-server3/turtlebot3_ws/install/turtlebot3_fake_node:/home/ciderlab-server3/turtlebot3_ws/install/turtlebot3_msgs:/home/ciderlab-server3/turtlebot3_ws/install/turtlebot3_manipulation:/home/ciderlab-server3/turtlebot3_ws/install/turtlebot3_manipulation_teleop:/home/ciderlab-server3/turtlebot3_ws/install/turtlebot3_home_service_challenge:/home/ciderlab-server3/turtlebot3_ws/install/turtlebot3_home_service_challenge_manipulator:/home/ciderlab-server3/turtlebot3_ws/install/turtlebot3_home_service_challenge_tools:/home/ciderlab-server3/turtlebot3_ws/install/turtlebot3_manipulation_navigation2:/home/ciderlab-server3/turtlebot3_ws/install/turtlebot3_manipulation_moveit_config:/home/ciderlab-server3/turtlebot3_ws/install/turtlebot3_manipulation_hardware:/home/ciderlab-server3/turtlebot3_ws/install/turtlebot3_manipulation_gazebo:/home/ciderlab-server3/turtlebot3_ws/install/turtlebot3_manipulation_bringup:/home/ciderlab-server3/turtlebot3_ws/install/turtlebot3_manipulation_description:/home/ciderlab-server3/turtlebot3_ws/install/turtlebot3_manipulation_cartographer:/home/ciderlab-server3/turtlebot3_ws/install/turtlebot3_gazebo:/home/ciderlab-server3/turtlebot3_ws/install/turtlebot3_description:/home/ciderlab-server3/turtlebot3_ws/install/turtlebot3_cartographer:/home/ciderlab-server3/turtlebot3_ws/install/dynamixel_sdk_examples:/home/ciderlab-server3/turtlebot3_ws/install/dynamixel_sdk_custom_interfaces:/home/ciderlab-server3/turtlebot3_ws/install/dynamixel_sdk:/home/ciderlab-server3/turtlebot3_ws/install/turtlebot3_teleop:/home/ciderlab-server3/turtlebot3_ws/install/turtlebot3_example:/home/ciderlab-server3/turtlebot3_ws/install/turtlebot3_dqn:/home/ciderlab-server3/turtlebot3_ws/install/turtlebot3_home_service_challenge_core:/home/ciderlab-server3/turtlebot3_ws/install/turtlebot3_home_service_challenge_aruco:/opt/ros/humble LD_LIBRARY_PATH=/home/ciderlab-server3/workspace/2026_industry_cowork/IsaacSim-ros_workspaces/humble_ws/install/turtlebot3_manipulation_hardware/lib:${LD_LIBRARY_PATH} /usr/bin/cmake /home/ciderlab-server3/workspace/2026_industry_cowork/IsaacSim-ros_workspaces/humble_ws/src/turtlebot3_manipulation/turtlebot3_manipulation -DCMAKE_INSTALL_PREFIX=/home/ciderlab-server3/workspace/2026_industry_cowork/IsaacSim-ros_workspaces/humble_ws/install/turtlebot3_manipulation
[5.639s] DEBUG:colcon.colcon_core.event_handler.log_command:Invoking command in '/home/ciderlab-server3/workspace/2026_industry_cowork/IsaacSim-ros_workspaces/humble_ws/build/turtlebot3_manipulation': AMENT_PREFIX_PATH=/home/ciderlab-server3/workspace/2026_industry_cowork/IsaacSim-ros_workspaces/humble_ws/install/turtlebot3_manipulation_teleop:/home/ciderlab-server3/workspace/2026_industry_cowork/IsaacSim-ros_workspaces/humble_ws/install/turtlebot3_manipulation_moveit_config:/home/ciderlab-server3/workspace/2026_industry_cowork/IsaacSim-ros_workspaces/humble_ws/install/turtlebot3_manipulation_bringup:/home/ciderlab-server3/workspace/2026_industry_cowork/IsaacSim-ros_workspaces/humble_ws/install/turtlebot3_manipulation_navigation2:/home/ciderlab-server3/workspace/2026_industry_cowork/IsaacSim-ros_workspaces/humble_ws/install/turtlebot3_manipulation_hardware:/home/ciderlab-server3/workspace/2026_industry_cowork/IsaacSim-ros_workspaces/humble_ws/install/turtlebot3_manipulation_description:/home/ciderlab-server3/workspace/2026_industry_cowork/IsaacSim-ros_workspaces/humble_ws/install/turtlebot3_manipulation_cartographer:${AMENT_PREFIX_PATH} CMAKE_PREFIX_PATH=/home/ciderlab-server3/workspace/2026_industry_cowork/IsaacSim-ros_workspaces/humble_ws/install/turtlebot3_manipulation_teleop:/home/ciderlab-server3/workspace/2026_industry_cowork/IsaacSim-ros_workspaces/humble_ws/install/turtlebot3_manipulation_moveit_config:/home/ciderlab-server3/workspace/2026_industry_cowork/IsaacSim-ros_workspaces/humble_ws/install/turtlebot3_manipulation_bringup:/home/ciderlab-server3/workspace/2026_industry_cowork/IsaacSim-ros_workspaces/humble_ws/install/turtlebot3_manipulation_navigation2:/home/ciderlab-server3/workspace/2026_industry_cowork/IsaacSim-ros_workspaces/humble_ws/install/turtlebot3_manipulation_hardware:/home/ciderlab-server3/workspace/2026_industry_cowork/IsaacSim-ros_workspaces/humble_ws/install/turtlebot3_manipulation_description:/home/ciderlab-server3/workspace/2026_industry_cowork/IsaacSim-ros_workspaces/humble_ws/install/turtlebot3_manipulation_cartographer:/home/ciderlab-server3/workspace/2026_industry_cowork/install/turtlebot3_manipulation:/home/ciderlab-server3/workspace/2026_industry_cowork/install/turtlebot3_manipulation_teleop:/home/ciderlab-server3/workspace/2026_industry_cowork/install/turtlebot3_manipulation_navigation2:/home/ciderlab-server3/workspace/2026_industry_cowork/install/turtlebot3_manipulation_moveit_config:/home/ciderlab-server3/workspace/2026_industry_cowork/install/turtlebot3_manipulation_hardware:/home/ciderlab-server3/workspace/2026_industry_cowork/install/turtlebot3_manipulation_bringup:/home/ciderlab-server3/workspace/2026_industry_cowork/install/turtlebot3_manipulation_description:/home/ciderlab-server3/workspace/2026_industry_cowork/install/turtlebot3_manipulation_cartographer:/home/ciderlab-server3/turtlebot3_ws/install/turtlebot3:/home/ciderlab-server3/turtlebot3_ws/install/turtlebot3_simulations:/home/ciderlab-server3/turtlebot3_ws/install/turtlebot3_bringup:/home/ciderlab-server3/turtlebot3_ws/install/turtlebot3_node:/home/ciderlab-server3/turtlebot3_ws/install/turtlebot3_navigation2:/home/ciderlab-server3/turtlebot3_ws/install/turtlebot3_machine_learning:/home/ciderlab-server3/turtlebot3_ws/install/turtlebot3_fake_node:/home/ciderlab-server3/turtlebot3_ws/install/turtlebot3_msgs:/home/ciderlab-server3/turtlebot3_ws/install/turtlebot3_manipulation:/home/ciderlab-server3/turtlebot3_ws/install/turtlebot3_manipulation_teleop:/home/ciderlab-server3/turtlebot3_ws/install/turtlebot3_home_service_challenge:/home/ciderlab-server3/turtlebot3_ws/install/turtlebot3_home_service_challenge_manipulator:/home/ciderlab-server3/turtlebot3_ws/install/turtlebot3_home_service_challenge_tools:/home/ciderlab-server3/turtlebot3_ws/install/turtlebot3_manipulation_navigation2:/home/ciderlab-server3/turtlebot3_ws/install/turtlebot3_manipulation_moveit_config:/home/ciderlab-server3/turtlebot3_ws/install/turtlebot3_manipulation_hardware:/home/ciderlab-server3/turtlebot3_ws/install/turtlebot3_manipulation_gazebo:/home/ciderlab-server3/turtlebot3_ws/install/turtlebot3_manipulation_bringup:/home/ciderlab-server3/turtlebot3_ws/install/turtlebot3_manipulation_description:/home/ciderlab-server3/turtlebot3_ws/install/turtlebot3_manipulation_cartographer:/home/ciderlab-server3/turtlebot3_ws/install/turtlebot3_gazebo:/home/ciderlab-server3/turtlebot3_ws/install/turtlebot3_description:/home/ciderlab-server3/turtlebot3_ws/install/turtlebot3_cartographer:/home/ciderlab-server3/turtlebot3_ws/install/dynamixel_sdk_examples:/home/ciderlab-server3/turtlebot3_ws/install/dynamixel_sdk_custom_interfaces:/home/ciderlab-server3/turtlebot3_ws/install/dynamixel_sdk:/home/ciderlab-server3/turtlebot3_ws/install/turtlebot3_teleop:/home/ciderlab-server3/turtlebot3_ws/install/turtlebot3_example:/home/ciderlab-server3/turtlebot3_ws/install/turtlebot3_dqn:/home/ciderlab-server3/turtlebot3_ws/install/turtlebot3_home_service_challenge_core:/home/ciderlab-server3/turtlebot3_ws/install/turtlebot3_home_service_challenge_aruco:/opt/ros/humble LD_LIBRARY_PATH=/home/ciderlab-server3/workspace/2026_industry_cowork/IsaacSim-ros_workspaces/humble_ws/install/turtlebot3_manipulation_hardware/lib:${LD_LIBRARY_PATH} /usr/bin/cmake --build /home/ciderlab-server3/workspace/2026_industry_cowork/IsaacSim-ros_workspaces/humble_ws/build/turtlebot3_manipulation -- -j24 -l24
[5.658s] DEBUG:colcon.colcon_core.event_handler.log_command:Invoked command in '/home/ciderlab-server3/workspace/2026_industry_cowork/IsaacSim-ros_workspaces/humble_ws/build/turtlebot3_manipulation' returned '0': AMENT_PREFIX_PATH=/home/ciderlab-server3/workspace/2026_industry_cowork/IsaacSim-ros_workspaces/humble_ws/install/turtlebot3_manipulation_teleop:/home/ciderlab-server3/workspace/2026_industry_cowork/IsaacSim-ros_workspaces/humble_ws/install/turtlebot3_manipulation_moveit_config:/home/ciderlab-server3/workspace/2026_industry_cowork/IsaacSim-ros_workspaces/humble_ws/install/turtlebot3_manipulation_bringup:/home/ciderlab-server3/workspace/2026_industry_cowork/IsaacSim-ros_workspaces/humble_ws/install/turtlebot3_manipulation_navigation2:/home/ciderlab-server3/workspace/2026_industry_cowork/IsaacSim-ros_workspaces/humble_ws/install/turtlebot3_manipulation_hardware:/home/ciderlab-server3/workspace/2026_industry_cowork/IsaacSim-ros_workspaces/humble_ws/install/turtlebot3_manipulation_description:/home/ciderlab-server3/workspace/2026_industry_cowork/IsaacSim-ros_workspaces/humble_ws/install/turtlebot3_manipulation_cartographer:${AMENT_PREFIX_PATH} CMAKE_PREFIX_PATH=/home/ciderlab-server3/workspace/2026_industry_cowork/IsaacSim-ros_workspaces/humble_ws/install/turtlebot3_manipulation_teleop:/home/ciderlab-server3/workspace/2026_industry_cowork/IsaacSim-ros_workspaces/humble_ws/install/turtlebot3_manipulation_moveit_config:/home/ciderlab-server3/workspace/2026_industry_cowork/IsaacSim-ros_workspaces/humble_ws/install/turtlebot3_manipulation_bringup:/home/ciderlab-server3/workspace/2026_industry_cowork/IsaacSim-ros_workspaces/humble_ws/install/turtlebot3_manipulation_navigation2:/home/ciderlab-server3/workspace/2026_industry_cowork/IsaacSim-ros_workspaces/humble_ws/install/turtlebot3_manipulation_hardware:/home/ciderlab-server3/workspace/2026_industry_cowork/IsaacSim-ros_workspaces/humble_ws/install/turtlebot3_manipulation_description:/home/ciderlab-server3/workspace/2026_industry_cowork/IsaacSim-ros_workspaces/humble_ws/install/turtlebot3_manipulation_cartographer:/home/ciderlab-server3/workspace/2026_industry_cowork/install/turtlebot3_manipulation:/home/ciderlab-server3/workspace/2026_industry_cowork/install/turtlebot3_manipulation_teleop:/home/ciderlab-server3/workspace/2026_industry_cowork/install/turtlebot3_manipulation_navigation2:/home/ciderlab-server3/workspace/2026_industry_cowork/install/turtlebot3_manipulation_moveit_config:/home/ciderlab-server3/workspace/2026_industry_cowork/install/turtlebot3_manipulation_hardware:/home/ciderlab-server3/workspace/2026_industry_cowork/install/turtlebot3_manipulation_bringup:/home/ciderlab-server3/workspace/2026_industry_cowork/install/turtlebot3_manipulation_description:/home/ciderlab-server3/workspace/2026_industry_cowork/install/turtlebot3_manipulation_cartographer:/home/ciderlab-server3/turtlebot3_ws/install/turtlebot3:/home/ciderlab-server3/turtlebot3_ws/install/turtlebot3_simulations:/home/ciderlab-server3/turtlebot3_ws/install/turtlebot3_bringup:/home/ciderlab-server3/turtlebot3_ws/install/turtlebot3_node:/home/ciderlab-server3/turtlebot3_ws/install/turtlebot3_navigation2:/home/ciderlab-server3/turtlebot3_ws/install/turtlebot3_machine_learning:/home/ciderlab-server3/turtlebot3_ws/install/turtlebot3_fake_node:/home/ciderlab-server3/turtlebot3_ws/install/turtlebot3_msgs:/home/ciderlab-server3/turtlebot3_ws/install/turtlebot3_manipulation:/home/ciderlab-server3/turtlebot3_ws/install/turtlebot3_manipulation_teleop:/home/ciderlab-server3/turtlebot3_ws/install/turtlebot3_home_service_challenge:/home/ciderlab-server3/turtlebot3_ws/install/turtlebot3_home_service_challenge_manipulator:/home/ciderlab-server3/turtlebot3_ws/install/turtlebot3_home_service_challenge_tools:/home/ciderlab-server3/turtlebot3_ws/install/turtlebot3_manipulation_navigation2:/home/ciderlab-server3/turtlebot3_ws/install/turtlebot3_manipulation_moveit_config:/home/ciderlab-server3/turtlebot3_ws/install/turtlebot3_manipulation_hardware:/home/ciderlab-server3/turtlebot3_ws/install/turtlebot3_manipulation_gazebo:/home/ciderlab-server3/turtlebot3_ws/install/turtlebot3_manipulation_bringup:/home/ciderlab-server3/turtlebot3_ws/install/turtlebot3_manipulation_description:/home/ciderlab-server3/turtlebot3_ws/install/turtlebot3_manipulation_cartographer:/home/ciderlab-server3/turtlebot3_ws/install/turtlebot3_gazebo:/home/ciderlab-server3/turtlebot3_ws/install/turtlebot3_description:/home/ciderlab-server3/turtlebot3_ws/install/turtlebot3_cartographer:/home/ciderlab-server3/turtlebot3_ws/install/dynamixel_sdk_examples:/home/ciderlab-server3/turtlebot3_ws/install/dynamixel_sdk_custom_interfaces:/home/ciderlab-server3/turtlebot3_ws/install/dynamixel_sdk:/home/ciderlab-server3/turtlebot3_ws/install/turtlebot3_teleop:/home/ciderlab-server3/turtlebot3_ws/install/turtlebot3_example:/home/ciderlab-server3/turtlebot3_ws/install/turtlebot3_dqn:/home/ciderlab-server3/turtlebot3_ws/install/turtlebot3_home_service_challenge_core:/home/ciderlab-server3/turtlebot3_ws/install/turtlebot3_home_service_challenge_aruco:/opt/ros/humble LD_LIBRARY_PATH=/home/ciderlab-server3/workspace/2026_industry_cowork/IsaacSim-ros_workspaces/humble_ws/install/turtlebot3_manipulation_hardware/lib:${LD_LIBRARY_PATH} /usr/bin/cmake --build /home/ciderlab-server3/workspace/2026_industry_cowork/IsaacSim-ros_workspaces/humble_ws/build/turtlebot3_manipulation -- -j24 -l24
[5.659s] DEBUG:colcon.colcon_core.event_handler.log_command:Invoking command in '/home/ciderlab-server3/workspace/2026_industry_cowork/IsaacSim-ros_workspaces/humble_ws/build/turtlebot3_manipulation': AMENT_PREFIX_PATH=/home/ciderlab-server3/workspace/2026_industry_cowork/IsaacSim-ros_workspaces/humble_ws/install/turtlebot3_manipulation_teleop:/home/ciderlab-server3/workspace/2026_industry_cowork/IsaacSim-ros_workspaces/humble_ws/install/turtlebot3_manipulation_moveit_config:/home/ciderlab-server3/workspace/2026_industry_cowork/IsaacSim-ros_workspaces/humble_ws/install/turtlebot3_manipulation_bringup:/home/ciderlab-server3/workspace/2026_industry_cowork/IsaacSim-ros_workspaces/humble_ws/install/turtlebot3_manipulation_navigation2:/home/ciderlab-server3/workspace/2026_industry_cowork/IsaacSim-ros_workspaces/humble_ws/install/turtlebot3_manipulation_hardware:/home/ciderlab-server3/workspace/2026_industry_cowork/IsaacSim-ros_workspaces/humble_ws/install/turtlebot3_manipulation_description:/home/ciderlab-server3/workspace/2026_industry_cowork/IsaacSim-ros_workspaces/humble_ws/install/turtlebot3_manipulation_cartographer:${AMENT_PREFIX_PATH} CMAKE_PREFIX_PATH=/home/ciderlab-server3/workspace/2026_industry_cowork/IsaacSim-ros_workspaces/humble_ws/install/turtlebot3_manipulation_teleop:/home/ciderlab-server3/workspace/2026_industry_cowork/IsaacSim-ros_workspaces/humble_ws/install/turtlebot3_manipulation_moveit_config:/home/ciderlab-server3/workspace/2026_industry_cowork/IsaacSim-ros_workspaces/humble_ws/install/turtlebot3_manipulation_bringup:/home/ciderlab-server3/workspace/2026_industry_cowork/IsaacSim-ros_workspaces/humble_ws/install/turtlebot3_manipulation_navigation2:/home/ciderlab-server3/workspace/2026_industry_cowork/IsaacSim-ros_workspaces/humble_ws/install/turtlebot3_manipulation_hardware:/home/ciderlab-server3/workspace/2026_industry_cowork/IsaacSim-ros_workspaces/humble_ws/install/turtlebot3_manipulation_description:/home/ciderlab-server3/workspace/2026_industry_cowork/IsaacSim-ros_workspaces/humble_ws/install/turtlebot3_manipulation_cartographer:/home/ciderlab-server3/workspace/2026_industry_cowork/install/turtlebot3_manipulation:/home/ciderlab-server3/workspace/2026_industry_cowork/install/turtlebot3_manipulation_teleop:/home/ciderlab-server3/workspace/2026_industry_cowork/install/turtlebot3_manipulation_navigation2:/home/ciderlab-server3/workspace/2026_industry_cowork/install/turtlebot3_manipulation_moveit_config:/home/ciderlab-server3/workspace/2026_industry_cowork/install/turtlebot3_manipulation_hardware:/home/ciderlab-server3/workspace/2026_industry_cowork/install/turtlebot3_manipulation_bringup:/home/ciderlab-server3/workspace/2026_industry_cowork/install/turtlebot3_manipulation_description:/home/ciderlab-server3/workspace/2026_industry_cowork/install/turtlebot3_manipulation_cartographer:/home/ciderlab-server3/turtlebot3_ws/install/turtlebot3:/home/ciderlab-server3/turtlebot3_ws/install/turtlebot3_simulations:/home/ciderlab-server3/turtlebot3_ws/install/turtlebot3_bringup:/home/ciderlab-server3/turtlebot3_ws/install/turtlebot3_node:/home/ciderlab-server3/turtlebot3_ws/install/turtlebot3_navigation2:/home/ciderlab-server3/turtlebot3_ws/install/turtlebot3_machine_learning:/home/ciderlab-server3/turtlebot3_ws/install/turtlebot3_fake_node:/home/ciderlab-server3/turtlebot3_ws/install/turtlebot3_msgs:/home/ciderlab-server3/turtlebot3_ws/install/turtlebot3_manipulation:/home/ciderlab-server3/turtlebot3_ws/install/turtlebot3_manipulation_teleop:/home/ciderlab-server3/turtlebot3_ws/install/turtlebot3_home_service_challenge:/home/ciderlab-server3/turtlebot3_ws/install/turtlebot3_home_service_challenge_manipulator:/home/ciderlab-server3/turtlebot3_ws/install/turtlebot3_home_service_challenge_tools:/home/ciderlab-server3/turtlebot3_ws/install/turtlebot3_manipulation_navigation2:/home/ciderlab-server3/turtlebot3_ws/install/turtlebot3_manipulation_moveit_config:/home/ciderlab-server3/turtlebot3_ws/install/turtlebot3_manipulation_hardware:/home/ciderlab-server3/turtlebot3_ws/install/turtlebot3_manipulation_gazebo:/home/ciderlab-server3/turtlebot3_ws/install/turtlebot3_manipulation_bringup:/home/ciderlab-server3/turtlebot3_ws/install/turtlebot3_manipulation_description:/home/ciderlab-server3/turtlebot3_ws/install/turtlebot3_manipulation_cartographer:/home/ciderlab-server3/turtlebot3_ws/install/turtlebot3_gazebo:/home/ciderlab-server3/turtlebot3_ws/install/turtlebot3_description:/home/ciderlab-server3/turtlebot3_ws/install/turtlebot3_cartographer:/home/ciderlab-server3/turtlebot3_ws/install/dynamixel_sdk_examples:/home/ciderlab-server3/turtlebot3_ws/install/dynamixel_sdk_custom_interfaces:/home/ciderlab-server3/turtlebot3_ws/install/dynamixel_sdk:/home/ciderlab-server3/turtlebot3_ws/install/turtlebot3_teleop:/home/ciderlab-server3/turtlebot3_ws/install/turtlebot3_example:/home/ciderlab-server3/turtlebot3_ws/install/turtlebot3_dqn:/home/ciderlab-server3/turtlebot3_ws/install/turtlebot3_home_service_challenge_core:/home/ciderlab-server3/turtlebot3_ws/install/turtlebot3_home_service_challenge_aruco:/opt/ros/humble LD_LIBRARY_PATH=/home/ciderlab-server3/workspace/2026_industry_cowork/IsaacSim-ros_workspaces/humble_ws/install/turtlebot3_manipulation_hardware/lib:${LD_LIBRARY_PATH} /usr/bin/cmake --install /home/ciderlab-server3/workspace/2026_industry_cowork/IsaacSim-ros_workspaces/humble_ws/build/turtlebot3_manipulation
[5.664s] Level 1:colcon.colcon_core.environment:create_environment_scripts_only(turtlebot3_manipulation)
[5.664s] Level 1:colcon.colcon_core.environment:checking '/home/ciderlab-server3/workspace/2026_industry_cowork/IsaacSim-ros_workspaces/humble_ws/install/turtlebot3_manipulation' for CMake module files
[5.664s] DEBUG:colcon.colcon_core.event_handler.log_command:Invoked command in '/home/ciderlab-server3/workspace/2026_industry_cowork/IsaacSim-ros_workspaces/humble_ws/build/turtlebot3_manipulation' returned '0': AMENT_PREFIX_PATH=/home/ciderlab-server3/workspace/2026_industry_cowork/IsaacSim-ros_workspaces/humble_ws/install/turtlebot3_manipulation_teleop:/home/ciderlab-server3/workspace/2026_industry_cowork/IsaacSim-ros_workspaces/humble_ws/install/turtlebot3_manipulation_moveit_config:/home/ciderlab-server3/workspace/2026_industry_cowork/IsaacSim-ros_workspaces/humble_ws/install/turtlebot3_manipulation_bringup:/home/ciderlab-server3/workspace/2026_industry_cowork/IsaacSim-ros_workspaces/humble_ws/install/turtlebot3_manipulation_navigation2:/home/ciderlab-server3/workspace/2026_industry_cowork/IsaacSim-ros_workspaces/humble_ws/install/turtlebot3_manipulation_hardware:/home/ciderlab-server3/workspace/2026_industry_cowork/IsaacSim-ros_workspaces/humble_ws/install/turtlebot3_manipulation_description:/home/ciderlab-server3/workspace/2026_industry_cowork/IsaacSim-ros_workspaces/humble_ws/install/turtlebot3_manipulation_cartographer:${AMENT_PREFIX_PATH} CMAKE_PREFIX_PATH=/home/ciderlab-server3/workspace/2026_industry_cowork/IsaacSim-ros_workspaces/humble_ws/install/turtlebot3_manipulation_teleop:/home/ciderlab-server3/workspace/2026_industry_cowork/IsaacSim-ros_workspaces/humble_ws/install/turtlebot3_manipulation_moveit_config:/home/ciderlab-server3/workspace/2026_industry_cowork/IsaacSim-ros_workspaces/humble_ws/install/turtlebot3_manipulation_bringup:/home/ciderlab-server3/workspace/2026_industry_cowork/IsaacSim-ros_workspaces/humble_ws/install/turtlebot3_manipulation_navigation2:/home/ciderlab-server3/workspace/2026_industry_cowork/IsaacSim-ros_workspaces/humble_ws/install/turtlebot3_manipulation_hardware:/home/ciderlab-server3/workspace/2026_industry_cowork/IsaacSim-ros_workspaces/humble_ws/install/turtlebot3_manipulation_description:/home/ciderlab-server3/workspace/2026_industry_cowork/IsaacSim-ros_workspaces/humble_ws/install/turtlebot3_manipulation_cartographer:/home/ciderlab-server3/workspace/2026_industry_cowork/install/turtlebot3_manipulation:/home/ciderlab-server3/workspace/2026_industry_cowork/install/turtlebot3_manipulation_teleop:/home/ciderlab-server3/workspace/2026_industry_cowork/install/turtlebot3_manipulation_navigation2:/home/ciderlab-server3/workspace/2026_industry_cowork/install/turtlebot3_manipulation_moveit_config:/home/ciderlab-server3/workspace/2026_industry_cowork/install/turtlebot3_manipulation_hardware:/home/ciderlab-server3/workspace/2026_industry_cowork/install/turtlebot3_manipulation_bringup:/home/ciderlab-server3/workspace/2026_industry_cowork/install/turtlebot3_manipulation_description:/home/ciderlab-server3/workspace/2026_industry_cowork/install/turtlebot3_manipulation_cartographer:/home/ciderlab-server3/turtlebot3_ws/install/turtlebot3:/home/ciderlab-server3/turtlebot3_ws/install/turtlebot3_simulations:/home/ciderlab-server3/turtlebot3_ws/install/turtlebot3_bringup:/home/ciderlab-server3/turtlebot3_ws/install/turtlebot3_node:/home/ciderlab-server3/turtlebot3_ws/install/turtlebot3_navigation2:/home/ciderlab-server3/turtlebot3_ws/install/turtlebot3_machine_learning:/home/ciderlab-server3/turtlebot3_ws/install/turtlebot3_fake_node:/home/ciderlab-server3/turtlebot3_ws/install/turtlebot3_msgs:/home/ciderlab-server3/turtlebot3_ws/install/turtlebot3_manipulation:/home/ciderlab-server3/turtlebot3_ws/install/turtlebot3_manipulation_teleop:/home/ciderlab-server3/turtlebot3_ws/install/turtlebot3_home_service_challenge:/home/ciderlab-server3/turtlebot3_ws/install/turtlebot3_home_service_challenge_manipulator:/home/ciderlab-server3/turtlebot3_ws/install/turtlebot3_home_service_challenge_tools:/home/ciderlab-server3/turtlebot3_ws/install/turtlebot3_manipulation_navigation2:/home/ciderlab-server3/turtlebot3_ws/install/turtlebot3_manipulation_moveit_config:/home/ciderlab-server3/turtlebot3_ws/install/turtlebot3_manipulation_hardware:/home/ciderlab-server3/turtlebot3_ws/install/turtlebot3_manipulation_gazebo:/home/ciderlab-server3/turtlebot3_ws/install/turtlebot3_manipulation_bringup:/home/ciderlab-server3/turtlebot3_ws/install/turtlebot3_manipulation_description:/home/ciderlab-server3/turtlebot3_ws/install/turtlebot3_manipulation_cartographer:/home/ciderlab-server3/turtlebot3_ws/install/turtlebot3_gazebo:/home/ciderlab-server3/turtlebot3_ws/install/turtlebot3_description:/home/ciderlab-server3/turtlebot3_ws/install/turtlebot3_cartographer:/home/ciderlab-server3/turtlebot3_ws/install/dynamixel_sdk_examples:/home/ciderlab-server3/turtlebot3_ws/install/dynamixel_sdk_custom_interfaces:/home/ciderlab-server3/turtlebot3_ws/install/dynamixel_sdk:/home/ciderlab-server3/turtlebot3_ws/install/turtlebot3_teleop:/home/ciderlab-server3/turtlebot3_ws/install/turtlebot3_example:/home/ciderlab-server3/turtlebot3_ws/install/turtlebot3_dqn:/home/ciderlab-server3/turtlebot3_ws/install/turtlebot3_home_service_challenge_core:/home/ciderlab-server3/turtlebot3_ws/install/turtlebot3_home_service_challenge_aruco:/opt/ros/humble LD_LIBRARY_PATH=/home/ciderlab-server3/workspace/2026_industry_cowork/IsaacSim-ros_workspaces/humble_ws/install/turtlebot3_manipulation_hardware/lib:${LD_LIBRARY_PATH} /usr/bin/cmake --install /home/ciderlab-server3/workspace/2026_industry_cowork/IsaacSim-ros_workspaces/humble_ws/build/turtlebot3_manipulation
[5.664s] Level 1:colcon.colcon_core.environment:checking '/home/ciderlab-server3/workspace/2026_industry_cowork/IsaacSim-ros_workspaces/humble_ws/install/turtlebot3_manipulation' for CMake config files
[5.664s] Level 1:colcon.colcon_core.shell:create_environment_hook('turtlebot3_manipulation', 'cmake_prefix_path')
[5.664s] INFO:colcon.colcon_core.shell:Creating environment hook '/home/ciderlab-server3/workspace/2026_industry_cowork/IsaacSim-ros_workspaces/humble_ws/install/turtlebot3_manipulation/share/turtlebot3_manipulation/hook/cmake_prefix_path.ps1'
[5.665s] INFO:colcon.colcon_core.shell:Creating environment descriptor '/home/ciderlab-server3/workspace/2026_industry_cowork/IsaacSim-ros_workspaces/humble_ws/install/turtlebot3_manipulation/share/turtlebot3_manipulation/hook/cmake_prefix_path.dsv'
[5.665s] INFO:colcon.colcon_core.shell:Creating environment hook '/home/ciderlab-server3/workspace/2026_industry_cowork/IsaacSim-ros_workspaces/humble_ws/install/turtlebot3_manipulation/share/turtlebot3_manipulation/hook/cmake_prefix_path.sh'
[5.665s] Level 1:colcon.colcon_core.environment:checking '/home/ciderlab-server3/workspace/2026_industry_cowork/IsaacSim-ros_workspaces/humble_ws/install/turtlebot3_manipulation/bin'
[5.665s] Level 1:colcon.colcon_core.environment:checking '/home/ciderlab-server3/workspace/2026_industry_cowork/IsaacSim-ros_workspaces/humble_ws/install/turtlebot3_manipulation/lib/pkgconfig/turtlebot3_manipulation.pc'
[5.666s] Level 1:colcon.colcon_core.environment:checking '/home/ciderlab-server3/workspace/2026_industry_cowork/IsaacSim-ros_workspaces/humble_ws/install/turtlebot3_manipulation/lib/python3.10/site-packages'
[5.666s] Level 1:colcon.colcon_core.environment:checking '/home/ciderlab-server3/workspace/2026_industry_cowork/IsaacSim-ros_workspaces/humble_ws/install/turtlebot3_manipulation/bin'
[5.666s] INFO:colcon.colcon_core.shell:Creating package script '/home/ciderlab-server3/workspace/2026_industry_cowork/IsaacSim-ros_workspaces/humble_ws/install/turtlebot3_manipulation/share/turtlebot3_manipulation/package.ps1'
[5.666s] INFO:colcon.colcon_core.shell:Creating package descriptor '/home/ciderlab-server3/workspace/2026_industry_cowork/IsaacSim-ros_workspaces/humble_ws/install/turtlebot3_manipulation/share/turtlebot3_manipulation/package.dsv'
[5.666s] INFO:colcon.colcon_core.shell:Creating package script '/home/ciderlab-server3/workspace/2026_industry_cowork/IsaacSim-ros_workspaces/humble_ws/install/turtlebot3_manipulation/share/turtlebot3_manipulation/package.sh'
[5.666s] INFO:colcon.colcon_core.shell:Creating package script '/home/ciderlab-server3/workspace/2026_industry_cowork/IsaacSim-ros_workspaces/humble_ws/install/turtlebot3_manipulation/share/turtlebot3_manipulation/package.bash'
[5.667s] INFO:colcon.colcon_core.shell:Creating package script '/home/ciderlab-server3/workspace/2026_industry_cowork/IsaacSim-ros_workspaces/humble_ws/install/turtlebot3_manipulation/share/turtlebot3_manipulation/package.zsh'
[5.667s] Level 1:colcon.colcon_core.environment:create_file_with_runtime_dependencies(/home/ciderlab-server3/workspace/2026_industry_cowork/IsaacSim-ros_workspaces/humble_ws/install/turtlebot3_manipulation/share/colcon-core/packages/turtlebot3_manipulation)
[5.667s] Level 1:colcon.colcon_core.environment:create_environment_scripts_only(turtlebot3_manipulation)
[5.667s] Level 1:colcon.colcon_core.environment:checking '/home/ciderlab-server3/workspace/2026_industry_cowork/IsaacSim-ros_workspaces/humble_ws/install/turtlebot3_manipulation' for CMake module files
[5.667s] Level 1:colcon.colcon_core.environment:checking '/home/ciderlab-server3/workspace/2026_industry_cowork/IsaacSim-ros_workspaces/humble_ws/install/turtlebot3_manipulation' for CMake config files
[5.667s] Level 1:colcon.colcon_core.shell:create_environment_hook('turtlebot3_manipulation', 'cmake_prefix_path')
[5.667s] INFO:colcon.colcon_core.shell:Creating environment hook '/home/ciderlab-server3/workspace/2026_industry_cowork/IsaacSim-ros_workspaces/humble_ws/install/turtlebot3_manipulation/share/turtlebot3_manipulation/hook/cmake_prefix_path.ps1'
[5.667s] INFO:colcon.colcon_core.shell:Creating environment descriptor '/home/ciderlab-server3/workspace/2026_industry_cowork/IsaacSim-ros_workspaces/humble_ws/install/turtlebot3_manipulation/share/turtlebot3_manipulation/hook/cmake_prefix_path.dsv'
[5.668s] INFO:colcon.colcon_core.shell:Creating environment hook '/home/ciderlab-server3/workspace/2026_industry_cowork/IsaacSim-ros_workspaces/humble_ws/install/turtlebot3_manipulation/share/turtlebot3_manipulation/hook/cmake_prefix_path.sh'
[5.668s] Level 1:colcon.colcon_core.environment:checking '/home/ciderlab-server3/workspace/2026_industry_cowork/IsaacSim-ros_workspaces/humble_ws/install/turtlebot3_manipulation/bin'
[5.668s] Level 1:colcon.colcon_core.environment:checking '/home/ciderlab-server3/workspace/2026_industry_cowork/IsaacSim-ros_workspaces/humble_ws/install/turtlebot3_manipulation/lib/pkgconfig/turtlebot3_manipulation.pc'
[5.668s] Level 1:colcon.colcon_core.environment:checking '/home/ciderlab-server3/workspace/2026_industry_cowork/IsaacSim-ros_workspaces/humble_ws/install/turtlebot3_manipulation/lib/python3.10/site-packages'
[5.668s] Level 1:colcon.colcon_core.environment:checking '/home/ciderlab-server3/workspace/2026_industry_cowork/IsaacSim-ros_workspaces/humble_ws/install/turtlebot3_manipulation/bin'
[5.668s] INFO:colcon.colcon_core.shell:Creating package script '/home/ciderlab-server3/workspace/2026_industry_cowork/IsaacSim-ros_workspaces/humble_ws/install/turtlebot3_manipulation/share/turtlebot3_manipulation/package.ps1'
[5.668s] INFO:colcon.colcon_core.shell:Creating package descriptor '/home/ciderlab-server3/workspace/2026_industry_cowork/IsaacSim-ros_workspaces/humble_ws/install/turtlebot3_manipulation/share/turtlebot3_manipulation/package.dsv'
[5.668s] INFO:colcon.colcon_core.shell:Creating package script '/home/ciderlab-server3/workspace/2026_industry_cowork/IsaacSim-ros_workspaces/humble_ws/install/turtlebot3_manipulation/share/turtlebot3_manipulation/package.sh'
[5.669s] INFO:colcon.colcon_core.shell:Creating package script '/home/ciderlab-server3/workspace/2026_industry_cowork/IsaacSim-ros_workspaces/humble_ws/install/turtlebot3_manipulation/share/turtlebot3_manipulation/package.bash'
[5.669s] INFO:colcon.colcon_core.shell:Creating package script '/home/ciderlab-server3/workspace/2026_industry_cowork/IsaacSim-ros_workspaces/humble_ws/install/turtlebot3_manipulation/share/turtlebot3_manipulation/package.zsh'
[5.669s] Level 1:colcon.colcon_core.environment:create_file_with_runtime_dependencies(/home/ciderlab-server3/workspace/2026_industry_cowork/IsaacSim-ros_workspaces/humble_ws/install/turtlebot3_manipulation/share/colcon-core/packages/turtlebot3_manipulation)
[5.669s] DEBUG:colcon.colcon_parallel_executor.executor.parallel:closing loop
[5.670s] DEBUG:colcon.colcon_parallel_executor.executor.parallel:loop closed
[5.670s] DEBUG:colcon.colcon_parallel_executor.executor.parallel:run_until_complete finished with '0'
[5.670s] DEBUG:colcon.colcon_core.event_reactor:joining thread
[5.673s] INFO:colcon.colcon_core.plugin_system:Skipping extension 'colcon_notification.desktop_notification.terminal_notifier': Not used on non-Darwin systems
[5.673s] INFO:colcon.colcon_core.plugin_system:Skipping extension 'colcon_notification.desktop_notification.win32': Not used on non-Windows systems
[5.673s] INFO:colcon.colcon_notification.desktop_notification:Sending desktop notification using 'notify2'
[5.679s] DEBUG:colcon.colcon_core.event_reactor:joined thread
[5.679s] INFO:colcon.colcon_core.shell:Creating prefix script '/home/ciderlab-server3/workspace/2026_industry_cowork/IsaacSim-ros_workspaces/humble_ws/install/local_setup.ps1'
[5.680s] INFO:colcon.colcon_core.shell:Creating prefix util module '/home/ciderlab-server3/workspace/2026_industry_cowork/IsaacSim-ros_workspaces/humble_ws/install/_local_setup_util_ps1.py'
[5.681s] INFO:colcon.colcon_core.shell:Creating prefix chain script '/home/ciderlab-server3/workspace/2026_industry_cowork/IsaacSim-ros_workspaces/humble_ws/install/setup.ps1'
[5.681s] INFO:colcon.colcon_core.shell:Creating prefix script '/home/ciderlab-server3/workspace/2026_industry_cowork/IsaacSim-ros_workspaces/humble_ws/install/local_setup.sh'
[5.682s] INFO:colcon.colcon_core.shell:Creating prefix util module '/home/ciderlab-server3/workspace/2026_industry_cowork/IsaacSim-ros_workspaces/humble_ws/install/_local_setup_util_sh.py'
[5.682s] INFO:colcon.colcon_core.shell:Creating prefix chain script '/home/ciderlab-server3/workspace/2026_industry_cowork/IsaacSim-ros_workspaces/humble_ws/install/setup.sh'
[5.683s] INFO:colcon.colcon_core.shell:Creating prefix script '/home/ciderlab-server3/workspace/2026_industry_cowork/IsaacSim-ros_workspaces/humble_ws/install/local_setup.bash'
[5.683s] INFO:colcon.colcon_core.shell:Creating prefix chain script '/home/ciderlab-server3/workspace/2026_industry_cowork/IsaacSim-ros_workspaces/humble_ws/install/setup.bash'
[5.684s] INFO:colcon.colcon_core.shell:Creating prefix script '/home/ciderlab-server3/workspace/2026_industry_cowork/IsaacSim-ros_workspaces/humble_ws/install/local_setup.zsh'
[5.684s] INFO:colcon.colcon_core.shell:Creating prefix chain script '/home/ciderlab-server3/workspace/2026_industry_cowork/IsaacSim-ros_workspaces/humble_ws/install/setup.zsh'
