[0.047s] DEBUG:colcon:Command line arguments: ['/usr/bin/colcon', 'build', '--symlink-install']
[0.047s] DEBUG:colcon:Parsed command line arguments: Namespace(log_base=None, log_level=None, verb_name='build', build_base='build', install_base='install', merge_install=False, symlink_install=True, test_result_base=None, continue_on_error=False, executor='parallel', parallel_workers=24, event_handlers=None, ignore_user_meta=False, metas=['./colcon.meta'], base_paths=['.'], packages_ignore=None, packages_ignore_regex=None, paths=None, packages_up_to=None, packages_up_to_regex=None, packages_above=None, packages_above_and_dependencies=None, packages_above_depth=None, packages_select_by_dep=None, packages_skip_by_dep=None, packages_skip_up_to=None, packages_select_build_failed=False, packages_skip_build_finished=False, packages_select_test_failures=False, packages_skip_test_passed=False, packages_select=None, packages_skip=None, packages_select_regex=None, packages_skip_regex=None, packages_start=None, packages_end=None, allow_overriding=[], cmake_args=None, cmake_target=None, cmake_target_skip_unavailable=False, cmake_clean_cache=False, cmake_clean_first=False, cmake_force_configure=False, ament_cmake_args=None, catkin_cmake_args=None, catkin_skip_building_tests=False, mixin_files=None, mixin=None, verb_parser=<colcon_mixin.mixin.mixin_argument.MixinArgumentDecorator object at 0x784b4de75e10>, verb_extension=<colcon_core.verb.build.BuildVerb object at 0x784b4df96fb0>, main=<bound method BuildVerb.main of <colcon_core.verb.build.BuildVerb object at 0x784b4df96fb0>>, mixin_verb=('build',))
[0.110s] Level 1:colcon.colcon_core.package_discovery:discover_packages(colcon_meta) check parameters
[0.110s] Level 1:colcon.colcon_core.package_discovery:discover_packages(recursive) check parameters
[0.110s] Level 1:colcon.colcon_core.package_discovery:discover_packages(ignore) check parameters
[0.110s] Level 1:colcon.colcon_core.package_discovery:discover_packages(path) check parameters
[0.110s] Level 1:colcon.colcon_core.package_discovery:discover_packages(colcon_meta) discover
[0.110s] Level 1:colcon.colcon_core.package_discovery:discover_packages(recursive) discover
[0.110s] INFO:colcon.colcon_core.package_discovery:Crawling recursively for packages in '/home/ciderlab-server3/workspace/2026_industry_cowork/IsaacSim-ros_workspaces/humble_ws'
[0.110s] Level 1:colcon.colcon_core.package_identification:_identify(.) by extensions ['ignore', 'ignore_ament_install']
[0.110s] Level 1:colcon.colcon_core.package_identification:_identify(.) by extension 'ignore'
[0.110s] Level 1:colcon.colcon_core.package_identification:_identify(.) by extension 'ignore_ament_install'
[0.110s] Level 1:colcon.colcon_core.package_identification:_identify(.) by extensions ['colcon_pkg']
[0.110s] Level 1:colcon.colcon_core.package_identification:_identify(.) by extension 'colcon_pkg'
[0.110s] Level 1:colcon.colcon_core.package_identification:_identify(.) by extensions ['colcon_meta']
[0.110s] Level 1:colcon.colcon_core.package_identification:_identify(.) by extension 'colcon_meta'
[0.110s] Level 1:colcon.colcon_core.package_identification:_identify(.) by extensions ['ros']
[0.110s] Level 1:colcon.colcon_core.package_identification:_identify(.) by extension 'ros'
[0.115s] Level 1:colcon.colcon_core.package_identification:_identify(.) by extensions ['cmake', 'python']
[0.115s] Level 1:colcon.colcon_core.package_identification:_identify(.) by extension 'cmake'
[0.115s] Level 1:colcon.colcon_core.package_identification:_identify(.) by extension 'python'
[0.115s] Level 1:colcon.colcon_core.package_identification:_identify(.) by extensions ['python_setup_py']
[0.115s] Level 1:colcon.colcon_core.package_identification:_identify(.) by extension 'python_setup_py'
[0.115s] Level 1:colcon.colcon_core.package_identification:_identify(build) by extensions ['ignore', 'ignore_ament_install']
[0.115s] Level 1:colcon.colcon_core.package_identification:_identify(build) by extension 'ignore'
[0.115s] Level 1:colcon.colcon_core.package_identification:_identify(build) ignored
[0.115s] Level 1:colcon.colcon_core.package_identification:_identify(install) by extensions ['ignore', 'ignore_ament_install']
[0.115s] Level 1:colcon.colcon_core.package_identification:_identify(install) by extension 'ignore'
[0.115s] Level 1:colcon.colcon_core.package_identification:_identify(install) ignored
[0.115s] Level 1:colcon.colcon_core.package_identification:_identify(log) by extensions ['ignore', 'ignore_ament_install']
[0.115s] Level 1:colcon.colcon_core.package_identification:_identify(log) by extension 'ignore'
[0.115s] Level 1:colcon.colcon_core.package_identification:_identify(log) ignored
[0.115s] Level 1:colcon.colcon_core.package_identification:_identify(src) by extensions ['ignore', 'ignore_ament_install']
[0.115s] Level 1:colcon.colcon_core.package_identification:_identify(src) by extension 'ignore'
[0.115s] Level 1:colcon.colcon_core.package_identification:_identify(src) by extension 'ignore_ament_install'
[0.115s] Level 1:colcon.colcon_core.package_identification:_identify(src) by extensions ['colcon_pkg']
[0.115s] Level 1:colcon.colcon_core.package_identification:_identify(src) by extension 'colcon_pkg'
[0.115s] Level 1:colcon.colcon_core.package_identification:_identify(src) by extensions ['colcon_meta']
[0.115s] Level 1:colcon.colcon_core.package_identification:_identify(src) by extension 'colcon_meta'
[0.115s] Level 1:colcon.colcon_core.package_identification:_identify(src) by extensions ['ros']
[0.115s] Level 1:colcon.colcon_core.package_identification:_identify(src) by extension 'ros'
[0.115s] Level 1:colcon.colcon_core.package_identification:_identify(src) by extensions ['cmake', 'python']
[0.115s] Level 1:colcon.colcon_core.package_identification:_identify(src) by extension 'cmake'
[0.115s] Level 1:colcon.colcon_core.package_identification:_identify(src) by extension 'python'
[0.115s] Level 1:colcon.colcon_core.package_identification:_identify(src) by extensions ['python_setup_py']
[0.115s] Level 1:colcon.colcon_core.package_identification:_identify(src) by extension 'python_setup_py'
[0.115s] Level 1:colcon.colcon_core.package_identification:_identify(src/ackermann_control) by extensions ['ignore', 'ignore_ament_install']
[0.116s] Level 1:colcon.colcon_core.package_identification:_identify(src/ackermann_control) by extension 'ignore'
[0.116s] Level 1:colcon.colcon_core.package_identification:_identify(src/ackermann_control) by extension 'ignore_ament_install'
[0.116s] Level 1:colcon.colcon_core.package_identification:_identify(src/ackermann_control) by extensions ['colcon_pkg']
[0.116s] Level 1:colcon.colcon_core.package_identification:_identify(src/ackermann_control) by extension 'colcon_pkg'
[0.116s] Level 1:colcon.colcon_core.package_identification:_identify(src/ackermann_control) by extensions ['colcon_meta']
[0.116s] Level 1:colcon.colcon_core.package_identification:_identify(src/ackermann_control) by extension 'colcon_meta'
[0.116s] Level 1:colcon.colcon_core.package_identification:_identify(src/ackermann_control) by extensions ['ros']
[0.116s] Level 1:colcon.colcon_core.package_identification:_identify(src/ackermann_control) by extension 'ros'
[0.116s] Level 1:colcon.colcon_core.package_identification:_identify(src/ackermann_control) by extensions ['cmake', 'python']
[0.116s] Level 1:colcon.colcon_core.package_identification:_identify(src/ackermann_control) by extension 'cmake'
[0.116s] Level 1:colcon.colcon_core.package_identification:_identify(src/ackermann_control) by extension 'python'
[0.116s] Level 1:colcon.colcon_core.package_identification:_identify(src/ackermann_control) by extensions ['python_setup_py']
[0.116s] Level 1:colcon.colcon_core.package_identification:_identify(src/ackermann_control) by extension 'python_setup_py'
[0.116s] Level 1:colcon.colcon_core.package_identification:_identify(src/ackermann_control/cmdvel_to_ackermann) by extensions ['ignore', 'ignore_ament_install']
[0.116s] Level 1:colcon.colcon_core.package_identification:_identify(src/ackermann_control/cmdvel_to_ackermann) by extension 'ignore'
[0.116s] Level 1:colcon.colcon_core.package_identification:_identify(src/ackermann_control/cmdvel_to_ackermann) by extension 'ignore_ament_install'
[0.116s] Level 1:colcon.colcon_core.package_identification:_identify(src/ackermann_control/cmdvel_to_ackermann) by extensions ['colcon_pkg']
[0.116s] Level 1:colcon.colcon_core.package_identification:_identify(src/ackermann_control/cmdvel_to_ackermann) by extension 'colcon_pkg'
[0.116s] Level 1:colcon.colcon_core.package_identification:_identify(src/ackermann_control/cmdvel_to_ackermann) by extensions ['colcon_meta']
[0.116s] Level 1:colcon.colcon_core.package_identification:_identify(src/ackermann_control/cmdvel_to_ackermann) by extension 'colcon_meta'
[0.116s] Level 1:colcon.colcon_core.package_identification:_identify(src/ackermann_control/cmdvel_to_ackermann) by extensions ['ros']
[0.116s] Level 1:colcon.colcon_core.package_identification:_identify(src/ackermann_control/cmdvel_to_ackermann) by extension 'ros'
[0.117s] DEBUG:colcon.colcon_core.package_identification:Package 'src/ackermann_control/cmdvel_to_ackermann' with type 'ros.ament_python' and name 'cmdvel_to_ackermann'
[0.117s] Level 1:colcon.colcon_core.package_identification:_identify(src/custom_message) by extensions ['ignore', 'ignore_ament_install']
[0.117s] Level 1:colcon.colcon_core.package_identification:_identify(src/custom_message) by extension 'ignore'
[0.117s] Level 1:colcon.colcon_core.package_identification:_identify(src/custom_message) by extension 'ignore_ament_install'
[0.118s] Level 1:colcon.colcon_core.package_identification:_identify(src/custom_message) by extensions ['colcon_pkg']
[0.118s] Level 1:colcon.colcon_core.package_identification:_identify(src/custom_message) by extension 'colcon_pkg'
[0.118s] Level 1:colcon.colcon_core.package_identification:_identify(src/custom_message) by extensions ['colcon_meta']
[0.118s] Level 1:colcon.colcon_core.package_identification:_identify(src/custom_message) by extension 'colcon_meta'
[0.118s] Level 1:colcon.colcon_core.package_identification:_identify(src/custom_message) by extensions ['ros']
[0.118s] Level 1:colcon.colcon_core.package_identification:_identify(src/custom_message) by extension 'ros'
[0.118s] DEBUG:colcon.colcon_core.package_identification:Package 'src/custom_message' with type 'ros.ament_cmake' and name 'custom_message'
[0.118s] Level 1:colcon.colcon_core.package_identification:_identify(src/custom_nav2_bt_plugins) by extensions ['ignore', 'ignore_ament_install']
[0.118s] Level 1:colcon.colcon_core.package_identification:_identify(src/custom_nav2_bt_plugins) by extension 'ignore'
[0.118s] Level 1:colcon.colcon_core.package_identification:_identify(src/custom_nav2_bt_plugins) by extension 'ignore_ament_install'
[0.118s] Level 1:colcon.colcon_core.package_identification:_identify(src/custom_nav2_bt_plugins) by extensions ['colcon_pkg']
[0.118s] Level 1:colcon.colcon_core.package_identification:_identify(src/custom_nav2_bt_plugins) by extension 'colcon_pkg'
[0.118s] Level 1:colcon.colcon_core.package_identification:_identify(src/custom_nav2_bt_plugins) by extensions ['colcon_meta']
[0.118s] Level 1:colcon.colcon_core.package_identification:_identify(src/custom_nav2_bt_plugins) by extension 'colcon_meta'
[0.118s] Level 1:colcon.colcon_core.package_identification:_identify(src/custom_nav2_bt_plugins) by extensions ['ros']
[0.118s] Level 1:colcon.colcon_core.package_identification:_identify(src/custom_nav2_bt_plugins) by extension 'ros'
[0.118s] DEBUG:colcon.colcon_core.package_identification:Package 'src/custom_nav2_bt_plugins' with type 'ros.ament_cmake' and name 'custom_nav2_bt_plugins'
[0.119s] Level 1:colcon.colcon_core.package_identification:_identify(src/humanoid_locomotion_policy_example) by extensions ['ignore', 'ignore_ament_install']
[0.119s] Level 1:colcon.colcon_core.package_identification:_identify(src/humanoid_locomotion_policy_example) by extension 'ignore'
[0.119s] Level 1:colcon.colcon_core.package_identification:_identify(src/humanoid_locomotion_policy_example) by extension 'ignore_ament_install'
[0.119s] Level 1:colcon.colcon_core.package_identification:_identify(src/humanoid_locomotion_policy_example) by extensions ['colcon_pkg']
[0.119s] Level 1:colcon.colcon_core.package_identification:_identify(src/humanoid_locomotion_policy_example) by extension 'colcon_pkg'
[0.119s] Level 1:colcon.colcon_core.package_identification:_identify(src/humanoid_locomotion_policy_example) by extensions ['colcon_meta']
[0.119s] Level 1:colcon.colcon_core.package_identification:_identify(src/humanoid_locomotion_policy_example) by extension 'colcon_meta'
[0.119s] Level 1:colcon.colcon_core.package_identification:_identify(src/humanoid_locomotion_policy_example) by extensions ['ros']
[0.119s] Level 1:colcon.colcon_core.package_identification:_identify(src/humanoid_locomotion_policy_example) by extension 'ros'
[0.119s] Level 1:colcon.colcon_core.package_identification:_identify(src/humanoid_locomotion_policy_example) by extensions ['cmake', 'python']
[0.119s] Level 1:colcon.colcon_core.package_identification:_identify(src/humanoid_locomotion_policy_example) by extension 'cmake'
[0.119s] Level 1:colcon.colcon_core.package_identification:_identify(src/humanoid_locomotion_policy_example) by extension 'python'
[0.119s] Level 1:colcon.colcon_core.package_identification:_identify(src/humanoid_locomotion_policy_example) by extensions ['python_setup_py']
[0.119s] Level 1:colcon.colcon_core.package_identification:_identify(src/humanoid_locomotion_policy_example) by extension 'python_setup_py'
[0.119s] Level 1:colcon.colcon_core.package_identification:_identify(src/humanoid_locomotion_policy_example/h1_fullbody_controller) by extensions ['ignore', 'ignore_ament_install']
[0.119s] Level 1:colcon.colcon_core.package_identification:_identify(src/humanoid_locomotion_policy_example/h1_fullbody_controller) by extension 'ignore'
[0.119s] Level 1:colcon.colcon_core.package_identification:_identify(src/humanoid_locomotion_policy_example/h1_fullbody_controller) by extension 'ignore_ament_install'
[0.119s] Level 1:colcon.colcon_core.package_identification:_identify(src/humanoid_locomotion_policy_example/h1_fullbody_controller) by extensions ['colcon_pkg']
[0.119s] Level 1:colcon.colcon_core.package_identification:_identify(src/humanoid_locomotion_policy_example/h1_fullbody_controller) by extension 'colcon_pkg'
[0.119s] Level 1:colcon.colcon_core.package_identification:_identify(src/humanoid_locomotion_policy_example/h1_fullbody_controller) by extensions ['colcon_meta']
[0.119s] Level 1:colcon.colcon_core.package_identification:_identify(src/humanoid_locomotion_policy_example/h1_fullbody_controller) by extension 'colcon_meta'
[0.119s] Level 1:colcon.colcon_core.package_identification:_identify(src/humanoid_locomotion_policy_example/h1_fullbody_controller) by extensions ['ros']
[0.119s] Level 1:colcon.colcon_core.package_identification:_identify(src/humanoid_locomotion_policy_example/h1_fullbody_controller) by extension 'ros'
[0.119s] DEBUG:colcon.colcon_core.package_identification:Package 'src/humanoid_locomotion_policy_example/h1_fullbody_controller' with type 'ros.ament_python' and name 'h1_fullbody_controller'
[0.119s] Level 1:colcon.colcon_core.package_identification:_identify(src/isaac_compressed_image_decoder) by extensions ['ignore', 'ignore_ament_install']
[0.123s] Level 1:colcon.colcon_core.package_identification:_identify(src/isaac_compressed_image_decoder) by extension 'ignore'
[0.123s] Level 1:colcon.colcon_core.package_identification:_identify(src/isaac_compressed_image_decoder) by extension 'ignore_ament_install'
[0.123s] Level 1:colcon.colcon_core.package_identification:_identify(src/isaac_compressed_image_decoder) by extensions ['colcon_pkg']
[0.124s] Level 1:colcon.colcon_core.package_identification:_identify(src/isaac_compressed_image_decoder) by extension 'colcon_pkg'
[0.124s] Level 1:colcon.colcon_core.package_identification:_identify(src/isaac_compressed_image_decoder) by extensions ['colcon_meta']
[0.124s] Level 1:colcon.colcon_core.package_identification:_identify(src/isaac_compressed_image_decoder) by extension 'colcon_meta'
[0.124s] Level 1:colcon.colcon_core.package_identification:_identify(src/isaac_compressed_image_decoder) by extensions ['ros']
[0.124s] Level 1:colcon.colcon_core.package_identification:_identify(src/isaac_compressed_image_decoder) by extension 'ros'
[0.124s] DEBUG:colcon.colcon_core.package_identification:Package 'src/isaac_compressed_image_decoder' with type 'ros.ament_python' and name 'isaac_compressed_image_decoder'
[0.124s] Level 1:colcon.colcon_core.package_identification:_identify(src/isaac_ros2_messages) by extensions ['ignore', 'ignore_ament_install']
[0.124s] Level 1:colcon.colcon_core.package_identification:_identify(src/isaac_ros2_messages) by extension 'ignore'
[0.124s] Level 1:colcon.colcon_core.package_identification:_identify(src/isaac_ros2_messages) by extension 'ignore_ament_install'
[0.124s] Level 1:colcon.colcon_core.package_identification:_identify(src/isaac_ros2_messages) by extensions ['colcon_pkg']
[0.124s] Level 1:colcon.colcon_core.package_identification:_identify(src/isaac_ros2_messages) by extension 'colcon_pkg'
[0.124s] Level 1:colcon.colcon_core.package_identification:_identify(src/isaac_ros2_messages) by extensions ['colcon_meta']
[0.124s] Level 1:colcon.colcon_core.package_identification:_identify(src/isaac_ros2_messages) by extension 'colcon_meta'
[0.124s] Level 1:colcon.colcon_core.package_identification:_identify(src/isaac_ros2_messages) by extensions ['ros']
[0.124s] Level 1:colcon.colcon_core.package_identification:_identify(src/isaac_ros2_messages) by extension 'ros'
[0.124s] DEBUG:colcon.colcon_core.package_identification:Package 'src/isaac_ros2_messages' with type 'ros.ament_cmake' and name 'isaac_ros2_messages'
[0.124s] Level 1:colcon.colcon_core.package_identification:_identify(src/isaac_tutorials) by extensions ['ignore', 'ignore_ament_install']
[0.124s] Level 1:colcon.colcon_core.package_identification:_identify(src/isaac_tutorials) by extension 'ignore'
[0.124s] Level 1:colcon.colcon_core.package_identification:_identify(src/isaac_tutorials) by extension 'ignore_ament_install'
[0.124s] Level 1:colcon.colcon_core.package_identification:_identify(src/isaac_tutorials) by extensions ['colcon_pkg']
[0.124s] Level 1:colcon.colcon_core.package_identification:_identify(src/isaac_tutorials) by extension 'colcon_pkg'
[0.124s] Level 1:colcon.colcon_core.package_identification:_identify(src/isaac_tutorials) by extensions ['colcon_meta']
[0.124s] Level 1:colcon.colcon_core.package_identification:_identify(src/isaac_tutorials) by extension 'colcon_meta'
[0.124s] Level 1:colcon.colcon_core.package_identification:_identify(src/isaac_tutorials) by extensions ['ros']
[0.124s] Level 1:colcon.colcon_core.package_identification:_identify(src/isaac_tutorials) by extension 'ros'
[0.125s] DEBUG:colcon.colcon_core.package_identification:Package 'src/isaac_tutorials' with type 'ros.ament_cmake' and name 'isaac_tutorials'
[0.125s] Level 1:colcon.colcon_core.package_identification:_identify(src/isaacsim_bringup) by extensions ['ignore', 'ignore_ament_install']
[0.125s] Level 1:colcon.colcon_core.package_identification:_identify(src/isaacsim_bringup) by extension 'ignore'
[0.125s] Level 1:colcon.colcon_core.package_identification:_identify(src/isaacsim_bringup) by extension 'ignore_ament_install'
[0.125s] Level 1:colcon.colcon_core.package_identification:_identify(src/isaacsim_bringup) by extensions ['colcon_pkg']
[0.125s] Level 1:colcon.colcon_core.package_identification:_identify(src/isaacsim_bringup) by extension 'colcon_pkg'
[0.125s] Level 1:colcon.colcon_core.package_identification:_identify(src/isaacsim_bringup) by extensions ['colcon_meta']
[0.125s] Level 1:colcon.colcon_core.package_identification:_identify(src/isaacsim_bringup) by extension 'colcon_meta'
[0.125s] Level 1:colcon.colcon_core.package_identification:_identify(src/isaacsim_bringup) by extensions ['ros']
[0.125s] Level 1:colcon.colcon_core.package_identification:_identify(src/isaacsim_bringup) by extension 'ros'
[0.125s] DEBUG:colcon.colcon_core.package_identification:Package 'src/isaacsim_bringup' with type 'ros.ament_python' and name 'isaacsim_bringup'
[0.125s] Level 1:colcon.colcon_core.package_identification:_identify(src/moveit) by extensions ['ignore', 'ignore_ament_install']
[0.125s] Level 1:colcon.colcon_core.package_identification:_identify(src/moveit) by extension 'ignore'
[0.125s] Level 1:colcon.colcon_core.package_identification:_identify(src/moveit) by extension 'ignore_ament_install'
[0.125s] Level 1:colcon.colcon_core.package_identification:_identify(src/moveit) by extensions ['colcon_pkg']
[0.125s] Level 1:colcon.colcon_core.package_identification:_identify(src/moveit) by extension 'colcon_pkg'
[0.125s] Level 1:colcon.colcon_core.package_identification:_identify(src/moveit) by extensions ['colcon_meta']
[0.125s] Level 1:colcon.colcon_core.package_identification:_identify(src/moveit) by extension 'colcon_meta'
[0.125s] Level 1:colcon.colcon_core.package_identification:_identify(src/moveit) by extensions ['ros']
[0.125s] Level 1:colcon.colcon_core.package_identification:_identify(src/moveit) by extension 'ros'
[0.125s] Level 1:colcon.colcon_core.package_identification:_identify(src/moveit) by extensions ['cmake', 'python']
[0.125s] Level 1:colcon.colcon_core.package_identification:_identify(src/moveit) by extension 'cmake'
[0.125s] Level 1:colcon.colcon_core.package_identification:_identify(src/moveit) by extension 'python'
[0.125s] Level 1:colcon.colcon_core.package_identification:_identify(src/moveit) by extensions ['python_setup_py']
[0.125s] Level 1:colcon.colcon_core.package_identification:_identify(src/moveit) by extension 'python_setup_py'
[0.125s] Level 1:colcon.colcon_core.package_identification:_identify(src/moveit/isaac_moveit) by extensions ['ignore', 'ignore_ament_install']
[0.125s] Level 1:colcon.colcon_core.package_identification:_identify(src/moveit/isaac_moveit) by extension 'ignore'
[0.125s] Level 1:colcon.colcon_core.package_identification:_identify(src/moveit/isaac_moveit) by extension 'ignore_ament_install'
[0.125s] Level 1:colcon.colcon_core.package_identification:_identify(src/moveit/isaac_moveit) by extensions ['colcon_pkg']
[0.125s] Level 1:colcon.colcon_core.package_identification:_identify(src/moveit/isaac_moveit) by extension 'colcon_pkg'
[0.125s] Level 1:colcon.colcon_core.package_identification:_identify(src/moveit/isaac_moveit) by extensions ['colcon_meta']
[0.125s] Level 1:colcon.colcon_core.package_identification:_identify(src/moveit/isaac_moveit) by extension 'colcon_meta'
[0.125s] Level 1:colcon.colcon_core.package_identification:_identify(src/moveit/isaac_moveit) by extensions ['ros']
[0.125s] Level 1:colcon.colcon_core.package_identification:_identify(src/moveit/isaac_moveit) by extension 'ros'
[0.126s] DEBUG:colcon.colcon_core.package_identification:Package 'src/moveit/isaac_moveit' with type 'ros.ament_python' and name 'isaac_moveit'
[0.126s] Level 1:colcon.colcon_core.package_identification:_identify(src/moveit/moveit_resources) by extensions ['ignore', 'ignore_ament_install']
[0.126s] Level 1:colcon.colcon_core.package_identification:_identify(src/moveit/moveit_resources) by extension 'ignore'
[0.126s] Level 1:colcon.colcon_core.package_identification:_identify(src/moveit/moveit_resources) by extension 'ignore_ament_install'
[0.126s] Level 1:colcon.colcon_core.package_identification:_identify(src/moveit/moveit_resources) by extensions ['colcon_pkg']
[0.126s] Level 1:colcon.colcon_core.package_identification:_identify(src/moveit/moveit_resources) by extension 'colcon_pkg'
[0.126s] Level 1:colcon.colcon_core.package_identification:_identify(src/moveit/moveit_resources) by extensions ['colcon_meta']
[0.126s] Level 1:colcon.colcon_core.package_identification:_identify(src/moveit/moveit_resources) by extension 'colcon_meta'
[0.126s] Level 1:colcon.colcon_core.package_identification:_identify(src/moveit/moveit_resources) by extensions ['ros']
[0.126s] Level 1:colcon.colcon_core.package_identification:_identify(src/moveit/moveit_resources) by extension 'ros'
[0.126s] Level 1:colcon.colcon_core.package_identification:_identify(src/moveit/moveit_resources) by extensions ['cmake', 'python']
[0.126s] Level 1:colcon.colcon_core.package_identification:_identify(src/moveit/moveit_resources) by extension 'cmake'
[0.126s] Level 1:colcon.colcon_core.package_identification:_identify(src/moveit/moveit_resources) by extension 'python'
[0.126s] Level 1:colcon.colcon_core.package_identification:_identify(src/moveit/moveit_resources) by extensions ['python_setup_py']
[0.126s] Level 1:colcon.colcon_core.package_identification:_identify(src/moveit/moveit_resources) by extension 'python_setup_py'
[0.126s] Level 1:colcon.colcon_core.package_identification:_identify(src/navigation) by extensions ['ignore', 'ignore_ament_install']
[0.126s] Level 1:colcon.colcon_core.package_identification:_identify(src/navigation) by extension 'ignore'
[0.126s] Level 1:colcon.colcon_core.package_identification:_identify(src/navigation) by extension 'ignore_ament_install'
[0.126s] Level 1:colcon.colcon_core.package_identification:_identify(src/navigation) by extensions ['colcon_pkg']
[0.126s] Level 1:colcon.colcon_core.package_identification:_identify(src/navigation) by extension 'colcon_pkg'
[0.126s] Level 1:colcon.colcon_core.package_identification:_identify(src/navigation) by extensions ['colcon_meta']
[0.126s] Level 1:colcon.colcon_core.package_identification:_identify(src/navigation) by extension 'colcon_meta'
[0.126s] Level 1:colcon.colcon_core.package_identification:_identify(src/navigation) by extensions ['ros']
[0.126s] Level 1:colcon.colcon_core.package_identification:_identify(src/navigation) by extension 'ros'
[0.126s] Level 1:colcon.colcon_core.package_identification:_identify(src/navigation) by extensions ['cmake', 'python']
[0.126s] Level 1:colcon.colcon_core.package_identification:_identify(src/navigation) by extension 'cmake'
[0.126s] Level 1:colcon.colcon_core.package_identification:_identify(src/navigation) by extension 'python'
[0.126s] Level 1:colcon.colcon_core.package_identification:_identify(src/navigation) by extensions ['python_setup_py']
[0.126s] Level 1:colcon.colcon_core.package_identification:_identify(src/navigation) by extension 'python_setup_py'
[0.126s] Level 1:colcon.colcon_core.package_identification:_identify(src/navigation/carter_navigation) by extensions ['ignore', 'ignore_ament_install']
[0.126s] Level 1:colcon.colcon_core.package_identification:_identify(src/navigation/carter_navigation) by extension 'ignore'
[0.126s] Level 1:colcon.colcon_core.package_identification:_identify(src/navigation/carter_navigation) by extension 'ignore_ament_install'
[0.126s] Level 1:colcon.colcon_core.package_identification:_identify(src/navigation/carter_navigation) by extensions ['colcon_pkg']
[0.126s] Level 1:colcon.colcon_core.package_identification:_identify(src/navigation/carter_navigation) by extension 'colcon_pkg'
[0.126s] Level 1:colcon.colcon_core.package_identification:_identify(src/navigation/carter_navigation) by extensions ['colcon_meta']
[0.126s] Level 1:colcon.colcon_core.package_identification:_identify(src/navigation/carter_navigation) by extension 'colcon_meta'
[0.126s] Level 1:colcon.colcon_core.package_identification:_identify(src/navigation/carter_navigation) by extensions ['ros']
[0.126s] Level 1:colcon.colcon_core.package_identification:_identify(src/navigation/carter_navigation) by extension 'ros'
[0.127s] DEBUG:colcon.colcon_core.package_identification:Package 'src/navigation/carter_navigation' with type 'ros.ament_cmake' and name 'carter_navigation'
[0.127s] Level 1:colcon.colcon_core.package_identification:_identify(src/navigation/isaac_ros_navigation_goal) by extensions ['ignore', 'ignore_ament_install']
[0.127s] Level 1:colcon.colcon_core.package_identification:_identify(src/navigation/isaac_ros_navigation_goal) by extension 'ignore'
[0.127s] Level 1:colcon.colcon_core.package_identification:_identify(src/navigation/isaac_ros_navigation_goal) by extension 'ignore_ament_install'
[0.127s] Level 1:colcon.colcon_core.package_identification:_identify(src/navigation/isaac_ros_navigation_goal) by extensions ['colcon_pkg']
[0.127s] Level 1:colcon.colcon_core.package_identification:_identify(src/navigation/isaac_ros_navigation_goal) by extension 'colcon_pkg'
[0.127s] Level 1:colcon.colcon_core.package_identification:_identify(src/navigation/isaac_ros_navigation_goal) by extensions ['colcon_meta']
[0.127s] Level 1:colcon.colcon_core.package_identification:_identify(src/navigation/isaac_ros_navigation_goal) by extension 'colcon_meta'
[0.127s] Level 1:colcon.colcon_core.package_identification:_identify(src/navigation/isaac_ros_navigation_goal) by extensions ['ros']
[0.127s] Level 1:colcon.colcon_core.package_identification:_identify(src/navigation/isaac_ros_navigation_goal) by extension 'ros'
[0.127s] DEBUG:colcon.colcon_core.package_identification:Package 'src/navigation/isaac_ros_navigation_goal' with type 'ros.ament_python' and name 'isaac_ros_navigation_goal'
[0.127s] Level 1:colcon.colcon_core.package_identification:_identify(src/navigation/isaacsim_clearpath_nav2) by extensions ['ignore', 'ignore_ament_install']
[0.127s] Level 1:colcon.colcon_core.package_identification:_identify(src/navigation/isaacsim_clearpath_nav2) by extension 'ignore'
[0.127s] Level 1:colcon.colcon_core.package_identification:_identify(src/navigation/isaacsim_clearpath_nav2) by extension 'ignore_ament_install'
[0.127s] Level 1:colcon.colcon_core.package_identification:_identify(src/navigation/isaacsim_clearpath_nav2) by extensions ['colcon_pkg']
[0.127s] Level 1:colcon.colcon_core.package_identification:_identify(src/navigation/isaacsim_clearpath_nav2) by extension 'colcon_pkg'
[0.127s] Level 1:colcon.colcon_core.package_identification:_identify(src/navigation/isaacsim_clearpath_nav2) by extensions ['colcon_meta']
[0.127s] Level 1:colcon.colcon_core.package_identification:_identify(src/navigation/isaacsim_clearpath_nav2) by extension 'colcon_meta'
[0.127s] Level 1:colcon.colcon_core.package_identification:_identify(src/navigation/isaacsim_clearpath_nav2) by extensions ['ros']
[0.127s] Level 1:colcon.colcon_core.package_identification:_identify(src/navigation/isaacsim_clearpath_nav2) by extension 'ros'
[0.127s] DEBUG:colcon.colcon_core.package_identification:Package 'src/navigation/isaacsim_clearpath_nav2' with type 'ros.ament_cmake' and name 'isaacsim_clearpath_nav2'
[0.128s] Level 1:colcon.colcon_core.package_identification:_identify(src/navigation/iw_hub_navigation) by extensions ['ignore', 'ignore_ament_install']
[0.128s] Level 1:colcon.colcon_core.package_identification:_identify(src/navigation/iw_hub_navigation) by extension 'ignore'
[0.128s] Level 1:colcon.colcon_core.package_identification:_identify(src/navigation/iw_hub_navigation) by extension 'ignore_ament_install'
[0.128s] Level 1:colcon.colcon_core.package_identification:_identify(src/navigation/iw_hub_navigation) by extensions ['colcon_pkg']
[0.128s] Level 1:colcon.colcon_core.package_identification:_identify(src/navigation/iw_hub_navigation) by extension 'colcon_pkg'
[0.128s] Level 1:colcon.colcon_core.package_identification:_identify(src/navigation/iw_hub_navigation) by extensions ['colcon_meta']
[0.128s] Level 1:colcon.colcon_core.package_identification:_identify(src/navigation/iw_hub_navigation) by extension 'colcon_meta'
[0.128s] Level 1:colcon.colcon_core.package_identification:_identify(src/navigation/iw_hub_navigation) by extensions ['ros']
[0.128s] Level 1:colcon.colcon_core.package_identification:_identify(src/navigation/iw_hub_navigation) by extension 'ros'
[0.128s] DEBUG:colcon.colcon_core.package_identification:Package 'src/navigation/iw_hub_navigation' with type 'ros.ament_cmake' and name 'iw_hub_navigation'
[0.128s] Level 1:colcon.colcon_core.package_identification:_identify(src/turtlebot3_manipulation) by extensions ['ignore', 'ignore_ament_install']
[0.128s] Level 1:colcon.colcon_core.package_identification:_identify(src/turtlebot3_manipulation) by extension 'ignore'
[0.128s] Level 1:colcon.colcon_core.package_identification:_identify(src/turtlebot3_manipulation) by extension 'ignore_ament_install'
[0.128s] Level 1:colcon.colcon_core.package_identification:_identify(src/turtlebot3_manipulation) by extensions ['colcon_pkg']
[0.128s] Level 1:colcon.colcon_core.package_identification:_identify(src/turtlebot3_manipulation) by extension 'colcon_pkg'
[0.128s] Level 1:colcon.colcon_core.package_identification:_identify(src/turtlebot3_manipulation) by extensions ['colcon_meta']
[0.128s] Level 1:colcon.colcon_core.package_identification:_identify(src/turtlebot3_manipulation) by extension 'colcon_meta'
[0.128s] Level 1:colcon.colcon_core.package_identification:_identify(src/turtlebot3_manipulation) by extensions ['ros']
[0.128s] Level 1:colcon.colcon_core.package_identification:_identify(src/turtlebot3_manipulation) by extension 'ros'
[0.128s] Level 1:colcon.colcon_core.package_identification:_identify(src/turtlebot3_manipulation) by extensions ['cmake', 'python']
[0.128s] Level 1:colcon.colcon_core.package_identification:_identify(src/turtlebot3_manipulation) by extension 'cmake'
[0.128s] Level 1:colcon.colcon_core.package_identification:_identify(src/turtlebot3_manipulation) by extension 'python'
[0.128s] Level 1:colcon.colcon_core.package_identification:_identify(src/turtlebot3_manipulation) by extensions ['python_setup_py']
[0.128s] Level 1:colcon.colcon_core.package_identification:_identify(src/turtlebot3_manipulation) by extension 'python_setup_py'
[0.128s] Level 1:colcon.colcon_core.package_identification:_identify(src/turtlebot3_manipulation/turtlebot3_manipulation) by extensions ['ignore', 'ignore_ament_install']
[0.128s] Level 1:colcon.colcon_core.package_identification:_identify(src/turtlebot3_manipulation/turtlebot3_manipulation) by extension 'ignore'
[0.128s] Level 1:colcon.colcon_core.package_identification:_identify(src/turtlebot3_manipulation/turtlebot3_manipulation) by extension 'ignore_ament_install'
[0.128s] Level 1:colcon.colcon_core.package_identification:_identify(src/turtlebot3_manipulation/turtlebot3_manipulation) by extensions ['colcon_pkg']
[0.128s] Level 1:colcon.colcon_core.package_identification:_identify(src/turtlebot3_manipulation/turtlebot3_manipulation) by extension 'colcon_pkg'
[0.128s] Level 1:colcon.colcon_core.package_identification:_identify(src/turtlebot3_manipulation/turtlebot3_manipulation) by extensions ['colcon_meta']
[0.128s] Level 1:colcon.colcon_core.package_identification:_identify(src/turtlebot3_manipulation/turtlebot3_manipulation) by extension 'colcon_meta'
[0.128s] Level 1:colcon.colcon_core.package_identification:_identify(src/turtlebot3_manipulation/turtlebot3_manipulation) by extensions ['ros']
[0.128s] Level 1:colcon.colcon_core.package_identification:_identify(src/turtlebot3_manipulation/turtlebot3_manipulation) by extension 'ros'
[0.129s] DEBUG:colcon.colcon_core.package_identification:Package 'src/turtlebot3_manipulation/turtlebot3_manipulation' with type 'ros.ament_cmake' and name 'turtlebot3_manipulation'
[0.129s] Level 1:colcon.colcon_core.package_identification:_identify(src/turtlebot3_manipulation/turtlebot3_manipulation_bringup) by extensions ['ignore', 'ignore_ament_install']
[0.129s] Level 1:colcon.colcon_core.package_identification:_identify(src/turtlebot3_manipulation/turtlebot3_manipulation_bringup) by extension 'ignore'
[0.129s] Level 1:colcon.colcon_core.package_identification:_identify(src/turtlebot3_manipulation/turtlebot3_manipulation_bringup) by extension 'ignore_ament_install'
[0.129s] Level 1:colcon.colcon_core.package_identification:_identify(src/turtlebot3_manipulation/turtlebot3_manipulation_bringup) by extensions ['colcon_pkg']
[0.129s] Level 1:colcon.colcon_core.package_identification:_identify(src/turtlebot3_manipulation/turtlebot3_manipulation_bringup) by extension 'colcon_pkg'
[0.129s] Level 1:colcon.colcon_core.package_identification:_identify(src/turtlebot3_manipulation/turtlebot3_manipulation_bringup) by extensions ['colcon_meta']
[0.129s] Level 1:colcon.colcon_core.package_identification:_identify(src/turtlebot3_manipulation/turtlebot3_manipulation_bringup) by extension 'colcon_meta'
[0.129s] Level 1:colcon.colcon_core.package_identification:_identify(src/turtlebot3_manipulation/turtlebot3_manipulation_bringup) by extensions ['ros']
[0.129s] Level 1:colcon.colcon_core.package_identification:_identify(src/turtlebot3_manipulation/turtlebot3_manipulation_bringup) by extension 'ros'
[0.129s] DEBUG:colcon.colcon_core.package_identification:Package 'src/turtlebot3_manipulation/turtlebot3_manipulation_bringup' with type 'ros.ament_cmake' and name 'turtlebot3_manipulation_bringup'
[0.129s] Level 1:colcon.colcon_core.package_identification:_identify(src/turtlebot3_manipulation/turtlebot3_manipulation_cartographer) by extensions ['ignore', 'ignore_ament_install']
[0.129s] Level 1:colcon.colcon_core.package_identification:_identify(src/turtlebot3_manipulation/turtlebot3_manipulation_cartographer) by extension 'ignore'
[0.129s] Level 1:colcon.colcon_core.package_identification:_identify(src/turtlebot3_manipulation/turtlebot3_manipulation_cartographer) by extension 'ignore_ament_install'
[0.129s] Level 1:colcon.colcon_core.package_identification:_identify(src/turtlebot3_manipulation/turtlebot3_manipulation_cartographer) by extensions ['colcon_pkg']
[0.129s] Level 1:colcon.colcon_core.package_identification:_identify(src/turtlebot3_manipulation/turtlebot3_manipulation_cartographer) by extension 'colcon_pkg'
[0.129s] Level 1:colcon.colcon_core.package_identification:_identify(src/turtlebot3_manipulation/turtlebot3_manipulation_cartographer) by extensions ['colcon_meta']
[0.129s] Level 1:colcon.colcon_core.package_identification:_identify(src/turtlebot3_manipulation/turtlebot3_manipulation_cartographer) by extension 'colcon_meta'
[0.129s] Level 1:colcon.colcon_core.package_identification:_identify(src/turtlebot3_manipulation/turtlebot3_manipulation_cartographer) by extensions ['ros']
[0.129s] Level 1:colcon.colcon_core.package_identification:_identify(src/turtlebot3_manipulation/turtlebot3_manipulation_cartographer) by extension 'ros'
[0.129s] DEBUG:colcon.colcon_core.package_identification:Package 'src/turtlebot3_manipulation/turtlebot3_manipulation_cartographer' with type 'ros.ament_cmake' and name 'turtlebot3_manipulation_cartographer'
[0.129s] Level 1:colcon.colcon_core.package_identification:_identify(src/turtlebot3_manipulation/turtlebot3_manipulation_description) by extensions ['ignore', 'ignore_ament_install']
[0.129s] Level 1:colcon.colcon_core.package_identification:_identify(src/turtlebot3_manipulation/turtlebot3_manipulation_description) by extension 'ignore'
[0.129s] Level 1:colcon.colcon_core.package_identification:_identify(src/turtlebot3_manipulation/turtlebot3_manipulation_description) by extension 'ignore_ament_install'
[0.129s] Level 1:colcon.colcon_core.package_identification:_identify(src/turtlebot3_manipulation/turtlebot3_manipulation_description) by extensions ['colcon_pkg']
[0.129s] Level 1:colcon.colcon_core.package_identification:_identify(src/turtlebot3_manipulation/turtlebot3_manipulation_description) by extension 'colcon_pkg'
[0.129s] Level 1:colcon.colcon_core.package_identification:_identify(src/turtlebot3_manipulation/turtlebot3_manipulation_description) by extensions ['colcon_meta']
[0.130s] Level 1:colcon.colcon_core.package_identification:_identify(src/turtlebot3_manipulation/turtlebot3_manipulation_description) by extension 'colcon_meta'
[0.130s] Level 1:colcon.colcon_core.package_identification:_identify(src/turtlebot3_manipulation/turtlebot3_manipulation_description) by extensions ['ros']
[0.130s] Level 1:colcon.colcon_core.package_identification:_identify(src/turtlebot3_manipulation/turtlebot3_manipulation_description) by extension 'ros'
[0.130s] DEBUG:colcon.colcon_core.package_identification:Package 'src/turtlebot3_manipulation/turtlebot3_manipulation_description' with type 'ros.ament_cmake' and name 'turtlebot3_manipulation_description'
[0.130s] Level 1:colcon.colcon_core.package_identification:_identify(src/turtlebot3_manipulation/turtlebot3_manipulation_hardware) by extensions ['ignore', 'ignore_ament_install']
[0.130s] Level 1:colcon.colcon_core.package_identification:_identify(src/turtlebot3_manipulation/turtlebot3_manipulation_hardware) by extension 'ignore'
[0.130s] Level 1:colcon.colcon_core.package_identification:_identify(src/turtlebot3_manipulation/turtlebot3_manipulation_hardware) by extension 'ignore_ament_install'
[0.130s] Level 1:colcon.colcon_core.package_identification:_identify(src/turtlebot3_manipulation/turtlebot3_manipulation_hardware) by extensions ['colcon_pkg']
[0.130s] Level 1:colcon.colcon_core.package_identification:_identify(src/turtlebot3_manipulation/turtlebot3_manipulation_hardware) by extension 'colcon_pkg'
[0.130s] Level 1:colcon.colcon_core.package_identification:_identify(src/turtlebot3_manipulation/turtlebot3_manipulation_hardware) by extensions ['colcon_meta']
[0.130s] Level 1:colcon.colcon_core.package_identification:_identify(src/turtlebot3_manipulation/turtlebot3_manipulation_hardware) by extension 'colcon_meta'
[0.130s] Level 1:colcon.colcon_core.package_identification:_identify(src/turtlebot3_manipulation/turtlebot3_manipulation_hardware) by extensions ['ros']
[0.130s] Level 1:colcon.colcon_core.package_identification:_identify(src/turtlebot3_manipulation/turtlebot3_manipulation_hardware) by extension 'ros'
[0.130s] DEBUG:colcon.colcon_core.package_identification:Package 'src/turtlebot3_manipulation/turtlebot3_manipulation_hardware' with type 'ros.ament_cmake' and name 'turtlebot3_manipulation_hardware'
[0.130s] Level 1:colcon.colcon_core.package_identification:_identify(src/turtlebot3_manipulation/turtlebot3_manipulation_moveit_config) by extensions ['ignore', 'ignore_ament_install']
[0.130s] Level 1:colcon.colcon_core.package_identification:_identify(src/turtlebot3_manipulation/turtlebot3_manipulation_moveit_config) by extension 'ignore'
[0.130s] Level 1:colcon.colcon_core.package_identification:_identify(src/turtlebot3_manipulation/turtlebot3_manipulation_moveit_config) by extension 'ignore_ament_install'
[0.130s] Level 1:colcon.colcon_core.package_identification:_identify(src/turtlebot3_manipulation/turtlebot3_manipulation_moveit_config) by extensions ['colcon_pkg']
[0.130s] Level 1:colcon.colcon_core.package_identification:_identify(src/turtlebot3_manipulation/turtlebot3_manipulation_moveit_config) by extension 'colcon_pkg'
[0.130s] Level 1:colcon.colcon_core.package_identification:_identify(src/turtlebot3_manipulation/turtlebot3_manipulation_moveit_config) by extensions ['colcon_meta']
[0.130s] Level 1:colcon.colcon_core.package_identification:_identify(src/turtlebot3_manipulation/turtlebot3_manipulation_moveit_config) by extension 'colcon_meta'
[0.130s] Level 1:colcon.colcon_core.package_identification:_identify(src/turtlebot3_manipulation/turtlebot3_manipulation_moveit_config) by extensions ['ros']
[0.130s] Level 1:colcon.colcon_core.package_identification:_identify(src/turtlebot3_manipulation/turtlebot3_manipulation_moveit_config) by extension 'ros'
[0.131s] DEBUG:colcon.colcon_core.package_identification:Package 'src/turtlebot3_manipulation/turtlebot3_manipulation_moveit_config' with type 'ros.ament_cmake' and name 'turtlebot3_manipulation_moveit_config'
[0.131s] Level 1:colcon.colcon_core.package_identification:_identify(src/turtlebot3_manipulation/turtlebot3_manipulation_navigation2) by extensions ['ignore', 'ignore_ament_install']
[0.131s] Level 1:colcon.colcon_core.package_identification:_identify(src/turtlebot3_manipulation/turtlebot3_manipulation_navigation2) by extension 'ignore'
[0.131s] Level 1:colcon.colcon_core.package_identification:_identify(src/turtlebot3_manipulation/turtlebot3_manipulation_navigation2) by extension 'ignore_ament_install'
[0.131s] Level 1:colcon.colcon_core.package_identification:_identify(src/turtlebot3_manipulation/turtlebot3_manipulation_navigation2) by extensions ['colcon_pkg']
[0.131s] Level 1:colcon.colcon_core.package_identification:_identify(src/turtlebot3_manipulation/turtlebot3_manipulation_navigation2) by extension 'colcon_pkg'
[0.131s] Level 1:colcon.colcon_core.package_identification:_identify(src/turtlebot3_manipulation/turtlebot3_manipulation_navigation2) by extensions ['colcon_meta']
[0.131s] Level 1:colcon.colcon_core.package_identification:_identify(src/turtlebot3_manipulation/turtlebot3_manipulation_navigation2) by extension 'colcon_meta'
[0.131s] Level 1:colcon.colcon_core.package_identification:_identify(src/turtlebot3_manipulation/turtlebot3_manipulation_navigation2) by extensions ['ros']
[0.131s] Level 1:colcon.colcon_core.package_identification:_identify(src/turtlebot3_manipulation/turtlebot3_manipulation_navigation2) by extension 'ros'
[0.131s] DEBUG:colcon.colcon_core.package_identification:Package 'src/turtlebot3_manipulation/turtlebot3_manipulation_navigation2' with type 'ros.ament_cmake' and name 'turtlebot3_manipulation_navigation2'
[0.131s] Level 1:colcon.colcon_core.package_identification:_identify(src/turtlebot3_manipulation/turtlebot3_manipulation_teleop) by extensions ['ignore', 'ignore_ament_install']
[0.131s] Level 1:colcon.colcon_core.package_identification:_identify(src/turtlebot3_manipulation/turtlebot3_manipulation_teleop) by extension 'ignore'
[0.131s] Level 1:colcon.colcon_core.package_identification:_identify(src/turtlebot3_manipulation/turtlebot3_manipulation_teleop) by extension 'ignore_ament_install'
[0.131s] Level 1:colcon.colcon_core.package_identification:_identify(src/turtlebot3_manipulation/turtlebot3_manipulation_teleop) by extensions ['colcon_pkg']
[0.131s] Level 1:colcon.colcon_core.package_identification:_identify(src/turtlebot3_manipulation/turtlebot3_manipulation_teleop) by extension 'colcon_pkg'
[0.131s] Level 1:colcon.colcon_core.package_identification:_identify(src/turtlebot3_manipulation/turtlebot3_manipulation_teleop) by extensions ['colcon_meta']
[0.131s] Level 1:colcon.colcon_core.package_identification:_identify(src/turtlebot3_manipulation/turtlebot3_manipulation_teleop) by extension 'colcon_meta'
[0.131s] Level 1:colcon.colcon_core.package_identification:_identify(src/turtlebot3_manipulation/turtlebot3_manipulation_teleop) by extensions ['ros']
[0.131s] Level 1:colcon.colcon_core.package_identification:_identify(src/turtlebot3_manipulation/turtlebot3_manipulation_teleop) by extension 'ros'
[0.132s] DEBUG:colcon.colcon_core.package_identification:Package 'src/turtlebot3_manipulation/turtlebot3_manipulation_teleop' with type 'ros.ament_cmake' and name 'turtlebot3_manipulation_teleop'
[0.132s] Level 1:colcon.colcon_core.package_discovery:discover_packages(recursive) using defaults
[0.132s] Level 1:colcon.colcon_core.package_discovery:discover_packages(ignore) discover
[0.132s] Level 1:colcon.colcon_core.package_discovery:discover_packages(ignore) using defaults
[0.132s] Level 1:colcon.colcon_core.package_discovery:discover_packages(path) discover
[0.132s] Level 1:colcon.colcon_core.package_discovery:discover_packages(path) using defaults
[0.142s] Level 1:colcon.colcon_core.package_discovery:discover_packages(prefix_path) check parameters
[0.142s] Level 1:colcon.colcon_core.package_discovery:discover_packages(prefix_path) discover
[0.144s] DEBUG:colcon.colcon_installed_package_information.package_discovery:Found 21 installed packages in /home/ciderlab-server3/workspace/2026_industry_cowork/IsaacSim-ros_workspaces/humble_ws/install
[0.144s] DEBUG:colcon.colcon_installed_package_information.package_discovery:Found 31 installed packages in /home/ciderlab-server3/turtlebot3_ws/install
[0.145s] DEBUG:colcon.colcon_installed_package_information.package_discovery:Found 439 installed packages in /opt/ros/humble
[0.146s] Level 1:colcon.colcon_core.package_discovery:discover_packages(prefix_path) using defaults
[0.165s] WARNING:colcon.colcon_core.package_selection:Some selected packages are already built in one or more underlay workspaces:
	'turtlebot3_manipulation_navigation2' is in: /home/ciderlab-server3/workspace/2026_industry_cowork/IsaacSim-ros_workspaces/humble_ws/install/turtlebot3_manipulation_navigation2, /home/ciderlab-server3/turtlebot3_ws/install/turtlebot3_manipulation_navigation2
	'turtlebot3_manipulation_moveit_config' is in: /home/ciderlab-server3/workspace/2026_industry_cowork/IsaacSim-ros_workspaces/humble_ws/install/turtlebot3_manipulation_moveit_config, /home/ciderlab-server3/turtlebot3_ws/install/turtlebot3_manipulation_moveit_config
	'turtlebot3_manipulation_bringup' is in: /home/ciderlab-server3/workspace/2026_industry_cowork/IsaacSim-ros_workspaces/humble_ws/install/turtlebot3_manipulation_bringup, /home/ciderlab-server3/turtlebot3_ws/install/turtlebot3_manipulation_bringup
If a package in a merged underlay workspace is overridden and it installs headers, then all packages in the overlay must sort their include directories by workspace order. Failure to do so may result in build failures or undefined behavior at run time.
If the overridden package is used by another package in any underlay, then the overriding package in the overlay must be API and ABI compatible or undefined behavior at run time may occur.

If you understand the risks and want to override a package anyways, add the following to the command line:
	--allow-overriding turtlebot3_manipulation_bringup turtlebot3_manipulation_moveit_config turtlebot3_manipulation_navigation2

This may be promoted to an error in a future release of colcon-override-check.
[0.166s] Level 5:colcon.colcon_core.verb:set package 'carter_navigation' build argument 'cmake_args' from command line to 'None'
[0.166s] Level 5:colcon.colcon_core.verb:set package 'carter_navigation' build argument 'cmake_target' from command line to 'None'
[0.166s] Level 5:colcon.colcon_core.verb:set package 'carter_navigation' build argument 'cmake_target_skip_unavailable' from command line to 'False'
[0.166s] Level 5:colcon.colcon_core.verb:set package 'carter_navigation' build argument 'cmake_clean_cache' from command line to 'False'
[0.166s] Level 5:colcon.colcon_core.verb:set package 'carter_navigation' build argument 'cmake_clean_first' from command line to 'False'
[0.166s] Level 5:colcon.colcon_core.verb:set package 'carter_navigation' build argument 'cmake_force_configure' from command line to 'False'
[0.166s] Level 5:colcon.colcon_core.verb:set package 'carter_navigation' build argument 'ament_cmake_args' from command line to 'None'
[0.166s] Level 5:colcon.colcon_core.verb:set package 'carter_navigation' build argument 'catkin_cmake_args' from command line to 'None'
[0.166s] Level 5:colcon.colcon_core.verb:set package 'carter_navigation' build argument 'catkin_skip_building_tests' from command line to 'False'
[0.166s] DEBUG:colcon.colcon_core.verb:Building package 'carter_navigation' with the following arguments: {'ament_cmake_args': None, 'build_base': '/home/ciderlab-server3/workspace/2026_industry_cowork/IsaacSim-ros_workspaces/humble_ws/build/carter_navigation', 'catkin_cmake_args': None, 'catkin_skip_building_tests': False, 'cmake_args': None, 'cmake_clean_cache': False, 'cmake_clean_first': False, 'cmake_force_configure': False, 'cmake_target': None, 'cmake_target_skip_unavailable': False, 'install_base': '/home/ciderlab-server3/workspace/2026_industry_cowork/IsaacSim-ros_workspaces/humble_ws/install/carter_navigation', 'merge_install': False, 'path': '/home/ciderlab-server3/workspace/2026_industry_cowork/IsaacSim-ros_workspaces/humble_ws/src/navigation/carter_navigation', 'symlink_install': True, 'test_result_base': None}
[0.166s] Level 5:colcon.colcon_core.verb:set package 'cmdvel_to_ackermann' build argument 'cmake_args' from command line to 'None'
[0.166s] Level 5:colcon.colcon_core.verb:set package 'cmdvel_to_ackermann' build argument 'cmake_target' from command line to 'None'
[0.166s] Level 5:colcon.colcon_core.verb:set package 'cmdvel_to_ackermann' build argument 'cmake_target_skip_unavailable' from command line to 'False'
[0.166s] Level 5:colcon.colcon_core.verb:set package 'cmdvel_to_ackermann' build argument 'cmake_clean_cache' from command line to 'False'
[0.166s] Level 5:colcon.colcon_core.verb:set package 'cmdvel_to_ackermann' build argument 'cmake_clean_first' from command line to 'False'
[0.166s] Level 5:colcon.colcon_core.verb:set package 'cmdvel_to_ackermann' build argument 'cmake_force_configure' from command line to 'False'
[0.166s] Level 5:colcon.colcon_core.verb:set package 'cmdvel_to_ackermann' build argument 'ament_cmake_args' from command line to 'None'
[0.166s] Level 5:colcon.colcon_core.verb:set package 'cmdvel_to_ackermann' build argument 'catkin_cmake_args' from command line to 'None'
[0.166s] Level 5:colcon.colcon_core.verb:set package 'cmdvel_to_ackermann' build argument 'catkin_skip_building_tests' from command line to 'False'
[0.166s] DEBUG:colcon.colcon_core.verb:Building package 'cmdvel_to_ackermann' with the following arguments: {'ament_cmake_args': None, 'build_base': '/home/ciderlab-server3/workspace/2026_industry_cowork/IsaacSim-ros_workspaces/humble_ws/build/cmdvel_to_ackermann', 'catkin_cmake_args': None, 'catkin_skip_building_tests': False, 'cmake_args': None, 'cmake_clean_cache': False, 'cmake_clean_first': False, 'cmake_force_configure': False, 'cmake_target': None, 'cmake_target_skip_unavailable': False, 'install_base': '/home/ciderlab-server3/workspace/2026_industry_cowork/IsaacSim-ros_workspaces/humble_ws/install/cmdvel_to_ackermann', 'merge_install': False, 'path': '/home/ciderlab-server3/workspace/2026_industry_cowork/IsaacSim-ros_workspaces/humble_ws/src/ackermann_control/cmdvel_to_ackermann', 'symlink_install': True, 'test_result_base': None}
[0.166s] Level 5:colcon.colcon_core.verb:set package 'custom_message' build argument 'cmake_args' from command line to 'None'
[0.166s] Level 5:colcon.colcon_core.verb:set package 'custom_message' build argument 'cmake_target' from command line to 'None'
[0.166s] Level 5:colcon.colcon_core.verb:set package 'custom_message' build argument 'cmake_target_skip_unavailable' from command line to 'False'
[0.166s] Level 5:colcon.colcon_core.verb:set package 'custom_message' build argument 'cmake_clean_cache' from command line to 'False'
[0.166s] Level 5:colcon.colcon_core.verb:set package 'custom_message' build argument 'cmake_clean_first' from command line to 'False'
[0.166s] Level 5:colcon.colcon_core.verb:set package 'custom_message' build argument 'cmake_force_configure' from command line to 'False'
[0.166s] Level 5:colcon.colcon_core.verb:set package 'custom_message' build argument 'ament_cmake_args' from command line to 'None'
[0.166s] Level 5:colcon.colcon_core.verb:set package 'custom_message' build argument 'catkin_cmake_args' from command line to 'None'
[0.166s] Level 5:colcon.colcon_core.verb:set package 'custom_message' build argument 'catkin_skip_building_tests' from command line to 'False'
[0.166s] DEBUG:colcon.colcon_core.verb:Building package 'custom_message' with the following arguments: {'ament_cmake_args': None, 'build_base': '/home/ciderlab-server3/workspace/2026_industry_cowork/IsaacSim-ros_workspaces/humble_ws/build/custom_message', 'catkin_cmake_args': None, 'catkin_skip_building_tests': False, 'cmake_args': None, 'cmake_clean_cache': False, 'cmake_clean_first': False, 'cmake_force_configure': False, 'cmake_target': None, 'cmake_target_skip_unavailable': False, 'install_base': '/home/ciderlab-server3/workspace/2026_industry_cowork/IsaacSim-ros_workspaces/humble_ws/install/custom_message', 'merge_install': False, 'path': '/home/ciderlab-server3/workspace/2026_industry_cowork/IsaacSim-ros_workspaces/humble_ws/src/custom_message', 'symlink_install': True, 'test_result_base': None}
[0.167s] Level 5:colcon.colcon_core.verb:set package 'custom_nav2_bt_plugins' build argument 'cmake_args' from command line to 'None'
[0.167s] Level 5:colcon.colcon_core.verb:set package 'custom_nav2_bt_plugins' build argument 'cmake_target' from command line to 'None'
[0.167s] Level 5:colcon.colcon_core.verb:set package 'custom_nav2_bt_plugins' build argument 'cmake_target_skip_unavailable' from command line to 'False'
[0.167s] Level 5:colcon.colcon_core.verb:set package 'custom_nav2_bt_plugins' build argument 'cmake_clean_cache' from command line to 'False'
[0.167s] Level 5:colcon.colcon_core.verb:set package 'custom_nav2_bt_plugins' build argument 'cmake_clean_first' from command line to 'False'
[0.167s] Level 5:colcon.colcon_core.verb:set package 'custom_nav2_bt_plugins' build argument 'cmake_force_configure' from command line to 'False'
[0.167s] Level 5:colcon.colcon_core.verb:set package 'custom_nav2_bt_plugins' build argument 'ament_cmake_args' from command line to 'None'
[0.167s] Level 5:colcon.colcon_core.verb:set package 'custom_nav2_bt_plugins' build argument 'catkin_cmake_args' from command line to 'None'
[0.167s] Level 5:colcon.colcon_core.verb:set package 'custom_nav2_bt_plugins' build argument 'catkin_skip_building_tests' from command line to 'False'
[0.167s] DEBUG:colcon.colcon_core.verb:Building package 'custom_nav2_bt_plugins' with the following arguments: {'ament_cmake_args': None, 'build_base': '/home/ciderlab-server3/workspace/2026_industry_cowork/IsaacSim-ros_workspaces/humble_ws/build/custom_nav2_bt_plugins', 'catkin_cmake_args': None, 'catkin_skip_building_tests': False, 'cmake_args': None, 'cmake_clean_cache': False, 'cmake_clean_first': False, 'cmake_force_configure': False, 'cmake_target': None, 'cmake_target_skip_unavailable': False, 'install_base': '/home/ciderlab-server3/workspace/2026_industry_cowork/IsaacSim-ros_workspaces/humble_ws/install/custom_nav2_bt_plugins', 'merge_install': False, 'path': '/home/ciderlab-server3/workspace/2026_industry_cowork/IsaacSim-ros_workspaces/humble_ws/src/custom_nav2_bt_plugins', 'symlink_install': True, 'test_result_base': None}
[0.167s] Level 5:colcon.colcon_core.verb:set package 'h1_fullbody_controller' build argument 'cmake_args' from command line to 'None'
[0.167s] Level 5:colcon.colcon_core.verb:set package 'h1_fullbody_controller' build argument 'cmake_target' from command line to 'None'
[0.167s] Level 5:colcon.colcon_core.verb:set package 'h1_fullbody_controller' build argument 'cmake_target_skip_unavailable' from command line to 'False'
[0.167s] Level 5:colcon.colcon_core.verb:set package 'h1_fullbody_controller' build argument 'cmake_clean_cache' from command line to 'False'
[0.167s] Level 5:colcon.colcon_core.verb:set package 'h1_fullbody_controller' build argument 'cmake_clean_first' from command line to 'False'
[0.167s] Level 5:colcon.colcon_core.verb:set package 'h1_fullbody_controller' build argument 'cmake_force_configure' from command line to 'False'
[0.167s] Level 5:colcon.colcon_core.verb:set package 'h1_fullbody_controller' build argument 'ament_cmake_args' from command line to 'None'
[0.167s] Level 5:colcon.colcon_core.verb:set package 'h1_fullbody_controller' build argument 'catkin_cmake_args' from command line to 'None'
[0.167s] Level 5:colcon.colcon_core.verb:set package 'h1_fullbody_controller' build argument 'catkin_skip_building_tests' from command line to 'False'
[0.167s] DEBUG:colcon.colcon_core.verb:Building package 'h1_fullbody_controller' with the following arguments: {'ament_cmake_args': None, 'build_base': '/home/ciderlab-server3/workspace/2026_industry_cowork/IsaacSim-ros_workspaces/humble_ws/build/h1_fullbody_controller', 'catkin_cmake_args': None, 'catkin_skip_building_tests': False, 'cmake_args': None, 'cmake_clean_cache': False, 'cmake_clean_first': False, 'cmake_force_configure': False, 'cmake_target': None, 'cmake_target_skip_unavailable': False, 'install_base': '/home/ciderlab-server3/workspace/2026_industry_cowork/IsaacSim-ros_workspaces/humble_ws/install/h1_fullbody_controller', 'merge_install': False, 'path': '/home/ciderlab-server3/workspace/2026_industry_cowork/IsaacSim-ros_workspaces/humble_ws/src/humanoid_locomotion_policy_example/h1_fullbody_controller', 'symlink_install': True, 'test_result_base': None}
[0.167s] Level 5:colcon.colcon_core.verb:set package 'isaac_compressed_image_decoder' build argument 'cmake_args' from command line to 'None'
[0.167s] Level 5:colcon.colcon_core.verb:set package 'isaac_compressed_image_decoder' build argument 'cmake_target' from command line to 'None'
[0.167s] Level 5:colcon.colcon_core.verb:set package 'isaac_compressed_image_decoder' build argument 'cmake_target_skip_unavailable' from command line to 'False'
[0.167s] Level 5:colcon.colcon_core.verb:set package 'isaac_compressed_image_decoder' build argument 'cmake_clean_cache' from command line to 'False'
[0.167s] Level 5:colcon.colcon_core.verb:set package 'isaac_compressed_image_decoder' build argument 'cmake_clean_first' from command line to 'False'
[0.167s] Level 5:colcon.colcon_core.verb:set package 'isaac_compressed_image_decoder' build argument 'cmake_force_configure' from command line to 'False'
[0.167s] Level 5:colcon.colcon_core.verb:set package 'isaac_compressed_image_decoder' build argument 'ament_cmake_args' from command line to 'None'
[0.167s] Level 5:colcon.colcon_core.verb:set package 'isaac_compressed_image_decoder' build argument 'catkin_cmake_args' from command line to 'None'
[0.167s] Level 5:colcon.colcon_core.verb:set package 'isaac_compressed_image_decoder' build argument 'catkin_skip_building_tests' from command line to 'False'
[0.167s] DEBUG:colcon.colcon_core.verb:Building package 'isaac_compressed_image_decoder' with the following arguments: {'ament_cmake_args': None, 'build_base': '/home/ciderlab-server3/workspace/2026_industry_cowork/IsaacSim-ros_workspaces/humble_ws/build/isaac_compressed_image_decoder', 'catkin_cmake_args': None, 'catkin_skip_building_tests': False, 'cmake_args': None, 'cmake_clean_cache': False, 'cmake_clean_first': False, 'cmake_force_configure': False, 'cmake_target': None, 'cmake_target_skip_unavailable': False, 'install_base': '/home/ciderlab-server3/workspace/2026_industry_cowork/IsaacSim-ros_workspaces/humble_ws/install/isaac_compressed_image_decoder', 'merge_install': False, 'path': '/home/ciderlab-server3/workspace/2026_industry_cowork/IsaacSim-ros_workspaces/humble_ws/src/isaac_compressed_image_decoder', 'symlink_install': True, 'test_result_base': None}
[0.167s] Level 5:colcon.colcon_core.verb:set package 'isaac_moveit' build argument 'cmake_args' from command line to 'None'
[0.167s] Level 5:colcon.colcon_core.verb:set package 'isaac_moveit' build argument 'cmake_target' from command line to 'None'
[0.167s] Level 5:colcon.colcon_core.verb:set package 'isaac_moveit' build argument 'cmake_target_skip_unavailable' from command line to 'False'
[0.167s] Level 5:colcon.colcon_core.verb:set package 'isaac_moveit' build argument 'cmake_clean_cache' from command line to 'False'
[0.167s] Level 5:colcon.colcon_core.verb:set package 'isaac_moveit' build argument 'cmake_clean_first' from command line to 'False'
[0.167s] Level 5:colcon.colcon_core.verb:set package 'isaac_moveit' build argument 'cmake_force_configure' from command line to 'False'
[0.167s] Level 5:colcon.colcon_core.verb:set package 'isaac_moveit' build argument 'ament_cmake_args' from command line to 'None'
[0.167s] Level 5:colcon.colcon_core.verb:set package 'isaac_moveit' build argument 'catkin_cmake_args' from command line to 'None'
[0.167s] Level 5:colcon.colcon_core.verb:set package 'isaac_moveit' build argument 'catkin_skip_building_tests' from command line to 'False'
[0.167s] DEBUG:colcon.colcon_core.verb:Building package 'isaac_moveit' with the following arguments: {'ament_cmake_args': None, 'build_base': '/home/ciderlab-server3/workspace/2026_industry_cowork/IsaacSim-ros_workspaces/humble_ws/build/isaac_moveit', 'catkin_cmake_args': None, 'catkin_skip_building_tests': False, 'cmake_args': None, 'cmake_clean_cache': False, 'cmake_clean_first': False, 'cmake_force_configure': False, 'cmake_target': None, 'cmake_target_skip_unavailable': False, 'install_base': '/home/ciderlab-server3/workspace/2026_industry_cowork/IsaacSim-ros_workspaces/humble_ws/install/isaac_moveit', 'merge_install': False, 'path': '/home/ciderlab-server3/workspace/2026_industry_cowork/IsaacSim-ros_workspaces/humble_ws/src/moveit/isaac_moveit', 'symlink_install': True, 'test_result_base': None}
[0.167s] Level 5:colcon.colcon_core.verb:set package 'isaac_ros2_messages' build argument 'cmake_args' from command line to 'None'
[0.167s] Level 5:colcon.colcon_core.verb:set package 'isaac_ros2_messages' build argument 'cmake_target' from command line to 'None'
[0.167s] Level 5:colcon.colcon_core.verb:set package 'isaac_ros2_messages' build argument 'cmake_target_skip_unavailable' from command line to 'False'
[0.167s] Level 5:colcon.colcon_core.verb:set package 'isaac_ros2_messages' build argument 'cmake_clean_cache' from command line to 'False'
[0.167s] Level 5:colcon.colcon_core.verb:set package 'isaac_ros2_messages' build argument 'cmake_clean_first' from command line to 'False'
[0.167s] Level 5:colcon.colcon_core.verb:set package 'isaac_ros2_messages' build argument 'cmake_force_configure' from command line to 'False'
[0.167s] Level 5:colcon.colcon_core.verb:set package 'isaac_ros2_messages' build argument 'ament_cmake_args' from command line to 'None'
[0.167s] Level 5:colcon.colcon_core.verb:set package 'isaac_ros2_messages' build argument 'catkin_cmake_args' from command line to 'None'
[0.167s] Level 5:colcon.colcon_core.verb:set package 'isaac_ros2_messages' build argument 'catkin_skip_building_tests' from command line to 'False'
[0.167s] DEBUG:colcon.colcon_core.verb:Building package 'isaac_ros2_messages' with the following arguments: {'ament_cmake_args': None, 'build_base': '/home/ciderlab-server3/workspace/2026_industry_cowork/IsaacSim-ros_workspaces/humble_ws/build/isaac_ros2_messages', 'catkin_cmake_args': None, 'catkin_skip_building_tests': False, 'cmake_args': None, 'cmake_clean_cache': False, 'cmake_clean_first': False, 'cmake_force_configure': False, 'cmake_target': None, 'cmake_target_skip_unavailable': False, 'install_base': '/home/ciderlab-server3/workspace/2026_industry_cowork/IsaacSim-ros_workspaces/humble_ws/install/isaac_ros2_messages', 'merge_install': False, 'path': '/home/ciderlab-server3/workspace/2026_industry_cowork/IsaacSim-ros_workspaces/humble_ws/src/isaac_ros2_messages', 'symlink_install': True, 'test_result_base': None}
[0.167s] Level 5:colcon.colcon_core.verb:set package 'isaac_ros_navigation_goal' build argument 'cmake_args' from command line to 'None'
[0.167s] Level 5:colcon.colcon_core.verb:set package 'isaac_ros_navigation_goal' build argument 'cmake_target' from command line to 'None'
[0.167s] Level 5:colcon.colcon_core.verb:set package 'isaac_ros_navigation_goal' build argument 'cmake_target_skip_unavailable' from command line to 'False'
[0.168s] Level 5:colcon.colcon_core.verb:set package 'isaac_ros_navigation_goal' build argument 'cmake_clean_cache' from command line to 'False'
[0.168s] Level 5:colcon.colcon_core.verb:set package 'isaac_ros_navigation_goal' build argument 'cmake_clean_first' from command line to 'False'
[0.168s] Level 5:colcon.colcon_core.verb:set package 'isaac_ros_navigation_goal' build argument 'cmake_force_configure' from command line to 'False'
[0.168s] Level 5:colcon.colcon_core.verb:set package 'isaac_ros_navigation_goal' build argument 'ament_cmake_args' from command line to 'None'
[0.168s] Level 5:colcon.colcon_core.verb:set package 'isaac_ros_navigation_goal' build argument 'catkin_cmake_args' from command line to 'None'
[0.168s] Level 5:colcon.colcon_core.verb:set package 'isaac_ros_navigation_goal' build argument 'catkin_skip_building_tests' from command line to 'False'
[0.168s] DEBUG:colcon.colcon_core.verb:Building package 'isaac_ros_navigation_goal' with the following arguments: {'ament_cmake_args': None, 'build_base': '/home/ciderlab-server3/workspace/2026_industry_cowork/IsaacSim-ros_workspaces/humble_ws/build/isaac_ros_navigation_goal', 'catkin_cmake_args': None, 'catkin_skip_building_tests': False, 'cmake_args': None, 'cmake_clean_cache': False, 'cmake_clean_first': False, 'cmake_force_configure': False, 'cmake_target': None, 'cmake_target_skip_unavailable': False, 'install_base': '/home/ciderlab-server3/workspace/2026_industry_cowork/IsaacSim-ros_workspaces/humble_ws/install/isaac_ros_navigation_goal', 'merge_install': False, 'path': '/home/ciderlab-server3/workspace/2026_industry_cowork/IsaacSim-ros_workspaces/humble_ws/src/navigation/isaac_ros_navigation_goal', 'symlink_install': True, 'test_result_base': None}
[0.168s] Level 5:colcon.colcon_core.verb:set package 'isaac_tutorials' build argument 'cmake_args' from command line to 'None'
[0.168s] Level 5:colcon.colcon_core.verb:set package 'isaac_tutorials' build argument 'cmake_target' from command line to 'None'
[0.168s] Level 5:colcon.colcon_core.verb:set package 'isaac_tutorials' build argument 'cmake_target_skip_unavailable' from command line to 'False'
[0.168s] Level 5:colcon.colcon_core.verb:set package 'isaac_tutorials' build argument 'cmake_clean_cache' from command line to 'False'
[0.168s] Level 5:colcon.colcon_core.verb:set package 'isaac_tutorials' build argument 'cmake_clean_first' from command line to 'False'
[0.168s] Level 5:colcon.colcon_core.verb:set package 'isaac_tutorials' build argument 'cmake_force_configure' from command line to 'False'
[0.168s] Level 5:colcon.colcon_core.verb:set package 'isaac_tutorials' build argument 'ament_cmake_args' from command line to 'None'
[0.168s] Level 5:colcon.colcon_core.verb:set package 'isaac_tutorials' build argument 'catkin_cmake_args' from command line to 'None'
[0.168s] Level 5:colcon.colcon_core.verb:set package 'isaac_tutorials' build argument 'catkin_skip_building_tests' from command line to 'False'
[0.168s] DEBUG:colcon.colcon_core.verb:Building package 'isaac_tutorials' with the following arguments: {'ament_cmake_args': None, 'build_base': '/home/ciderlab-server3/workspace/2026_industry_cowork/IsaacSim-ros_workspaces/humble_ws/build/isaac_tutorials', 'catkin_cmake_args': None, 'catkin_skip_building_tests': False, 'cmake_args': None, 'cmake_clean_cache': False, 'cmake_clean_first': False, 'cmake_force_configure': False, 'cmake_target': None, 'cmake_target_skip_unavailable': False, 'install_base': '/home/ciderlab-server3/workspace/2026_industry_cowork/IsaacSim-ros_workspaces/humble_ws/install/isaac_tutorials', 'merge_install': False, 'path': '/home/ciderlab-server3/workspace/2026_industry_cowork/IsaacSim-ros_workspaces/humble_ws/src/isaac_tutorials', 'symlink_install': True, 'test_result_base': None}
[0.168s] Level 5:colcon.colcon_core.verb:set package 'isaacsim_bringup' build argument 'cmake_args' from command line to 'None'
[0.168s] Level 5:colcon.colcon_core.verb:set package 'isaacsim_bringup' build argument 'cmake_target' from command line to 'None'
[0.168s] Level 5:colcon.colcon_core.verb:set package 'isaacsim_bringup' build argument 'cmake_target_skip_unavailable' from command line to 'False'
[0.168s] Level 5:colcon.colcon_core.verb:set package 'isaacsim_bringup' build argument 'cmake_clean_cache' from command line to 'False'
[0.168s] Level 5:colcon.colcon_core.verb:set package 'isaacsim_bringup' build argument 'cmake_clean_first' from command line to 'False'
[0.168s] Level 5:colcon.colcon_core.verb:set package 'isaacsim_bringup' build argument 'cmake_force_configure' from command line to 'False'
[0.168s] Level 5:colcon.colcon_core.verb:set package 'isaacsim_bringup' build argument 'ament_cmake_args' from command line to 'None'
[0.168s] Level 5:colcon.colcon_core.verb:set package 'isaacsim_bringup' build argument 'catkin_cmake_args' from command line to 'None'
[0.168s] Level 5:colcon.colcon_core.verb:set package 'isaacsim_bringup' build argument 'catkin_skip_building_tests' from command line to 'False'
[0.168s] DEBUG:colcon.colcon_core.verb:Building package 'isaacsim_bringup' with the following arguments: {'ament_cmake_args': None, 'build_base': '/home/ciderlab-server3/workspace/2026_industry_cowork/IsaacSim-ros_workspaces/humble_ws/build/isaacsim_bringup', 'catkin_cmake_args': None, 'catkin_skip_building_tests': False, 'cmake_args': None, 'cmake_clean_cache': False, 'cmake_clean_first': False, 'cmake_force_configure': False, 'cmake_target': None, 'cmake_target_skip_unavailable': False, 'install_base': '/home/ciderlab-server3/workspace/2026_industry_cowork/IsaacSim-ros_workspaces/humble_ws/install/isaacsim_bringup', 'merge_install': False, 'path': '/home/ciderlab-server3/workspace/2026_industry_cowork/IsaacSim-ros_workspaces/humble_ws/src/isaacsim_bringup', 'symlink_install': True, 'test_result_base': None}
[0.168s] Level 5:colcon.colcon_core.verb:set package 'isaacsim_clearpath_nav2' build argument 'cmake_args' from command line to 'None'
[0.168s] Level 5:colcon.colcon_core.verb:set package 'isaacsim_clearpath_nav2' build argument 'cmake_target' from command line to 'None'
[0.168s] Level 5:colcon.colcon_core.verb:set package 'isaacsim_clearpath_nav2' build argument 'cmake_target_skip_unavailable' from command line to 'False'
[0.168s] Level 5:colcon.colcon_core.verb:set package 'isaacsim_clearpath_nav2' build argument 'cmake_clean_cache' from command line to 'False'
[0.168s] Level 5:colcon.colcon_core.verb:set package 'isaacsim_clearpath_nav2' build argument 'cmake_clean_first' from command line to 'False'
[0.168s] Level 5:colcon.colcon_core.verb:set package 'isaacsim_clearpath_nav2' build argument 'cmake_force_configure' from command line to 'False'
[0.168s] Level 5:colcon.colcon_core.verb:set package 'isaacsim_clearpath_nav2' build argument 'ament_cmake_args' from command line to 'None'
[0.168s] Level 5:colcon.colcon_core.verb:set package 'isaacsim_clearpath_nav2' build argument 'catkin_cmake_args' from command line to 'None'
[0.168s] Level 5:colcon.colcon_core.verb:set package 'isaacsim_clearpath_nav2' build argument 'catkin_skip_building_tests' from command line to 'False'
[0.168s] DEBUG:colcon.colcon_core.verb:Building package 'isaacsim_clearpath_nav2' with the following arguments: {'ament_cmake_args': None, 'build_base': '/home/ciderlab-server3/workspace/2026_industry_cowork/IsaacSim-ros_workspaces/humble_ws/build/isaacsim_clearpath_nav2', 'catkin_cmake_args': None, 'catkin_skip_building_tests': False, 'cmake_args': None, 'cmake_clean_cache': False, 'cmake_clean_first': False, 'cmake_force_configure': False, 'cmake_target': None, 'cmake_target_skip_unavailable': False, 'install_base': '/home/ciderlab-server3/workspace/2026_industry_cowork/IsaacSim-ros_workspaces/humble_ws/install/isaacsim_clearpath_nav2', 'merge_install': False, 'path': '/home/ciderlab-server3/workspace/2026_industry_cowork/IsaacSim-ros_workspaces/humble_ws/src/navigation/isaacsim_clearpath_nav2', 'symlink_install': True, 'test_result_base': None}
[0.168s] Level 5:colcon.colcon_core.verb:set package 'iw_hub_navigation' build argument 'cmake_args' from command line to 'None'
[0.168s] Level 5:colcon.colcon_core.verb:set package 'iw_hub_navigation' build argument 'cmake_target' from command line to 'None'
[0.168s] Level 5:colcon.colcon_core.verb:set package 'iw_hub_navigation' build argument 'cmake_target_skip_unavailable' from command line to 'False'
[0.168s] Level 5:colcon.colcon_core.verb:set package 'iw_hub_navigation' build argument 'cmake_clean_cache' from command line to 'False'
[0.168s] Level 5:colcon.colcon_core.verb:set package 'iw_hub_navigation' build argument 'cmake_clean_first' from command line to 'False'
[0.168s] Level 5:colcon.colcon_core.verb:set package 'iw_hub_navigation' build argument 'cmake_force_configure' from command line to 'False'
[0.168s] Level 5:colcon.colcon_core.verb:set package 'iw_hub_navigation' build argument 'ament_cmake_args' from command line to 'None'
[0.168s] Level 5:colcon.colcon_core.verb:set package 'iw_hub_navigation' build argument 'catkin_cmake_args' from command line to 'None'
[0.168s] Level 5:colcon.colcon_core.verb:set package 'iw_hub_navigation' build argument 'catkin_skip_building_tests' from command line to 'False'
[0.168s] DEBUG:colcon.colcon_core.verb:Building package 'iw_hub_navigation' with the following arguments: {'ament_cmake_args': None, 'build_base': '/home/ciderlab-server3/workspace/2026_industry_cowork/IsaacSim-ros_workspaces/humble_ws/build/iw_hub_navigation', 'catkin_cmake_args': None, 'catkin_skip_building_tests': False, 'cmake_args': None, 'cmake_clean_cache': False, 'cmake_clean_first': False, 'cmake_force_configure': False, 'cmake_target': None, 'cmake_target_skip_unavailable': False, 'install_base': '/home/ciderlab-server3/workspace/2026_industry_cowork/IsaacSim-ros_workspaces/humble_ws/install/iw_hub_navigation', 'merge_install': False, 'path': '/home/ciderlab-server3/workspace/2026_industry_cowork/IsaacSim-ros_workspaces/humble_ws/src/navigation/iw_hub_navigation', 'symlink_install': True, 'test_result_base': None}
[0.168s] Level 5:colcon.colcon_core.verb:set package 'turtlebot3_manipulation_cartographer' build argument 'cmake_args' from command line to 'None'
[0.168s] Level 5:colcon.colcon_core.verb:set package 'turtlebot3_manipulation_cartographer' build argument 'cmake_target' from command line to 'None'
[0.168s] Level 5:colcon.colcon_core.verb:set package 'turtlebot3_manipulation_cartographer' build argument 'cmake_target_skip_unavailable' from command line to 'False'
[0.168s] Level 5:colcon.colcon_core.verb:set package 'turtlebot3_manipulation_cartographer' build argument 'cmake_clean_cache' from command line to 'False'
[0.168s] Level 5:colcon.colcon_core.verb:set package 'turtlebot3_manipulation_cartographer' build argument 'cmake_clean_first' from command line to 'False'
[0.168s] Level 5:colcon.colcon_core.verb:set package 'turtlebot3_manipulation_cartographer' build argument 'cmake_force_configure' from command line to 'False'
[0.168s] Level 5:colcon.colcon_core.verb:set package 'turtlebot3_manipulation_cartographer' build argument 'ament_cmake_args' from command line to 'None'
[0.168s] Level 5:colcon.colcon_core.verb:set package 'turtlebot3_manipulation_cartographer' build argument 'catkin_cmake_args' from command line to 'None'
[0.168s] Level 5:colcon.colcon_core.verb:set package 'turtlebot3_manipulation_cartographer' build argument 'catkin_skip_building_tests' from command line to 'False'
[0.168s] DEBUG:colcon.colcon_core.verb:Building package 'turtlebot3_manipulation_cartographer' with the following arguments: {'ament_cmake_args': None, 'build_base': '/home/ciderlab-server3/workspace/2026_industry_cowork/IsaacSim-ros_workspaces/humble_ws/build/turtlebot3_manipulation_cartographer', 'catkin_cmake_args': None, 'catkin_skip_building_tests': False, 'cmake_args': None, 'cmake_clean_cache': False, 'cmake_clean_first': False, 'cmake_force_configure': False, 'cmake_target': None, 'cmake_target_skip_unavailable': False, 'install_base': '/home/ciderlab-server3/workspace/2026_industry_cowork/IsaacSim-ros_workspaces/humble_ws/install/turtlebot3_manipulation_cartographer', 'merge_install': False, 'path': '/home/ciderlab-server3/workspace/2026_industry_cowork/IsaacSim-ros_workspaces/humble_ws/src/turtlebot3_manipulation/turtlebot3_manipulation_cartographer', 'symlink_install': True, 'test_result_base': None}
[0.169s] Level 5:colcon.colcon_core.verb:set package 'turtlebot3_manipulation_description' build argument 'cmake_args' from command line to 'None'
[0.169s] Level 5:colcon.colcon_core.verb:set package 'turtlebot3_manipulation_description' build argument 'cmake_target' from command line to 'None'
[0.169s] Level 5:colcon.colcon_core.verb:set package 'turtlebot3_manipulation_description' build argument 'cmake_target_skip_unavailable' from command line to 'False'
[0.169s] Level 5:colcon.colcon_core.verb:set package 'turtlebot3_manipulation_description' build argument 'cmake_clean_cache' from command line to 'False'
[0.169s] Level 5:colcon.colcon_core.verb:set package 'turtlebot3_manipulation_description' build argument 'cmake_clean_first' from command line to 'False'
[0.169s] Level 5:colcon.colcon_core.verb:set package 'turtlebot3_manipulation_description' build argument 'cmake_force_configure' from command line to 'False'
[0.169s] Level 5:colcon.colcon_core.verb:set package 'turtlebot3_manipulation_description' build argument 'ament_cmake_args' from command line to 'None'
[0.169s] Level 5:colcon.colcon_core.verb:set package 'turtlebot3_manipulation_description' build argument 'catkin_cmake_args' from command line to 'None'
[0.169s] Level 5:colcon.colcon_core.verb:set package 'turtlebot3_manipulation_description' build argument 'catkin_skip_building_tests' from command line to 'False'
[0.169s] DEBUG:colcon.colcon_core.verb:Building package 'turtlebot3_manipulation_description' with the following arguments: {'ament_cmake_args': None, 'build_base': '/home/ciderlab-server3/workspace/2026_industry_cowork/IsaacSim-ros_workspaces/humble_ws/build/turtlebot3_manipulation_description', 'catkin_cmake_args': None, 'catkin_skip_building_tests': False, 'cmake_args': None, 'cmake_clean_cache': False, 'cmake_clean_first': False, 'cmake_force_configure': False, 'cmake_target': None, 'cmake_target_skip_unavailable': False, 'install_base': '/home/ciderlab-server3/workspace/2026_industry_cowork/IsaacSim-ros_workspaces/humble_ws/install/turtlebot3_manipulation_description', 'merge_install': False, 'path': '/home/ciderlab-server3/workspace/2026_industry_cowork/IsaacSim-ros_workspaces/humble_ws/src/turtlebot3_manipulation/turtlebot3_manipulation_description', 'symlink_install': True, 'test_result_base': None}
[0.169s] Level 5:colcon.colcon_core.verb:set package 'turtlebot3_manipulation_hardware' build argument 'cmake_args' from command line to 'None'
[0.169s] Level 5:colcon.colcon_core.verb:set package 'turtlebot3_manipulation_hardware' build argument 'cmake_target' from command line to 'None'
[0.169s] Level 5:colcon.colcon_core.verb:set package 'turtlebot3_manipulation_hardware' build argument 'cmake_target_skip_unavailable' from command line to 'False'
[0.169s] Level 5:colcon.colcon_core.verb:set package 'turtlebot3_manipulation_hardware' build argument 'cmake_clean_cache' from command line to 'False'
[0.169s] Level 5:colcon.colcon_core.verb:set package 'turtlebot3_manipulation_hardware' build argument 'cmake_clean_first' from command line to 'False'
[0.169s] Level 5:colcon.colcon_core.verb:set package 'turtlebot3_manipulation_hardware' build argument 'cmake_force_configure' from command line to 'False'
[0.169s] Level 5:colcon.colcon_core.verb:set package 'turtlebot3_manipulation_hardware' build argument 'ament_cmake_args' from command line to 'None'
[0.169s] Level 5:colcon.colcon_core.verb:set package 'turtlebot3_manipulation_hardware' build argument 'catkin_cmake_args' from command line to 'None'
[0.169s] Level 5:colcon.colcon_core.verb:set package 'turtlebot3_manipulation_hardware' build argument 'catkin_skip_building_tests' from command line to 'False'
[0.169s] DEBUG:colcon.colcon_core.verb:Building package 'turtlebot3_manipulation_hardware' with the following arguments: {'ament_cmake_args': None, 'build_base': '/home/ciderlab-server3/workspace/2026_industry_cowork/IsaacSim-ros_workspaces/humble_ws/build/turtlebot3_manipulation_hardware', 'catkin_cmake_args': None, 'catkin_skip_building_tests': False, 'cmake_args': None, 'cmake_clean_cache': False, 'cmake_clean_first': False, 'cmake_force_configure': False, 'cmake_target': None, 'cmake_target_skip_unavailable': False, 'install_base': '/home/ciderlab-server3/workspace/2026_industry_cowork/IsaacSim-ros_workspaces/humble_ws/install/turtlebot3_manipulation_hardware', 'merge_install': False, 'path': '/home/ciderlab-server3/workspace/2026_industry_cowork/IsaacSim-ros_workspaces/humble_ws/src/turtlebot3_manipulation/turtlebot3_manipulation_hardware', 'symlink_install': True, 'test_result_base': None}
[0.169s] Level 5:colcon.colcon_core.verb:set package 'turtlebot3_manipulation_navigation2' build argument 'cmake_args' from command line to 'None'
[0.169s] Level 5:colcon.colcon_core.verb:set package 'turtlebot3_manipulation_navigation2' build argument 'cmake_target' from command line to 'None'
[0.169s] Level 5:colcon.colcon_core.verb:set package 'turtlebot3_manipulation_navigation2' build argument 'cmake_target_skip_unavailable' from command line to 'False'
[0.169s] Level 5:colcon.colcon_core.verb:set package 'turtlebot3_manipulation_navigation2' build argument 'cmake_clean_cache' from command line to 'False'
[0.169s] Level 5:colcon.colcon_core.verb:set package 'turtlebot3_manipulation_navigation2' build argument 'cmake_clean_first' from command line to 'False'
[0.169s] Level 5:colcon.colcon_core.verb:set package 'turtlebot3_manipulation_navigation2' build argument 'cmake_force_configure' from command line to 'False'
[0.169s] Level 5:colcon.colcon_core.verb:set package 'turtlebot3_manipulation_navigation2' build argument 'ament_cmake_args' from command line to 'None'
[0.169s] Level 5:colcon.colcon_core.verb:set package 'turtlebot3_manipulation_navigation2' build argument 'catkin_cmake_args' from command line to 'None'
[0.169s] Level 5:colcon.colcon_core.verb:set package 'turtlebot3_manipulation_navigation2' build argument 'catkin_skip_building_tests' from command line to 'False'
[0.169s] DEBUG:colcon.colcon_core.verb:Building package 'turtlebot3_manipulation_navigation2' with the following arguments: {'ament_cmake_args': None, 'build_base': '/home/ciderlab-server3/workspace/2026_industry_cowork/IsaacSim-ros_workspaces/humble_ws/build/turtlebot3_manipulation_navigation2', 'catkin_cmake_args': None, 'catkin_skip_building_tests': False, 'cmake_args': None, 'cmake_clean_cache': False, 'cmake_clean_first': False, 'cmake_force_configure': False, 'cmake_target': None, 'cmake_target_skip_unavailable': False, 'install_base': '/home/ciderlab-server3/workspace/2026_industry_cowork/IsaacSim-ros_workspaces/humble_ws/install/turtlebot3_manipulation_navigation2', 'merge_install': False, 'path': '/home/ciderlab-server3/workspace/2026_industry_cowork/IsaacSim-ros_workspaces/humble_ws/src/turtlebot3_manipulation/turtlebot3_manipulation_navigation2', 'symlink_install': True, 'test_result_base': None}
[0.169s] Level 5:colcon.colcon_core.verb:set package 'turtlebot3_manipulation_bringup' build argument 'cmake_args' from command line to 'None'
[0.169s] Level 5:colcon.colcon_core.verb:set package 'turtlebot3_manipulation_bringup' build argument 'cmake_target' from command line to 'None'
[0.169s] Level 5:colcon.colcon_core.verb:set package 'turtlebot3_manipulation_bringup' build argument 'cmake_target_skip_unavailable' from command line to 'False'
[0.169s] Level 5:colcon.colcon_core.verb:set package 'turtlebot3_manipulation_bringup' build argument 'cmake_clean_cache' from command line to 'False'
[0.169s] Level 5:colcon.colcon_core.verb:set package 'turtlebot3_manipulation_bringup' build argument 'cmake_clean_first' from command line to 'False'
[0.169s] Level 5:colcon.colcon_core.verb:set package 'turtlebot3_manipulation_bringup' build argument 'cmake_force_configure' from command line to 'False'
[0.169s] Level 5:colcon.colcon_core.verb:set package 'turtlebot3_manipulation_bringup' build argument 'ament_cmake_args' from command line to 'None'
[0.169s] Level 5:colcon.colcon_core.verb:set package 'turtlebot3_manipulation_bringup' build argument 'catkin_cmake_args' from command line to 'None'
[0.169s] Level 5:colcon.colcon_core.verb:set package 'turtlebot3_manipulation_bringup' build argument 'catkin_skip_building_tests' from command line to 'False'
[0.169s] DEBUG:colcon.colcon_core.verb:Building package 'turtlebot3_manipulation_bringup' with the following arguments: {'ament_cmake_args': None, 'build_base': '/home/ciderlab-server3/workspace/2026_industry_cowork/IsaacSim-ros_workspaces/humble_ws/build/turtlebot3_manipulation_bringup', 'catkin_cmake_args': None, 'catkin_skip_building_tests': False, 'cmake_args': None, 'cmake_clean_cache': False, 'cmake_clean_first': False, 'cmake_force_configure': False, 'cmake_target': None, 'cmake_target_skip_unavailable': False, 'install_base': '/home/ciderlab-server3/workspace/2026_industry_cowork/IsaacSim-ros_workspaces/humble_ws/install/turtlebot3_manipulation_bringup', 'merge_install': False, 'path': '/home/ciderlab-server3/workspace/2026_industry_cowork/IsaacSim-ros_workspaces/humble_ws/src/turtlebot3_manipulation/turtlebot3_manipulation_bringup', 'symlink_install': True, 'test_result_base': None}
[0.169s] Level 5:colcon.colcon_core.verb:set package 'turtlebot3_manipulation_moveit_config' build argument 'cmake_args' from command line to 'None'
[0.169s] Level 5:colcon.colcon_core.verb:set package 'turtlebot3_manipulation_moveit_config' build argument 'cmake_target' from command line to 'None'
[0.169s] Level 5:colcon.colcon_core.verb:set package 'turtlebot3_manipulation_moveit_config' build argument 'cmake_target_skip_unavailable' from command line to 'False'
[0.169s] Level 5:colcon.colcon_core.verb:set package 'turtlebot3_manipulation_moveit_config' build argument 'cmake_clean_cache' from command line to 'False'
[0.169s] Level 5:colcon.colcon_core.verb:set package 'turtlebot3_manipulation_moveit_config' build argument 'cmake_clean_first' from command line to 'False'
[0.169s] Level 5:colcon.colcon_core.verb:set package 'turtlebot3_manipulation_moveit_config' build argument 'cmake_force_configure' from command line to 'False'
[0.169s] Level 5:colcon.colcon_core.verb:set package 'turtlebot3_manipulation_moveit_config' build argument 'ament_cmake_args' from command line to 'None'
[0.169s] Level 5:colcon.colcon_core.verb:set package 'turtlebot3_manipulation_moveit_config' build argument 'catkin_cmake_args' from command line to 'None'
[0.169s] Level 5:colcon.colcon_core.verb:set package 'turtlebot3_manipulation_moveit_config' build argument 'catkin_skip_building_tests' from command line to 'False'
[0.169s] DEBUG:colcon.colcon_core.verb:Building package 'turtlebot3_manipulation_moveit_config' with the following arguments: {'ament_cmake_args': None, 'build_base': '/home/ciderlab-server3/workspace/2026_industry_cowork/IsaacSim-ros_workspaces/humble_ws/build/turtlebot3_manipulation_moveit_config', 'catkin_cmake_args': None, 'catkin_skip_building_tests': False, 'cmake_args': None, 'cmake_clean_cache': False, 'cmake_clean_first': False, 'cmake_force_configure': False, 'cmake_target': None, 'cmake_target_skip_unavailable': False, 'install_base': '/home/ciderlab-server3/workspace/2026_industry_cowork/IsaacSim-ros_workspaces/humble_ws/install/turtlebot3_manipulation_moveit_config', 'merge_install': False, 'path': '/home/ciderlab-server3/workspace/2026_industry_cowork/IsaacSim-ros_workspaces/humble_ws/src/turtlebot3_manipulation/turtlebot3_manipulation_moveit_config', 'symlink_install': True, 'test_result_base': None}
[0.169s] Level 5:colcon.colcon_core.verb:set package 'turtlebot3_manipulation_teleop' build argument 'cmake_args' from command line to 'None'
[0.169s] Level 5:colcon.colcon_core.verb:set package 'turtlebot3_manipulation_teleop' build argument 'cmake_target' from command line to 'None'
[0.169s] Level 5:colcon.colcon_core.verb:set package 'turtlebot3_manipulation_teleop' build argument 'cmake_target_skip_unavailable' from command line to 'False'
[0.170s] Level 5:colcon.colcon_core.verb:set package 'turtlebot3_manipulation_teleop' build argument 'cmake_clean_cache' from command line to 'False'
[0.170s] Level 5:colcon.colcon_core.verb:set package 'turtlebot3_manipulation_teleop' build argument 'cmake_clean_first' from command line to 'False'
[0.170s] Level 5:colcon.colcon_core.verb:set package 'turtlebot3_manipulation_teleop' build argument 'cmake_force_configure' from command line to 'False'
[0.170s] Level 5:colcon.colcon_core.verb:set package 'turtlebot3_manipulation_teleop' build argument 'ament_cmake_args' from command line to 'None'
[0.170s] Level 5:colcon.colcon_core.verb:set package 'turtlebot3_manipulation_teleop' build argument 'catkin_cmake_args' from command line to 'None'
[0.170s] Level 5:colcon.colcon_core.verb:set package 'turtlebot3_manipulation_teleop' build argument 'catkin_skip_building_tests' from command line to 'False'
[0.170s] DEBUG:colcon.colcon_core.verb:Building package 'turtlebot3_manipulation_teleop' with the following arguments: {'ament_cmake_args': None, 'build_base': '/home/ciderlab-server3/workspace/2026_industry_cowork/IsaacSim-ros_workspaces/humble_ws/build/turtlebot3_manipulation_teleop', 'catkin_cmake_args': None, 'catkin_skip_building_tests': False, 'cmake_args': None, 'cmake_clean_cache': False, 'cmake_clean_first': False, 'cmake_force_configure': False, 'cmake_target': None, 'cmake_target_skip_unavailable': False, 'install_base': '/home/ciderlab-server3/workspace/2026_industry_cowork/IsaacSim-ros_workspaces/humble_ws/install/turtlebot3_manipulation_teleop', 'merge_install': False, 'path': '/home/ciderlab-server3/workspace/2026_industry_cowork/IsaacSim-ros_workspaces/humble_ws/src/turtlebot3_manipulation/turtlebot3_manipulation_teleop', 'symlink_install': True, 'test_result_base': None}
[0.170s] Level 5:colcon.colcon_core.verb:set package 'turtlebot3_manipulation' build argument 'cmake_args' from command line to 'None'
[0.170s] Level 5:colcon.colcon_core.verb:set package 'turtlebot3_manipulation' build argument 'cmake_target' from command line to 'None'
[0.170s] Level 5:colcon.colcon_core.verb:set package 'turtlebot3_manipulation' build argument 'cmake_target_skip_unavailable' from command line to 'False'
[0.170s] Level 5:colcon.colcon_core.verb:set package 'turtlebot3_manipulation' build argument 'cmake_clean_cache' from command line to 'False'
[0.170s] Level 5:colcon.colcon_core.verb:set package 'turtlebot3_manipulation' build argument 'cmake_clean_first' from command line to 'False'
[0.170s] Level 5:colcon.colcon_core.verb:set package 'turtlebot3_manipulation' build argument 'cmake_force_configure' from command line to 'False'
[0.170s] Level 5:colcon.colcon_core.verb:set package 'turtlebot3_manipulation' build argument 'ament_cmake_args' from command line to 'None'
[0.170s] Level 5:colcon.colcon_core.verb:set package 'turtlebot3_manipulation' build argument 'catkin_cmake_args' from command line to 'None'
[0.170s] Level 5:colcon.colcon_core.verb:set package 'turtlebot3_manipulation' build argument 'catkin_skip_building_tests' from command line to 'False'
[0.170s] DEBUG:colcon.colcon_core.verb:Building package 'turtlebot3_manipulation' with the following arguments: {'ament_cmake_args': None, 'build_base': '/home/ciderlab-server3/workspace/2026_industry_cowork/IsaacSim-ros_workspaces/humble_ws/build/turtlebot3_manipulation', 'catkin_cmake_args': None, 'catkin_skip_building_tests': False, 'cmake_args': None, 'cmake_clean_cache': False, 'cmake_clean_first': False, 'cmake_force_configure': False, 'cmake_target': None, 'cmake_target_skip_unavailable': False, 'install_base': '/home/ciderlab-server3/workspace/2026_industry_cowork/IsaacSim-ros_workspaces/humble_ws/install/turtlebot3_manipulation', 'merge_install': False, 'path': '/home/ciderlab-server3/workspace/2026_industry_cowork/IsaacSim-ros_workspaces/humble_ws/src/turtlebot3_manipulation/turtlebot3_manipulation', 'symlink_install': True, 'test_result_base': None}
[0.170s] INFO:colcon.colcon_core.executor:Executing jobs using 'parallel' executor
[0.171s] DEBUG:colcon.colcon_parallel_executor.executor.parallel:run_until_complete
[0.171s] INFO:colcon.colcon_ros.task.ament_cmake.build:Building ROS package in '/home/ciderlab-server3/workspace/2026_industry_cowork/IsaacSim-ros_workspaces/humble_ws/src/turtlebot3_manipulation/turtlebot3_manipulation_description' with build type 'ament_cmake'
[0.171s] INFO:colcon.colcon_cmake.task.cmake.build:Building CMake package in '/home/ciderlab-server3/workspace/2026_industry_cowork/IsaacSim-ros_workspaces/humble_ws/src/turtlebot3_manipulation/turtlebot3_manipulation_description'
[0.172s] INFO:colcon.colcon_core.plugin_system:Skipping extension 'colcon_core.shell.bat': Not used on non-Windows systems
[0.172s] INFO:colcon.colcon_core.shell:Skip shell extension 'powershell' for command environment: Not usable outside of PowerShell
[0.172s] DEBUG:colcon.colcon_core.shell:Skip shell extension 'dsv' for command environment
[0.176s] INFO:colcon.colcon_ros.task.ament_cmake.build:Building ROS package in '/home/ciderlab-server3/workspace/2026_industry_cowork/IsaacSim-ros_workspaces/humble_ws/src/turtlebot3_manipulation/turtlebot3_manipulation_cartographer' with build type 'ament_cmake'
[0.177s] INFO:colcon.colcon_cmake.task.cmake.build:Building CMake package in '/home/ciderlab-server3/workspace/2026_industry_cowork/IsaacSim-ros_workspaces/humble_ws/src/turtlebot3_manipulation/turtlebot3_manipulation_cartographer'
[0.177s] INFO:colcon.colcon_core.shell:Skip shell extension 'powershell' for command environment: Not usable outside of PowerShell
[0.177s] DEBUG:colcon.colcon_core.shell:Skip shell extension 'dsv' for command environment
[0.180s] INFO:colcon.colcon_ros.task.ament_cmake.build:Building ROS package in '/home/ciderlab-server3/workspace/2026_industry_cowork/IsaacSim-ros_workspaces/humble_ws/src/turtlebot3_manipulation/turtlebot3_manipulation_hardware' with build type 'ament_cmake'
[0.180s] INFO:colcon.colcon_cmake.task.cmake.build:Building CMake package in '/home/ciderlab-server3/workspace/2026_industry_cowork/IsaacSim-ros_workspaces/humble_ws/src/turtlebot3_manipulation/turtlebot3_manipulation_hardware'
[0.180s] INFO:colcon.colcon_core.shell:Skip shell extension 'powershell' for command environment: Not usable outside of PowerShell
[0.180s] DEBUG:colcon.colcon_core.shell:Skip shell extension 'dsv' for command environment
[0.183s] INFO:colcon.colcon_ros.task.ament_cmake.build:Building ROS package in '/home/ciderlab-server3/workspace/2026_industry_cowork/IsaacSim-ros_workspaces/humble_ws/src/turtlebot3_manipulation/turtlebot3_manipulation_navigation2' with build type 'ament_cmake'
[0.183s] INFO:colcon.colcon_cmake.task.cmake.build:Building CMake package in '/home/ciderlab-server3/workspace/2026_industry_cowork/IsaacSim-ros_workspaces/humble_ws/src/turtlebot3_manipulation/turtlebot3_manipulation_navigation2'
[0.183s] INFO:colcon.colcon_core.shell:Skip shell extension 'powershell' for command environment: Not usable outside of PowerShell
[0.183s] DEBUG:colcon.colcon_core.shell:Skip shell extension 'dsv' for command environment
[0.186s] INFO:colcon.colcon_ros.task.ament_cmake.build:Building ROS package in '/home/ciderlab-server3/workspace/2026_industry_cowork/IsaacSim-ros_workspaces/humble_ws/src/navigation/carter_navigation' with build type 'ament_cmake'
[0.186s] INFO:colcon.colcon_cmake.task.cmake.build:Building CMake package in '/home/ciderlab-server3/workspace/2026_industry_cowork/IsaacSim-ros_workspaces/humble_ws/src/navigation/carter_navigation'
[0.186s] INFO:colcon.colcon_core.shell:Skip shell extension 'powershell' for command environment: Not usable outside of PowerShell
[0.186s] DEBUG:colcon.colcon_core.shell:Skip shell extension 'dsv' for command environment
[0.189s] INFO:colcon.colcon_ros.task.ament_python.build:Building ROS package in '/home/ciderlab-server3/workspace/2026_industry_cowork/IsaacSim-ros_workspaces/humble_ws/src/ackermann_control/cmdvel_to_ackermann' with build type 'ament_python'
[0.189s] Level 1:colcon.colcon_core.shell:create_environment_hook('cmdvel_to_ackermann', 'ament_prefix_path')
[0.189s] INFO:colcon.colcon_core.shell:Creating environment hook '/home/ciderlab-server3/workspace/2026_industry_cowork/IsaacSim-ros_workspaces/humble_ws/install/cmdvel_to_ackermann/share/cmdvel_to_ackermann/hook/ament_prefix_path.ps1'
[0.189s] INFO:colcon.colcon_core.shell:Creating environment descriptor '/home/ciderlab-server3/workspace/2026_industry_cowork/IsaacSim-ros_workspaces/humble_ws/install/cmdvel_to_ackermann/share/cmdvel_to_ackermann/hook/ament_prefix_path.dsv'
[0.189s] INFO:colcon.colcon_core.shell:Creating environment hook '/home/ciderlab-server3/workspace/2026_industry_cowork/IsaacSim-ros_workspaces/humble_ws/install/cmdvel_to_ackermann/share/cmdvel_to_ackermann/hook/ament_prefix_path.sh'
[0.190s] INFO:colcon.colcon_core.shell:Skip shell extension 'powershell' for command environment: Not usable outside of PowerShell
[0.190s] DEBUG:colcon.colcon_core.shell:Skip shell extension 'dsv' for command environment
[0.192s] INFO:colcon.colcon_ros.task.ament_cmake.build:Building ROS package in '/home/ciderlab-server3/workspace/2026_industry_cowork/IsaacSim-ros_workspaces/humble_ws/src/custom_message' with build type 'ament_cmake'
[0.192s] INFO:colcon.colcon_cmake.task.cmake.build:Building CMake package in '/home/ciderlab-server3/workspace/2026_industry_cowork/IsaacSim-ros_workspaces/humble_ws/src/custom_message'
[0.192s] INFO:colcon.colcon_core.shell:Skip shell extension 'powershell' for command environment: Not usable outside of PowerShell
[0.192s] DEBUG:colcon.colcon_core.shell:Skip shell extension 'dsv' for command environment
[0.195s] INFO:colcon.colcon_ros.task.ament_cmake.build:Building ROS package in '/home/ciderlab-server3/workspace/2026_industry_cowork/IsaacSim-ros_workspaces/humble_ws/src/custom_nav2_bt_plugins' with build type 'ament_cmake'
[0.195s] INFO:colcon.colcon_cmake.task.cmake.build:Building CMake package in '/home/ciderlab-server3/workspace/2026_industry_cowork/IsaacSim-ros_workspaces/humble_ws/src/custom_nav2_bt_plugins'
[0.195s] INFO:colcon.colcon_core.shell:Skip shell extension 'powershell' for command environment: Not usable outside of PowerShell
[0.195s] DEBUG:colcon.colcon_core.shell:Skip shell extension 'dsv' for command environment
[0.198s] INFO:colcon.colcon_ros.task.ament_python.build:Building ROS package in '/home/ciderlab-server3/workspace/2026_industry_cowork/IsaacSim-ros_workspaces/humble_ws/src/humanoid_locomotion_policy_example/h1_fullbody_controller' with build type 'ament_python'
[0.198s] Level 1:colcon.colcon_core.shell:create_environment_hook('h1_fullbody_controller', 'ament_prefix_path')
[0.198s] INFO:colcon.colcon_core.shell:Creating environment hook '/home/ciderlab-server3/workspace/2026_industry_cowork/IsaacSim-ros_workspaces/humble_ws/install/h1_fullbody_controller/share/h1_fullbody_controller/hook/ament_prefix_path.ps1'
[0.198s] INFO:colcon.colcon_core.shell:Creating environment descriptor '/home/ciderlab-server3/workspace/2026_industry_cowork/IsaacSim-ros_workspaces/humble_ws/install/h1_fullbody_controller/share/h1_fullbody_controller/hook/ament_prefix_path.dsv'
[0.198s] INFO:colcon.colcon_core.shell:Creating environment hook '/home/ciderlab-server3/workspace/2026_industry_cowork/IsaacSim-ros_workspaces/humble_ws/install/h1_fullbody_controller/share/h1_fullbody_controller/hook/ament_prefix_path.sh'
[0.199s] INFO:colcon.colcon_core.shell:Skip shell extension 'powershell' for command environment: Not usable outside of PowerShell
[0.199s] DEBUG:colcon.colcon_core.shell:Skip shell extension 'dsv' for command environment
[0.201s] INFO:colcon.colcon_ros.task.ament_python.build:Building ROS package in '/home/ciderlab-server3/workspace/2026_industry_cowork/IsaacSim-ros_workspaces/humble_ws/src/isaac_compressed_image_decoder' with build type 'ament_python'
[0.201s] Level 1:colcon.colcon_core.shell:create_environment_hook('isaac_compressed_image_decoder', 'ament_prefix_path')
[0.201s] INFO:colcon.colcon_core.shell:Creating environment hook '/home/ciderlab-server3/workspace/2026_industry_cowork/IsaacSim-ros_workspaces/humble_ws/install/isaac_compressed_image_decoder/share/isaac_compressed_image_decoder/hook/ament_prefix_path.ps1'
[0.201s] INFO:colcon.colcon_core.shell:Creating environment descriptor '/home/ciderlab-server3/workspace/2026_industry_cowork/IsaacSim-ros_workspaces/humble_ws/install/isaac_compressed_image_decoder/share/isaac_compressed_image_decoder/hook/ament_prefix_path.dsv'
[0.201s] INFO:colcon.colcon_core.shell:Creating environment hook '/home/ciderlab-server3/workspace/2026_industry_cowork/IsaacSim-ros_workspaces/humble_ws/install/isaac_compressed_image_decoder/share/isaac_compressed_image_decoder/hook/ament_prefix_path.sh'
[0.202s] INFO:colcon.colcon_core.shell:Skip shell extension 'powershell' for command environment: Not usable outside of PowerShell
[0.202s] DEBUG:colcon.colcon_core.shell:Skip shell extension 'dsv' for command environment
[0.204s] INFO:colcon.colcon_ros.task.ament_python.build:Building ROS package in '/home/ciderlab-server3/workspace/2026_industry_cowork/IsaacSim-ros_workspaces/humble_ws/src/moveit/isaac_moveit' with build type 'ament_python'
[0.204s] Level 1:colcon.colcon_core.shell:create_environment_hook('isaac_moveit', 'ament_prefix_path')
[0.204s] INFO:colcon.colcon_core.shell:Creating environment hook '/home/ciderlab-server3/workspace/2026_industry_cowork/IsaacSim-ros_workspaces/humble_ws/install/isaac_moveit/share/isaac_moveit/hook/ament_prefix_path.ps1'
[0.204s] INFO:colcon.colcon_core.shell:Creating environment descriptor '/home/ciderlab-server3/workspace/2026_industry_cowork/IsaacSim-ros_workspaces/humble_ws/install/isaac_moveit/share/isaac_moveit/hook/ament_prefix_path.dsv'
[0.205s] INFO:colcon.colcon_core.shell:Creating environment hook '/home/ciderlab-server3/workspace/2026_industry_cowork/IsaacSim-ros_workspaces/humble_ws/install/isaac_moveit/share/isaac_moveit/hook/ament_prefix_path.sh'
[0.205s] INFO:colcon.colcon_core.shell:Skip shell extension 'powershell' for command environment: Not usable outside of PowerShell
[0.205s] DEBUG:colcon.colcon_core.shell:Skip shell extension 'dsv' for command environment
[0.207s] INFO:colcon.colcon_ros.task.ament_cmake.build:Building ROS package in '/home/ciderlab-server3/workspace/2026_industry_cowork/IsaacSim-ros_workspaces/humble_ws/src/isaac_ros2_messages' with build type 'ament_cmake'
[0.207s] INFO:colcon.colcon_cmake.task.cmake.build:Building CMake package in '/home/ciderlab-server3/workspace/2026_industry_cowork/IsaacSim-ros_workspaces/humble_ws/src/isaac_ros2_messages'
[0.207s] INFO:colcon.colcon_core.shell:Skip shell extension 'powershell' for command environment: Not usable outside of PowerShell
[0.207s] DEBUG:colcon.colcon_core.shell:Skip shell extension 'dsv' for command environment
[0.210s] INFO:colcon.colcon_ros.task.ament_python.build:Building ROS package in '/home/ciderlab-server3/workspace/2026_industry_cowork/IsaacSim-ros_workspaces/humble_ws/src/navigation/isaac_ros_navigation_goal' with build type 'ament_python'
[0.210s] Level 1:colcon.colcon_core.shell:create_environment_hook('isaac_ros_navigation_goal', 'ament_prefix_path')
[0.210s] INFO:colcon.colcon_core.shell:Creating environment hook '/home/ciderlab-server3/workspace/2026_industry_cowork/IsaacSim-ros_workspaces/humble_ws/install/isaac_ros_navigation_goal/share/isaac_ros_navigation_goal/hook/ament_prefix_path.ps1'
[0.210s] INFO:colcon.colcon_core.shell:Creating environment descriptor '/home/ciderlab-server3/workspace/2026_industry_cowork/IsaacSim-ros_workspaces/humble_ws/install/isaac_ros_navigation_goal/share/isaac_ros_navigation_goal/hook/ament_prefix_path.dsv'
[0.211s] INFO:colcon.colcon_core.shell:Creating environment hook '/home/ciderlab-server3/workspace/2026_industry_cowork/IsaacSim-ros_workspaces/humble_ws/install/isaac_ros_navigation_goal/share/isaac_ros_navigation_goal/hook/ament_prefix_path.sh'
[0.211s] INFO:colcon.colcon_core.shell:Skip shell extension 'powershell' for command environment: Not usable outside of PowerShell
[0.211s] DEBUG:colcon.colcon_core.shell:Skip shell extension 'dsv' for command environment
[0.213s] INFO:colcon.colcon_ros.task.ament_cmake.build:Building ROS package in '/home/ciderlab-server3/workspace/2026_industry_cowork/IsaacSim-ros_workspaces/humble_ws/src/isaac_tutorials' with build type 'ament_cmake'
[0.213s] INFO:colcon.colcon_cmake.task.cmake.build:Building CMake package in '/home/ciderlab-server3/workspace/2026_industry_cowork/IsaacSim-ros_workspaces/humble_ws/src/isaac_tutorials'
[0.213s] INFO:colcon.colcon_core.shell:Skip shell extension 'powershell' for command environment: Not usable outside of PowerShell
[0.213s] DEBUG:colcon.colcon_core.shell:Skip shell extension 'dsv' for command environment
[0.216s] INFO:colcon.colcon_ros.task.ament_python.build:Building ROS package in '/home/ciderlab-server3/workspace/2026_industry_cowork/IsaacSim-ros_workspaces/humble_ws/src/isaacsim_bringup' with build type 'ament_python'
[0.216s] Level 1:colcon.colcon_core.shell:create_environment_hook('isaacsim_bringup', 'ament_prefix_path')
[0.216s] INFO:colcon.colcon_core.shell:Creating environment hook '/home/ciderlab-server3/workspace/2026_industry_cowork/IsaacSim-ros_workspaces/humble_ws/install/isaacsim_bringup/share/isaacsim_bringup/hook/ament_prefix_path.ps1'
[0.217s] INFO:colcon.colcon_core.shell:Creating environment descriptor '/home/ciderlab-server3/workspace/2026_industry_cowork/IsaacSim-ros_workspaces/humble_ws/install/isaacsim_bringup/share/isaacsim_bringup/hook/ament_prefix_path.dsv'
[0.217s] INFO:colcon.colcon_core.shell:Creating environment hook '/home/ciderlab-server3/workspace/2026_industry_cowork/IsaacSim-ros_workspaces/humble_ws/install/isaacsim_bringup/share/isaacsim_bringup/hook/ament_prefix_path.sh'
[0.217s] INFO:colcon.colcon_core.shell:Skip shell extension 'powershell' for command environment: Not usable outside of PowerShell
[0.217s] DEBUG:colcon.colcon_core.shell:Skip shell extension 'dsv' for command environment
[0.220s] INFO:colcon.colcon_ros.task.ament_cmake.build:Building ROS package in '/home/ciderlab-server3/workspace/2026_industry_cowork/IsaacSim-ros_workspaces/humble_ws/src/navigation/isaacsim_clearpath_nav2' with build type 'ament_cmake'
[0.220s] INFO:colcon.colcon_cmake.task.cmake.build:Building CMake package in '/home/ciderlab-server3/workspace/2026_industry_cowork/IsaacSim-ros_workspaces/humble_ws/src/navigation/isaacsim_clearpath_nav2'
[0.220s] INFO:colcon.colcon_core.shell:Skip shell extension 'powershell' for command environment: Not usable outside of PowerShell
[0.220s] DEBUG:colcon.colcon_core.shell:Skip shell extension 'dsv' for command environment
[0.222s] INFO:colcon.colcon_ros.task.ament_cmake.build:Building ROS package in '/home/ciderlab-server3/workspace/2026_industry_cowork/IsaacSim-ros_workspaces/humble_ws/src/navigation/iw_hub_navigation' with build type 'ament_cmake'
[0.222s] INFO:colcon.colcon_cmake.task.cmake.build:Building CMake package in '/home/ciderlab-server3/workspace/2026_industry_cowork/IsaacSim-ros_workspaces/humble_ws/src/navigation/iw_hub_navigation'
[0.222s] INFO:colcon.colcon_core.shell:Skip shell extension 'powershell' for command environment: Not usable outside of PowerShell
[0.222s] DEBUG:colcon.colcon_core.shell:Skip shell extension 'dsv' for command environment
[0.227s] DEBUG:colcon.colcon_core.event_handler.log_command:Invoking command in '/home/ciderlab-server3/workspace/2026_industry_cowork/IsaacSim-ros_workspaces/humble_ws/build/turtlebot3_manipulation_description': CMAKE_PREFIX_PATH=${CMAKE_PREFIX_PATH}:/home/ciderlab-server3/workspace/2026_industry_cowork/IsaacSim-ros_workspaces/humble_ws/install/isaacsim_bringup:/home/ciderlab-server3/workspace/2026_industry_cowork/IsaacSim-ros_workspaces/humble_ws/install/isaac_ros_navigation_goal:/home/ciderlab-server3/workspace/2026_industry_cowork/IsaacSim-ros_workspaces/humble_ws/install/isaac_moveit:/home/ciderlab-server3/workspace/2026_industry_cowork/IsaacSim-ros_workspaces/humble_ws/install/isaac_compressed_image_decoder:/home/ciderlab-server3/workspace/2026_industry_cowork/IsaacSim-ros_workspaces/humble_ws/install/h1_fullbody_controller:/home/ciderlab-server3/workspace/2026_industry_cowork/IsaacSim-ros_workspaces/humble_ws/install/cmdvel_to_ackermann:/home/ciderlab-server3/turtlebot3_ws/install/turtlebot3_teleop:/home/ciderlab-server3/turtlebot3_ws/install/turtlebot3_example:/home/ciderlab-server3/turtlebot3_ws/install/turtlebot3_dqn:/home/ciderlab-server3/turtlebot3_ws/install/turtlebot3_home_service_challenge_core:/home/ciderlab-server3/turtlebot3_ws/install/turtlebot3_home_service_challenge_aruco:/opt/ros/humble /usr/bin/cmake /home/ciderlab-server3/workspace/2026_industry_cowork/IsaacSim-ros_workspaces/humble_ws/src/turtlebot3_manipulation/turtlebot3_manipulation_description -DAMENT_CMAKE_SYMLINK_INSTALL=1 -DCMAKE_INSTALL_PREFIX=/home/ciderlab-server3/workspace/2026_industry_cowork/IsaacSim-ros_workspaces/humble_ws/install/turtlebot3_manipulation_description
[0.229s] DEBUG:colcon.colcon_core.event_handler.log_command:Invoking command in '/home/ciderlab-server3/workspace/2026_industry_cowork/IsaacSim-ros_workspaces/humble_ws/build/turtlebot3_manipulation_cartographer': CMAKE_PREFIX_PATH=${CMAKE_PREFIX_PATH}:/home/ciderlab-server3/workspace/2026_industry_cowork/IsaacSim-ros_workspaces/humble_ws/install/isaacsim_bringup:/home/ciderlab-server3/workspace/2026_industry_cowork/IsaacSim-ros_workspaces/humble_ws/install/isaac_ros_navigation_goal:/home/ciderlab-server3/workspace/2026_industry_cowork/IsaacSim-ros_workspaces/humble_ws/install/isaac_moveit:/home/ciderlab-server3/workspace/2026_industry_cowork/IsaacSim-ros_workspaces/humble_ws/install/isaac_compressed_image_decoder:/home/ciderlab-server3/workspace/2026_industry_cowork/IsaacSim-ros_workspaces/humble_ws/install/h1_fullbody_controller:/home/ciderlab-server3/workspace/2026_industry_cowork/IsaacSim-ros_workspaces/humble_ws/install/cmdvel_to_ackermann:/home/ciderlab-server3/turtlebot3_ws/install/turtlebot3_teleop:/home/ciderlab-server3/turtlebot3_ws/install/turtlebot3_example:/home/ciderlab-server3/turtlebot3_ws/install/turtlebot3_dqn:/home/ciderlab-server3/turtlebot3_ws/install/turtlebot3_home_service_challenge_core:/home/ciderlab-server3/turtlebot3_ws/install/turtlebot3_home_service_challenge_aruco:/opt/ros/humble /usr/bin/cmake /home/ciderlab-server3/workspace/2026_industry_cowork/IsaacSim-ros_workspaces/humble_ws/src/turtlebot3_manipulation/turtlebot3_manipulation_cartographer -DAMENT_CMAKE_SYMLINK_INSTALL=1 -DCMAKE_INSTALL_PREFIX=/home/ciderlab-server3/workspace/2026_industry_cowork/IsaacSim-ros_workspaces/humble_ws/install/turtlebot3_manipulation_cartographer
[0.230s] DEBUG:colcon.colcon_core.event_handler.log_command:Invoking command in '/home/ciderlab-server3/workspace/2026_industry_cowork/IsaacSim-ros_workspaces/humble_ws/build/turtlebot3_manipulation_hardware': CMAKE_PREFIX_PATH=${CMAKE_PREFIX_PATH}:/home/ciderlab-server3/workspace/2026_industry_cowork/IsaacSim-ros_workspaces/humble_ws/install/isaacsim_bringup:/home/ciderlab-server3/workspace/2026_industry_cowork/IsaacSim-ros_workspaces/humble_ws/install/isaac_ros_navigation_goal:/home/ciderlab-server3/workspace/2026_industry_cowork/IsaacSim-ros_workspaces/humble_ws/install/isaac_moveit:/home/ciderlab-server3/workspace/2026_industry_cowork/IsaacSim-ros_workspaces/humble_ws/install/isaac_compressed_image_decoder:/home/ciderlab-server3/workspace/2026_industry_cowork/IsaacSim-ros_workspaces/humble_ws/install/h1_fullbody_controller:/home/ciderlab-server3/workspace/2026_industry_cowork/IsaacSim-ros_workspaces/humble_ws/install/cmdvel_to_ackermann:/home/ciderlab-server3/turtlebot3_ws/install/turtlebot3_teleop:/home/ciderlab-server3/turtlebot3_ws/install/turtlebot3_example:/home/ciderlab-server3/turtlebot3_ws/install/turtlebot3_dqn:/home/ciderlab-server3/turtlebot3_ws/install/turtlebot3_home_service_challenge_core:/home/ciderlab-server3/turtlebot3_ws/install/turtlebot3_home_service_challenge_aruco:/opt/ros/humble /usr/bin/cmake /home/ciderlab-server3/workspace/2026_industry_cowork/IsaacSim-ros_workspaces/humble_ws/src/turtlebot3_manipulation/turtlebot3_manipulation_hardware -DAMENT_CMAKE_SYMLINK_INSTALL=1 -DCMAKE_INSTALL_PREFIX=/home/ciderlab-server3/workspace/2026_industry_cowork/IsaacSim-ros_workspaces/humble_ws/install/turtlebot3_manipulation_hardware
[0.231s] DEBUG:colcon.colcon_core.event_handler.log_command:Invoking command in '/home/ciderlab-server3/workspace/2026_industry_cowork/IsaacSim-ros_workspaces/humble_ws/build/turtlebot3_manipulation_navigation2': CMAKE_PREFIX_PATH=${CMAKE_PREFIX_PATH}:/home/ciderlab-server3/workspace/2026_industry_cowork/IsaacSim-ros_workspaces/humble_ws/install/isaacsim_bringup:/home/ciderlab-server3/workspace/2026_industry_cowork/IsaacSim-ros_workspaces/humble_ws/install/isaac_ros_navigation_goal:/home/ciderlab-server3/workspace/2026_industry_cowork/IsaacSim-ros_workspaces/humble_ws/install/isaac_moveit:/home/ciderlab-server3/workspace/2026_industry_cowork/IsaacSim-ros_workspaces/humble_ws/install/isaac_compressed_image_decoder:/home/ciderlab-server3/workspace/2026_industry_cowork/IsaacSim-ros_workspaces/humble_ws/install/h1_fullbody_controller:/home/ciderlab-server3/workspace/2026_industry_cowork/IsaacSim-ros_workspaces/humble_ws/install/cmdvel_to_ackermann:/home/ciderlab-server3/turtlebot3_ws/install/turtlebot3_teleop:/home/ciderlab-server3/turtlebot3_ws/install/turtlebot3_example:/home/ciderlab-server3/turtlebot3_ws/install/turtlebot3_dqn:/home/ciderlab-server3/turtlebot3_ws/install/turtlebot3_home_service_challenge_core:/home/ciderlab-server3/turtlebot3_ws/install/turtlebot3_home_service_challenge_aruco:/opt/ros/humble /usr/bin/cmake /home/ciderlab-server3/workspace/2026_industry_cowork/IsaacSim-ros_workspaces/humble_ws/src/turtlebot3_manipulation/turtlebot3_manipulation_navigation2 -DAMENT_CMAKE_SYMLINK_INSTALL=1 -DCMAKE_INSTALL_PREFIX=/home/ciderlab-server3/workspace/2026_industry_cowork/IsaacSim-ros_workspaces/humble_ws/install/turtlebot3_manipulation_navigation2
[0.232s] DEBUG:colcon.colcon_core.event_handler.log_command:Invoking command in '/home/ciderlab-server3/workspace/2026_industry_cowork/IsaacSim-ros_workspaces/humble_ws/build/carter_navigation': CMAKE_PREFIX_PATH=${CMAKE_PREFIX_PATH}:/home/ciderlab-server3/workspace/2026_industry_cowork/IsaacSim-ros_workspaces/humble_ws/install/isaacsim_bringup:/home/ciderlab-server3/workspace/2026_industry_cowork/IsaacSim-ros_workspaces/humble_ws/install/isaac_ros_navigation_goal:/home/ciderlab-server3/workspace/2026_industry_cowork/IsaacSim-ros_workspaces/humble_ws/install/isaac_moveit:/home/ciderlab-server3/workspace/2026_industry_cowork/IsaacSim-ros_workspaces/humble_ws/install/isaac_compressed_image_decoder:/home/ciderlab-server3/workspace/2026_industry_cowork/IsaacSim-ros_workspaces/humble_ws/install/h1_fullbody_controller:/home/ciderlab-server3/workspace/2026_industry_cowork/IsaacSim-ros_workspaces/humble_ws/install/cmdvel_to_ackermann:/home/ciderlab-server3/turtlebot3_ws/install/turtlebot3_teleop:/home/ciderlab-server3/turtlebot3_ws/install/turtlebot3_example:/home/ciderlab-server3/turtlebot3_ws/install/turtlebot3_dqn:/home/ciderlab-server3/turtlebot3_ws/install/turtlebot3_home_service_challenge_core:/home/ciderlab-server3/turtlebot3_ws/install/turtlebot3_home_service_challenge_aruco:/opt/ros/humble /usr/bin/cmake /home/ciderlab-server3/workspace/2026_industry_cowork/IsaacSim-ros_workspaces/humble_ws/src/navigation/carter_navigation -DAMENT_CMAKE_SYMLINK_INSTALL=1 -DCMAKE_INSTALL_PREFIX=/home/ciderlab-server3/workspace/2026_industry_cowork/IsaacSim-ros_workspaces/humble_ws/install/carter_navigation
[0.345s] INFO:colcon.colcon_core.task.python.build:Building Python package in '/home/ciderlab-server3/workspace/2026_industry_cowork/IsaacSim-ros_workspaces/humble_ws/src/ackermann_control/cmdvel_to_ackermann'
[0.346s] INFO:colcon.colcon_core.shell:Skip shell extension 'powershell' for command environment: Not usable outside of PowerShell
[0.346s] DEBUG:colcon.colcon_core.shell:Skip shell extension 'dsv' for command environment
[0.352s] DEBUG:colcon.colcon_core.event_handler.log_command:Invoking command in '/home/ciderlab-server3/workspace/2026_industry_cowork/IsaacSim-ros_workspaces/humble_ws/build/custom_message': CMAKE_PREFIX_PATH=${CMAKE_PREFIX_PATH}:/home/ciderlab-server3/workspace/2026_industry_cowork/IsaacSim-ros_workspaces/humble_ws/install/isaacsim_bringup:/home/ciderlab-server3/workspace/2026_industry_cowork/IsaacSim-ros_workspaces/humble_ws/install/isaac_ros_navigation_goal:/home/ciderlab-server3/workspace/2026_industry_cowork/IsaacSim-ros_workspaces/humble_ws/install/isaac_moveit:/home/ciderlab-server3/workspace/2026_industry_cowork/IsaacSim-ros_workspaces/humble_ws/install/isaac_compressed_image_decoder:/home/ciderlab-server3/workspace/2026_industry_cowork/IsaacSim-ros_workspaces/humble_ws/install/h1_fullbody_controller:/home/ciderlab-server3/workspace/2026_industry_cowork/IsaacSim-ros_workspaces/humble_ws/install/cmdvel_to_ackermann:/home/ciderlab-server3/turtlebot3_ws/install/turtlebot3_teleop:/home/ciderlab-server3/turtlebot3_ws/install/turtlebot3_example:/home/ciderlab-server3/turtlebot3_ws/install/turtlebot3_dqn:/home/ciderlab-server3/turtlebot3_ws/install/turtlebot3_home_service_challenge_core:/home/ciderlab-server3/turtlebot3_ws/install/turtlebot3_home_service_challenge_aruco:/opt/ros/humble /usr/bin/cmake /home/ciderlab-server3/workspace/2026_industry_cowork/IsaacSim-ros_workspaces/humble_ws/src/custom_message -DAMENT_CMAKE_SYMLINK_INSTALL=1 -DCMAKE_INSTALL_PREFIX=/home/ciderlab-server3/workspace/2026_industry_cowork/IsaacSim-ros_workspaces/humble_ws/install/custom_message
[0.353s] DEBUG:colcon.colcon_core.event_handler.log_command:Invoking command in '/home/ciderlab-server3/workspace/2026_industry_cowork/IsaacSim-ros_workspaces/humble_ws/build/custom_nav2_bt_plugins': CMAKE_PREFIX_PATH=${CMAKE_PREFIX_PATH}:/home/ciderlab-server3/workspace/2026_industry_cowork/IsaacSim-ros_workspaces/humble_ws/install/isaacsim_bringup:/home/ciderlab-server3/workspace/2026_industry_cowork/IsaacSim-ros_workspaces/humble_ws/install/isaac_ros_navigation_goal:/home/ciderlab-server3/workspace/2026_industry_cowork/IsaacSim-ros_workspaces/humble_ws/install/isaac_moveit:/home/ciderlab-server3/workspace/2026_industry_cowork/IsaacSim-ros_workspaces/humble_ws/install/isaac_compressed_image_decoder:/home/ciderlab-server3/workspace/2026_industry_cowork/IsaacSim-ros_workspaces/humble_ws/install/h1_fullbody_controller:/home/ciderlab-server3/workspace/2026_industry_cowork/IsaacSim-ros_workspaces/humble_ws/install/cmdvel_to_ackermann:/home/ciderlab-server3/turtlebot3_ws/install/turtlebot3_teleop:/home/ciderlab-server3/turtlebot3_ws/install/turtlebot3_example:/home/ciderlab-server3/turtlebot3_ws/install/turtlebot3_dqn:/home/ciderlab-server3/turtlebot3_ws/install/turtlebot3_home_service_challenge_core:/home/ciderlab-server3/turtlebot3_ws/install/turtlebot3_home_service_challenge_aruco:/opt/ros/humble /usr/bin/cmake /home/ciderlab-server3/workspace/2026_industry_cowork/IsaacSim-ros_workspaces/humble_ws/src/custom_nav2_bt_plugins -DAMENT_CMAKE_SYMLINK_INSTALL=1 -DCMAKE_INSTALL_PREFIX=/home/ciderlab-server3/workspace/2026_industry_cowork/IsaacSim-ros_workspaces/humble_ws/install/custom_nav2_bt_plugins
[0.469s] INFO:colcon.colcon_core.task.python.build:Building Python package in '/home/ciderlab-server3/workspace/2026_industry_cowork/IsaacSim-ros_workspaces/humble_ws/src/humanoid_locomotion_policy_example/h1_fullbody_controller'
[0.469s] INFO:colcon.colcon_core.shell:Skip shell extension 'powershell' for command environment: Not usable outside of PowerShell
[0.469s] DEBUG:colcon.colcon_core.shell:Skip shell extension 'dsv' for command environment
[0.585s] INFO:colcon.colcon_core.task.python.build:Building Python package in '/home/ciderlab-server3/workspace/2026_industry_cowork/IsaacSim-ros_workspaces/humble_ws/src/isaac_compressed_image_decoder'
[0.585s] INFO:colcon.colcon_core.shell:Skip shell extension 'powershell' for command environment: Not usable outside of PowerShell
[0.585s] DEBUG:colcon.colcon_core.shell:Skip shell extension 'dsv' for command environment
[0.696s] INFO:colcon.colcon_core.task.python.build:Building Python package in '/home/ciderlab-server3/workspace/2026_industry_cowork/IsaacSim-ros_workspaces/humble_ws/src/moveit/isaac_moveit'
[0.696s] INFO:colcon.colcon_core.shell:Skip shell extension 'powershell' for command environment: Not usable outside of PowerShell
[0.696s] DEBUG:colcon.colcon_core.shell:Skip shell extension 'dsv' for command environment
[0.702s] DEBUG:colcon.colcon_core.event_handler.log_command:Invoking command in '/home/ciderlab-server3/workspace/2026_industry_cowork/IsaacSim-ros_workspaces/humble_ws/build/isaac_ros2_messages': CMAKE_PREFIX_PATH=${CMAKE_PREFIX_PATH}:/home/ciderlab-server3/workspace/2026_industry_cowork/IsaacSim-ros_workspaces/humble_ws/install/isaacsim_bringup:/home/ciderlab-server3/workspace/2026_industry_cowork/IsaacSim-ros_workspaces/humble_ws/install/isaac_ros_navigation_goal:/home/ciderlab-server3/workspace/2026_industry_cowork/IsaacSim-ros_workspaces/humble_ws/install/isaac_moveit:/home/ciderlab-server3/workspace/2026_industry_cowork/IsaacSim-ros_workspaces/humble_ws/install/isaac_compressed_image_decoder:/home/ciderlab-server3/workspace/2026_industry_cowork/IsaacSim-ros_workspaces/humble_ws/install/h1_fullbody_controller:/home/ciderlab-server3/workspace/2026_industry_cowork/IsaacSim-ros_workspaces/humble_ws/install/cmdvel_to_ackermann:/home/ciderlab-server3/turtlebot3_ws/install/turtlebot3_teleop:/home/ciderlab-server3/turtlebot3_ws/install/turtlebot3_example:/home/ciderlab-server3/turtlebot3_ws/install/turtlebot3_dqn:/home/ciderlab-server3/turtlebot3_ws/install/turtlebot3_home_service_challenge_core:/home/ciderlab-server3/turtlebot3_ws/install/turtlebot3_home_service_challenge_aruco:/opt/ros/humble /usr/bin/cmake /home/ciderlab-server3/workspace/2026_industry_cowork/IsaacSim-ros_workspaces/humble_ws/src/isaac_ros2_messages -DAMENT_CMAKE_SYMLINK_INSTALL=1 -DCMAKE_INSTALL_PREFIX=/home/ciderlab-server3/workspace/2026_industry_cowork/IsaacSim-ros_workspaces/humble_ws/install/isaac_ros2_messages
[0.816s] INFO:colcon.colcon_core.task.python.build:Building Python package in '/home/ciderlab-server3/workspace/2026_industry_cowork/IsaacSim-ros_workspaces/humble_ws/src/navigation/isaac_ros_navigation_goal'
[0.816s] INFO:colcon.colcon_core.shell:Skip shell extension 'powershell' for command environment: Not usable outside of PowerShell
[0.816s] DEBUG:colcon.colcon_core.shell:Skip shell extension 'dsv' for command environment
[0.826s] DEBUG:colcon.colcon_core.event_handler.log_command:Invoking command in '/home/ciderlab-server3/workspace/2026_industry_cowork/IsaacSim-ros_workspaces/humble_ws/build/isaac_tutorials': CMAKE_PREFIX_PATH=${CMAKE_PREFIX_PATH}:/home/ciderlab-server3/workspace/2026_industry_cowork/IsaacSim-ros_workspaces/humble_ws/install/isaacsim_bringup:/home/ciderlab-server3/workspace/2026_industry_cowork/IsaacSim-ros_workspaces/humble_ws/install/isaac_ros_navigation_goal:/home/ciderlab-server3/workspace/2026_industry_cowork/IsaacSim-ros_workspaces/humble_ws/install/isaac_moveit:/home/ciderlab-server3/workspace/2026_industry_cowork/IsaacSim-ros_workspaces/humble_ws/install/isaac_compressed_image_decoder:/home/ciderlab-server3/workspace/2026_industry_cowork/IsaacSim-ros_workspaces/humble_ws/install/h1_fullbody_controller:/home/ciderlab-server3/workspace/2026_industry_cowork/IsaacSim-ros_workspaces/humble_ws/install/cmdvel_to_ackermann:/home/ciderlab-server3/turtlebot3_ws/install/turtlebot3_teleop:/home/ciderlab-server3/turtlebot3_ws/install/turtlebot3_example:/home/ciderlab-server3/turtlebot3_ws/install/turtlebot3_dqn:/home/ciderlab-server3/turtlebot3_ws/install/turtlebot3_home_service_challenge_core:/home/ciderlab-server3/turtlebot3_ws/install/turtlebot3_home_service_challenge_aruco:/opt/ros/humble /usr/bin/cmake /home/ciderlab-server3/workspace/2026_industry_cowork/IsaacSim-ros_workspaces/humble_ws/src/isaac_tutorials -DAMENT_CMAKE_SYMLINK_INSTALL=1 -DCMAKE_INSTALL_PREFIX=/home/ciderlab-server3/workspace/2026_industry_cowork/IsaacSim-ros_workspaces/humble_ws/install/isaac_tutorials
[0.947s] INFO:colcon.colcon_core.task.python.build:Building Python package in '/home/ciderlab-server3/workspace/2026_industry_cowork/IsaacSim-ros_workspaces/humble_ws/src/isaacsim_bringup'
[0.947s] INFO:colcon.colcon_core.shell:Skip shell extension 'powershell' for command environment: Not usable outside of PowerShell
[0.947s] DEBUG:colcon.colcon_core.shell:Skip shell extension 'dsv' for command environment
[0.952s] DEBUG:colcon.colcon_core.event_handler.log_command:Invoking command in '/home/ciderlab-server3/workspace/2026_industry_cowork/IsaacSim-ros_workspaces/humble_ws/build/isaacsim_clearpath_nav2': CMAKE_PREFIX_PATH=${CMAKE_PREFIX_PATH}:/home/ciderlab-server3/workspace/2026_industry_cowork/IsaacSim-ros_workspaces/humble_ws/install/isaacsim_bringup:/home/ciderlab-server3/workspace/2026_industry_cowork/IsaacSim-ros_workspaces/humble_ws/install/isaac_ros_navigation_goal:/home/ciderlab-server3/workspace/2026_industry_cowork/IsaacSim-ros_workspaces/humble_ws/install/isaac_moveit:/home/ciderlab-server3/workspace/2026_industry_cowork/IsaacSim-ros_workspaces/humble_ws/install/isaac_compressed_image_decoder:/home/ciderlab-server3/workspace/2026_industry_cowork/IsaacSim-ros_workspaces/humble_ws/install/h1_fullbody_controller:/home/ciderlab-server3/workspace/2026_industry_cowork/IsaacSim-ros_workspaces/humble_ws/install/cmdvel_to_ackermann:/home/ciderlab-server3/turtlebot3_ws/install/turtlebot3_teleop:/home/ciderlab-server3/turtlebot3_ws/install/turtlebot3_example:/home/ciderlab-server3/turtlebot3_ws/install/turtlebot3_dqn:/home/ciderlab-server3/turtlebot3_ws/install/turtlebot3_home_service_challenge_core:/home/ciderlab-server3/turtlebot3_ws/install/turtlebot3_home_service_challenge_aruco:/opt/ros/humble /usr/bin/cmake /home/ciderlab-server3/workspace/2026_industry_cowork/IsaacSim-ros_workspaces/humble_ws/src/navigation/isaacsim_clearpath_nav2 -DAMENT_CMAKE_SYMLINK_INSTALL=1 -DCMAKE_INSTALL_PREFIX=/home/ciderlab-server3/workspace/2026_industry_cowork/IsaacSim-ros_workspaces/humble_ws/install/isaacsim_clearpath_nav2
[0.972s] DEBUG:colcon.colcon_core.event_handler.log_command:Invoked command in '/home/ciderlab-server3/workspace/2026_industry_cowork/IsaacSim-ros_workspaces/humble_ws/build/turtlebot3_manipulation_hardware' returned '0': CMAKE_PREFIX_PATH=${CMAKE_PREFIX_PATH}:/home/ciderlab-server3/workspace/2026_industry_cowork/IsaacSim-ros_workspaces/humble_ws/install/isaacsim_bringup:/home/ciderlab-server3/workspace/2026_industry_cowork/IsaacSim-ros_workspaces/humble_ws/install/isaac_ros_navigation_goal:/home/ciderlab-server3/workspace/2026_industry_cowork/IsaacSim-ros_workspaces/humble_ws/install/isaac_moveit:/home/ciderlab-server3/workspace/2026_industry_cowork/IsaacSim-ros_workspaces/humble_ws/install/isaac_compressed_image_decoder:/home/ciderlab-server3/workspace/2026_industry_cowork/IsaacSim-ros_workspaces/humble_ws/install/h1_fullbody_controller:/home/ciderlab-server3/workspace/2026_industry_cowork/IsaacSim-ros_workspaces/humble_ws/install/cmdvel_to_ackermann:/home/ciderlab-server3/turtlebot3_ws/install/turtlebot3_teleop:/home/ciderlab-server3/turtlebot3_ws/install/turtlebot3_example:/home/ciderlab-server3/turtlebot3_ws/install/turtlebot3_dqn:/home/ciderlab-server3/turtlebot3_ws/install/turtlebot3_home_service_challenge_core:/home/ciderlab-server3/turtlebot3_ws/install/turtlebot3_home_service_challenge_aruco:/opt/ros/humble /usr/bin/cmake /home/ciderlab-server3/workspace/2026_industry_cowork/IsaacSim-ros_workspaces/humble_ws/src/turtlebot3_manipulation/turtlebot3_manipulation_hardware -DAMENT_CMAKE_SYMLINK_INSTALL=1 -DCMAKE_INSTALL_PREFIX=/home/ciderlab-server3/workspace/2026_industry_cowork/IsaacSim-ros_workspaces/humble_ws/install/turtlebot3_manipulation_hardware
[0.973s] DEBUG:colcon.colcon_core.event_handler.log_command:Invoking command in '/home/ciderlab-server3/workspace/2026_industry_cowork/IsaacSim-ros_workspaces/humble_ws/build/turtlebot3_manipulation_hardware': CMAKE_PREFIX_PATH=${CMAKE_PREFIX_PATH}:/home/ciderlab-server3/workspace/2026_industry_cowork/IsaacSim-ros_workspaces/humble_ws/install/isaacsim_bringup:/home/ciderlab-server3/workspace/2026_industry_cowork/IsaacSim-ros_workspaces/humble_ws/install/isaac_ros_navigation_goal:/home/ciderlab-server3/workspace/2026_industry_cowork/IsaacSim-ros_workspaces/humble_ws/install/isaac_moveit:/home/ciderlab-server3/workspace/2026_industry_cowork/IsaacSim-ros_workspaces/humble_ws/install/isaac_compressed_image_decoder:/home/ciderlab-server3/workspace/2026_industry_cowork/IsaacSim-ros_workspaces/humble_ws/install/h1_fullbody_controller:/home/ciderlab-server3/workspace/2026_industry_cowork/IsaacSim-ros_workspaces/humble_ws/install/cmdvel_to_ackermann:/home/ciderlab-server3/turtlebot3_ws/install/turtlebot3_teleop:/home/ciderlab-server3/turtlebot3_ws/install/turtlebot3_example:/home/ciderlab-server3/turtlebot3_ws/install/turtlebot3_dqn:/home/ciderlab-server3/turtlebot3_ws/install/turtlebot3_home_service_challenge_core:/home/ciderlab-server3/turtlebot3_ws/install/turtlebot3_home_service_challenge_aruco:/opt/ros/humble /usr/bin/cmake --build /home/ciderlab-server3/workspace/2026_industry_cowork/IsaacSim-ros_workspaces/humble_ws/build/turtlebot3_manipulation_hardware -- -j24 -l24
[0.973s] DEBUG:colcon.colcon_core.event_handler.log_command:Invoked command in '/home/ciderlab-server3/workspace/2026_industry_cowork/IsaacSim-ros_workspaces/humble_ws/build/turtlebot3_manipulation_cartographer' returned '0': CMAKE_PREFIX_PATH=${CMAKE_PREFIX_PATH}:/home/ciderlab-server3/workspace/2026_industry_cowork/IsaacSim-ros_workspaces/humble_ws/install/isaacsim_bringup:/home/ciderlab-server3/workspace/2026_industry_cowork/IsaacSim-ros_workspaces/humble_ws/install/isaac_ros_navigation_goal:/home/ciderlab-server3/workspace/2026_industry_cowork/IsaacSim-ros_workspaces/humble_ws/install/isaac_moveit:/home/ciderlab-server3/workspace/2026_industry_cowork/IsaacSim-ros_workspaces/humble_ws/install/isaac_compressed_image_decoder:/home/ciderlab-server3/workspace/2026_industry_cowork/IsaacSim-ros_workspaces/humble_ws/install/h1_fullbody_controller:/home/ciderlab-server3/workspace/2026_industry_cowork/IsaacSim-ros_workspaces/humble_ws/install/cmdvel_to_ackermann:/home/ciderlab-server3/turtlebot3_ws/install/turtlebot3_teleop:/home/ciderlab-server3/turtlebot3_ws/install/turtlebot3_example:/home/ciderlab-server3/turtlebot3_ws/install/turtlebot3_dqn:/home/ciderlab-server3/turtlebot3_ws/install/turtlebot3_home_service_challenge_core:/home/ciderlab-server3/turtlebot3_ws/install/turtlebot3_home_service_challenge_aruco:/opt/ros/humble /usr/bin/cmake /home/ciderlab-server3/workspace/2026_industry_cowork/IsaacSim-ros_workspaces/humble_ws/src/turtlebot3_manipulation/turtlebot3_manipulation_cartographer -DAMENT_CMAKE_SYMLINK_INSTALL=1 -DCMAKE_INSTALL_PREFIX=/home/ciderlab-server3/workspace/2026_industry_cowork/IsaacSim-ros_workspaces/humble_ws/install/turtlebot3_manipulation_cartographer
[0.974s] DEBUG:colcon.colcon_core.event_handler.log_command:Invoking command in '/home/ciderlab-server3/workspace/2026_industry_cowork/IsaacSim-ros_workspaces/humble_ws/build/turtlebot3_manipulation_cartographer': CMAKE_PREFIX_PATH=${CMAKE_PREFIX_PATH}:/home/ciderlab-server3/workspace/2026_industry_cowork/IsaacSim-ros_workspaces/humble_ws/install/isaacsim_bringup:/home/ciderlab-server3/workspace/2026_industry_cowork/IsaacSim-ros_workspaces/humble_ws/install/isaac_ros_navigation_goal:/home/ciderlab-server3/workspace/2026_industry_cowork/IsaacSim-ros_workspaces/humble_ws/install/isaac_moveit:/home/ciderlab-server3/workspace/2026_industry_cowork/IsaacSim-ros_workspaces/humble_ws/install/isaac_compressed_image_decoder:/home/ciderlab-server3/workspace/2026_industry_cowork/IsaacSim-ros_workspaces/humble_ws/install/h1_fullbody_controller:/home/ciderlab-server3/workspace/2026_industry_cowork/IsaacSim-ros_workspaces/humble_ws/install/cmdvel_to_ackermann:/home/ciderlab-server3/turtlebot3_ws/install/turtlebot3_teleop:/home/ciderlab-server3/turtlebot3_ws/install/turtlebot3_example:/home/ciderlab-server3/turtlebot3_ws/install/turtlebot3_dqn:/home/ciderlab-server3/turtlebot3_ws/install/turtlebot3_home_service_challenge_core:/home/ciderlab-server3/turtlebot3_ws/install/turtlebot3_home_service_challenge_aruco:/opt/ros/humble /usr/bin/cmake --build /home/ciderlab-server3/workspace/2026_industry_cowork/IsaacSim-ros_workspaces/humble_ws/build/turtlebot3_manipulation_cartographer -- -j24 -l24
[0.974s] DEBUG:colcon.colcon_core.event_handler.log_command:Invoked command in '/home/ciderlab-server3/workspace/2026_industry_cowork/IsaacSim-ros_workspaces/humble_ws/build/turtlebot3_manipulation_description' returned '0': CMAKE_PREFIX_PATH=${CMAKE_PREFIX_PATH}:/home/ciderlab-server3/workspace/2026_industry_cowork/IsaacSim-ros_workspaces/humble_ws/install/isaacsim_bringup:/home/ciderlab-server3/workspace/2026_industry_cowork/IsaacSim-ros_workspaces/humble_ws/install/isaac_ros_navigation_goal:/home/ciderlab-server3/workspace/2026_industry_cowork/IsaacSim-ros_workspaces/humble_ws/install/isaac_moveit:/home/ciderlab-server3/workspace/2026_industry_cowork/IsaacSim-ros_workspaces/humble_ws/install/isaac_compressed_image_decoder:/home/ciderlab-server3/workspace/2026_industry_cowork/IsaacSim-ros_workspaces/humble_ws/install/h1_fullbody_controller:/home/ciderlab-server3/workspace/2026_industry_cowork/IsaacSim-ros_workspaces/humble_ws/install/cmdvel_to_ackermann:/home/ciderlab-server3/turtlebot3_ws/install/turtlebot3_teleop:/home/ciderlab-server3/turtlebot3_ws/install/turtlebot3_example:/home/ciderlab-server3/turtlebot3_ws/install/turtlebot3_dqn:/home/ciderlab-server3/turtlebot3_ws/install/turtlebot3_home_service_challenge_core:/home/ciderlab-server3/turtlebot3_ws/install/turtlebot3_home_service_challenge_aruco:/opt/ros/humble /usr/bin/cmake /home/ciderlab-server3/workspace/2026_industry_cowork/IsaacSim-ros_workspaces/humble_ws/src/turtlebot3_manipulation/turtlebot3_manipulation_description -DAMENT_CMAKE_SYMLINK_INSTALL=1 -DCMAKE_INSTALL_PREFIX=/home/ciderlab-server3/workspace/2026_industry_cowork/IsaacSim-ros_workspaces/humble_ws/install/turtlebot3_manipulation_description
[0.975s] DEBUG:colcon.colcon_core.event_handler.log_command:Invoking command in '/home/ciderlab-server3/workspace/2026_industry_cowork/IsaacSim-ros_workspaces/humble_ws/build/turtlebot3_manipulation_description': CMAKE_PREFIX_PATH=${CMAKE_PREFIX_PATH}:/home/ciderlab-server3/workspace/2026_industry_cowork/IsaacSim-ros_workspaces/humble_ws/install/isaacsim_bringup:/home/ciderlab-server3/workspace/2026_industry_cowork/IsaacSim-ros_workspaces/humble_ws/install/isaac_ros_navigation_goal:/home/ciderlab-server3/workspace/2026_industry_cowork/IsaacSim-ros_workspaces/humble_ws/install/isaac_moveit:/home/ciderlab-server3/workspace/2026_industry_cowork/IsaacSim-ros_workspaces/humble_ws/install/isaac_compressed_image_decoder:/home/ciderlab-server3/workspace/2026_industry_cowork/IsaacSim-ros_workspaces/humble_ws/install/h1_fullbody_controller:/home/ciderlab-server3/workspace/2026_industry_cowork/IsaacSim-ros_workspaces/humble_ws/install/cmdvel_to_ackermann:/home/ciderlab-server3/turtlebot3_ws/install/turtlebot3_teleop:/home/ciderlab-server3/turtlebot3_ws/install/turtlebot3_example:/home/ciderlab-server3/turtlebot3_ws/install/turtlebot3_dqn:/home/ciderlab-server3/turtlebot3_ws/install/turtlebot3_home_service_challenge_core:/home/ciderlab-server3/turtlebot3_ws/install/turtlebot3_home_service_challenge_aruco:/opt/ros/humble /usr/bin/cmake --build /home/ciderlab-server3/workspace/2026_industry_cowork/IsaacSim-ros_workspaces/humble_ws/build/turtlebot3_manipulation_description -- -j24 -l24
[0.977s] DEBUG:colcon.colcon_core.event_handler.log_command:Invoked command in '/home/ciderlab-server3/workspace/2026_industry_cowork/IsaacSim-ros_workspaces/humble_ws/build/turtlebot3_manipulation_navigation2' returned '0': CMAKE_PREFIX_PATH=${CMAKE_PREFIX_PATH}:/home/ciderlab-server3/workspace/2026_industry_cowork/IsaacSim-ros_workspaces/humble_ws/install/isaacsim_bringup:/home/ciderlab-server3/workspace/2026_industry_cowork/IsaacSim-ros_workspaces/humble_ws/install/isaac_ros_navigation_goal:/home/ciderlab-server3/workspace/2026_industry_cowork/IsaacSim-ros_workspaces/humble_ws/install/isaac_moveit:/home/ciderlab-server3/workspace/2026_industry_cowork/IsaacSim-ros_workspaces/humble_ws/install/isaac_compressed_image_decoder:/home/ciderlab-server3/workspace/2026_industry_cowork/IsaacSim-ros_workspaces/humble_ws/install/h1_fullbody_controller:/home/ciderlab-server3/workspace/2026_industry_cowork/IsaacSim-ros_workspaces/humble_ws/install/cmdvel_to_ackermann:/home/ciderlab-server3/turtlebot3_ws/install/turtlebot3_teleop:/home/ciderlab-server3/turtlebot3_ws/install/turtlebot3_example:/home/ciderlab-server3/turtlebot3_ws/install/turtlebot3_dqn:/home/ciderlab-server3/turtlebot3_ws/install/turtlebot3_home_service_challenge_core:/home/ciderlab-server3/turtlebot3_ws/install/turtlebot3_home_service_challenge_aruco:/opt/ros/humble /usr/bin/cmake /home/ciderlab-server3/workspace/2026_industry_cowork/IsaacSim-ros_workspaces/humble_ws/src/turtlebot3_manipulation/turtlebot3_manipulation_navigation2 -DAMENT_CMAKE_SYMLINK_INSTALL=1 -DCMAKE_INSTALL_PREFIX=/home/ciderlab-server3/workspace/2026_industry_cowork/IsaacSim-ros_workspaces/humble_ws/install/turtlebot3_manipulation_navigation2
[0.977s] DEBUG:colcon.colcon_core.event_handler.log_command:Invoking command in '/home/ciderlab-server3/workspace/2026_industry_cowork/IsaacSim-ros_workspaces/humble_ws/build/turtlebot3_manipulation_navigation2': CMAKE_PREFIX_PATH=${CMAKE_PREFIX_PATH}:/home/ciderlab-server3/workspace/2026_industry_cowork/IsaacSim-ros_workspaces/humble_ws/install/isaacsim_bringup:/home/ciderlab-server3/workspace/2026_industry_cowork/IsaacSim-ros_workspaces/humble_ws/install/isaac_ros_navigation_goal:/home/ciderlab-server3/workspace/2026_industry_cowork/IsaacSim-ros_workspaces/humble_ws/install/isaac_moveit:/home/ciderlab-server3/workspace/2026_industry_cowork/IsaacSim-ros_workspaces/humble_ws/install/isaac_compressed_image_decoder:/home/ciderlab-server3/workspace/2026_industry_cowork/IsaacSim-ros_workspaces/humble_ws/install/h1_fullbody_controller:/home/ciderlab-server3/workspace/2026_industry_cowork/IsaacSim-ros_workspaces/humble_ws/install/cmdvel_to_ackermann:/home/ciderlab-server3/turtlebot3_ws/install/turtlebot3_teleop:/home/ciderlab-server3/turtlebot3_ws/install/turtlebot3_example:/home/ciderlab-server3/turtlebot3_ws/install/turtlebot3_dqn:/home/ciderlab-server3/turtlebot3_ws/install/turtlebot3_home_service_challenge_core:/home/ciderlab-server3/turtlebot3_ws/install/turtlebot3_home_service_challenge_aruco:/opt/ros/humble /usr/bin/cmake --build /home/ciderlab-server3/workspace/2026_industry_cowork/IsaacSim-ros_workspaces/humble_ws/build/turtlebot3_manipulation_navigation2 -- -j24 -l24
[0.981s] DEBUG:colcon.colcon_core.event_handler.log_command:Invoked command in '/home/ciderlab-server3/workspace/2026_industry_cowork/IsaacSim-ros_workspaces/humble_ws/build/carter_navigation' returned '0': CMAKE_PREFIX_PATH=${CMAKE_PREFIX_PATH}:/home/ciderlab-server3/workspace/2026_industry_cowork/IsaacSim-ros_workspaces/humble_ws/install/isaacsim_bringup:/home/ciderlab-server3/workspace/2026_industry_cowork/IsaacSim-ros_workspaces/humble_ws/install/isaac_ros_navigation_goal:/home/ciderlab-server3/workspace/2026_industry_cowork/IsaacSim-ros_workspaces/humble_ws/install/isaac_moveit:/home/ciderlab-server3/workspace/2026_industry_cowork/IsaacSim-ros_workspaces/humble_ws/install/isaac_compressed_image_decoder:/home/ciderlab-server3/workspace/2026_industry_cowork/IsaacSim-ros_workspaces/humble_ws/install/h1_fullbody_controller:/home/ciderlab-server3/workspace/2026_industry_cowork/IsaacSim-ros_workspaces/humble_ws/install/cmdvel_to_ackermann:/home/ciderlab-server3/turtlebot3_ws/install/turtlebot3_teleop:/home/ciderlab-server3/turtlebot3_ws/install/turtlebot3_example:/home/ciderlab-server3/turtlebot3_ws/install/turtlebot3_dqn:/home/ciderlab-server3/turtlebot3_ws/install/turtlebot3_home_service_challenge_core:/home/ciderlab-server3/turtlebot3_ws/install/turtlebot3_home_service_challenge_aruco:/opt/ros/humble /usr/bin/cmake /home/ciderlab-server3/workspace/2026_industry_cowork/IsaacSim-ros_workspaces/humble_ws/src/navigation/carter_navigation -DAMENT_CMAKE_SYMLINK_INSTALL=1 -DCMAKE_INSTALL_PREFIX=/home/ciderlab-server3/workspace/2026_industry_cowork/IsaacSim-ros_workspaces/humble_ws/install/carter_navigation
[0.982s] DEBUG:colcon.colcon_core.event_handler.log_command:Invoking command in '/home/ciderlab-server3/workspace/2026_industry_cowork/IsaacSim-ros_workspaces/humble_ws/build/carter_navigation': CMAKE_PREFIX_PATH=${CMAKE_PREFIX_PATH}:/home/ciderlab-server3/workspace/2026_industry_cowork/IsaacSim-ros_workspaces/humble_ws/install/isaacsim_bringup:/home/ciderlab-server3/workspace/2026_industry_cowork/IsaacSim-ros_workspaces/humble_ws/install/isaac_ros_navigation_goal:/home/ciderlab-server3/workspace/2026_industry_cowork/IsaacSim-ros_workspaces/humble_ws/install/isaac_moveit:/home/ciderlab-server3/workspace/2026_industry_cowork/IsaacSim-ros_workspaces/humble_ws/install/isaac_compressed_image_decoder:/home/ciderlab-server3/workspace/2026_industry_cowork/IsaacSim-ros_workspaces/humble_ws/install/h1_fullbody_controller:/home/ciderlab-server3/workspace/2026_industry_cowork/IsaacSim-ros_workspaces/humble_ws/install/cmdvel_to_ackermann:/home/ciderlab-server3/turtlebot3_ws/install/turtlebot3_teleop:/home/ciderlab-server3/turtlebot3_ws/install/turtlebot3_example:/home/ciderlab-server3/turtlebot3_ws/install/turtlebot3_dqn:/home/ciderlab-server3/turtlebot3_ws/install/turtlebot3_home_service_challenge_core:/home/ciderlab-server3/turtlebot3_ws/install/turtlebot3_home_service_challenge_aruco:/opt/ros/humble /usr/bin/cmake --build /home/ciderlab-server3/workspace/2026_industry_cowork/IsaacSim-ros_workspaces/humble_ws/build/carter_navigation -- -j24 -l24
[0.982s] DEBUG:colcon.colcon_core.event_handler.log_command:Invoked command in '/home/ciderlab-server3/workspace/2026_industry_cowork/IsaacSim-ros_workspaces/humble_ws/build/custom_nav2_bt_plugins' returned '0': CMAKE_PREFIX_PATH=${CMAKE_PREFIX_PATH}:/home/ciderlab-server3/workspace/2026_industry_cowork/IsaacSim-ros_workspaces/humble_ws/install/isaacsim_bringup:/home/ciderlab-server3/workspace/2026_industry_cowork/IsaacSim-ros_workspaces/humble_ws/install/isaac_ros_navigation_goal:/home/ciderlab-server3/workspace/2026_industry_cowork/IsaacSim-ros_workspaces/humble_ws/install/isaac_moveit:/home/ciderlab-server3/workspace/2026_industry_cowork/IsaacSim-ros_workspaces/humble_ws/install/isaac_compressed_image_decoder:/home/ciderlab-server3/workspace/2026_industry_cowork/IsaacSim-ros_workspaces/humble_ws/install/h1_fullbody_controller:/home/ciderlab-server3/workspace/2026_industry_cowork/IsaacSim-ros_workspaces/humble_ws/install/cmdvel_to_ackermann:/home/ciderlab-server3/turtlebot3_ws/install/turtlebot3_teleop:/home/ciderlab-server3/turtlebot3_ws/install/turtlebot3_example:/home/ciderlab-server3/turtlebot3_ws/install/turtlebot3_dqn:/home/ciderlab-server3/turtlebot3_ws/install/turtlebot3_home_service_challenge_core:/home/ciderlab-server3/turtlebot3_ws/install/turtlebot3_home_service_challenge_aruco:/opt/ros/humble /usr/bin/cmake /home/ciderlab-server3/workspace/2026_industry_cowork/IsaacSim-ros_workspaces/humble_ws/src/custom_nav2_bt_plugins -DAMENT_CMAKE_SYMLINK_INSTALL=1 -DCMAKE_INSTALL_PREFIX=/home/ciderlab-server3/workspace/2026_industry_cowork/IsaacSim-ros_workspaces/humble_ws/install/custom_nav2_bt_plugins
[0.983s] DEBUG:colcon.colcon_core.event_handler.log_command:Invoking command in '/home/ciderlab-server3/workspace/2026_industry_cowork/IsaacSim-ros_workspaces/humble_ws/build/custom_nav2_bt_plugins': CMAKE_PREFIX_PATH=${CMAKE_PREFIX_PATH}:/home/ciderlab-server3/workspace/2026_industry_cowork/IsaacSim-ros_workspaces/humble_ws/install/isaacsim_bringup:/home/ciderlab-server3/workspace/2026_industry_cowork/IsaacSim-ros_workspaces/humble_ws/install/isaac_ros_navigation_goal:/home/ciderlab-server3/workspace/2026_industry_cowork/IsaacSim-ros_workspaces/humble_ws/install/isaac_moveit:/home/ciderlab-server3/workspace/2026_industry_cowork/IsaacSim-ros_workspaces/humble_ws/install/isaac_compressed_image_decoder:/home/ciderlab-server3/workspace/2026_industry_cowork/IsaacSim-ros_workspaces/humble_ws/install/h1_fullbody_controller:/home/ciderlab-server3/workspace/2026_industry_cowork/IsaacSim-ros_workspaces/humble_ws/install/cmdvel_to_ackermann:/home/ciderlab-server3/turtlebot3_ws/install/turtlebot3_teleop:/home/ciderlab-server3/turtlebot3_ws/install/turtlebot3_example:/home/ciderlab-server3/turtlebot3_ws/install/turtlebot3_dqn:/home/ciderlab-server3/turtlebot3_ws/install/turtlebot3_home_service_challenge_core:/home/ciderlab-server3/turtlebot3_ws/install/turtlebot3_home_service_challenge_aruco:/opt/ros/humble /usr/bin/cmake --build /home/ciderlab-server3/workspace/2026_industry_cowork/IsaacSim-ros_workspaces/humble_ws/build/custom_nav2_bt_plugins -- -j24 -l24
[0.987s] DEBUG:colcon.colcon_core.event_handler.log_command:Invoking command in '/home/ciderlab-server3/workspace/2026_industry_cowork/IsaacSim-ros_workspaces/humble_ws/build/iw_hub_navigation': CMAKE_PREFIX_PATH=${CMAKE_PREFIX_PATH}:/home/ciderlab-server3/workspace/2026_industry_cowork/IsaacSim-ros_workspaces/humble_ws/install/isaacsim_bringup:/home/ciderlab-server3/workspace/2026_industry_cowork/IsaacSim-ros_workspaces/humble_ws/install/isaac_ros_navigation_goal:/home/ciderlab-server3/workspace/2026_industry_cowork/IsaacSim-ros_workspaces/humble_ws/install/isaac_moveit:/home/ciderlab-server3/workspace/2026_industry_cowork/IsaacSim-ros_workspaces/humble_ws/install/isaac_compressed_image_decoder:/home/ciderlab-server3/workspace/2026_industry_cowork/IsaacSim-ros_workspaces/humble_ws/install/h1_fullbody_controller:/home/ciderlab-server3/workspace/2026_industry_cowork/IsaacSim-ros_workspaces/humble_ws/install/cmdvel_to_ackermann:/home/ciderlab-server3/turtlebot3_ws/install/turtlebot3_teleop:/home/ciderlab-server3/turtlebot3_ws/install/turtlebot3_example:/home/ciderlab-server3/turtlebot3_ws/install/turtlebot3_dqn:/home/ciderlab-server3/turtlebot3_ws/install/turtlebot3_home_service_challenge_core:/home/ciderlab-server3/turtlebot3_ws/install/turtlebot3_home_service_challenge_aruco:/opt/ros/humble /usr/bin/cmake /home/ciderlab-server3/workspace/2026_industry_cowork/IsaacSim-ros_workspaces/humble_ws/src/navigation/iw_hub_navigation -DAMENT_CMAKE_SYMLINK_INSTALL=1 -DCMAKE_INSTALL_PREFIX=/home/ciderlab-server3/workspace/2026_industry_cowork/IsaacSim-ros_workspaces/humble_ws/install/iw_hub_navigation
[0.992s] DEBUG:colcon.colcon_core.event_handler.log_command:Invoked command in '/home/ciderlab-server3/workspace/2026_industry_cowork/IsaacSim-ros_workspaces/humble_ws/build/isaac_tutorials' returned '0': CMAKE_PREFIX_PATH=${CMAKE_PREFIX_PATH}:/home/ciderlab-server3/workspace/2026_industry_cowork/IsaacSim-ros_workspaces/humble_ws/install/isaacsim_bringup:/home/ciderlab-server3/workspace/2026_industry_cowork/IsaacSim-ros_workspaces/humble_ws/install/isaac_ros_navigation_goal:/home/ciderlab-server3/workspace/2026_industry_cowork/IsaacSim-ros_workspaces/humble_ws/install/isaac_moveit:/home/ciderlab-server3/workspace/2026_industry_cowork/IsaacSim-ros_workspaces/humble_ws/install/isaac_compressed_image_decoder:/home/ciderlab-server3/workspace/2026_industry_cowork/IsaacSim-ros_workspaces/humble_ws/install/h1_fullbody_controller:/home/ciderlab-server3/workspace/2026_industry_cowork/IsaacSim-ros_workspaces/humble_ws/install/cmdvel_to_ackermann:/home/ciderlab-server3/turtlebot3_ws/install/turtlebot3_teleop:/home/ciderlab-server3/turtlebot3_ws/install/turtlebot3_example:/home/ciderlab-server3/turtlebot3_ws/install/turtlebot3_dqn:/home/ciderlab-server3/turtlebot3_ws/install/turtlebot3_home_service_challenge_core:/home/ciderlab-server3/turtlebot3_ws/install/turtlebot3_home_service_challenge_aruco:/opt/ros/humble /usr/bin/cmake /home/ciderlab-server3/workspace/2026_industry_cowork/IsaacSim-ros_workspaces/humble_ws/src/isaac_tutorials -DAMENT_CMAKE_SYMLINK_INSTALL=1 -DCMAKE_INSTALL_PREFIX=/home/ciderlab-server3/workspace/2026_industry_cowork/IsaacSim-ros_workspaces/humble_ws/install/isaac_tutorials
[0.993s] DEBUG:colcon.colcon_core.event_handler.log_command:Invoking command in '/home/ciderlab-server3/workspace/2026_industry_cowork/IsaacSim-ros_workspaces/humble_ws/build/isaac_tutorials': CMAKE_PREFIX_PATH=${CMAKE_PREFIX_PATH}:/home/ciderlab-server3/workspace/2026_industry_cowork/IsaacSim-ros_workspaces/humble_ws/install/isaacsim_bringup:/home/ciderlab-server3/workspace/2026_industry_cowork/IsaacSim-ros_workspaces/humble_ws/install/isaac_ros_navigation_goal:/home/ciderlab-server3/workspace/2026_industry_cowork/IsaacSim-ros_workspaces/humble_ws/install/isaac_moveit:/home/ciderlab-server3/workspace/2026_industry_cowork/IsaacSim-ros_workspaces/humble_ws/install/isaac_compressed_image_decoder:/home/ciderlab-server3/workspace/2026_industry_cowork/IsaacSim-ros_workspaces/humble_ws/install/h1_fullbody_controller:/home/ciderlab-server3/workspace/2026_industry_cowork/IsaacSim-ros_workspaces/humble_ws/install/cmdvel_to_ackermann:/home/ciderlab-server3/turtlebot3_ws/install/turtlebot3_teleop:/home/ciderlab-server3/turtlebot3_ws/install/turtlebot3_example:/home/ciderlab-server3/turtlebot3_ws/install/turtlebot3_dqn:/home/ciderlab-server3/turtlebot3_ws/install/turtlebot3_home_service_challenge_core:/home/ciderlab-server3/turtlebot3_ws/install/turtlebot3_home_service_challenge_aruco:/opt/ros/humble /usr/bin/cmake --build /home/ciderlab-server3/workspace/2026_industry_cowork/IsaacSim-ros_workspaces/humble_ws/build/isaac_tutorials -- -j24 -l24
[1.021s] DEBUG:colcon.colcon_core.event_handler.log_command:Invoked command in '/home/ciderlab-server3/workspace/2026_industry_cowork/IsaacSim-ros_workspaces/humble_ws/build/turtlebot3_manipulation_cartographer' returned '0': CMAKE_PREFIX_PATH=${CMAKE_PREFIX_PATH}:/home/ciderlab-server3/workspace/2026_industry_cowork/IsaacSim-ros_workspaces/humble_ws/install/isaacsim_bringup:/home/ciderlab-server3/workspace/2026_industry_cowork/IsaacSim-ros_workspaces/humble_ws/install/isaac_ros_navigation_goal:/home/ciderlab-server3/workspace/2026_industry_cowork/IsaacSim-ros_workspaces/humble_ws/install/isaac_moveit:/home/ciderlab-server3/workspace/2026_industry_cowork/IsaacSim-ros_workspaces/humble_ws/install/isaac_compressed_image_decoder:/home/ciderlab-server3/workspace/2026_industry_cowork/IsaacSim-ros_workspaces/humble_ws/install/h1_fullbody_controller:/home/ciderlab-server3/workspace/2026_industry_cowork/IsaacSim-ros_workspaces/humble_ws/install/cmdvel_to_ackermann:/home/ciderlab-server3/turtlebot3_ws/install/turtlebot3_teleop:/home/ciderlab-server3/turtlebot3_ws/install/turtlebot3_example:/home/ciderlab-server3/turtlebot3_ws/install/turtlebot3_dqn:/home/ciderlab-server3/turtlebot3_ws/install/turtlebot3_home_service_challenge_core:/home/ciderlab-server3/turtlebot3_ws/install/turtlebot3_home_service_challenge_aruco:/opt/ros/humble /usr/bin/cmake --build /home/ciderlab-server3/workspace/2026_industry_cowork/IsaacSim-ros_workspaces/humble_ws/build/turtlebot3_manipulation_cartographer -- -j24 -l24
[1.033s] DEBUG:colcon.colcon_core.event_handler.log_command:Invoking command in '/home/ciderlab-server3/workspace/2026_industry_cowork/IsaacSim-ros_workspaces/humble_ws/build/turtlebot3_manipulation_cartographer': CMAKE_PREFIX_PATH=${CMAKE_PREFIX_PATH}:/home/ciderlab-server3/workspace/2026_industry_cowork/IsaacSim-ros_workspaces/humble_ws/install/isaacsim_bringup:/home/ciderlab-server3/workspace/2026_industry_cowork/IsaacSim-ros_workspaces/humble_ws/install/isaac_ros_navigation_goal:/home/ciderlab-server3/workspace/2026_industry_cowork/IsaacSim-ros_workspaces/humble_ws/install/isaac_moveit:/home/ciderlab-server3/workspace/2026_industry_cowork/IsaacSim-ros_workspaces/humble_ws/install/isaac_compressed_image_decoder:/home/ciderlab-server3/workspace/2026_industry_cowork/IsaacSim-ros_workspaces/humble_ws/install/h1_fullbody_controller:/home/ciderlab-server3/workspace/2026_industry_cowork/IsaacSim-ros_workspaces/humble_ws/install/cmdvel_to_ackermann:/home/ciderlab-server3/turtlebot3_ws/install/turtlebot3_teleop:/home/ciderlab-server3/turtlebot3_ws/install/turtlebot3_example:/home/ciderlab-server3/turtlebot3_ws/install/turtlebot3_dqn:/home/ciderlab-server3/turtlebot3_ws/install/turtlebot3_home_service_challenge_core:/home/ciderlab-server3/turtlebot3_ws/install/turtlebot3_home_service_challenge_aruco:/opt/ros/humble /usr/bin/cmake --install /home/ciderlab-server3/workspace/2026_industry_cowork/IsaacSim-ros_workspaces/humble_ws/build/turtlebot3_manipulation_cartographer
[1.040s] DEBUG:colcon.colcon_core.event_handler.log_command:Invoked command in '/home/ciderlab-server3/workspace/2026_industry_cowork/IsaacSim-ros_workspaces/humble_ws/build/turtlebot3_manipulation_navigation2' returned '0': CMAKE_PREFIX_PATH=${CMAKE_PREFIX_PATH}:/home/ciderlab-server3/workspace/2026_industry_cowork/IsaacSim-ros_workspaces/humble_ws/install/isaacsim_bringup:/home/ciderlab-server3/workspace/2026_industry_cowork/IsaacSim-ros_workspaces/humble_ws/install/isaac_ros_navigation_goal:/home/ciderlab-server3/workspace/2026_industry_cowork/IsaacSim-ros_workspaces/humble_ws/install/isaac_moveit:/home/ciderlab-server3/workspace/2026_industry_cowork/IsaacSim-ros_workspaces/humble_ws/install/isaac_compressed_image_decoder:/home/ciderlab-server3/workspace/2026_industry_cowork/IsaacSim-ros_workspaces/humble_ws/install/h1_fullbody_controller:/home/ciderlab-server3/workspace/2026_industry_cowork/IsaacSim-ros_workspaces/humble_ws/install/cmdvel_to_ackermann:/home/ciderlab-server3/turtlebot3_ws/install/turtlebot3_teleop:/home/ciderlab-server3/turtlebot3_ws/install/turtlebot3_example:/home/ciderlab-server3/turtlebot3_ws/install/turtlebot3_dqn:/home/ciderlab-server3/turtlebot3_ws/install/turtlebot3_home_service_challenge_core:/home/ciderlab-server3/turtlebot3_ws/install/turtlebot3_home_service_challenge_aruco:/opt/ros/humble /usr/bin/cmake --build /home/ciderlab-server3/workspace/2026_industry_cowork/IsaacSim-ros_workspaces/humble_ws/build/turtlebot3_manipulation_navigation2 -- -j24 -l24
[1.041s] DEBUG:colcon.colcon_core.event_handler.log_command:Invoking command in '/home/ciderlab-server3/workspace/2026_industry_cowork/IsaacSim-ros_workspaces/humble_ws/build/turtlebot3_manipulation_navigation2': CMAKE_PREFIX_PATH=${CMAKE_PREFIX_PATH}:/home/ciderlab-server3/workspace/2026_industry_cowork/IsaacSim-ros_workspaces/humble_ws/install/isaacsim_bringup:/home/ciderlab-server3/workspace/2026_industry_cowork/IsaacSim-ros_workspaces/humble_ws/install/isaac_ros_navigation_goal:/home/ciderlab-server3/workspace/2026_industry_cowork/IsaacSim-ros_workspaces/humble_ws/install/isaac_moveit:/home/ciderlab-server3/workspace/2026_industry_cowork/IsaacSim-ros_workspaces/humble_ws/install/isaac_compressed_image_decoder:/home/ciderlab-server3/workspace/2026_industry_cowork/IsaacSim-ros_workspaces/humble_ws/install/h1_fullbody_controller:/home/ciderlab-server3/workspace/2026_industry_cowork/IsaacSim-ros_workspaces/humble_ws/install/cmdvel_to_ackermann:/home/ciderlab-server3/turtlebot3_ws/install/turtlebot3_teleop:/home/ciderlab-server3/turtlebot3_ws/install/turtlebot3_example:/home/ciderlab-server3/turtlebot3_ws/install/turtlebot3_dqn:/home/ciderlab-server3/turtlebot3_ws/install/turtlebot3_home_service_challenge_core:/home/ciderlab-server3/turtlebot3_ws/install/turtlebot3_home_service_challenge_aruco:/opt/ros/humble /usr/bin/cmake --install /home/ciderlab-server3/workspace/2026_industry_cowork/IsaacSim-ros_workspaces/humble_ws/build/turtlebot3_manipulation_navigation2
[1.041s] DEBUG:colcon.colcon_core.event_handler.log_command:Invoked command in '/home/ciderlab-server3/workspace/2026_industry_cowork/IsaacSim-ros_workspaces/humble_ws/build/turtlebot3_manipulation_description' returned '0': CMAKE_PREFIX_PATH=${CMAKE_PREFIX_PATH}:/home/ciderlab-server3/workspace/2026_industry_cowork/IsaacSim-ros_workspaces/humble_ws/install/isaacsim_bringup:/home/ciderlab-server3/workspace/2026_industry_cowork/IsaacSim-ros_workspaces/humble_ws/install/isaac_ros_navigation_goal:/home/ciderlab-server3/workspace/2026_industry_cowork/IsaacSim-ros_workspaces/humble_ws/install/isaac_moveit:/home/ciderlab-server3/workspace/2026_industry_cowork/IsaacSim-ros_workspaces/humble_ws/install/isaac_compressed_image_decoder:/home/ciderlab-server3/workspace/2026_industry_cowork/IsaacSim-ros_workspaces/humble_ws/install/h1_fullbody_controller:/home/ciderlab-server3/workspace/2026_industry_cowork/IsaacSim-ros_workspaces/humble_ws/install/cmdvel_to_ackermann:/home/ciderlab-server3/turtlebot3_ws/install/turtlebot3_teleop:/home/ciderlab-server3/turtlebot3_ws/install/turtlebot3_example:/home/ciderlab-server3/turtlebot3_ws/install/turtlebot3_dqn:/home/ciderlab-server3/turtlebot3_ws/install/turtlebot3_home_service_challenge_core:/home/ciderlab-server3/turtlebot3_ws/install/turtlebot3_home_service_challenge_aruco:/opt/ros/humble /usr/bin/cmake --build /home/ciderlab-server3/workspace/2026_industry_cowork/IsaacSim-ros_workspaces/humble_ws/build/turtlebot3_manipulation_description -- -j24 -l24
[1.041s] DEBUG:colcon.colcon_core.event_handler.log_command:Invoking command in '/home/ciderlab-server3/workspace/2026_industry_cowork/IsaacSim-ros_workspaces/humble_ws/build/turtlebot3_manipulation_description': CMAKE_PREFIX_PATH=${CMAKE_PREFIX_PATH}:/home/ciderlab-server3/workspace/2026_industry_cowork/IsaacSim-ros_workspaces/humble_ws/install/isaacsim_bringup:/home/ciderlab-server3/workspace/2026_industry_cowork/IsaacSim-ros_workspaces/humble_ws/install/isaac_ros_navigation_goal:/home/ciderlab-server3/workspace/2026_industry_cowork/IsaacSim-ros_workspaces/humble_ws/install/isaac_moveit:/home/ciderlab-server3/workspace/2026_industry_cowork/IsaacSim-ros_workspaces/humble_ws/install/isaac_compressed_image_decoder:/home/ciderlab-server3/workspace/2026_industry_cowork/IsaacSim-ros_workspaces/humble_ws/install/h1_fullbody_controller:/home/ciderlab-server3/workspace/2026_industry_cowork/IsaacSim-ros_workspaces/humble_ws/install/cmdvel_to_ackermann:/home/ciderlab-server3/turtlebot3_ws/install/turtlebot3_teleop:/home/ciderlab-server3/turtlebot3_ws/install/turtlebot3_example:/home/ciderlab-server3/turtlebot3_ws/install/turtlebot3_dqn:/home/ciderlab-server3/turtlebot3_ws/install/turtlebot3_home_service_challenge_core:/home/ciderlab-server3/turtlebot3_ws/install/turtlebot3_home_service_challenge_aruco:/opt/ros/humble /usr/bin/cmake --install /home/ciderlab-server3/workspace/2026_industry_cowork/IsaacSim-ros_workspaces/humble_ws/build/turtlebot3_manipulation_description
[1.042s] DEBUG:colcon.colcon_core.event_handler.log_command:Invoked command in '/home/ciderlab-server3/workspace/2026_industry_cowork/IsaacSim-ros_workspaces/humble_ws/build/carter_navigation' returned '0': CMAKE_PREFIX_PATH=${CMAKE_PREFIX_PATH}:/home/ciderlab-server3/workspace/2026_industry_cowork/IsaacSim-ros_workspaces/humble_ws/install/isaacsim_bringup:/home/ciderlab-server3/workspace/2026_industry_cowork/IsaacSim-ros_workspaces/humble_ws/install/isaac_ros_navigation_goal:/home/ciderlab-server3/workspace/2026_industry_cowork/IsaacSim-ros_workspaces/humble_ws/install/isaac_moveit:/home/ciderlab-server3/workspace/2026_industry_cowork/IsaacSim-ros_workspaces/humble_ws/install/isaac_compressed_image_decoder:/home/ciderlab-server3/workspace/2026_industry_cowork/IsaacSim-ros_workspaces/humble_ws/install/h1_fullbody_controller:/home/ciderlab-server3/workspace/2026_industry_cowork/IsaacSim-ros_workspaces/humble_ws/install/cmdvel_to_ackermann:/home/ciderlab-server3/turtlebot3_ws/install/turtlebot3_teleop:/home/ciderlab-server3/turtlebot3_ws/install/turtlebot3_example:/home/ciderlab-server3/turtlebot3_ws/install/turtlebot3_dqn:/home/ciderlab-server3/turtlebot3_ws/install/turtlebot3_home_service_challenge_core:/home/ciderlab-server3/turtlebot3_ws/install/turtlebot3_home_service_challenge_aruco:/opt/ros/humble /usr/bin/cmake --build /home/ciderlab-server3/workspace/2026_industry_cowork/IsaacSim-ros_workspaces/humble_ws/build/carter_navigation -- -j24 -l24
[1.042s] DEBUG:colcon.colcon_core.event_handler.log_command:Invoking command in '/home/ciderlab-server3/workspace/2026_industry_cowork/IsaacSim-ros_workspaces/humble_ws/build/carter_navigation': CMAKE_PREFIX_PATH=${CMAKE_PREFIX_PATH}:/home/ciderlab-server3/workspace/2026_industry_cowork/IsaacSim-ros_workspaces/humble_ws/install/isaacsim_bringup:/home/ciderlab-server3/workspace/2026_industry_cowork/IsaacSim-ros_workspaces/humble_ws/install/isaac_ros_navigation_goal:/home/ciderlab-server3/workspace/2026_industry_cowork/IsaacSim-ros_workspaces/humble_ws/install/isaac_moveit:/home/ciderlab-server3/workspace/2026_industry_cowork/IsaacSim-ros_workspaces/humble_ws/install/isaac_compressed_image_decoder:/home/ciderlab-server3/workspace/2026_industry_cowork/IsaacSim-ros_workspaces/humble_ws/install/h1_fullbody_controller:/home/ciderlab-server3/workspace/2026_industry_cowork/IsaacSim-ros_workspaces/humble_ws/install/cmdvel_to_ackermann:/home/ciderlab-server3/turtlebot3_ws/install/turtlebot3_teleop:/home/ciderlab-server3/turtlebot3_ws/install/turtlebot3_example:/home/ciderlab-server3/turtlebot3_ws/install/turtlebot3_dqn:/home/ciderlab-server3/turtlebot3_ws/install/turtlebot3_home_service_challenge_core:/home/ciderlab-server3/turtlebot3_ws/install/turtlebot3_home_service_challenge_aruco:/opt/ros/humble /usr/bin/cmake --install /home/ciderlab-server3/workspace/2026_industry_cowork/IsaacSim-ros_workspaces/humble_ws/build/carter_navigation
[1.047s] DEBUG:colcon.colcon_core.event_handler.log_command:Invoked command in '/home/ciderlab-server3/workspace/2026_industry_cowork/IsaacSim-ros_workspaces/humble_ws/build/isaac_tutorials' returned '0': CMAKE_PREFIX_PATH=${CMAKE_PREFIX_PATH}:/home/ciderlab-server3/workspace/2026_industry_cowork/IsaacSim-ros_workspaces/humble_ws/install/isaacsim_bringup:/home/ciderlab-server3/workspace/2026_industry_cowork/IsaacSim-ros_workspaces/humble_ws/install/isaac_ros_navigation_goal:/home/ciderlab-server3/workspace/2026_industry_cowork/IsaacSim-ros_workspaces/humble_ws/install/isaac_moveit:/home/ciderlab-server3/workspace/2026_industry_cowork/IsaacSim-ros_workspaces/humble_ws/install/isaac_compressed_image_decoder:/home/ciderlab-server3/workspace/2026_industry_cowork/IsaacSim-ros_workspaces/humble_ws/install/h1_fullbody_controller:/home/ciderlab-server3/workspace/2026_industry_cowork/IsaacSim-ros_workspaces/humble_ws/install/cmdvel_to_ackermann:/home/ciderlab-server3/turtlebot3_ws/install/turtlebot3_teleop:/home/ciderlab-server3/turtlebot3_ws/install/turtlebot3_example:/home/ciderlab-server3/turtlebot3_ws/install/turtlebot3_dqn:/home/ciderlab-server3/turtlebot3_ws/install/turtlebot3_home_service_challenge_core:/home/ciderlab-server3/turtlebot3_ws/install/turtlebot3_home_service_challenge_aruco:/opt/ros/humble /usr/bin/cmake --build /home/ciderlab-server3/workspace/2026_industry_cowork/IsaacSim-ros_workspaces/humble_ws/build/isaac_tutorials -- -j24 -l24
[1.049s] DEBUG:colcon.colcon_core.event_handler.log_command:Invoking command in '/home/ciderlab-server3/workspace/2026_industry_cowork/IsaacSim-ros_workspaces/humble_ws/build/isaac_tutorials': CMAKE_PREFIX_PATH=${CMAKE_PREFIX_PATH}:/home/ciderlab-server3/workspace/2026_industry_cowork/IsaacSim-ros_workspaces/humble_ws/install/isaacsim_bringup:/home/ciderlab-server3/workspace/2026_industry_cowork/IsaacSim-ros_workspaces/humble_ws/install/isaac_ros_navigation_goal:/home/ciderlab-server3/workspace/2026_industry_cowork/IsaacSim-ros_workspaces/humble_ws/install/isaac_moveit:/home/ciderlab-server3/workspace/2026_industry_cowork/IsaacSim-ros_workspaces/humble_ws/install/isaac_compressed_image_decoder:/home/ciderlab-server3/workspace/2026_industry_cowork/IsaacSim-ros_workspaces/humble_ws/install/h1_fullbody_controller:/home/ciderlab-server3/workspace/2026_industry_cowork/IsaacSim-ros_workspaces/humble_ws/install/cmdvel_to_ackermann:/home/ciderlab-server3/turtlebot3_ws/install/turtlebot3_teleop:/home/ciderlab-server3/turtlebot3_ws/install/turtlebot3_example:/home/ciderlab-server3/turtlebot3_ws/install/turtlebot3_dqn:/home/ciderlab-server3/turtlebot3_ws/install/turtlebot3_home_service_challenge_core:/home/ciderlab-server3/turtlebot3_ws/install/turtlebot3_home_service_challenge_aruco:/opt/ros/humble /usr/bin/cmake --install /home/ciderlab-server3/workspace/2026_industry_cowork/IsaacSim-ros_workspaces/humble_ws/build/isaac_tutorials
[1.084s] DEBUG:colcon.colcon_core.event_handler.log_command:Invoked command in '/home/ciderlab-server3/workspace/2026_industry_cowork/IsaacSim-ros_workspaces/humble_ws/build/custom_message' returned '0': CMAKE_PREFIX_PATH=${CMAKE_PREFIX_PATH}:/home/ciderlab-server3/workspace/2026_industry_cowork/IsaacSim-ros_workspaces/humble_ws/install/isaacsim_bringup:/home/ciderlab-server3/workspace/2026_industry_cowork/IsaacSim-ros_workspaces/humble_ws/install/isaac_ros_navigation_goal:/home/ciderlab-server3/workspace/2026_industry_cowork/IsaacSim-ros_workspaces/humble_ws/install/isaac_moveit:/home/ciderlab-server3/workspace/2026_industry_cowork/IsaacSim-ros_workspaces/humble_ws/install/isaac_compressed_image_decoder:/home/ciderlab-server3/workspace/2026_industry_cowork/IsaacSim-ros_workspaces/humble_ws/install/h1_fullbody_controller:/home/ciderlab-server3/workspace/2026_industry_cowork/IsaacSim-ros_workspaces/humble_ws/install/cmdvel_to_ackermann:/home/ciderlab-server3/turtlebot3_ws/install/turtlebot3_teleop:/home/ciderlab-server3/turtlebot3_ws/install/turtlebot3_example:/home/ciderlab-server3/turtlebot3_ws/install/turtlebot3_dqn:/home/ciderlab-server3/turtlebot3_ws/install/turtlebot3_home_service_challenge_core:/home/ciderlab-server3/turtlebot3_ws/install/turtlebot3_home_service_challenge_aruco:/opt/ros/humble /usr/bin/cmake /home/ciderlab-server3/workspace/2026_industry_cowork/IsaacSim-ros_workspaces/humble_ws/src/custom_message -DAMENT_CMAKE_SYMLINK_INSTALL=1 -DCMAKE_INSTALL_PREFIX=/home/ciderlab-server3/workspace/2026_industry_cowork/IsaacSim-ros_workspaces/humble_ws/install/custom_message
[1.084s] DEBUG:colcon.colcon_core.event_handler.log_command:Invoking command in '/home/ciderlab-server3/workspace/2026_industry_cowork/IsaacSim-ros_workspaces/humble_ws/build/custom_message': CMAKE_PREFIX_PATH=${CMAKE_PREFIX_PATH}:/home/ciderlab-server3/workspace/2026_industry_cowork/IsaacSim-ros_workspaces/humble_ws/install/isaacsim_bringup:/home/ciderlab-server3/workspace/2026_industry_cowork/IsaacSim-ros_workspaces/humble_ws/install/isaac_ros_navigation_goal:/home/ciderlab-server3/workspace/2026_industry_cowork/IsaacSim-ros_workspaces/humble_ws/install/isaac_moveit:/home/ciderlab-server3/workspace/2026_industry_cowork/IsaacSim-ros_workspaces/humble_ws/install/isaac_compressed_image_decoder:/home/ciderlab-server3/workspace/2026_industry_cowork/IsaacSim-ros_workspaces/humble_ws/install/h1_fullbody_controller:/home/ciderlab-server3/workspace/2026_industry_cowork/IsaacSim-ros_workspaces/humble_ws/install/cmdvel_to_ackermann:/home/ciderlab-server3/turtlebot3_ws/install/turtlebot3_teleop:/home/ciderlab-server3/turtlebot3_ws/install/turtlebot3_example:/home/ciderlab-server3/turtlebot3_ws/install/turtlebot3_dqn:/home/ciderlab-server3/turtlebot3_ws/install/turtlebot3_home_service_challenge_core:/home/ciderlab-server3/turtlebot3_ws/install/turtlebot3_home_service_challenge_aruco:/opt/ros/humble /usr/bin/cmake --build /home/ciderlab-server3/workspace/2026_industry_cowork/IsaacSim-ros_workspaces/humble_ws/build/custom_message -- -j24 -l24
[1.106s] DEBUG:colcon.colcon_core.event_handler.log_command:Invoked command in '/home/ciderlab-server3/workspace/2026_industry_cowork/IsaacSim-ros_workspaces/humble_ws/build/isaacsim_clearpath_nav2' returned '0': CMAKE_PREFIX_PATH=${CMAKE_PREFIX_PATH}:/home/ciderlab-server3/workspace/2026_industry_cowork/IsaacSim-ros_workspaces/humble_ws/install/isaacsim_bringup:/home/ciderlab-server3/workspace/2026_industry_cowork/IsaacSim-ros_workspaces/humble_ws/install/isaac_ros_navigation_goal:/home/ciderlab-server3/workspace/2026_industry_cowork/IsaacSim-ros_workspaces/humble_ws/install/isaac_moveit:/home/ciderlab-server3/workspace/2026_industry_cowork/IsaacSim-ros_workspaces/humble_ws/install/isaac_compressed_image_decoder:/home/ciderlab-server3/workspace/2026_industry_cowork/IsaacSim-ros_workspaces/humble_ws/install/h1_fullbody_controller:/home/ciderlab-server3/workspace/2026_industry_cowork/IsaacSim-ros_workspaces/humble_ws/install/cmdvel_to_ackermann:/home/ciderlab-server3/turtlebot3_ws/install/turtlebot3_teleop:/home/ciderlab-server3/turtlebot3_ws/install/turtlebot3_example:/home/ciderlab-server3/turtlebot3_ws/install/turtlebot3_dqn:/home/ciderlab-server3/turtlebot3_ws/install/turtlebot3_home_service_challenge_core:/home/ciderlab-server3/turtlebot3_ws/install/turtlebot3_home_service_challenge_aruco:/opt/ros/humble /usr/bin/cmake /home/ciderlab-server3/workspace/2026_industry_cowork/IsaacSim-ros_workspaces/humble_ws/src/navigation/isaacsim_clearpath_nav2 -DAMENT_CMAKE_SYMLINK_INSTALL=1 -DCMAKE_INSTALL_PREFIX=/home/ciderlab-server3/workspace/2026_industry_cowork/IsaacSim-ros_workspaces/humble_ws/install/isaacsim_clearpath_nav2
[1.107s] DEBUG:colcon.colcon_core.event_handler.log_command:Invoking command in '/home/ciderlab-server3/workspace/2026_industry_cowork/IsaacSim-ros_workspaces/humble_ws/build/isaacsim_clearpath_nav2': CMAKE_PREFIX_PATH=${CMAKE_PREFIX_PATH}:/home/ciderlab-server3/workspace/2026_industry_cowork/IsaacSim-ros_workspaces/humble_ws/install/isaacsim_bringup:/home/ciderlab-server3/workspace/2026_industry_cowork/IsaacSim-ros_workspaces/humble_ws/install/isaac_ros_navigation_goal:/home/ciderlab-server3/workspace/2026_industry_cowork/IsaacSim-ros_workspaces/humble_ws/install/isaac_moveit:/home/ciderlab-server3/workspace/2026_industry_cowork/IsaacSim-ros_workspaces/humble_ws/install/isaac_compressed_image_decoder:/home/ciderlab-server3/workspace/2026_industry_cowork/IsaacSim-ros_workspaces/humble_ws/install/h1_fullbody_controller:/home/ciderlab-server3/workspace/2026_industry_cowork/IsaacSim-ros_workspaces/humble_ws/install/cmdvel_to_ackermann:/home/ciderlab-server3/turtlebot3_ws/install/turtlebot3_teleop:/home/ciderlab-server3/turtlebot3_ws/install/turtlebot3_example:/home/ciderlab-server3/turtlebot3_ws/install/turtlebot3_dqn:/home/ciderlab-server3/turtlebot3_ws/install/turtlebot3_home_service_challenge_core:/home/ciderlab-server3/turtlebot3_ws/install/turtlebot3_home_service_challenge_aruco:/opt/ros/humble /usr/bin/cmake --build /home/ciderlab-server3/workspace/2026_industry_cowork/IsaacSim-ros_workspaces/humble_ws/build/isaacsim_clearpath_nav2 -- -j24 -l24
[1.129s] DEBUG:colcon.colcon_core.event_handler.log_command:Invoked command in '/home/ciderlab-server3/workspace/2026_industry_cowork/IsaacSim-ros_workspaces/humble_ws/build/isaacsim_clearpath_nav2' returned '0': CMAKE_PREFIX_PATH=${CMAKE_PREFIX_PATH}:/home/ciderlab-server3/workspace/2026_industry_cowork/IsaacSim-ros_workspaces/humble_ws/install/isaacsim_bringup:/home/ciderlab-server3/workspace/2026_industry_cowork/IsaacSim-ros_workspaces/humble_ws/install/isaac_ros_navigation_goal:/home/ciderlab-server3/workspace/2026_industry_cowork/IsaacSim-ros_workspaces/humble_ws/install/isaac_moveit:/home/ciderlab-server3/workspace/2026_industry_cowork/IsaacSim-ros_workspaces/humble_ws/install/isaac_compressed_image_decoder:/home/ciderlab-server3/workspace/2026_industry_cowork/IsaacSim-ros_workspaces/humble_ws/install/h1_fullbody_controller:/home/ciderlab-server3/workspace/2026_industry_cowork/IsaacSim-ros_workspaces/humble_ws/install/cmdvel_to_ackermann:/home/ciderlab-server3/turtlebot3_ws/install/turtlebot3_teleop:/home/ciderlab-server3/turtlebot3_ws/install/turtlebot3_example:/home/ciderlab-server3/turtlebot3_ws/install/turtlebot3_dqn:/home/ciderlab-server3/turtlebot3_ws/install/turtlebot3_home_service_challenge_core:/home/ciderlab-server3/turtlebot3_ws/install/turtlebot3_home_service_challenge_aruco:/opt/ros/humble /usr/bin/cmake --build /home/ciderlab-server3/workspace/2026_industry_cowork/IsaacSim-ros_workspaces/humble_ws/build/isaacsim_clearpath_nav2 -- -j24 -l24
[1.129s] DEBUG:colcon.colcon_core.event_handler.log_command:Invoking command in '/home/ciderlab-server3/workspace/2026_industry_cowork/IsaacSim-ros_workspaces/humble_ws/build/isaacsim_clearpath_nav2': CMAKE_PREFIX_PATH=${CMAKE_PREFIX_PATH}:/home/ciderlab-server3/workspace/2026_industry_cowork/IsaacSim-ros_workspaces/humble_ws/install/isaacsim_bringup:/home/ciderlab-server3/workspace/2026_industry_cowork/IsaacSim-ros_workspaces/humble_ws/install/isaac_ros_navigation_goal:/home/ciderlab-server3/workspace/2026_industry_cowork/IsaacSim-ros_workspaces/humble_ws/install/isaac_moveit:/home/ciderlab-server3/workspace/2026_industry_cowork/IsaacSim-ros_workspaces/humble_ws/install/isaac_compressed_image_decoder:/home/ciderlab-server3/workspace/2026_industry_cowork/IsaacSim-ros_workspaces/humble_ws/install/h1_fullbody_controller:/home/ciderlab-server3/workspace/2026_industry_cowork/IsaacSim-ros_workspaces/humble_ws/install/cmdvel_to_ackermann:/home/ciderlab-server3/turtlebot3_ws/install/turtlebot3_teleop:/home/ciderlab-server3/turtlebot3_ws/install/turtlebot3_example:/home/ciderlab-server3/turtlebot3_ws/install/turtlebot3_dqn:/home/ciderlab-server3/turtlebot3_ws/install/turtlebot3_home_service_challenge_core:/home/ciderlab-server3/turtlebot3_ws/install/turtlebot3_home_service_challenge_aruco:/opt/ros/humble /usr/bin/cmake --install /home/ciderlab-server3/workspace/2026_industry_cowork/IsaacSim-ros_workspaces/humble_ws/build/isaacsim_clearpath_nav2
[1.150s] DEBUG:colcon.colcon_core.event_handler.log_command:Invoked command in '/home/ciderlab-server3/workspace/2026_industry_cowork/IsaacSim-ros_workspaces/humble_ws/build/custom_message' returned '2': CMAKE_PREFIX_PATH=${CMAKE_PREFIX_PATH}:/home/ciderlab-server3/workspace/2026_industry_cowork/IsaacSim-ros_workspaces/humble_ws/install/isaacsim_bringup:/home/ciderlab-server3/workspace/2026_industry_cowork/IsaacSim-ros_workspaces/humble_ws/install/isaac_ros_navigation_goal:/home/ciderlab-server3/workspace/2026_industry_cowork/IsaacSim-ros_workspaces/humble_ws/install/isaac_moveit:/home/ciderlab-server3/workspace/2026_industry_cowork/IsaacSim-ros_workspaces/humble_ws/install/isaac_compressed_image_decoder:/home/ciderlab-server3/workspace/2026_industry_cowork/IsaacSim-ros_workspaces/humble_ws/install/h1_fullbody_controller:/home/ciderlab-server3/workspace/2026_industry_cowork/IsaacSim-ros_workspaces/humble_ws/install/cmdvel_to_ackermann:/home/ciderlab-server3/turtlebot3_ws/install/turtlebot3_teleop:/home/ciderlab-server3/turtlebot3_ws/install/turtlebot3_example:/home/ciderlab-server3/turtlebot3_ws/install/turtlebot3_dqn:/home/ciderlab-server3/turtlebot3_ws/install/turtlebot3_home_service_challenge_core:/home/ciderlab-server3/turtlebot3_ws/install/turtlebot3_home_service_challenge_aruco:/opt/ros/humble /usr/bin/cmake --build /home/ciderlab-server3/workspace/2026_industry_cowork/IsaacSim-ros_workspaces/humble_ws/build/custom_message -- -j24 -l24
[1.151s] Level 1:colcon.colcon_core.environment:create_environment_scripts_only(custom_message)
[1.154s] Level 1:colcon.colcon_core.environment:checking '/home/ciderlab-server3/workspace/2026_industry_cowork/IsaacSim-ros_workspaces/humble_ws/install/custom_message' for CMake module files
[1.156s] Level 1:colcon.colcon_core.environment:checking '/home/ciderlab-server3/workspace/2026_industry_cowork/IsaacSim-ros_workspaces/humble_ws/install/custom_message' for CMake config files
[1.156s] Level 1:colcon.colcon_core.shell:create_environment_hook('custom_message', 'cmake_prefix_path')
[1.157s] INFO:colcon.colcon_core.shell:Creating environment hook '/home/ciderlab-server3/workspace/2026_industry_cowork/IsaacSim-ros_workspaces/humble_ws/install/custom_message/share/custom_message/hook/cmake_prefix_path.ps1'
[1.157s] INFO:colcon.colcon_core.shell:Creating environment descriptor '/home/ciderlab-server3/workspace/2026_industry_cowork/IsaacSim-ros_workspaces/humble_ws/install/custom_message/share/custom_message/hook/cmake_prefix_path.dsv'
[1.158s] INFO:colcon.colcon_core.shell:Creating environment hook '/home/ciderlab-server3/workspace/2026_industry_cowork/IsaacSim-ros_workspaces/humble_ws/install/custom_message/share/custom_message/hook/cmake_prefix_path.sh'
[1.158s] Level 1:colcon.colcon_core.environment:checking '/home/ciderlab-server3/workspace/2026_industry_cowork/IsaacSim-ros_workspaces/humble_ws/install/custom_message/lib'
[1.159s] Level 1:colcon.colcon_core.shell:create_environment_hook('custom_message', 'ld_library_path_lib')
[1.159s] INFO:colcon.colcon_core.shell:Creating environment hook '/home/ciderlab-server3/workspace/2026_industry_cowork/IsaacSim-ros_workspaces/humble_ws/install/custom_message/share/custom_message/hook/ld_library_path_lib.ps1'
[1.159s] INFO:colcon.colcon_core.shell:Creating environment descriptor '/home/ciderlab-server3/workspace/2026_industry_cowork/IsaacSim-ros_workspaces/humble_ws/install/custom_message/share/custom_message/hook/ld_library_path_lib.dsv'
[1.159s] INFO:colcon.colcon_core.shell:Creating environment hook '/home/ciderlab-server3/workspace/2026_industry_cowork/IsaacSim-ros_workspaces/humble_ws/install/custom_message/share/custom_message/hook/ld_library_path_lib.sh'
[1.160s] Level 1:colcon.colcon_core.environment:checking '/home/ciderlab-server3/workspace/2026_industry_cowork/IsaacSim-ros_workspaces/humble_ws/install/custom_message/bin'
[1.160s] Level 1:colcon.colcon_core.environment:checking '/home/ciderlab-server3/workspace/2026_industry_cowork/IsaacSim-ros_workspaces/humble_ws/install/custom_message/lib/pkgconfig/custom_message.pc'
[1.160s] Level 1:colcon.colcon_core.environment:checking '/home/ciderlab-server3/workspace/2026_industry_cowork/IsaacSim-ros_workspaces/humble_ws/install/custom_message/lib/python3.10/site-packages'
[1.161s] Level 1:colcon.colcon_core.environment:checking '/home/ciderlab-server3/workspace/2026_industry_cowork/IsaacSim-ros_workspaces/humble_ws/install/custom_message/bin'
[1.161s] INFO:colcon.colcon_core.shell:Creating package script '/home/ciderlab-server3/workspace/2026_industry_cowork/IsaacSim-ros_workspaces/humble_ws/install/custom_message/share/custom_message/package.ps1'
[1.162s] INFO:colcon.colcon_core.shell:Creating package descriptor '/home/ciderlab-server3/workspace/2026_industry_cowork/IsaacSim-ros_workspaces/humble_ws/install/custom_message/share/custom_message/package.dsv'
[1.163s] INFO:colcon.colcon_core.shell:Creating package script '/home/ciderlab-server3/workspace/2026_industry_cowork/IsaacSim-ros_workspaces/humble_ws/install/custom_message/share/custom_message/package.sh'
[1.163s] INFO:colcon.colcon_core.shell:Creating package script '/home/ciderlab-server3/workspace/2026_industry_cowork/IsaacSim-ros_workspaces/humble_ws/install/custom_message/share/custom_message/package.bash'
[1.164s] INFO:colcon.colcon_core.shell:Creating package script '/home/ciderlab-server3/workspace/2026_industry_cowork/IsaacSim-ros_workspaces/humble_ws/install/custom_message/share/custom_message/package.zsh'
[1.164s] Level 1:colcon.colcon_core.environment:create_file_with_runtime_dependencies(/home/ciderlab-server3/workspace/2026_industry_cowork/IsaacSim-ros_workspaces/humble_ws/install/custom_message/share/colcon-core/packages/custom_message)
[5.319s] DEBUG:colcon.colcon_parallel_executor.executor.parallel:closing loop
[5.319s] DEBUG:colcon.colcon_parallel_executor.executor.parallel:loop closed
[5.319s] DEBUG:colcon.colcon_parallel_executor.executor.parallel:run_until_complete finished with '2'
[5.319s] DEBUG:colcon.colcon_core.event_reactor:joining thread
[5.322s] INFO:colcon.colcon_core.plugin_system:Skipping extension 'colcon_notification.desktop_notification.terminal_notifier': Not used on non-Darwin systems
[5.323s] INFO:colcon.colcon_core.plugin_system:Skipping extension 'colcon_notification.desktop_notification.win32': Not used on non-Windows systems
[5.323s] INFO:colcon.colcon_notification.desktop_notification:Sending desktop notification using 'notify2'
[5.329s] DEBUG:colcon.colcon_core.event_reactor:joined thread
[5.329s] INFO:colcon.colcon_core.shell:Creating prefix script '/home/ciderlab-server3/workspace/2026_industry_cowork/IsaacSim-ros_workspaces/humble_ws/install/local_setup.ps1'
[5.329s] INFO:colcon.colcon_core.shell:Creating prefix util module '/home/ciderlab-server3/workspace/2026_industry_cowork/IsaacSim-ros_workspaces/humble_ws/install/_local_setup_util_ps1.py'
[5.330s] INFO:colcon.colcon_core.shell:Creating prefix chain script '/home/ciderlab-server3/workspace/2026_industry_cowork/IsaacSim-ros_workspaces/humble_ws/install/setup.ps1'
[5.331s] INFO:colcon.colcon_core.shell:Creating prefix script '/home/ciderlab-server3/workspace/2026_industry_cowork/IsaacSim-ros_workspaces/humble_ws/install/local_setup.sh'
[5.331s] INFO:colcon.colcon_core.shell:Creating prefix util module '/home/ciderlab-server3/workspace/2026_industry_cowork/IsaacSim-ros_workspaces/humble_ws/install/_local_setup_util_sh.py'
[5.331s] INFO:colcon.colcon_core.shell:Creating prefix chain script '/home/ciderlab-server3/workspace/2026_industry_cowork/IsaacSim-ros_workspaces/humble_ws/install/setup.sh'
[5.332s] INFO:colcon.colcon_core.shell:Creating prefix script '/home/ciderlab-server3/workspace/2026_industry_cowork/IsaacSim-ros_workspaces/humble_ws/install/local_setup.bash'
[5.332s] INFO:colcon.colcon_core.shell:Creating prefix chain script '/home/ciderlab-server3/workspace/2026_industry_cowork/IsaacSim-ros_workspaces/humble_ws/install/setup.bash'
[5.333s] INFO:colcon.colcon_core.shell:Creating prefix script '/home/ciderlab-server3/workspace/2026_industry_cowork/IsaacSim-ros_workspaces/humble_ws/install/local_setup.zsh'
[5.334s] INFO:colcon.colcon_core.shell:Creating prefix chain script '/home/ciderlab-server3/workspace/2026_industry_cowork/IsaacSim-ros_workspaces/humble_ws/install/setup.zsh'
